=== 2026-09-19T08:35:54Z start gap=60 W=8 -> backtest_data/o3c_reaction_20260918_full/gap60_w8
清算 一意 53398 件(生 106822)-> 束 22036 個(gap 60000 ms)
[2023-06-27] 束 34(mixed 0 / 幅 0 22)/ 一様 34 / 合わせた対照 34 -> 主表 102 行
[2023-06-28] 束 42(mixed 0 / 幅 0 23)/ 一様 42 / 合わせた対照 36 -> 主表 120 行
[2023-06-29] 束 31(mixed 0 / 幅 0 16)/ 一様 31 / 合わせた対照 26 -> 主表 88 行
[2023-06-30] 束 64(mixed 3 / 幅 0 33)/ 一様 64 / 合わせた対照 64 -> 主表 189 行
[2023-07-01] 束 7(mixed 0 / 幅 0 5)/ 一様 7 / 合わせた対照 7 -> 主表 21 行
[2023-07-02] 束 14(mixed 1 / 幅 0 6)/ 一様 14 / 合わせた対照 13 -> 主表 40 行
[2023-07-03] 束 37(mixed 0 / 幅 0 18)/ 一様 37 / 合わせた対照 29 -> 主表 103 行
[2023-07-04] 束 23(mixed 0 / 幅 0 10)/ 一様 23 / 合わせた対照 18 -> 主表 64 行
[2023-07-05] 束 29(mixed 0 / 幅 0 13)/ 一様 29 / 合わせた対照 29 -> 主表 87 行
[2023-07-06] 束 73(mixed 0 / 幅 0 28)/ 一様 73 / 合わせた対照 46 -> 主表 192 行
[2023-07-07] 束 24(mixed 0 / 幅 0 14)/ 一様 24 / 合わせた対照 23 -> 主表 71 行
[2023-07-08] 束 7(mixed 0 / 幅 0 5)/ 一様 7 / 合わせた対照 7 -> 主表 21 行
[2023-07-09] 束 11(mixed 0 / 幅 0 4)/ 一様 11 / 合わせた対照 11 -> 主表 33 行
[2023-07-10] 束 47(mixed 0 / 幅 0 23)/ 一様 47 / 合わせた対照 34 -> 主表 128 行
[2023-07-11] 束 28(mixed 0 / 幅 0 19)/ 一様 28 / 合わせた対照 27 -> 主表 83 行
[2023-07-12] 束 30(mixed 0 / 幅 0 18)/ 一様 30 / 合わせた対照 29 -> 主表 89 行
[2023-07-13] 束 46(mixed 1 / 幅 0 19)/ 一様 46 / 合わせた対照 46 -> 主表 137 行
[2023-07-14] 束 41(mixed 0 / 幅 0 22)/ 一様 41 / 合わせた対照 36 -> 主表 118 行
[2023-07-15] 束 1(mixed 0 / 幅 0 1)/ 一様 1 / 合わせた対照 1 -> 主表 3 行
[2023-07-16] 束 15(mixed 0 / 幅 0 9)/ 一様 15 / 合わせた対照 15 -> 主表 45 行
[2023-07-17] 束 30(mixed 0 / 幅 0 17)/ 一様 30 / 合わせた対照 30 -> 主表 90 行
[2023-07-18] 束 30(mixed 0 / 幅 0 19)/ 一様 30 / 合わせた対照 23 -> 主表 83 行
[2023-07-19] 束 32(mixed 0 / 幅 0 21)/ 一様 32 / 合わせた対照 26 -> 主表 90 行
[2023-07-20] 束 34(mixed 0 / 幅 0 18)/ 一様 34 / 合わせた対照 32 -> 主表 100 行
[2023-07-21] 束 15(mixed 0 / 幅 0 9)/ 一様 15 / 合わせた対照 15 -> 主表 45 行
[2023-07-22] 束 9(mixed 0 / 幅 0 7)/ 一様 9 / 合わせた対照 9 -> 主表 27 行
[2023-07-23] 束 14(mixed 0 / 幅 0 5)/ 一様 14 / 合わせた対照 14 -> 主表 42 行
[2023-07-24] 束 46(mixed 0 / 幅 0 26)/ 一様 46 / 合わせた対照 40 -> 主表 132 行
[2023-07-25] 束 16(mixed 0 / 幅 0 10)/ 一様 16 / 合わせた対照 15 -> 主表 47 行
[2023-07-26] 束 24(mixed 0 / 幅 0 9)/ 一様 24 / 合わせた対照 24 -> 主表 72 行
[2023-07-27] 束 18(mixed 0 / 幅 0 8)/ 一様 18 / 合わせた対照 17 -> 主表 53 行
[2023-07-28] 束 20(mixed 0 / 幅 0 12)/ 一様 20 / 合わせた対照 20 -> 主表 60 行
[2023-07-29] 束 4(mixed 0 / 幅 0 3)/ 一様 4 / 合わせた対照 4 -> 主表 12 行
[2023-07-30] 束 6(mixed 0 / 幅 0 1)/ 一様 6 / 合わせた対照 6 -> 主表 18 行
[2023-07-31] 束 15(mixed 0 / 幅 0 7)/ 一様 15 / 合わせた対照 15 -> 主表 45 行
[2023-08-01] 束 38(mixed 0 / 幅 0 23)/ 一様 38 / 合わせた対照 36 -> 主表 112 行
[2023-08-02] 束 53(mixed 0 / 幅 0 34)/ 一様 53 / 合わせた対照 42 -> 主表 148 行
[2023-08-03] 束 20(mixed 0 / 幅 0 12)/ 一様 20 / 合わせた対照 17 -> 主表 57 行
[2023-08-04] 束 14(mixed 0 / 幅 0 7)/ 一様 14 / 合わせた対照 14 -> 主表 42 行
[2023-08-05] 束 2(mixed 0 / 幅 0 2)/ 一様 2 / 合わせた対照 2 -> 主表 6 行
[2023-08-06] 束 7(mixed 0 / 幅 0 5)/ 一様 7 / 合わせた対照 7 -> 主表 21 行
[2023-08-07] 束 24(mixed 0 / 幅 0 13)/ 一様 24 / 合わせた対照 24 -> 主表 72 行
[2023-08-08] 束 47(mixed 0 / 幅 0 24)/ 一様 47 / 合わせた対照 45 -> 主表 139 行
[2023-08-09] 束 37(mixed 0 / 幅 0 22)/ 一様 37 / 合わせた対照 29 -> 主表 103 行
[2023-08-10] 束 14(mixed 0 / 幅 0 10)/ 一様 14 / 合わせた対照 14 -> 主表 42 行
[2023-08-11] 束 5(mixed 0 / 幅 0 2)/ 一様 5 / 合わせた対照 5 -> 主表 15 行
[2023-08-12] 束 1(mixed 0 / 幅 0 1)/ 一様 1 / 合わせた対照 1 -> 主表 3 行
[2023-08-13] 束 8(mixed 0 / 幅 0 4)/ 一様 8 / 合わせた対照 8 -> 主表 24 行
[2023-08-14] 束 29(mixed 0 / 幅 0 14)/ 一様 29 / 合わせた対照 29 -> 主表 87 行
[2023-08-15] 束 10(mixed 0 / 幅 0 4)/ 一様 10 / 合わせた対照 7 -> 主表 27 行
[2023-08-16] 束 19(mixed 1 / 幅 0 6)/ 一様 19 / 合わせた対照 16 -> 主表 53 行
[2023-08-17] 束 89(mixed 7 / 幅 0 35)/ 一様 89 / 合わせた対照 67 -> 主表 238 行
[2023-08-18] 束 89(mixed 0 / 幅 0 50)/ 一様 89 / 合わせた対照 86 -> 主表 264 行
[2023-08-19] 束 24(mixed 0 / 幅 0 14)/ 一様 24 / 合わせた対照 24 -> 主表 72 行
[2023-08-20] 束 13(mixed 0 / 幅 0 9)/ 一様 13 / 合わせた対照 12 -> 主表 38 行
[2023-08-21] 束 25(mixed 0 / 幅 0 10)/ 一様 25 / 合わせた対照 25 -> 主表 75 行
[2023-08-22] 束 36(mixed 0 / 幅 0 18)/ 一様 36 / 合わせた対照 36 -> 主表 108 行
[2023-08-23] 束 47(mixed 0 / 幅 0 22)/ 一様 47 / 合わせた対照 40 -> 主表 134 行
[2023-08-24] 束 32(mixed 0 / 幅 0 12)/ 一様 32 / 合わせた対照 23 -> 主表 87 行
[2023-08-25] 束 27(mixed 0 / 幅 0 16)/ 一様 27 / 合わせた対照 27 -> 主表 81 行
[2023-08-26] 束 2(mixed 0 / 幅 0 2)/ 一様 2 / 合わせた対照 2 -> 主表 6 行
[2023-08-27] 束 5(mixed 0 / 幅 0 2)/ 一様 5 / 合わせた対照 5 -> 主表 15 行
[2023-08-28] 束 13(mixed 0 / 幅 0 4)/ 一様 13 / 合わせた対照 10 -> 主表 36 行
[2023-08-29] 束 52(mixed 3 / 幅 0 29)/ 一様 52 / 合わせた対照 52 -> 主表 153 行
[2023-08-30] 束 32(mixed 1 / 幅 0 19)/ 一様 32 / 合わせた対照 28 -> 主表 91 行
[2023-08-31] 束 40(mixed 0 / 幅 0 15)/ 一様 40 / 合わせた対照 32 -> 主表 112 行
[2023-09-01] 束 28(mixed 0 / 幅 0 11)/ 一様 28 / 合わせた対照 28 -> 主表 84 行
[2023-09-02] 束 9(mixed 0 / 幅 0 8)/ 一様 9 / 合わせた対照 9 -> 主表 27 行
[2023-09-03] 束 14(mixed 0 / 幅 0 10)/ 一様 14 / 合わせた対照 14 -> 主表 42 行
[2023-09-04] 束 19(mixed 0 / 幅 0 7)/ 一様 19 / 合わせた対照 19 -> 主表 57 行
[2023-09-05] 束 17(mixed 0 / 幅 0 10)/ 一様 17 / 合わせた対照 14 -> 主表 48 行
[2023-09-06] 束 22(mixed 0 / 幅 0 9)/ 一様 22 / 合わせた対照 22 -> 主表 66 行
[2023-09-07] 束 35(mixed 0 / 幅 0 24)/ 一様 35 / 合わせた対照 28 -> 主表 98 行
[2023-09-08] 束 23(mixed 0 / 幅 0 13)/ 一様 23 / 合わせた対照 23 -> 主表 69 行
[2023-09-10] 束 10(mixed 0 / 幅 0 3)/ 一様 10 / 合わせた対照 7 -> 主表 27 行
[2023-09-11] 束 33(mixed 0 / 幅 0 16)/ 一様 33 / 合わせた対照 29 -> 主表 95 行
[2023-09-12] 束 43(mixed 0 / 幅 0 22)/ 一様 43 / 合わせた対照 38 -> 主表 124 行
[2023-09-13] 束 25(mixed 0 / 幅 0 14)/ 一様 25 / 合わせた対照 20 -> 主表 70 行
[2023-09-14] 束 34(mixed 0 / 幅 0 17)/ 一様 34 / 合わせた対照 28 -> 主表 96 行
[2023-09-15] 束 32(mixed 0 / 幅 0 19)/ 一様 32 / 合わせた対照 30 -> 主表 94 行
[2023-09-16] 束 9(mixed 0 / 幅 0 6)/ 一様 9 / 合わせた対照 9 -> 主表 27 行
[2023-09-17] 束 11(mixed 0 / 幅 0 9)/ 一様 11 / 合わせた対照 11 -> 主表 33 行
[2023-09-18] 束 57(mixed 0 / 幅 0 29)/ 一様 57 / 合わせた対照 37 -> 主表 151 行
[2023-09-19] 束 60(mixed 0 / 幅 0 32)/ 一様 60 / 合わせた対照 50 -> 主表 170 行
[2023-09-20] 束 38(mixed 0 / 幅 0 21)/ 一様 38 / 合わせた対照 37 -> 主表 113 行
[2023-09-21] 束 44(mixed 0 / 幅 0 30)/ 一様 44 / 合わせた対照 25 -> 主表 113 行
[2023-09-22] 束 13(mixed 0 / 幅 0 12)/ 一様 13 / 合わせた対照 13 -> 主表 39 行
[2023-09-24] 束 11(mixed 0 / 幅 0 6)/ 一様 11 / 合わせた対照 9 -> 主表 31 行
[2023-09-26] 束 20(mixed 0 / 幅 0 16)/ 一様 20 / 合わせた対照 20 -> 主表 60 行
[2023-09-27] 束 41(mixed 0 / 幅 0 21)/ 一様 41 / 合わせた対照 39 -> 主表 121 行
[2023-09-28] 束 43(mixed 0 / 幅 0 22)/ 一様 43 / 合わせた対照 30 -> 主表 116 行
[2023-09-29] 束 30(mixed 0 / 幅 0 16)/ 一様 30 / 合わせた対照 26 -> 主表 86 行
[2023-09-30] 束 5(mixed 0 / 幅 0 4)/ 一様 5 / 合わせた対照 5 -> 主表 15 行
[2023-10-01] 束 20(mixed 1 / 幅 0 14)/ 一様 20 / 合わせた対照 20 -> 主表 59 行
[2023-10-02] 束 60(mixed 1 / 幅 0 29)/ 一様 60 / 合わせた対照 40 -> 主表 159 行
[2023-10-03] 束 31(mixed 0 / 幅 0 19)/ 一様 31 / 合わせた対照 25 -> 主表 87 行
[2023-10-04] 束 27(mixed 0 / 幅 0 14)/ 一様 27 / 合わせた対照 27 -> 主表 81 行
[2023-10-05] 束 33(mixed 0 / 幅 0 18)/ 一様 33 / 合わせた対照 33 -> 主表 99 行
[2023-10-06] 束 40(mixed 0 / 幅 0 27)/ 一様 40 / 合わせた対照 40 -> 主表 120 行
[2023-10-07] 束 4(mixed 0 / 幅 0 3)/ 一様 4 / 合わせた対照 4 -> 主表 12 行
[2023-10-08] 束 22(mixed 0 / 幅 0 15)/ 一様 22 / 合わせた対照 21 -> 主表 65 行
[2023-10-09] 束 34(mixed 0 / 幅 0 15)/ 一様 34 / 合わせた対照 24 -> 主表 92 行
[2023-10-10] 束 32(mixed 0 / 幅 0 20)/ 一様 32 / 合わせた対照 30 -> 主表 94 行
[2023-10-11] 束 36(mixed 0 / 幅 0 14)/ 一様 36 / 合わせた対照 33 -> 主表 105 行
[2023-10-12] 束 17(mixed 0 / 幅 0 11)/ 一様 17 / 合わせた対照 12 -> 主表 46 行
[2023-10-13] 束 23(mixed 0 / 幅 0 15)/ 一様 23 / 合わせた対照 23 -> 主表 69 行
[2023-10-14] 束 3(mixed 0 / 幅 0 3)/ 一様 3 / 合わせた対照 3 -> 主表 9 行
[2023-10-15] 束 14(mixed 0 / 幅 0 6)/ 一様 14 / 合わせた対照 14 -> 主表 42 行
[2023-10-16] 束 58(mixed 7 / 幅 0 30)/ 一様 58 / 合わせた対照 53 -> 主表 162 行
[2023-10-17] 束 45(mixed 0 / 幅 0 29)/ 一様 45 / 合わせた対照 41 -> 主表 131 行
[2023-10-18] 束 24(mixed 0 / 幅 0 17)/ 一様 24 / 合わせた対照 24 -> 主表 72 行
[2023-10-19] 束 34(mixed 0 / 幅 0 18)/ 一様 34 / 合わせた対照 29 -> 主表 97 行
[2023-10-20] 束 69(mixed 1 / 幅 0 38)/ 一様 69 / 合わせた対照 68 -> 主表 205 行
[2023-10-21] 束 32(mixed 0 / 幅 0 15)/ 一様 32 / 合わせた対照 22 -> 主表 86 行
[2023-10-22] 束 21(mixed 0 / 幅 0 12)/ 一様 21 / 合わせた対照 20 -> 主表 62 行
[2023-10-23] 束 117(mixed 4 / 幅 0 51)/ 一様 117 / 合わせた対照 86 -> 主表 316 行
[2023-10-24] 束 148(mixed 1 / 幅 0 76)/ 一様 148 / 合わせた対照 133 -> 主表 428 行
[2023-10-25] 束 81(mixed 1 / 幅 0 44)/ 一様 81 / 合わせた対照 66 -> 主表 227 行
[2023-10-26] 束 67(mixed 0 / 幅 0 39)/ 一様 67 / 合わせた対照 55 -> 主表 189 行
[2023-10-27] 束 51(mixed 0 / 幅 0 32)/ 一様 51 / 合わせた対照 50 -> 主表 152 行
[2023-10-28] 束 18(mixed 0 / 幅 0 13)/ 一様 18 / 合わせた対照 17 -> 主表 53 行
[2023-10-29] 束 36(mixed 0 / 幅 0 23)/ 一様 36 / 合わせた対照 32 -> 主表 104 行
[2023-10-30] 束 38(mixed 0 / 幅 0 23)/ 一様 38 / 合わせた対照 38 -> 主表 114 行
[2023-10-31] 束 44(mixed 0 / 幅 0 25)/ 一様 44 / 合わせた対照 44 -> 主表 132 行
[2023-11-01] 束 54(mixed 2 / 幅 0 29)/ 一様 54 / 合わせた対照 43 -> 主表 149 行
[2023-11-02] 束 57(mixed 0 / 幅 0 35)/ 一様 57 / 合わせた対照 53 -> 主表 167 行
[2023-11-03] 束 61(mixed 0 / 幅 0 40)/ 一様 61 / 合わせた対照 55 -> 主表 177 行
[2023-11-04] 束 22(mixed 0 / 幅 0 11)/ 一様 22 / 合わせた対照 22 -> 主表 66 行
[2023-11-05] 束 35(mixed 0 / 幅 0 18)/ 一様 35 / 合わせた対照 34 -> 主表 104 行
[2023-11-06] 束 33(mixed 0 / 幅 0 24)/ 一様 33 / 合わせた対照 33 -> 主表 99 行
[2023-11-07] 束 55(mixed 0 / 幅 0 33)/ 一様 55 / 合わせた対照 39 -> 主表 149 行
[2023-11-08] 束 36(mixed 2 / 幅 0 18)/ 一様 36 / 合わせた対照 25 -> 主表 95 行
[2023-11-09] 束 87(mixed 2 / 幅 0 43)/ 一様 87 / 合わせた対照 76 -> 主表 248 行
[2023-11-10] 束 64(mixed 0 / 幅 0 43)/ 一様 64 / 合わせた対照 56 -> 主表 184 行
[2023-11-11] 束 33(mixed 0 / 幅 0 21)/ 一様 33 / 合わせた対照 21 -> 主表 87 行
[2023-11-12] 束 14(mixed 0 / 幅 0 10)/ 一様 14 / 合わせた対照 11 -> 主表 39 行
[2023-11-13] 束 46(mixed 0 / 幅 0 28)/ 一様 46 / 合わせた対照 39 -> 主表 131 行
[2023-11-14] 束 71(mixed 0 / 幅 0 43)/ 一様 71 / 合わせた対照 70 -> 主表 212 行
[2023-11-15] 束 70(mixed 1 / 幅 0 47)/ 一様 70 / 合わせた対照 59 -> 主表 198 行
[2023-11-16] 束 90(mixed 0 / 幅 0 44)/ 一様 90 / 合わせた対照 57 -> 主表 237 行
[2023-11-17] 束 50(mixed 0 / 幅 0 34)/ 一様 50 / 合わせた対照 48 -> 主表 148 行
[2023-11-18] 束 20(mixed 0 / 幅 0 13)/ 一様 20 / 合わせた対照 20 -> 主表 60 行
[2023-11-19] 束 35(mixed 0 / 幅 0 23)/ 一様 35 / 合わせた対照 26 -> 主表 96 行
[2023-11-20] 束 45(mixed 0 / 幅 0 32)/ 一様 45 / 合わせた対照 41 -> 主表 131 行
[2023-11-21] 束 84(mixed 1 / 幅 0 46)/ 一様 84 / 合わせた対照 51 -> 主表 218 行
[2023-11-22] 束 48(mixed 0 / 幅 0 32)/ 一様 48 / 合わせた対照 45 -> 主表 141 行
[2023-11-23] 束 27(mixed 0 / 幅 0 16)/ 一様 27 / 合わせた対照 27 -> 主表 81 行
[2023-11-24] 束 42(mixed 0 / 幅 0 21)/ 一様 42 / 合わせた対照 40 -> 主表 124 行
[2023-11-25] 束 3(mixed 0 / 幅 0 3)/ 一様 3 / 合わせた対照 3 -> 主表 9 行
[2023-11-26] 束 30(mixed 0 / 幅 0 21)/ 一様 30 / 合わせた対照 28 -> 主表 88 行
[2023-11-27] 束 40(mixed 0 / 幅 0 24)/ 一様 40 / 合わせた対照 37 -> 主表 117 行
[2023-11-28] 束 41(mixed 0 / 幅 0 21)/ 一様 41 / 合わせた対照 41 -> 主表 123 行
[2023-11-29] 束 41(mixed 0 / 幅 0 27)/ 一様 41 / 合わせた対照 34 -> 主表 116 行
[2023-11-30] 束 32(mixed 0 / 幅 0 24)/ 一様 32 / 合わせた対照 28 -> 主表 92 行
[2023-12-01] 束 52(mixed 0 / 幅 0 33)/ 一様 52 / 合わせた対照 44 -> 主表 148 行
[2023-12-02] 束 22(mixed 0 / 幅 0 14)/ 一様 22 / 合わせた対照 22 -> 主表 66 行
[2023-12-03] 束 32(mixed 0 / 幅 0 21)/ 一様 32 / 合わせた対照 31 -> 主表 95 行
[2023-12-04] 束 112(mixed 0 / 幅 0 60)/ 一様 112 / 合わせた対照 84 -> 主表 308 行
[2023-12-05] 束 95(mixed 1 / 幅 0 49)/ 一様 95 / 合わせた対照 69 -> 主表 258 行
[2023-12-06] 束 75(mixed 0 / 幅 0 41)/ 一様 75 / 合わせた対照 60 -> 主表 210 行
[2023-12-07] 束 60(mixed 0 / 幅 0 33)/ 一様 60 / 合わせた対照 53 -> 主表 173 行
[2023-12-08] 束 46(mixed 0 / 幅 0 28)/ 一様 46 / 合わせた対照 46 -> 主表 138 行
[2023-12-09] 束 31(mixed 0 / 幅 0 20)/ 一様 31 / 合わせた対照 26 -> 主表 88 行
[2023-12-10] 束 21(mixed 0 / 幅 0 16)/ 一様 21 / 合わせた対照 21 -> 主表 63 行
[2023-12-11] 束 104(mixed 3 / 幅 0 50)/ 一様 104 / 合わせた対照 79 -> 主表 284 行
[2023-12-12] 束 71(mixed 0 / 幅 0 39)/ 一様 71 / 合わせた対照 58 -> 主表 200 行
[2023-12-13] 束 50(mixed 0 / 幅 0 23)/ 一様 50 / 合わせた対照 40 -> 主表 140 行
[2023-12-14] 束 56(mixed 0 / 幅 0 36)/ 一様 56 / 合わせた対照 52 -> 主表 164 行
[2023-12-15] 束 51(mixed 0 / 幅 0 31)/ 一様 51 / 合わせた対照 31 -> 主表 133 行
[2023-12-16] 束 30(mixed 0 / 幅 0 20)/ 一様 30 / 合わせた対照 30 -> 主表 90 行
[2023-12-17] 束 48(mixed 0 / 幅 0 30)/ 一様 48 / 合わせた対照 33 -> 主表 129 行
[2023-12-18] 束 72(mixed 0 / 幅 0 40)/ 一様 72 / 合わせた対照 59 -> 主表 203 行
[2023-12-19] 束 67(mixed 0 / 幅 0 40)/ 一様 67 / 合わせた対照 47 -> 主表 181 行
[2023-12-20] 束 55(mixed 0 / 幅 0 32)/ 一様 55 / 合わせた対照 45 -> 主表 155 行
[2023-12-21] 束 46(mixed 0 / 幅 0 27)/ 一様 46 / 合わせた対照 40 -> 主表 132 行
[2023-12-22] 束 36(mixed 0 / 幅 0 23)/ 一様 36 / 合わせた対照 32 -> 主表 104 行
[2023-12-23] 束 18(mixed 0 / 幅 0 14)/ 一様 18 / 合わせた対照 14 -> 主表 50 行
[2023-12-24] 束 25(mixed 0 / 幅 0 13)/ 一様 25 / 合わせた対照 25 -> 主表 75 行
[2023-12-25] 束 26(mixed 0 / 幅 0 14)/ 一様 26 / 合わせた対照 24 -> 主表 76 行
[2023-12-26] 束 51(mixed 1 / 幅 0 28)/ 一様 51 / 合わせた対照 47 -> 主表 148 行
[2023-12-27] 束 38(mixed 0 / 幅 0 22)/ 一様 38 / 合わせた対照 33 -> 主表 109 行
[2023-12-28] 束 60(mixed 0 / 幅 0 40)/ 一様 60 / 合わせた対照 55 -> 主表 175 行
[2023-12-29] 束 55(mixed 0 / 幅 0 26)/ 一様 55 / 合わせた対照 49 -> 主表 159 行
[2023-12-30] 束 36(mixed 0 / 幅 0 25)/ 一様 36 / 合わせた対照 30 -> 主表 102 行
[2023-12-31] 束 31(mixed 0 / 幅 0 23)/ 一様 31 / 合わせた対照 31 -> 主表 93 行
[2024-01-01] 束 43(mixed 0 / 幅 0 22)/ 一様 43 / 合わせた対照 32 -> 主表 118 行
[2024-01-02] 束 93(mixed 1 / 幅 0 56)/ 一様 93 / 合わせた対照 79 -> 主表 264 行
[2024-01-03] 束 78(mixed 4 / 幅 0 39)/ 一様 78 / 合わせた対照 69 -> 主表 221 行
[2024-01-04] 束 63(mixed 0 / 幅 0 40)/ 一様 63 / 合わせた対照 55 -> 主表 181 行
[2024-01-05] 束 53(mixed 1 / 幅 0 32)/ 一様 53 / 合わせた対照 44 -> 主表 149 行
[2024-01-06] 束 20(mixed 0 / 幅 0 12)/ 一様 20 / 合わせた対照 17 -> 主表 57 行
[2024-01-07] 束 42(mixed 0 / 幅 0 30)/ 一様 42 / 合わせた対照 28 -> 主表 112 行
[2024-01-08] 束 89(mixed 1 / 幅 0 39)/ 一様 89 / 合わせた対照 60 -> 主表 237 行
[2024-01-09] 束 64(mixed 4 / 幅 0 36)/ 一様 64 / 合わせた対照 63 -> 主表 187 行
[2024-01-10] 束 109(mixed 0 / 幅 0 56)/ 一様 109 / 合わせた対照 92 -> 主表 310 行
[2024-01-11] 束 98(mixed 2 / 幅 0 47)/ 一様 98 / 合わせた対照 90 -> 主表 284 行
[2024-01-12] 束 113(mixed 2 / 幅 0 52)/ 一様 113 / 合わせた対照 102 -> 主表 326 行
[2024-01-13] 束 44(mixed 0 / 幅 0 30)/ 一様 44 / 合わせた対照 44 -> 主表 132 行
[2024-01-14] 束 56(mixed 0 / 幅 0 36)/ 一様 56 / 合わせた対照 50 -> 主表 162 行
[2024-01-15] 束 54(mixed 0 / 幅 0 30)/ 一様 54 / 合わせた対照 46 -> 主表 154 行
[2024-01-16] 束 56(mixed 0 / 幅 0 35)/ 一様 56 / 合わせた対照 49 -> 主表 161 行
[2024-01-17] 束 56(mixed 0 / 幅 0 40)/ 一様 56 / 合わせた対照 46 -> 主表 158 行
[2024-01-18] 束 59(mixed 0 / 幅 0 32)/ 一様 59 / 合わせた対照 53 -> 主表 171 行
[2024-01-19] 束 59(mixed 0 / 幅 0 24)/ 一様 59 / 合わせた対照 45 -> 主表 163 行
[2024-01-20] 束 12(mixed 0 / 幅 0 10)/ 一様 12 / 合わせた対照 12 -> 主表 36 行
[2024-01-21] 束 9(mixed 0 / 幅 0 6)/ 一様 9 / 合わせた対照 9 -> 主表 27 行
[2024-01-22] 束 70(mixed 0 / 幅 0 30)/ 一様 70 / 合わせた対照 62 -> 主表 202 行
[2024-01-23] 束 85(mixed 1 / 幅 0 49)/ 一様 85 / 合わせた対照 78 -> 主表 247 行
[2024-01-24] 束 54(mixed 0 / 幅 0 34)/ 一様 54 / 合わせた対照 52 -> 主表 160 行
[2024-01-25] 束 28(mixed 0 / 幅 0 16)/ 一様 28 / 合わせた対照 22 -> 主表 78 行
[2024-01-26] 束 67(mixed 0 / 幅 0 36)/ 一様 67 / 合わせた対照 44 -> 主表 178 行
[2024-01-27] 束 17(mixed 0 / 幅 0 11)/ 一様 17 / 合わせた対照 17 -> 主表 51 行
[2024-01-28] 束 41(mixed 0 / 幅 0 20)/ 一様 41 / 合わせた対照 37 -> 主表 119 行
[2024-01-29] 束 50(mixed 0 / 幅 0 32)/ 一様 50 / 合わせた対照 40 -> 主表 140 行
[2024-01-30] 束 53(mixed 0 / 幅 0 32)/ 一様 53 / 合わせた対照 35 -> 主表 141 行
[2024-01-31] 束 48(mixed 0 / 幅 0 20)/ 一様 48 / 合わせた対照 42 -> 主表 138 行
[2024-02-01] 束 45(mixed 0 / 幅 0 30)/ 一様 45 / 合わせた対照 38 -> 主表 128 行
[2024-02-02] 束 33(mixed 0 / 幅 0 17)/ 一様 33 / 合わせた対照 28 -> 主表 94 行
[2024-02-03] 束 10(mixed 0 / 幅 0 7)/ 一様 10 / 合わせた対照 10 -> 主表 30 行
[2024-02-04] 束 24(mixed 0 / 幅 0 19)/ 一様 24 / 合わせた対照 24 -> 主表 72 行
[2024-02-05] 束 44(mixed 1 / 幅 0 31)/ 一様 44 / 合わせた対照 44 -> 主表 131 行
[2024-02-06] 束 23(mixed 0 / 幅 0 17)/ 一様 23 / 合わせた対照 23 -> 主表 69 行
[2024-02-07] 束 45(mixed 0 / 幅 0 26)/ 一様 45 / 合わせた対照 34 -> 主表 124 行
[2024-02-08] 束 42(mixed 0 / 幅 0 21)/ 一様 42 / 合わせた対照 36 -> 主表 120 行
[2024-02-09] 束 82(mixed 0 / 幅 0 35)/ 一様 82 / 合わせた対照 64 -> 主表 228 行
[2024-02-10] 束 31(mixed 0 / 幅 0 17)/ 一様 31 / 合わせた対照 28 -> 主表 90 行
[2024-02-11] 束 33(mixed 0 / 幅 0 17)/ 一様 33 / 合わせた対照 32 -> 主表 98 行
[2024-02-12] 束 85(mixed 0 / 幅 0 42)/ 一様 85 / 合わせた対照 64 -> 主表 234 行
[2024-02-13] 束 71(mixed 1 / 幅 0 44)/ 一様 71 / 合わせた対照 62 -> 主表 203 行
[2024-02-14] 束 55(mixed 0 / 幅 0 29)/ 一様 55 / 合わせた対照 48 -> 主表 158 行
[2024-02-27] 束 96(mixed 0 / 幅 0 46)/ 一様 96 / 合わせた対照 83 -> 主表 275 行
[2024-02-28] 束 144(mixed 13 / 幅 0 57)/ 一様 144 / 合わせた対照 140 -> 主表 415 行
[2024-02-29] 束 145(mixed 1 / 幅 0 82)/ 一様 145 / 合わせた対照 119 -> 主表 408 行
[2024-03-01] 束 73(mixed 0 / 幅 0 44)/ 一様 73 / 合わせた対照 73 -> 主表 219 行
[2024-03-02] 束 35(mixed 0 / 幅 0 21)/ 一様 35 / 合わせた対照 34 -> 主表 104 行
[2024-03-03] 束 48(mixed 0 / 幅 0 36)/ 一様 48 / 合わせた対照 42 -> 主表 138 行
[2024-03-04] 束 132(mixed 0 / 幅 0 49)/ 一様 132 / 合わせた対照 87 -> 主表 351 行
[2024-03-05] 束 211(mixed 12 / 幅 0 102)/ 一様 211 / 合わせた対照 171 -> 主表 581 行
[2024-03-06] 束 132(mixed 1 / 幅 0 69)/ 一様 132 / 合わせた対照 116 -> 主表 379 行
[2024-03-07] 束 65(mixed 0 / 幅 0 42)/ 一様 65 / 合わせた対照 60 -> 主表 190 行
[2024-03-08] 束 81(mixed 2 / 幅 0 46)/ 一様 81 / 合わせた対照 68 -> 主表 228 行
[2024-03-09] 束 25(mixed 0 / 幅 0 20)/ 一様 25 / 合わせた対照 25 -> 主表 75 行
[2024-03-10] 束 60(mixed 0 / 幅 0 32)/ 一様 60 / 合わせた対照 44 -> 主表 164 行
[2024-03-11] 束 96(mixed 1 / 幅 0 43)/ 一様 96 / 合わせた対照 85 -> 主表 276 行
[2024-03-12] 束 93(mixed 3 / 幅 0 50)/ 一様 93 / 合わせた対照 85 -> 主表 268 行
[2024-03-13] 束 61(mixed 0 / 幅 0 29)/ 一様 61 / 合わせた対照 49 -> 主表 171 行
[2024-03-14] 束 128(mixed 3 / 幅 0 57)/ 一様 128 / 合わせた対照 112 -> 主表 365 行
[2024-03-15] 束 169(mixed 6 / 幅 0 75)/ 一様 169 / 合わせた対照 156 -> 主表 488 行
[2024-03-16] 束 99(mixed 0 / 幅 0 56)/ 一様 99 / 合わせた対照 77 -> 主表 275 行
[2024-03-17] 束 84(mixed 0 / 幅 0 50)/ 一様 84 / 合わせた対照 73 -> 主表 241 行
[2024-03-18] 束 88(mixed 0 / 幅 0 54)/ 一様 88 / 合わせた対照 78 -> 主表 254 行
[2024-03-19] 束 179(mixed 0 / 幅 0 84)/ 一様 179 / 合わせた対照 132 -> 主表 490 行
[2024-03-20] 束 143(mixed 3 / 幅 0 78)/ 一様 143 / 合わせた対照 114 -> 主表 397 行
[2024-03-21] 束 97(mixed 0 / 幅 0 58)/ 一様 97 / 合わせた対照 76 -> 主表 270 行
[2024-03-22] 束 101(mixed 1 / 幅 0 53)/ 一様 101 / 合わせた対照 90 -> 主表 291 行
[2024-03-23] 束 66(mixed 0 / 幅 0 38)/ 一様 66 / 合わせた対照 56 -> 主表 188 行
[2024-03-24] 束 56(mixed 1 / 幅 0 28)/ 一様 56 / 合わせた対照 36 -> 主表 147 行
[2024-03-25] 束 85(mixed 0 / 幅 0 49)/ 一様 85 / 合わせた対照 68 -> 主表 238 行
[2024-03-26] 束 69(mixed 0 / 幅 0 39)/ 一様 69 / 合わせた対照 57 -> 主表 195 行
[2024-03-27] 束 80(mixed 0 / 幅 0 46)/ 一様 80 / 合わせた対照 73 -> 主表 233 行
[2024-03-28] 束 50(mixed 0 / 幅 0 34)/ 一様 50 / 合わせた対照 50 -> 主表 150 行
[2024-03-29] 束 39(mixed 0 / 幅 0 21)/ 一様 39 / 合わせた対照 34 -> 主表 112 行
[2024-03-30] 束 17(mixed 0 / 幅 0 11)/ 一様 17 / 合わせた対照 17 -> 主表 51 行
[2024-03-31] 束 25(mixed 0 / 幅 0 17)/ 一様 25 / 合わせた対照 25 -> 主表 75 行
[2024-04-01] 束 67(mixed 1 / 幅 0 33)/ 一様 67 / 合わせた対照 57 -> 主表 190 行
[2024-04-02] 束 123(mixed 3 / 幅 0 72)/ 一様 123 / 合わせた対照 110 -> 主表 353 行
[2024-04-03] 束 61(mixed 1 / 幅 0 36)/ 一様 61 / 合わせた対照 58 -> 主表 179 行
[2024-04-04] 束 76(mixed 0 / 幅 0 47)/ 一様 76 / 合わせた対照 57 -> 主表 209 行
[2024-04-05] 束 62(mixed 0 / 幅 0 38)/ 一様 62 / 合わせた対照 54 -> 主表 178 行
[2024-04-06] 束 27(mixed 0 / 幅 0 13)/ 一様 27 / 合わせた対照 22 -> 主表 76 行
[2024-04-07] 束 34(mixed 0 / 幅 0 21)/ 一様 34 / 合わせた対照 23 -> 主表 91 行
[2024-04-08] 束 64(mixed 0 / 幅 0 43)/ 一様 64 / 合わせた対照 55 -> 主表 183 行
[2024-04-09] 束 56(mixed 1 / 幅 0 24)/ 一様 56 / 合わせた対照 53 -> 主表 164 行
[2024-04-10] 束 59(mixed 0 / 幅 0 30)/ 一様 59 / 合わせた対照 53 -> 主表 171 行
[2024-04-11] 束 47(mixed 0 / 幅 0 26)/ 一様 47 / 合わせた対照 40 -> 主表 134 行
[2024-04-12] 束 65(mixed 4 / 幅 0 33)/ 一様 65 / 合わせた対照 49 -> 主表 175 行
[2024-04-13] 束 108(mixed 8 / 幅 0 52)/ 一様 108 / 合わせた対照 102 -> 主表 310 行
[2024-04-14] 束 103(mixed 0 / 幅 0 52)/ 一様 103 / 合わせた対照 99 -> 主表 305 行
[2024-04-15] 束 90(mixed 0 / 幅 0 53)/ 一様 90 / 合わせた対照 71 -> 主表 251 行
[2024-04-16] 束 107(mixed 0 / 幅 0 70)/ 一様 107 / 合わせた対照 98 -> 主表 312 行
[2024-04-17] 束 97(mixed 5 / 幅 0 53)/ 一様 97 / 合わせた対照 81 -> 主表 270 行
[2024-04-18] 束 82(mixed 0 / 幅 0 41)/ 一様 82 / 合わせた対照 62 -> 主表 226 行
[2024-04-19] 束 122(mixed 4 / 幅 0 60)/ 一様 122 / 合わせた対照 91 -> 主表 331 行
[2024-04-20] 束 40(mixed 0 / 幅 0 21)/ 一様 40 / 合わせた対照 30 -> 主表 110 行
[2024-04-21] 束 34(mixed 0 / 幅 0 18)/ 一様 34 / 合わせた対照 29 -> 主表 97 行
[2024-04-22] 束 48(mixed 0 / 幅 0 27)/ 一様 48 / 合わせた対照 40 -> 主表 136 行
[2024-04-23] 束 35(mixed 0 / 幅 0 21)/ 一様 35 / 合わせた対照 31 -> 主表 101 行
[2024-04-24] 束 45(mixed 0 / 幅 0 24)/ 一様 45 / 合わせた対照 33 -> 主表 123 行
[2024-04-25] 束 65(mixed 0 / 幅 0 36)/ 一様 65 / 合わせた対照 59 -> 主表 189 行
[2024-04-26] 束 44(mixed 0 / 幅 0 26)/ 一様 44 / 合わせた対照 34 -> 主表 122 行
[2024-04-27] 束 23(mixed 0 / 幅 0 11)/ 一様 23 / 合わせた対照 23 -> 主表 69 行
[2024-04-28] 束 25(mixed 0 / 幅 0 17)/ 一様 25 / 合わせた対照 16 -> 主表 66 行
[2024-04-29] 束 53(mixed 0 / 幅 0 29)/ 一様 53 / 合わせた対照 51 -> 主表 157 行
[2024-04-30] 束 79(mixed 1 / 幅 0 33)/ 一様 79 / 合わせた対照 59 -> 主表 216 行
[2024-05-01] 束 136(mixed 2 / 幅 0 80)/ 一様 136 / 合わせた対照 111 -> 主表 381 行
[2024-05-02] 束 49(mixed 0 / 幅 0 29)/ 一様 49 / 合わせた対照 44 -> 主表 142 行
[2024-05-03] 束 70(mixed 0 / 幅 0 36)/ 一様 70 / 合わせた対照 58 -> 主表 198 行
[2024-05-04] 束 43(mixed 0 / 幅 0 24)/ 一様 43 / 合わせた対照 37 -> 主表 123 行
[2024-05-05] 束 39(mixed 0 / 幅 0 28)/ 一様 39 / 合わせた対照 35 -> 主表 113 行
[2024-05-06] 束 54(mixed 1 / 幅 0 28)/ 一様 54 / 合わせた対照 44 -> 主表 151 行
[2024-05-07] 束 49(mixed 0 / 幅 0 25)/ 一様 49 / 合わせた対照 42 -> 主表 140 行
[2024-05-08] 束 57(mixed 0 / 幅 0 28)/ 一様 57 / 合わせた対照 45 -> 主表 159 行
[2024-05-09] 束 55(mixed 0 / 幅 0 37)/ 一様 55 / 合わせた対照 43 -> 主表 153 行
[2024-05-10] 束 56(mixed 1 / 幅 0 34)/ 一様 56 / 合わせた対照 52 -> 主表 163 行
[2024-05-11] 束 13(mixed 0 / 幅 0 6)/ 一様 13 / 合わせた対照 13 -> 主表 39 行
[2024-05-12] 束 14(mixed 0 / 幅 0 8)/ 一様 14 / 合わせた対照 14 -> 主表 42 行
[2024-05-13] 束 47(mixed 0 / 幅 0 31)/ 一様 47 / 合わせた対照 40 -> 主表 134 行
[2024-05-14] 束 49(mixed 0 / 幅 0 37)/ 一様 49 / 合わせた対照 49 -> 主表 147 行
[2024-05-15] 束 57(mixed 0 / 幅 0 31)/ 一様 57 / 合わせた対照 47 -> 主表 161 行
[2024-05-16] 束 53(mixed 1 / 幅 0 31)/ 一様 53 / 合わせた対照 44 -> 主表 149 行
[2024-05-17] 束 43(mixed 0 / 幅 0 24)/ 一様 43 / 合わせた対照 41 -> 主表 127 行
[2024-05-18] 束 14(mixed 0 / 幅 0 10)/ 一様 14 / 合わせた対照 14 -> 主表 42 行
[2024-05-19] 束 31(mixed 0 / 幅 0 19)/ 一様 31 / 合わせた対照 26 -> 主表 88 行
[2024-05-20] 束 61(mixed 0 / 幅 0 27)/ 一様 61 / 合わせた対照 53 -> 主表 175 行
[2024-05-21] 束 54(mixed 0 / 幅 0 37)/ 一様 54 / 合わせた対照 36 -> 主表 144 行
[2024-05-22] 束 43(mixed 0 / 幅 0 23)/ 一様 43 / 合わせた対照 41 -> 主表 127 行
[2024-05-23] 束 53(mixed 0 / 幅 0 29)/ 一様 53 / 合わせた対照 47 -> 主表 153 行
[2024-05-24] 束 43(mixed 0 / 幅 0 26)/ 一様 43 / 合わせた対照 36 -> 主表 122 行
[2024-05-25] 束 13(mixed 0 / 幅 0 7)/ 一様 13 / 合わせた対照 13 -> 主表 39 行
[2024-05-26] 束 13(mixed 0 / 幅 0 7)/ 一様 13 / 合わせた対照 11 -> 主表 37 行
[2024-05-27] 束 40(mixed 0 / 幅 0 22)/ 一様 40 / 合わせた対照 39 -> 主表 119 行
[2024-05-28] 束 56(mixed 0 / 幅 0 38)/ 一様 56 / 合わせた対照 48 -> 主表 160 行
[2024-05-29] 束 30(mixed 0 / 幅 0 19)/ 一様 30 / 合わせた対照 22 -> 主表 82 行
[2024-05-30] 束 35(mixed 0 / 幅 0 17)/ 一様 35 / 合わせた対照 35 -> 主表 105 行
[2024-05-31] 束 30(mixed 0 / 幅 0 14)/ 一様 30 / 合わせた対照 26 -> 主表 86 行
[2024-06-02] 束 20(mixed 0 / 幅 0 7)/ 一様 20 / 合わせた対照 14 -> 主表 54 行
[2024-06-03] 束 48(mixed 0 / 幅 0 30)/ 一様 48 / 合わせた対照 35 -> 主表 131 行
[2024-06-04] 束 40(mixed 0 / 幅 0 23)/ 一様 40 / 合わせた対照 31 -> 主表 111 行
[2024-06-05] 束 39(mixed 0 / 幅 0 25)/ 一様 39 / 合わせた対照 38 -> 主表 116 行
[2024-06-06] 束 27(mixed 0 / 幅 0 14)/ 一様 27 / 合わせた対照 20 -> 主表 74 行
[2024-06-07] 束 48(mixed 0 / 幅 0 30)/ 一様 48 / 合わせた対照 48 -> 主表 144 行
[2024-06-08] 束 1(mixed 0 / 幅 0 0)/ 一様 1 / 合わせた対照 1 -> 主表 3 行
[2024-06-09] 束 12(mixed 0 / 幅 0 9)/ 一様 12 / 合わせた対照 12 -> 主表 36 行
[2024-06-10] 束 19(mixed 0 / 幅 0 11)/ 一様 19 / 合わせた対照 19 -> 主表 57 行
[2024-06-13] 束 42(mixed 1 / 幅 0 24)/ 一様 42 / 合わせた対照 39 -> 主表 122 行
[2024-06-14] 束 42(mixed 0 / 幅 0 23)/ 一様 42 / 合わせた対照 30 -> 主表 114 行
[2024-06-15] 束 9(mixed 0 / 幅 0 7)/ 一様 9 / 合わせた対照 9 -> 主表 27 行
[2024-06-16] 束 8(mixed 0 / 幅 0 6)/ 一様 8 / 合わせた対照 8 -> 主表 24 行
[2024-06-17] 束 53(mixed 0 / 幅 0 30)/ 一様 53 / 合わせた対照 38 -> 主表 144 行
[2024-06-18] 束 63(mixed 0 / 幅 0 39)/ 一様 63 / 合わせた対照 52 -> 主表 178 行
[2024-06-19] 束 22(mixed 0 / 幅 0 14)/ 一様 22 / 合わせた対照 22 -> 主表 66 行
[2024-06-20] 束 45(mixed 0 / 幅 0 28)/ 一様 45 / 合わせた対照 42 -> 主表 132 行
[2024-06-21] 束 42(mixed 0 / 幅 0 21)/ 一様 42 / 合わせた対照 36 -> 主表 120 行
[2024-06-22] 束 2(mixed 0 / 幅 0 2)/ 一様 2 / 合わせた対照 2 -> 主表 6 行
[2024-06-23] 束 18(mixed 0 / 幅 0 10)/ 一様 18 / 合わせた対照 18 -> 主表 54 行
[2024-06-24] 束 99(mixed 0 / 幅 0 47)/ 一様 99 / 合わせた対照 81 -> 主表 279 行
[2024-06-25] 束 46(mixed 0 / 幅 0 28)/ 一様 46 / 合わせた対照 46 -> 主表 138 行
[2024-06-26] 束 37(mixed 0 / 幅 0 24)/ 一様 37 / 合わせた対照 37 -> 主表 111 行
[2024-06-27] 束 28(mixed 0 / 幅 0 20)/ 一様 28 / 合わせた対照 24 -> 主表 80 行
[2024-06-28] 束 36(mixed 1 / 幅 0 18)/ 一様 36 / 合わせた対照 31 -> 主表 102 行
[2024-06-29] 束 11(mixed 0 / 幅 0 10)/ 一様 11 / 合わせた対照 11 -> 主表 33 行
[2024-06-30] 束 19(mixed 0 / 幅 0 9)/ 一様 19 / 合わせた対照 19 -> 主表 57 行
[2024-07-01] 束 26(mixed 0 / 幅 0 17)/ 一様 26 / 合わせた対照 26 -> 主表 78 行
[2024-07-02] 束 25(mixed 0 / 幅 0 13)/ 一様 25 / 合わせた対照 24 -> 主表 74 行
[2024-07-03] 束 50(mixed 0 / 幅 0 26)/ 一様 50 / 合わせた対照 46 -> 主表 146 行
[2024-07-04] 束 96(mixed 0 / 幅 0 62)/ 一様 96 / 合わせた対照 95 -> 主表 287 行
[2024-07-05] 束 84(mixed 2 / 幅 0 51)/ 一様 84 / 合わせた対照 83 -> 主表 249 行
[2024-07-06] 束 32(mixed 0 / 幅 0 20)/ 一様 32 / 合わせた対照 21 -> 主表 85 行
[2024-07-07] 束 51(mixed 0 / 幅 0 34)/ 一様 51 / 合わせた対照 48 -> 主表 150 行
[2024-07-08] 束 91(mixed 0 / 幅 0 58)/ 一様 91 / 合わせた対照 70 -> 主表 252 行
[2024-07-09] 束 50(mixed 0 / 幅 0 40)/ 一様 50 / 合わせた対照 46 -> 主表 146 行
[2024-07-10] 束 34(mixed 0 / 幅 0 16)/ 一様 34 / 合わせた対照 30 -> 主表 98 行
[2024-07-11] 束 52(mixed 1 / 幅 0 29)/ 一様 52 / 合わせた対照 45 -> 主表 148 行
[2024-07-12] 束 48(mixed 0 / 幅 0 34)/ 一様 48 / 合わせた対照 38 -> 主表 134 行
[2024-07-13] 束 16(mixed 0 / 幅 0 7)/ 一様 16 / 合わせた対照 15 -> 主表 47 行
[2024-07-14] 束 34(mixed 0 / 幅 0 16)/ 一様 34 / 合わせた対照 25 -> 主表 93 行
[2024-07-15] 束 68(mixed 0 / 幅 0 38)/ 一様 68 / 合わせた対照 51 -> 主表 187 行
[2024-07-16] 束 67(mixed 1 / 幅 0 27)/ 一様 67 / 合わせた対照 58 -> 主表 191 行
[2024-07-17] 束 60(mixed 0 / 幅 0 37)/ 一様 60 / 合わせた対照 46 -> 主表 166 行
[2024-07-18] 束 50(mixed 0 / 幅 0 33)/ 一様 50 / 合わせた対照 41 -> 主表 141 行
[2024-07-19] 束 54(mixed 0 / 幅 0 33)/ 一様 54 / 合わせた対照 41 -> 主表 149 行
[2024-07-20] 束 25(mixed 0 / 幅 0 15)/ 一様 25 / 合わせた対照 22 -> 主表 72 行
[2024-07-21] 束 48(mixed 0 / 幅 0 25)/ 一様 48 / 合わせた対照 33 -> 主表 129 行
[2024-07-22] 束 53(mixed 0 / 幅 0 35)/ 一様 53 / 合わせた対照 49 -> 主表 155 行
[2024-07-23] 束 52(mixed 0 / 幅 0 29)/ 一様 52 / 合わせた対照 46 -> 主表 150 行
[2024-07-24] 束 39(mixed 0 / 幅 0 27)/ 一様 39 / 合わせた対照 39 -> 主表 117 行
[2024-07-25] 束 50(mixed 0 / 幅 0 30)/ 一様 50 / 合わせた対照 41 -> 主表 141 行
[2024-07-26] 束 39(mixed 0 / 幅 0 23)/ 一様 39 / 合わせた対照 29 -> 主表 107 行
[2024-07-27] 束 47(mixed 0 / 幅 0 24)/ 一様 47 / 合わせた対照 45 -> 主表 139 行
[2024-07-28] 束 25(mixed 0 / 幅 0 21)/ 一様 25 / 合わせた対照 25 -> 主表 75 行
[2024-07-29] 束 56(mixed 0 / 幅 0 31)/ 一様 56 / 合わせた対照 38 -> 主表 150 行
[2024-07-30] 束 49(mixed 0 / 幅 0 34)/ 一様 49 / 合わせた対照 49 -> 主表 147 行
[2024-07-31] 束 55(mixed 0 / 幅 0 34)/ 一様 55 / 合わせた対照 45 -> 主表 155 行
[2024-08-01] 束 89(mixed 0 / 幅 0 54)/ 一様 89 / 合わせた対照 79 -> 主表 257 行
[2024-08-02] 束 93(mixed 2 / 幅 0 55)/ 一様 93 / 合わせた対照 86 -> 主表 270 行
[2024-08-03] 束 53(mixed 0 / 幅 0 31)/ 一様 53 / 合わせた対照 45 -> 主表 151 行
[2024-08-04] 束 81(mixed 0 / 幅 0 38)/ 一様 81 / 合わせた対照 77 -> 主表 239 行
[2024-08-05] 束 269(mixed 15 / 幅 0 128)/ 一様 269 / 合わせた対照 134 -> 主表 657 行
[2024-08-06] 束 92(mixed 0 / 幅 0 59)/ 一様 92 / 合わせた対照 91 -> 主表 275 行
[2024-08-07] 束 81(mixed 0 / 幅 0 38)/ 一様 81 / 合わせた対照 68 -> 主表 230 行
[2024-08-08] 束 78(mixed 0 / 幅 0 45)/ 一様 78 / 合わせた対照 52 -> 主表 208 行
[2024-08-09] 束 63(mixed 0 / 幅 0 43)/ 一様 63 / 合わせた対照 58 -> 主表 184 行
[2024-08-10] 束 21(mixed 0 / 幅 0 16)/ 一様 21 / 合わせた対照 17 -> 主表 59 行
[2024-08-11] 束 48(mixed 1 / 幅 0 20)/ 一様 48 / 合わせた対照 32 -> 主表 127 行
[2024-08-12] 束 65(mixed 1 / 幅 0 33)/ 一様 65 / 合わせた対照 56 -> 主表 185 行
[2024-08-13] 束 57(mixed 0 / 幅 0 36)/ 一様 57 / 合わせた対照 45 -> 主表 159 行
[2024-08-14] 束 49(mixed 1 / 幅 0 30)/ 一様 49 / 合わせた対照 43 -> 主表 140 行
[2024-08-15] 束 61(mixed 2 / 幅 0 31)/ 一様 61 / 合わせた対照 53 -> 主表 173 行
[2024-08-16] 束 56(mixed 0 / 幅 0 42)/ 一様 56 / 合わせた対照 48 -> 主表 160 行
[2024-08-17] 束 11(mixed 0 / 幅 0 8)/ 一様 11 / 合わせた対照 7 -> 主表 29 行
[2024-08-18] 束 32(mixed 0 / 幅 0 16)/ 一様 32 / 合わせた対照 29 -> 主表 93 行
[2024-08-19] 束 34(mixed 0 / 幅 0 22)/ 一様 34 / 合わせた対照 27 -> 主表 95 行
[2024-08-20] 束 42(mixed 0 / 幅 0 23)/ 一様 42 / 合わせた対照 34 -> 主表 118 行
[2024-08-21] 束 47(mixed 0 / 幅 0 27)/ 一様 47 / 合わせた対照 35 -> 主表 129 行
[2024-08-22] 束 38(mixed 0 / 幅 0 25)/ 一様 38 / 合わせた対照 33 -> 主表 109 行
[2024-08-23] 束 55(mixed 1 / 幅 0 31)/ 一様 55 / 合わせた対照 39 -> 主表 148 行
[2024-08-24] 束 24(mixed 0 / 幅 0 13)/ 一様 24 / 合わせた対照 22 -> 主表 70 行
[2024-08-25] 束 20(mixed 0 / 幅 0 10)/ 一様 20 / 合わせた対照 18 -> 主表 58 行
[2024-08-26] 束 37(mixed 0 / 幅 0 24)/ 一様 37 / 合わせた対照 34 -> 主表 108 行
[2024-08-27] 束 57(mixed 0 / 幅 0 30)/ 一様 57 / 合わせた対照 47 -> 主表 161 行
[2024-08-28] 束 62(mixed 0 / 幅 0 36)/ 一様 62 / 合わせた対照 57 -> 主表 181 行
[2024-08-29] 束 52(mixed 0 / 幅 0 33)/ 一様 52 / 合わせた対照 48 -> 主表 152 行
[2024-08-30] 束 42(mixed 0 / 幅 0 25)/ 一様 42 / 合わせた対照 42 -> 主表 126 行
[2024-08-31] 束 8(mixed 0 / 幅 0 6)/ 一様 8 / 合わせた対照 8 -> 主表 24 行
[2024-09-01] 束 51(mixed 0 / 幅 0 30)/ 一様 51 / 合わせた対照 42 -> 主表 144 行
[2024-09-02] 束 29(mixed 0 / 幅 0 19)/ 一様 29 / 合わせた対照 28 -> 主表 86 行
[2024-09-03] 束 37(mixed 0 / 幅 0 20)/ 一様 37 / 合わせた対照 37 -> 主表 111 行
[2024-09-04] 束 39(mixed 1 / 幅 0 25)/ 一様 39 / 合わせた対照 37 -> 主表 114 行
[2024-09-05] 束 37(mixed 0 / 幅 0 20)/ 一様 37 / 合わせた対照 37 -> 主表 111 行
[2024-09-06] 束 70(mixed 1 / 幅 0 31)/ 一様 70 / 合わせた対照 66 -> 主表 205 行
[2024-09-07] 束 25(mixed 0 / 幅 0 18)/ 一様 25 / 合わせた対照 20 -> 主表 70 行
[2024-09-08] 束 24(mixed 0 / 幅 0 14)/ 一様 24 / 合わせた対照 15 -> 主表 63 行
[2024-09-09] 束 56(mixed 0 / 幅 0 32)/ 一様 56 / 合わせた対照 42 -> 主表 154 行
[2024-09-10] 束 47(mixed 0 / 幅 0 34)/ 一様 47 / 合わせた対照 47 -> 主表 141 行
[2024-09-11] 束 55(mixed 0 / 幅 0 33)/ 一様 55 / 合わせた対照 52 -> 主表 162 行
[2024-09-12] 束 38(mixed 1 / 幅 0 21)/ 一様 38 / 合わせた対照 30 -> 主表 105 行
[2024-09-13] 束 44(mixed 0 / 幅 0 25)/ 一様 44 / 合わせた対照 44 -> 主表 132 行
[2024-09-14] 束 15(mixed 0 / 幅 0 11)/ 一様 15 / 合わせた対照 12 -> 主表 42 行
[2024-09-15] 束 19(mixed 0 / 幅 0 8)/ 一様 19 / 合わせた対照 19 -> 主表 57 行
[2024-09-16] 束 47(mixed 0 / 幅 0 28)/ 一様 47 / 合わせた対照 43 -> 主表 137 行
[2024-09-17] 束 49(mixed 0 / 幅 0 30)/ 一様 49 / 合わせた対照 49 -> 主表 147 行
[2024-09-18] 束 56(mixed 2 / 幅 0 35)/ 一様 56 / 合わせた対照 53 -> 主表 163 行
[2024-09-19] 束 49(mixed 1 / 幅 0 26)/ 一様 49 / 合わせた対照 38 -> 主表 135 行
[2024-09-20] 束 40(mixed 0 / 幅 0 21)/ 一様 40 / 合わせた対照 30 -> 主表 110 行
[2024-09-21] 束 8(mixed 0 / 幅 0 6)/ 一様 8 / 合わせた対照 8 -> 主表 24 行
[2024-09-22] 束 36(mixed 0 / 幅 0 25)/ 一様 36 / 合わせた対照 36 -> 主表 108 行
[2024-09-23] 束 34(mixed 0 / 幅 0 18)/ 一様 34 / 合わせた対照 28 -> 主表 96 行
[2024-09-24] 束 46(mixed 1 / 幅 0 28)/ 一様 46 / 合わせた対照 46 -> 主表 137 行
[2024-09-25] 束 26(mixed 0 / 幅 0 18)/ 一様 26 / 合わせた対照 26 -> 主表 78 行
[2024-09-26] 束 52(mixed 0 / 幅 0 32)/ 一様 52 / 合わせた対照 52 -> 主表 156 行
[2024-09-27] 束 40(mixed 0 / 幅 0 30)/ 一様 40 / 合わせた対照 38 -> 主表 118 行
[2024-09-28] 束 14(mixed 0 / 幅 0 11)/ 一様 14 / 合わせた対照 12 -> 主表 40 行
[2024-09-29] 束 11(mixed 0 / 幅 0 9)/ 一様 11 / 合わせた対照 11 -> 主表 33 行
[2024-09-30] 束 58(mixed 0 / 幅 0 34)/ 一様 58 / 合わせた対照 49 -> 主表 165 行
[2024-10-01] 束 67(mixed 0 / 幅 0 42)/ 一様 67 / 合わせた対照 63 -> 主表 197 行
[2024-10-02] 束 57(mixed 0 / 幅 0 31)/ 一様 57 / 合わせた対照 53 -> 主表 167 行
[2024-10-03] 束 52(mixed 0 / 幅 0 33)/ 一様 52 / 合わせた対照 52 -> 主表 156 行
[2024-10-04] 束 40(mixed 0 / 幅 0 23)/ 一様 40 / 合わせた対照 40 -> 主表 120 行
[2024-10-05] 束 15(mixed 0 / 幅 0 14)/ 一様 15 / 合わせた対照 15 -> 主表 45 行
[2024-10-06] 束 21(mixed 0 / 幅 0 17)/ 一様 21 / 合わせた対照 18 -> 主表 60 行
[2024-10-07] 束 56(mixed 0 / 幅 0 31)/ 一様 56 / 合わせた対照 39 -> 主表 151 行
[2024-10-08] 束 36(mixed 0 / 幅 0 27)/ 一様 36 / 合わせた対照 28 -> 主表 100 行
[2024-10-09] 束 35(mixed 0 / 幅 0 14)/ 一様 35 / 合わせた対照 35 -> 主表 105 行
[2024-10-10] 束 48(mixed 0 / 幅 0 29)/ 一様 48 / 合わせた対照 48 -> 主表 144 行
[2024-10-11] 束 32(mixed 0 / 幅 0 14)/ 一様 32 / 合わせた対照 32 -> 主表 96 行
[2024-10-12] 束 15(mixed 0 / 幅 0 12)/ 一様 15 / 合わせた対照 15 -> 主表 45 行
行 60903(liq 21198 / control_uniform 21378 / control_matched 18327)/ mixed 除外 180 / W = 8.0h / gap = 60s / 所要 698.41 秒 -> backtest_data/o3c_reaction_20260918_full/gap60_w8
=== 2026-09-19T08:47:34Z exit=0 gap=60 W=8
=== 2026-09-19T08:47:34Z start gap=60 W=24 -> backtest_data/o3c_reaction_20260918_full/gap60_w24
清算 一意 53398 件(生 106822)-> 束 22036 個(gap 60000 ms)
[2023-06-27] 束 34(mixed 0 / 幅 0 22)/ 一様 34 / 合わせた対照 33 -> 主表 101 行
[2023-06-28] 束 42(mixed 0 / 幅 0 23)/ 一様 42 / 合わせた対照 37 -> 主表 121 行
[2023-06-29] 束 31(mixed 0 / 幅 0 16)/ 一様 31 / 合わせた対照 27 -> 主表 89 行
[2023-06-30] 束 64(mixed 3 / 幅 0 33)/ 一様 64 / 合わせた対照 58 -> 主表 183 行
[2023-07-01] 束 7(mixed 0 / 幅 0 5)/ 一様 7 / 合わせた対照 7 -> 主表 21 行
[2023-07-02] 束 14(mixed 1 / 幅 0 6)/ 一様 14 / 合わせた対照 14 -> 主表 41 行
[2023-07-03] 束 37(mixed 0 / 幅 0 18)/ 一様 37 / 合わせた対照 28 -> 主表 102 行
[2023-07-04] 束 23(mixed 0 / 幅 0 10)/ 一様 23 / 合わせた対照 21 -> 主表 67 行
[2023-07-05] 束 29(mixed 0 / 幅 0 13)/ 一様 29 / 合わせた対照 17 -> 主表 75 行
[2023-07-06] 束 73(mixed 0 / 幅 0 28)/ 一様 73 / 合わせた対照 63 -> 主表 209 行
[2023-07-07] 束 24(mixed 0 / 幅 0 14)/ 一様 24 / 合わせた対照 24 -> 主表 72 行
[2023-07-08] 束 7(mixed 0 / 幅 0 5)/ 一様 7 / 合わせた対照 7 -> 主表 21 行
[2023-07-09] 束 11(mixed 0 / 幅 0 4)/ 一様 11 / 合わせた対照 11 -> 主表 33 行
[2023-07-10] 束 47(mixed 0 / 幅 0 23)/ 一様 47 / 合わせた対照 39 -> 主表 133 行
[2023-07-11] 束 28(mixed 0 / 幅 0 19)/ 一様 28 / 合わせた対照 28 -> 主表 84 行
[2023-07-12] 束 30(mixed 0 / 幅 0 18)/ 一様 30 / 合わせた対照 30 -> 主表 90 行
[2023-07-13] 束 46(mixed 1 / 幅 0 19)/ 一様 46 / 合わせた対照 41 -> 主表 132 行
[2023-07-14] 束 41(mixed 0 / 幅 0 22)/ 一様 41 / 合わせた対照 41 -> 主表 123 行
[2023-07-15] 束 1(mixed 0 / 幅 0 1)/ 一様 1 / 合わせた対照 1 -> 主表 3 行
[2023-07-16] 束 15(mixed 0 / 幅 0 9)/ 一様 15 / 合わせた対照 13 -> 主表 43 行
[2023-07-17] 束 30(mixed 0 / 幅 0 17)/ 一様 30 / 合わせた対照 29 -> 主表 89 行
[2023-07-18] 束 30(mixed 0 / 幅 0 19)/ 一様 30 / 合わせた対照 27 -> 主表 87 行
[2023-07-19] 束 32(mixed 0 / 幅 0 21)/ 一様 32 / 合わせた対照 32 -> 主表 96 行
[2023-07-20] 束 34(mixed 0 / 幅 0 18)/ 一様 34 / 合わせた対照 34 -> 主表 102 行
[2023-07-21] 束 15(mixed 0 / 幅 0 9)/ 一様 15 / 合わせた対照 15 -> 主表 45 行
[2023-07-22] 束 9(mixed 0 / 幅 0 7)/ 一様 9 / 合わせた対照 9 -> 主表 27 行
[2023-07-23] 束 14(mixed 0 / 幅 0 5)/ 一様 14 / 合わせた対照 14 -> 主表 42 行
[2023-07-24] 束 46(mixed 0 / 幅 0 26)/ 一様 46 / 合わせた対照 44 -> 主表 136 行
[2023-07-25] 束 16(mixed 0 / 幅 0 10)/ 一様 16 / 合わせた対照 14 -> 主表 46 行
[2023-07-26] 束 24(mixed 0 / 幅 0 9)/ 一様 24 / 合わせた対照 24 -> 主表 72 行
[2023-07-27] 束 18(mixed 0 / 幅 0 8)/ 一様 18 / 合わせた対照 18 -> 主表 54 行
[2023-07-28] 束 20(mixed 0 / 幅 0 12)/ 一様 20 / 合わせた対照 18 -> 主表 58 行
[2023-07-29] 束 4(mixed 0 / 幅 0 3)/ 一様 4 / 合わせた対照 4 -> 主表 12 行
[2023-07-30] 束 6(mixed 0 / 幅 0 1)/ 一様 6 / 合わせた対照 6 -> 主表 18 行
[2023-07-31] 束 15(mixed 0 / 幅 0 7)/ 一様 15 / 合わせた対照 13 -> 主表 43 行
[2023-08-01] 束 38(mixed 0 / 幅 0 23)/ 一様 38 / 合わせた対照 35 -> 主表 111 行
[2023-08-02] 束 53(mixed 0 / 幅 0 34)/ 一様 53 / 合わせた対照 48 -> 主表 154 行
[2023-08-03] 束 20(mixed 0 / 幅 0 12)/ 一様 20 / 合わせた対照 18 -> 主表 58 行
[2023-08-04] 束 14(mixed 0 / 幅 0 7)/ 一様 14 / 合わせた対照 7 -> 主表 35 行
[2023-08-05] 束 2(mixed 0 / 幅 0 2)/ 一様 2 / 合わせた対照 2 -> 主表 6 行
[2023-08-06] 束 7(mixed 0 / 幅 0 5)/ 一様 7 / 合わせた対照 7 -> 主表 21 行
[2023-08-07] 束 24(mixed 0 / 幅 0 13)/ 一様 24 / 合わせた対照 22 -> 主表 70 行
[2023-08-08] 束 47(mixed 0 / 幅 0 24)/ 一様 47 / 合わせた対照 39 -> 主表 133 行
[2023-08-09] 束 37(mixed 0 / 幅 0 22)/ 一様 37 / 合わせた対照 26 -> 主表 100 行
[2023-08-10] 束 14(mixed 0 / 幅 0 10)/ 一様 14 / 合わせた対照 12 -> 主表 40 行
[2023-08-11] 束 5(mixed 0 / 幅 0 2)/ 一様 5 / 合わせた対照 5 -> 主表 15 行
[2023-08-12] 束 1(mixed 0 / 幅 0 1)/ 一様 1 / 合わせた対照 1 -> 主表 3 行
[2023-08-13] 束 8(mixed 0 / 幅 0 4)/ 一様 8 / 合わせた対照 7 -> 主表 23 行
[2023-08-14] 束 29(mixed 0 / 幅 0 14)/ 一様 29 / 合わせた対照 22 -> 主表 80 行
[2023-08-15] 束 10(mixed 0 / 幅 0 4)/ 一様 10 / 合わせた対照 7 -> 主表 27 行
[2023-08-16] 束 19(mixed 1 / 幅 0 6)/ 一様 19 / 合わせた対照 15 -> 主表 52 行
[2023-08-17] 束 89(mixed 7 / 幅 0 35)/ 一様 89 / 合わせた対照 86 -> 主表 257 行
[2023-08-18] 束 89(mixed 0 / 幅 0 50)/ 一様 89 / 合わせた対照 87 -> 主表 265 行
[2023-08-19] 束 24(mixed 0 / 幅 0 14)/ 一様 24 / 合わせた対照 24 -> 主表 72 行
[2023-08-20] 束 13(mixed 0 / 幅 0 9)/ 一様 13 / 合わせた対照 12 -> 主表 38 行
[2023-08-21] 束 25(mixed 0 / 幅 0 10)/ 一様 25 / 合わせた対照 23 -> 主表 73 行
[2023-08-22] 束 36(mixed 0 / 幅 0 18)/ 一様 36 / 合わせた対照 33 -> 主表 105 行
[2023-08-23] 束 47(mixed 0 / 幅 0 22)/ 一様 47 / 合わせた対照 32 -> 主表 126 行
[2023-08-24] 束 32(mixed 0 / 幅 0 12)/ 一様 32 / 合わせた対照 28 -> 主表 92 行
[2023-08-25] 束 27(mixed 0 / 幅 0 16)/ 一様 27 / 合わせた対照 24 -> 主表 78 行
[2023-08-26] 束 2(mixed 0 / 幅 0 2)/ 一様 2 / 合わせた対照 2 -> 主表 6 行
[2023-08-27] 束 5(mixed 0 / 幅 0 2)/ 一様 5 / 合わせた対照 5 -> 主表 15 行
[2023-08-28] 束 13(mixed 0 / 幅 0 4)/ 一様 13 / 合わせた対照 10 -> 主表 36 行
[2023-08-29] 束 52(mixed 3 / 幅 0 29)/ 一様 52 / 合わせた対照 44 -> 主表 145 行
[2023-08-30] 束 32(mixed 1 / 幅 0 19)/ 一様 32 / 合わせた対照 31 -> 主表 94 行
[2023-08-31] 束 40(mixed 0 / 幅 0 15)/ 一様 40 / 合わせた対照 23 -> 主表 103 行
[2023-09-01] 束 28(mixed 0 / 幅 0 11)/ 一様 28 / 合わせた対照 22 -> 主表 78 行
[2023-09-02] 束 9(mixed 0 / 幅 0 8)/ 一様 9 / 合わせた対照 4 -> 主表 22 行
[2023-09-03] 束 14(mixed 0 / 幅 0 10)/ 一様 14 / 合わせた対照 14 -> 主表 42 行
[2023-09-04] 束 19(mixed 0 / 幅 0 7)/ 一様 19 / 合わせた対照 15 -> 主表 53 行
[2023-09-05] 束 17(mixed 0 / 幅 0 10)/ 一様 17 / 合わせた対照 16 -> 主表 50 行
[2023-09-06] 束 22(mixed 0 / 幅 0 9)/ 一様 22 / 合わせた対照 22 -> 主表 66 行
[2023-09-07] 束 35(mixed 0 / 幅 0 24)/ 一様 35 / 合わせた対照 30 -> 主表 100 行
[2023-09-08] 束 23(mixed 0 / 幅 0 13)/ 一様 23 / 合わせた対照 22 -> 主表 68 行
[2023-09-10] 束 10(mixed 0 / 幅 0 3)/ 一様 10 / 合わせた対照 6 -> 主表 26 行
[2023-09-11] 束 33(mixed 0 / 幅 0 16)/ 一様 33 / 合わせた対照 23 -> 主表 89 行
[2023-09-12] 束 43(mixed 0 / 幅 0 22)/ 一様 43 / 合わせた対照 39 -> 主表 125 行
[2023-09-13] 束 25(mixed 0 / 幅 0 14)/ 一様 25 / 合わせた対照 25 -> 主表 75 行
[2023-09-14] 束 34(mixed 0 / 幅 0 17)/ 一様 34 / 合わせた対照 24 -> 主表 92 行
[2023-09-15] 束 32(mixed 0 / 幅 0 19)/ 一様 32 / 合わせた対照 29 -> 主表 93 行
[2023-09-16] 束 9(mixed 0 / 幅 0 6)/ 一様 9 / 合わせた対照 9 -> 主表 27 行
[2023-09-17] 束 11(mixed 0 / 幅 0 9)/ 一様 11 / 合わせた対照 9 -> 主表 31 行
[2023-09-18] 束 57(mixed 0 / 幅 0 29)/ 一様 57 / 合わせた対照 40 -> 主表 154 行
[2023-09-19] 束 60(mixed 0 / 幅 0 32)/ 一様 60 / 合わせた対照 52 -> 主表 172 行
[2023-09-20] 束 38(mixed 0 / 幅 0 21)/ 一様 38 / 合わせた対照 38 -> 主表 114 行
[2023-09-21] 束 44(mixed 0 / 幅 0 30)/ 一様 44 / 合わせた対照 31 -> 主表 119 行
[2023-09-22] 束 13(mixed 0 / 幅 0 12)/ 一様 13 / 合わせた対照 9 -> 主表 35 行
[2023-09-24] 束 11(mixed 0 / 幅 0 6)/ 一様 11 / 合わせた対照 10 -> 主表 32 行
[2023-09-26] 束 20(mixed 0 / 幅 0 16)/ 一様 20 / 合わせた対照 18 -> 主表 58 行
[2023-09-27] 束 41(mixed 0 / 幅 0 21)/ 一様 41 / 合わせた対照 22 -> 主表 104 行
[2023-09-28] 束 43(mixed 0 / 幅 0 22)/ 一様 43 / 合わせた対照 31 -> 主表 117 行
[2023-09-29] 束 30(mixed 0 / 幅 0 16)/ 一様 30 / 合わせた対照 30 -> 主表 90 行
[2023-09-30] 束 5(mixed 0 / 幅 0 4)/ 一様 5 / 合わせた対照 5 -> 主表 15 行
[2023-10-01] 束 20(mixed 1 / 幅 0 14)/ 一様 20 / 合わせた対照 19 -> 主表 58 行
[2023-10-02] 束 60(mixed 1 / 幅 0 29)/ 一様 60 / 合わせた対照 51 -> 主表 170 行
[2023-10-03] 束 31(mixed 0 / 幅 0 19)/ 一様 31 / 合わせた対照 25 -> 主表 87 行
[2023-10-04] 束 27(mixed 0 / 幅 0 14)/ 一様 27 / 合わせた対照 25 -> 主表 79 行
[2023-10-05] 束 33(mixed 0 / 幅 0 18)/ 一様 33 / 合わせた対照 25 -> 主表 91 行
[2023-10-06] 束 40(mixed 0 / 幅 0 27)/ 一様 40 / 合わせた対照 38 -> 主表 118 行
[2023-10-07] 束 4(mixed 0 / 幅 0 3)/ 一様 4 / 合わせた対照 4 -> 主表 12 行
[2023-10-08] 束 22(mixed 0 / 幅 0 15)/ 一様 22 / 合わせた対照 18 -> 主表 62 行
[2023-10-09] 束 34(mixed 0 / 幅 0 15)/ 一様 34 / 合わせた対照 30 -> 主表 98 行
[2023-10-10] 束 32(mixed 0 / 幅 0 20)/ 一様 32 / 合わせた対照 30 -> 主表 94 行
[2023-10-11] 束 36(mixed 0 / 幅 0 14)/ 一様 36 / 合わせた対照 28 -> 主表 100 行
[2023-10-12] 束 17(mixed 0 / 幅 0 11)/ 一様 17 / 合わせた対照 17 -> 主表 51 行
[2023-10-13] 束 23(mixed 0 / 幅 0 15)/ 一様 23 / 合わせた対照 17 -> 主表 63 行
[2023-10-14] 束 3(mixed 0 / 幅 0 3)/ 一様 3 / 合わせた対照 3 -> 主表 9 行
[2023-10-15] 束 14(mixed 0 / 幅 0 6)/ 一様 14 / 合わせた対照 13 -> 主表 41 行
[2023-10-16] 束 58(mixed 7 / 幅 0 30)/ 一様 58 / 合わせた対照 53 -> 主表 162 行
[2023-10-17] 束 45(mixed 0 / 幅 0 29)/ 一様 45 / 合わせた対照 45 -> 主表 135 行
[2023-10-18] 束 24(mixed 0 / 幅 0 17)/ 一様 24 / 合わせた対照 23 -> 主表 71 行
[2023-10-19] 束 34(mixed 0 / 幅 0 18)/ 一様 34 / 合わせた対照 26 -> 主表 94 行
[2023-10-20] 束 69(mixed 1 / 幅 0 38)/ 一様 69 / 合わせた対照 53 -> 主表 190 行
[2023-10-21] 束 32(mixed 0 / 幅 0 15)/ 一様 32 / 合わせた対照 23 -> 主表 87 行
[2023-10-22] 束 21(mixed 0 / 幅 0 12)/ 一様 21 / 合わせた対照 21 -> 主表 63 行
[2023-10-23] 束 117(mixed 4 / 幅 0 51)/ 一様 117 / 合わせた対照 82 -> 主表 312 行
[2023-10-24] 束 148(mixed 1 / 幅 0 76)/ 一様 148 / 合わせた対照 117 -> 主表 412 行
[2023-10-25] 束 81(mixed 1 / 幅 0 44)/ 一様 81 / 合わせた対照 68 -> 主表 229 行
[2023-10-26] 束 67(mixed 0 / 幅 0 39)/ 一様 67 / 合わせた対照 60 -> 主表 194 行
[2023-10-27] 束 51(mixed 0 / 幅 0 32)/ 一様 51 / 合わせた対照 49 -> 主表 151 行
[2023-10-28] 束 18(mixed 0 / 幅 0 13)/ 一様 18 / 合わせた対照 18 -> 主表 54 行
[2023-10-29] 束 36(mixed 0 / 幅 0 23)/ 一様 36 / 合わせた対照 32 -> 主表 104 行
[2023-10-30] 束 38(mixed 0 / 幅 0 23)/ 一様 38 / 合わせた対照 35 -> 主表 111 行
[2023-10-31] 束 44(mixed 0 / 幅 0 25)/ 一様 44 / 合わせた対照 43 -> 主表 131 行
[2023-11-01] 束 54(mixed 2 / 幅 0 29)/ 一様 54 / 合わせた対照 45 -> 主表 151 行
[2023-11-02] 束 57(mixed 0 / 幅 0 35)/ 一様 57 / 合わせた対照 57 -> 主表 171 行
[2023-11-03] 束 61(mixed 0 / 幅 0 40)/ 一様 61 / 合わせた対照 54 -> 主表 176 行
[2023-11-04] 束 22(mixed 0 / 幅 0 11)/ 一様 22 / 合わせた対照 16 -> 主表 60 行
[2023-11-05] 束 35(mixed 0 / 幅 0 18)/ 一様 35 / 合わせた対照 31 -> 主表 101 行
[2023-11-06] 束 33(mixed 0 / 幅 0 24)/ 一様 33 / 合わせた対照 33 -> 主表 99 行
[2023-11-07] 束 55(mixed 0 / 幅 0 33)/ 一様 55 / 合わせた対照 40 -> 主表 150 行
[2023-11-08] 束 36(mixed 2 / 幅 0 18)/ 一様 36 / 合わせた対照 33 -> 主表 103 行
[2023-11-09] 束 87(mixed 2 / 幅 0 43)/ 一様 87 / 合わせた対照 74 -> 主表 246 行
[2023-11-10] 束 64(mixed 0 / 幅 0 43)/ 一様 64 / 合わせた対照 62 -> 主表 190 行
[2023-11-11] 束 33(mixed 0 / 幅 0 21)/ 一様 33 / 合わせた対照 33 -> 主表 99 行
[2023-11-12] 束 14(mixed 0 / 幅 0 10)/ 一様 14 / 合わせた対照 12 -> 主表 40 行
[2023-11-13] 束 46(mixed 0 / 幅 0 28)/ 一様 46 / 合わせた対照 36 -> 主表 128 行
[2023-11-14] 束 71(mixed 0 / 幅 0 43)/ 一様 71 / 合わせた対照 64 -> 主表 206 行
[2023-11-15] 束 70(mixed 1 / 幅 0 47)/ 一様 70 / 合わせた対照 61 -> 主表 200 行
[2023-11-16] 束 90(mixed 0 / 幅 0 44)/ 一様 90 / 合わせた対照 79 -> 主表 259 行
[2023-11-17] 束 50(mixed 0 / 幅 0 34)/ 一様 50 / 合わせた対照 50 -> 主表 150 行
[2023-11-18] 束 20(mixed 0 / 幅 0 13)/ 一様 20 / 合わせた対照 20 -> 主表 60 行
[2023-11-19] 束 35(mixed 0 / 幅 0 23)/ 一様 35 / 合わせた対照 27 -> 主表 97 行
[2023-11-20] 束 45(mixed 0 / 幅 0 32)/ 一様 45 / 合わせた対照 42 -> 主表 132 行
[2023-11-21] 束 84(mixed 1 / 幅 0 46)/ 一様 84 / 合わせた対照 55 -> 主表 222 行
[2023-11-22] 束 48(mixed 0 / 幅 0 32)/ 一様 48 / 合わせた対照 36 -> 主表 132 行
[2023-11-23] 束 27(mixed 0 / 幅 0 16)/ 一様 27 / 合わせた対照 26 -> 主表 80 行
[2023-11-24] 束 42(mixed 0 / 幅 0 21)/ 一様 42 / 合わせた対照 38 -> 主表 122 行
[2023-11-25] 束 3(mixed 0 / 幅 0 3)/ 一様 3 / 合わせた対照 2 -> 主表 8 行
[2023-11-26] 束 30(mixed 0 / 幅 0 21)/ 一様 30 / 合わせた対照 28 -> 主表 88 行
[2023-11-27] 束 40(mixed 0 / 幅 0 24)/ 一様 40 / 合わせた対照 38 -> 主表 118 行
[2023-11-28] 束 41(mixed 0 / 幅 0 21)/ 一様 41 / 合わせた対照 30 -> 主表 112 行
[2023-11-29] 束 41(mixed 0 / 幅 0 27)/ 一様 41 / 合わせた対照 39 -> 主表 121 行
[2023-11-30] 束 32(mixed 0 / 幅 0 24)/ 一様 32 / 合わせた対照 30 -> 主表 94 行
[2023-12-01] 束 52(mixed 0 / 幅 0 33)/ 一様 52 / 合わせた対照 50 -> 主表 154 行
[2023-12-02] 束 22(mixed 0 / 幅 0 14)/ 一様 22 / 合わせた対照 21 -> 主表 65 行
[2023-12-03] 束 32(mixed 0 / 幅 0 21)/ 一様 32 / 合わせた対照 29 -> 主表 93 行
[2023-12-04] 束 112(mixed 0 / 幅 0 60)/ 一様 112 / 合わせた対照 79 -> 主表 303 行
[2023-12-05] 束 95(mixed 1 / 幅 0 49)/ 一様 95 / 合わせた対照 70 -> 主表 259 行
[2023-12-06] 束 75(mixed 0 / 幅 0 41)/ 一様 75 / 合わせた対照 73 -> 主表 223 行
[2023-12-07] 束 60(mixed 0 / 幅 0 33)/ 一様 60 / 合わせた対照 59 -> 主表 179 行
[2023-12-08] 束 46(mixed 0 / 幅 0 28)/ 一様 46 / 合わせた対照 35 -> 主表 127 行
[2023-12-09] 束 31(mixed 0 / 幅 0 20)/ 一様 31 / 合わせた対照 30 -> 主表 92 行
[2023-12-10] 束 21(mixed 0 / 幅 0 16)/ 一様 21 / 合わせた対照 21 -> 主表 63 行
[2023-12-11] 束 104(mixed 3 / 幅 0 50)/ 一様 104 / 合わせた対照 87 -> 主表 292 行
[2023-12-12] 束 71(mixed 0 / 幅 0 39)/ 一様 71 / 合わせた対照 71 -> 主表 213 行
[2023-12-13] 束 50(mixed 0 / 幅 0 23)/ 一様 50 / 合わせた対照 42 -> 主表 142 行
[2023-12-14] 束 56(mixed 0 / 幅 0 36)/ 一様 56 / 合わせた対照 55 -> 主表 167 行
[2023-12-15] 束 51(mixed 0 / 幅 0 31)/ 一様 51 / 合わせた対照 39 -> 主表 141 行
[2023-12-16] 束 30(mixed 0 / 幅 0 20)/ 一様 30 / 合わせた対照 30 -> 主表 90 行
[2023-12-17] 束 48(mixed 0 / 幅 0 30)/ 一様 48 / 合わせた対照 41 -> 主表 137 行
[2023-12-18] 束 72(mixed 0 / 幅 0 40)/ 一様 72 / 合わせた対照 57 -> 主表 201 行
[2023-12-19] 束 67(mixed 0 / 幅 0 40)/ 一様 67 / 合わせた対照 59 -> 主表 193 行
[2023-12-20] 束 55(mixed 0 / 幅 0 32)/ 一様 55 / 合わせた対照 45 -> 主表 155 行
[2023-12-21] 束 46(mixed 0 / 幅 0 27)/ 一様 46 / 合わせた対照 46 -> 主表 138 行
[2023-12-22] 束 36(mixed 0 / 幅 0 23)/ 一様 36 / 合わせた対照 35 -> 主表 107 行
[2023-12-23] 束 18(mixed 0 / 幅 0 14)/ 一様 18 / 合わせた対照 15 -> 主表 51 行
[2023-12-24] 束 25(mixed 0 / 幅 0 13)/ 一様 25 / 合わせた対照 23 -> 主表 73 行
[2023-12-25] 束 26(mixed 0 / 幅 0 14)/ 一様 26 / 合わせた対照 26 -> 主表 78 行
[2023-12-26] 束 51(mixed 1 / 幅 0 28)/ 一様 51 / 合わせた対照 49 -> 主表 150 行
[2023-12-27] 束 38(mixed 0 / 幅 0 22)/ 一様 38 / 合わせた対照 28 -> 主表 104 行
[2023-12-28] 束 60(mixed 0 / 幅 0 40)/ 一様 60 / 合わせた対照 52 -> 主表 172 行
[2023-12-29] 束 55(mixed 0 / 幅 0 26)/ 一様 55 / 合わせた対照 52 -> 主表 162 行
[2023-12-30] 束 36(mixed 0 / 幅 0 25)/ 一様 36 / 合わせた対照 36 -> 主表 108 行
[2023-12-31] 束 31(mixed 0 / 幅 0 23)/ 一様 31 / 合わせた対照 30 -> 主表 92 行
[2024-01-01] 束 43(mixed 0 / 幅 0 22)/ 一様 43 / 合わせた対照 36 -> 主表 122 行
[2024-01-02] 束 93(mixed 1 / 幅 0 56)/ 一様 93 / 合わせた対照 79 -> 主表 264 行
[2024-01-03] 束 78(mixed 4 / 幅 0 39)/ 一様 78 / 合わせた対照 71 -> 主表 223 行
[2024-01-04] 束 63(mixed 0 / 幅 0 40)/ 一様 63 / 合わせた対照 52 -> 主表 178 行
[2024-01-05] 束 53(mixed 1 / 幅 0 32)/ 一様 53 / 合わせた対照 52 -> 主表 157 行
[2024-01-06] 束 20(mixed 0 / 幅 0 12)/ 一様 20 / 合わせた対照 19 -> 主表 59 行
[2024-01-07] 束 42(mixed 0 / 幅 0 30)/ 一様 42 / 合わせた対照 34 -> 主表 118 行
[2024-01-08] 束 89(mixed 1 / 幅 0 39)/ 一様 89 / 合わせた対照 64 -> 主表 241 行
[2024-01-09] 束 64(mixed 4 / 幅 0 36)/ 一様 64 / 合わせた対照 58 -> 主表 182 行
[2024-01-10] 束 109(mixed 0 / 幅 0 56)/ 一様 109 / 合わせた対照 91 -> 主表 309 行
[2024-01-11] 束 98(mixed 2 / 幅 0 47)/ 一様 98 / 合わせた対照 93 -> 主表 287 行
[2024-01-12] 束 113(mixed 2 / 幅 0 52)/ 一様 113 / 合わせた対照 88 -> 主表 312 行
[2024-01-13] 束 44(mixed 0 / 幅 0 30)/ 一様 44 / 合わせた対照 43 -> 主表 131 行
[2024-01-14] 束 56(mixed 0 / 幅 0 36)/ 一様 56 / 合わせた対照 43 -> 主表 155 行
[2024-01-15] 束 54(mixed 0 / 幅 0 30)/ 一様 54 / 合わせた対照 50 -> 主表 158 行
[2024-01-16] 束 56(mixed 0 / 幅 0 35)/ 一様 56 / 合わせた対照 53 -> 主表 165 行
[2024-01-17] 束 56(mixed 0 / 幅 0 40)/ 一様 56 / 合わせた対照 47 -> 主表 159 行
[2024-01-18] 束 59(mixed 0 / 幅 0 32)/ 一様 59 / 合わせた対照 48 -> 主表 166 行
[2024-01-19] 束 59(mixed 0 / 幅 0 24)/ 一様 59 / 合わせた対照 58 -> 主表 176 行
[2024-01-20] 束 12(mixed 0 / 幅 0 10)/ 一様 12 / 合わせた対照 11 -> 主表 35 行
[2024-01-21] 束 9(mixed 0 / 幅 0 6)/ 一様 9 / 合わせた対照 5 -> 主表 23 行
[2024-01-22] 束 70(mixed 0 / 幅 0 30)/ 一様 70 / 合わせた対照 66 -> 主表 206 行
[2024-01-23] 束 85(mixed 1 / 幅 0 49)/ 一様 85 / 合わせた対照 66 -> 主表 235 行
[2024-01-24] 束 54(mixed 0 / 幅 0 34)/ 一様 54 / 合わせた対照 51 -> 主表 159 行
[2024-01-25] 束 28(mixed 0 / 幅 0 16)/ 一様 28 / 合わせた対照 26 -> 主表 82 行
[2024-01-26] 束 67(mixed 0 / 幅 0 36)/ 一様 67 / 合わせた対照 44 -> 主表 178 行
[2024-01-27] 束 17(mixed 0 / 幅 0 11)/ 一様 17 / 合わせた対照 17 -> 主表 51 行
[2024-01-28] 束 41(mixed 0 / 幅 0 20)/ 一様 41 / 合わせた対照 38 -> 主表 120 行
[2024-01-29] 束 50(mixed 0 / 幅 0 32)/ 一様 50 / 合わせた対照 39 -> 主表 139 行
[2024-01-30] 束 53(mixed 0 / 幅 0 32)/ 一様 53 / 合わせた対照 41 -> 主表 147 行
[2024-01-31] 束 48(mixed 0 / 幅 0 20)/ 一様 48 / 合わせた対照 43 -> 主表 139 行
[2024-02-01] 束 45(mixed 0 / 幅 0 30)/ 一様 45 / 合わせた対照 43 -> 主表 133 行
[2024-02-02] 束 33(mixed 0 / 幅 0 17)/ 一様 33 / 合わせた対照 29 -> 主表 95 行
[2024-02-03] 束 10(mixed 0 / 幅 0 7)/ 一様 10 / 合わせた対照 10 -> 主表 30 行
[2024-02-04] 束 24(mixed 0 / 幅 0 19)/ 一様 24 / 合わせた対照 21 -> 主表 69 行
[2024-02-05] 束 44(mixed 1 / 幅 0 31)/ 一様 44 / 合わせた対照 38 -> 主表 125 行
[2024-02-06] 束 23(mixed 0 / 幅 0 17)/ 一様 23 / 合わせた対照 18 -> 主表 64 行
[2024-02-07] 束 45(mixed 0 / 幅 0 26)/ 一様 45 / 合わせた対照 33 -> 主表 123 行
[2024-02-08] 束 42(mixed 0 / 幅 0 21)/ 一様 42 / 合わせた対照 36 -> 主表 120 行
[2024-02-09] 束 82(mixed 0 / 幅 0 35)/ 一様 82 / 合わせた対照 69 -> 主表 233 行
[2024-02-10] 束 31(mixed 0 / 幅 0 17)/ 一様 31 / 合わせた対照 26 -> 主表 88 行
[2024-02-11] 束 33(mixed 0 / 幅 0 17)/ 一様 33 / 合わせた対照 31 -> 主表 97 行
[2024-02-12] 束 85(mixed 0 / 幅 0 42)/ 一様 85 / 合わせた対照 55 -> 主表 225 行
[2024-02-13] 束 71(mixed 1 / 幅 0 44)/ 一様 71 / 合わせた対照 67 -> 主表 208 行
[2024-02-14] 束 55(mixed 0 / 幅 0 29)/ 一様 55 / 合わせた対照 50 -> 主表 160 行
[2024-02-27] 束 96(mixed 0 / 幅 0 46)/ 一様 96 / 合わせた対照 83 -> 主表 275 行
[2024-02-28] 束 144(mixed 13 / 幅 0 57)/ 一様 144 / 合わせた対照 102 -> 主表 377 行
[2024-02-29] 束 145(mixed 1 / 幅 0 82)/ 一様 145 / 合わせた対照 144 -> 主表 433 行
[2024-03-01] 束 73(mixed 0 / 幅 0 44)/ 一様 73 / 合わせた対照 70 -> 主表 216 行
[2024-03-02] 束 35(mixed 0 / 幅 0 21)/ 一様 35 / 合わせた対照 34 -> 主表 104 行
[2024-03-03] 束 48(mixed 0 / 幅 0 36)/ 一様 48 / 合わせた対照 44 -> 主表 140 行
[2024-03-04] 束 132(mixed 0 / 幅 0 49)/ 一様 132 / 合わせた対照 97 -> 主表 361 行
[2024-03-05] 束 211(mixed 12 / 幅 0 102)/ 一様 211 / 合わせた対照 153 -> 主表 563 行
[2024-03-06] 束 132(mixed 1 / 幅 0 69)/ 一様 132 / 合わせた対照 131 -> 主表 394 行
[2024-03-07] 束 65(mixed 0 / 幅 0 42)/ 一様 65 / 合わせた対照 63 -> 主表 193 行
[2024-03-08] 束 81(mixed 2 / 幅 0 46)/ 一様 81 / 合わせた対照 66 -> 主表 226 行
[2024-03-09] 束 25(mixed 0 / 幅 0 20)/ 一様 25 / 合わせた対照 25 -> 主表 75 行
[2024-03-10] 束 60(mixed 0 / 幅 0 32)/ 一様 60 / 合わせた対照 46 -> 主表 166 行
[2024-03-11] 束 96(mixed 1 / 幅 0 43)/ 一様 96 / 合わせた対照 80 -> 主表 271 行
[2024-03-12] 束 93(mixed 3 / 幅 0 50)/ 一様 93 / 合わせた対照 76 -> 主表 259 行
[2024-03-13] 束 61(mixed 0 / 幅 0 29)/ 一様 61 / 合わせた対照 56 -> 主表 178 行
[2024-03-14] 束 128(mixed 3 / 幅 0 57)/ 一様 128 / 合わせた対照 86 -> 主表 339 行
[2024-03-15] 束 169(mixed 6 / 幅 0 75)/ 一様 169 / 合わせた対照 133 -> 主表 465 行
[2024-03-16] 束 99(mixed 0 / 幅 0 56)/ 一様 99 / 合わせた対照 82 -> 主表 280 行
[2024-03-17] 束 84(mixed 0 / 幅 0 50)/ 一様 84 / 合わせた対照 80 -> 主表 248 行
[2024-03-18] 束 88(mixed 0 / 幅 0 54)/ 一様 88 / 合わせた対照 84 -> 主表 260 行
[2024-03-19] 束 179(mixed 0 / 幅 0 84)/ 一様 179 / 合わせた対照 142 -> 主表 500 行
[2024-03-20] 束 143(mixed 3 / 幅 0 78)/ 一様 143 / 合わせた対照 130 -> 主表 413 行
[2024-03-21] 束 97(mixed 0 / 幅 0 58)/ 一様 97 / 合わせた対照 94 -> 主表 288 行
[2024-03-22] 束 101(mixed 1 / 幅 0 53)/ 一様 101 / 合わせた対照 93 -> 主表 294 行
[2024-03-23] 束 66(mixed 0 / 幅 0 38)/ 一様 66 / 合わせた対照 62 -> 主表 194 行
[2024-03-24] 束 56(mixed 1 / 幅 0 28)/ 一様 56 / 合わせた対照 46 -> 主表 157 行
[2024-03-25] 束 85(mixed 0 / 幅 0 49)/ 一様 85 / 合わせた対照 64 -> 主表 234 行
[2024-03-26] 束 69(mixed 0 / 幅 0 39)/ 一様 69 / 合わせた対照 65 -> 主表 203 行
[2024-03-27] 束 80(mixed 0 / 幅 0 46)/ 一様 80 / 合わせた対照 62 -> 主表 222 行
[2024-03-28] 束 50(mixed 0 / 幅 0 34)/ 一様 50 / 合わせた対照 50 -> 主表 150 行
[2024-03-29] 束 39(mixed 0 / 幅 0 21)/ 一様 39 / 合わせた対照 38 -> 主表 116 行
[2024-03-30] 束 17(mixed 0 / 幅 0 11)/ 一様 17 / 合わせた対照 15 -> 主表 49 行
[2024-03-31] 束 25(mixed 0 / 幅 0 17)/ 一様 25 / 合わせた対照 22 -> 主表 72 行
[2024-04-01] 束 67(mixed 1 / 幅 0 33)/ 一様 67 / 合わせた対照 54 -> 主表 187 行
[2024-04-02] 束 123(mixed 3 / 幅 0 72)/ 一様 123 / 合わせた対照 108 -> 主表 351 行
[2024-04-03] 束 61(mixed 1 / 幅 0 36)/ 一様 61 / 合わせた対照 59 -> 主表 180 行
[2024-04-04] 束 76(mixed 0 / 幅 0 47)/ 一様 76 / 合わせた対照 63 -> 主表 215 行
[2024-04-05] 束 62(mixed 0 / 幅 0 38)/ 一様 62 / 合わせた対照 62 -> 主表 186 行
[2024-04-06] 束 27(mixed 0 / 幅 0 13)/ 一様 27 / 合わせた対照 17 -> 主表 71 行
[2024-04-07] 束 34(mixed 0 / 幅 0 21)/ 一様 34 / 合わせた対照 26 -> 主表 94 行
[2024-04-08] 束 64(mixed 0 / 幅 0 43)/ 一様 64 / 合わせた対照 57 -> 主表 185 行
[2024-04-09] 束 56(mixed 1 / 幅 0 24)/ 一様 56 / 合わせた対照 51 -> 主表 162 行
[2024-04-10] 束 59(mixed 0 / 幅 0 30)/ 一様 59 / 合わせた対照 56 -> 主表 174 行
[2024-04-11] 束 47(mixed 0 / 幅 0 26)/ 一様 47 / 合わせた対照 46 -> 主表 140 行
[2024-04-12] 束 65(mixed 4 / 幅 0 33)/ 一様 65 / 合わせた対照 54 -> 主表 180 行
[2024-04-13] 束 108(mixed 8 / 幅 0 52)/ 一様 108 / 合わせた対照 98 -> 主表 306 行
[2024-04-14] 束 103(mixed 0 / 幅 0 52)/ 一様 103 / 合わせた対照 103 -> 主表 309 行
[2024-04-15] 束 90(mixed 0 / 幅 0 53)/ 一様 90 / 合わせた対照 80 -> 主表 260 行
[2024-04-16] 束 107(mixed 0 / 幅 0 70)/ 一様 107 / 合わせた対照 102 -> 主表 316 行
[2024-04-17] 束 97(mixed 5 / 幅 0 53)/ 一様 97 / 合わせた対照 89 -> 主表 278 行
[2024-04-18] 束 82(mixed 0 / 幅 0 41)/ 一様 82 / 合わせた対照 72 -> 主表 236 行
[2024-04-19] 束 122(mixed 4 / 幅 0 60)/ 一様 122 / 合わせた対照 107 -> 主表 347 行
[2024-04-20] 束 40(mixed 0 / 幅 0 21)/ 一様 40 / 合わせた対照 37 -> 主表 117 行
[2024-04-21] 束 34(mixed 0 / 幅 0 18)/ 一様 34 / 合わせた対照 30 -> 主表 98 行
[2024-04-22] 束 48(mixed 0 / 幅 0 27)/ 一様 48 / 合わせた対照 41 -> 主表 137 行
[2024-04-23] 束 35(mixed 0 / 幅 0 21)/ 一様 35 / 合わせた対照 35 -> 主表 105 行
[2024-04-24] 束 45(mixed 0 / 幅 0 24)/ 一様 45 / 合わせた対照 31 -> 主表 121 行
[2024-04-25] 束 65(mixed 0 / 幅 0 36)/ 一様 65 / 合わせた対照 56 -> 主表 186 行
[2024-04-26] 束 44(mixed 0 / 幅 0 26)/ 一様 44 / 合わせた対照 39 -> 主表 127 行
[2024-04-27] 束 23(mixed 0 / 幅 0 11)/ 一様 23 / 合わせた対照 23 -> 主表 69 行
[2024-04-28] 束 25(mixed 0 / 幅 0 17)/ 一様 25 / 合わせた対照 20 -> 主表 70 行
[2024-04-29] 束 53(mixed 0 / 幅 0 29)/ 一様 53 / 合わせた対照 45 -> 主表 151 行
[2024-04-30] 束 79(mixed 1 / 幅 0 33)/ 一様 79 / 合わせた対照 68 -> 主表 225 行
[2024-05-01] 束 136(mixed 2 / 幅 0 80)/ 一様 136 / 合わせた対照 115 -> 主表 385 行
[2024-05-02] 束 49(mixed 0 / 幅 0 29)/ 一様 49 / 合わせた対照 48 -> 主表 146 行
[2024-05-03] 束 70(mixed 0 / 幅 0 36)/ 一様 70 / 合わせた対照 55 -> 主表 195 行
[2024-05-04] 束 43(mixed 0 / 幅 0 24)/ 一様 43 / 合わせた対照 37 -> 主表 123 行
[2024-05-05] 束 39(mixed 0 / 幅 0 28)/ 一様 39 / 合わせた対照 34 -> 主表 112 行
[2024-05-06] 束 54(mixed 1 / 幅 0 28)/ 一様 54 / 合わせた対照 50 -> 主表 157 行
[2024-05-07] 束 49(mixed 0 / 幅 0 25)/ 一様 49 / 合わせた対照 45 -> 主表 143 行
[2024-05-08] 束 57(mixed 0 / 幅 0 28)/ 一様 57 / 合わせた対照 53 -> 主表 167 行
[2024-05-09] 束 55(mixed 0 / 幅 0 37)/ 一様 55 / 合わせた対照 50 -> 主表 160 行
[2024-05-10] 束 56(mixed 1 / 幅 0 34)/ 一様 56 / 合わせた対照 52 -> 主表 163 行
[2024-05-11] 束 13(mixed 0 / 幅 0 6)/ 一様 13 / 合わせた対照 13 -> 主表 39 行
[2024-05-12] 束 14(mixed 0 / 幅 0 8)/ 一様 14 / 合わせた対照 12 -> 主表 40 行
[2024-05-13] 束 47(mixed 0 / 幅 0 31)/ 一様 47 / 合わせた対照 39 -> 主表 133 行
[2024-05-14] 束 49(mixed 0 / 幅 0 37)/ 一様 49 / 合わせた対照 47 -> 主表 145 行
[2024-05-15] 束 57(mixed 0 / 幅 0 31)/ 一様 57 / 合わせた対照 45 -> 主表 159 行
[2024-05-16] 束 53(mixed 1 / 幅 0 31)/ 一様 53 / 合わせた対照 44 -> 主表 149 行
[2024-05-17] 束 43(mixed 0 / 幅 0 24)/ 一様 43 / 合わせた対照 41 -> 主表 127 行
[2024-05-18] 束 14(mixed 0 / 幅 0 10)/ 一様 14 / 合わせた対照 12 -> 主表 40 行
[2024-05-19] 束 31(mixed 0 / 幅 0 19)/ 一様 31 / 合わせた対照 23 -> 主表 85 行
[2024-05-20] 束 61(mixed 0 / 幅 0 27)/ 一様 61 / 合わせた対照 51 -> 主表 173 行
[2024-05-21] 束 54(mixed 0 / 幅 0 37)/ 一様 54 / 合わせた対照 49 -> 主表 157 行
[2024-05-22] 束 43(mixed 0 / 幅 0 23)/ 一様 43 / 合わせた対照 42 -> 主表 128 行
[2024-05-23] 束 53(mixed 0 / 幅 0 29)/ 一様 53 / 合わせた対照 39 -> 主表 145 行
[2024-05-24] 束 43(mixed 0 / 幅 0 26)/ 一様 43 / 合わせた対照 40 -> 主表 126 行
[2024-05-25] 束 13(mixed 0 / 幅 0 7)/ 一様 13 / 合わせた対照 13 -> 主表 39 行
[2024-05-26] 束 13(mixed 0 / 幅 0 7)/ 一様 13 / 合わせた対照 13 -> 主表 39 行
[2024-05-27] 束 40(mixed 0 / 幅 0 22)/ 一様 40 / 合わせた対照 35 -> 主表 115 行
[2024-05-28] 束 56(mixed 0 / 幅 0 38)/ 一様 56 / 合わせた対照 55 -> 主表 167 行
[2024-05-29] 束 30(mixed 0 / 幅 0 19)/ 一様 30 / 合わせた対照 30 -> 主表 90 行
[2024-05-30] 束 35(mixed 0 / 幅 0 17)/ 一様 35 / 合わせた対照 35 -> 主表 105 行
[2024-05-31] 束 30(mixed 0 / 幅 0 14)/ 一様 30 / 合わせた対照 23 -> 主表 83 行
[2024-06-02] 束 20(mixed 0 / 幅 0 7)/ 一様 20 / 合わせた対照 15 -> 主表 55 行
[2024-06-03] 束 48(mixed 0 / 幅 0 30)/ 一様 48 / 合わせた対照 39 -> 主表 135 行
[2024-06-04] 束 40(mixed 0 / 幅 0 23)/ 一様 40 / 合わせた対照 38 -> 主表 118 行
[2024-06-05] 束 39(mixed 0 / 幅 0 25)/ 一様 39 / 合わせた対照 39 -> 主表 117 行
[2024-06-06] 束 27(mixed 0 / 幅 0 14)/ 一様 27 / 合わせた対照 22 -> 主表 76 行
[2024-06-07] 束 48(mixed 0 / 幅 0 30)/ 一様 48 / 合わせた対照 40 -> 主表 136 行
[2024-06-08] 束 1(mixed 0 / 幅 0 0)/ 一様 1 / 合わせた対照 1 -> 主表 3 行
[2024-06-09] 束 12(mixed 0 / 幅 0 9)/ 一様 12 / 合わせた対照 12 -> 主表 36 行
[2024-06-10] 束 19(mixed 0 / 幅 0 11)/ 一様 19 / 合わせた対照 16 -> 主表 54 行
[2024-06-13] 束 42(mixed 1 / 幅 0 24)/ 一様 42 / 合わせた対照 36 -> 主表 119 行
[2024-06-14] 束 42(mixed 0 / 幅 0 23)/ 一様 42 / 合わせた対照 39 -> 主表 123 行
[2024-06-15] 束 9(mixed 0 / 幅 0 7)/ 一様 9 / 合わせた対照 9 -> 主表 27 行
[2024-06-16] 束 8(mixed 0 / 幅 0 6)/ 一様 8 / 合わせた対照 4 -> 主表 20 行
[2024-06-17] 束 53(mixed 0 / 幅 0 30)/ 一様 53 / 合わせた対照 37 -> 主表 143 行
[2024-06-18] 束 63(mixed 0 / 幅 0 39)/ 一様 63 / 合わせた対照 62 -> 主表 188 行
[2024-06-19] 束 22(mixed 0 / 幅 0 14)/ 一様 22 / 合わせた対照 22 -> 主表 66 行
[2024-06-20] 束 45(mixed 0 / 幅 0 28)/ 一様 45 / 合わせた対照 45 -> 主表 135 行
[2024-06-21] 束 42(mixed 0 / 幅 0 21)/ 一様 42 / 合わせた対照 35 -> 主表 119 行
[2024-06-22] 束 2(mixed 0 / 幅 0 2)/ 一様 2 / 合わせた対照 2 -> 主表 6 行
[2024-06-23] 束 18(mixed 0 / 幅 0 10)/ 一様 18 / 合わせた対照 18 -> 主表 54 行
[2024-06-24] 束 99(mixed 0 / 幅 0 47)/ 一様 99 / 合わせた対照 82 -> 主表 280 行
[2024-06-25] 束 46(mixed 0 / 幅 0 28)/ 一様 46 / 合わせた対照 43 -> 主表 135 行
[2024-06-26] 束 37(mixed 0 / 幅 0 24)/ 一様 37 / 合わせた対照 32 -> 主表 106 行
[2024-06-27] 束 28(mixed 0 / 幅 0 20)/ 一様 28 / 合わせた対照 24 -> 主表 80 行
[2024-06-28] 束 36(mixed 1 / 幅 0 18)/ 一様 36 / 合わせた対照 26 -> 主表 97 行
[2024-06-29] 束 11(mixed 0 / 幅 0 10)/ 一様 11 / 合わせた対照 11 -> 主表 33 行
[2024-06-30] 束 19(mixed 0 / 幅 0 9)/ 一様 19 / 合わせた対照 11 -> 主表 49 行
[2024-07-01] 束 26(mixed 0 / 幅 0 17)/ 一様 26 / 合わせた対照 21 -> 主表 73 行
[2024-07-02] 束 25(mixed 0 / 幅 0 13)/ 一様 25 / 合わせた対照 23 -> 主表 73 行
[2024-07-03] 束 50(mixed 0 / 幅 0 26)/ 一様 50 / 合わせた対照 42 -> 主表 142 行
[2024-07-04] 束 96(mixed 0 / 幅 0 62)/ 一様 96 / 合わせた対照 86 -> 主表 278 行
[2024-07-05] 束 84(mixed 2 / 幅 0 51)/ 一様 84 / 合わせた対照 77 -> 主表 243 行
[2024-07-06] 束 32(mixed 0 / 幅 0 20)/ 一様 32 / 合わせた対照 26 -> 主表 90 行
[2024-07-07] 束 51(mixed 0 / 幅 0 34)/ 一様 51 / 合わせた対照 46 -> 主表 148 行
[2024-07-08] 束 91(mixed 0 / 幅 0 58)/ 一様 91 / 合わせた対照 81 -> 主表 263 行
[2024-07-09] 束 50(mixed 0 / 幅 0 40)/ 一様 50 / 合わせた対照 45 -> 主表 145 行
[2024-07-10] 束 34(mixed 0 / 幅 0 16)/ 一様 34 / 合わせた対照 32 -> 主表 100 行
[2024-07-11] 束 52(mixed 1 / 幅 0 29)/ 一様 52 / 合わせた対照 50 -> 主表 153 行
[2024-07-12] 束 48(mixed 0 / 幅 0 34)/ 一様 48 / 合わせた対照 44 -> 主表 140 行
[2024-07-13] 束 16(mixed 0 / 幅 0 7)/ 一様 16 / 合わせた対照 15 -> 主表 47 行
[2024-07-14] 束 34(mixed 0 / 幅 0 16)/ 一様 34 / 合わせた対照 26 -> 主表 94 行
[2024-07-15] 束 68(mixed 0 / 幅 0 38)/ 一様 68 / 合わせた対照 50 -> 主表 186 行
[2024-07-16] 束 67(mixed 1 / 幅 0 27)/ 一様 67 / 合わせた対照 65 -> 主表 198 行
[2024-07-17] 束 60(mixed 0 / 幅 0 37)/ 一様 60 / 合わせた対照 54 -> 主表 174 行
[2024-07-18] 束 50(mixed 0 / 幅 0 33)/ 一様 50 / 合わせた対照 44 -> 主表 144 行
[2024-07-19] 束 54(mixed 0 / 幅 0 33)/ 一様 54 / 合わせた対照 39 -> 主表 147 行
[2024-07-20] 束 25(mixed 0 / 幅 0 15)/ 一様 25 / 合わせた対照 25 -> 主表 75 行
[2024-07-21] 束 48(mixed 0 / 幅 0 25)/ 一様 48 / 合わせた対照 35 -> 主表 131 行
[2024-07-22] 束 53(mixed 0 / 幅 0 35)/ 一様 53 / 合わせた対照 49 -> 主表 155 行
[2024-07-23] 束 52(mixed 0 / 幅 0 29)/ 一様 52 / 合わせた対照 47 -> 主表 151 行
[2024-07-24] 束 39(mixed 0 / 幅 0 27)/ 一様 39 / 合わせた対照 39 -> 主表 117 行
[2024-07-25] 束 50(mixed 0 / 幅 0 30)/ 一様 50 / 合わせた対照 37 -> 主表 137 行
[2024-07-26] 束 39(mixed 0 / 幅 0 23)/ 一様 39 / 合わせた対照 33 -> 主表 111 行
[2024-07-27] 束 47(mixed 0 / 幅 0 24)/ 一様 47 / 合わせた対照 47 -> 主表 141 行
[2024-07-28] 束 25(mixed 0 / 幅 0 21)/ 一様 25 / 合わせた対照 25 -> 主表 75 行
[2024-07-29] 束 56(mixed 0 / 幅 0 31)/ 一様 56 / 合わせた対照 50 -> 主表 162 行
[2024-07-30] 束 49(mixed 0 / 幅 0 34)/ 一様 49 / 合わせた対照 49 -> 主表 147 行
[2024-07-31] 束 55(mixed 0 / 幅 0 34)/ 一様 55 / 合わせた対照 55 -> 主表 165 行
[2024-08-01] 束 89(mixed 0 / 幅 0 54)/ 一様 89 / 合わせた対照 77 -> 主表 255 行
[2024-08-02] 束 93(mixed 2 / 幅 0 55)/ 一様 93 / 合わせた対照 87 -> 主表 271 行
[2024-08-03] 束 53(mixed 0 / 幅 0 31)/ 一様 53 / 合わせた対照 53 -> 主表 159 行
[2024-08-04] 束 81(mixed 0 / 幅 0 38)/ 一様 81 / 合わせた対照 58 -> 主表 220 行
[2024-08-05] 束 269(mixed 15 / 幅 0 128)/ 一様 269 / 合わせた対照 124 -> 主表 647 行
[2024-08-06] 束 92(mixed 0 / 幅 0 59)/ 一様 92 / 合わせた対照 92 -> 主表 276 行
[2024-08-07] 束 81(mixed 0 / 幅 0 38)/ 一様 81 / 合わせた対照 77 -> 主表 239 行
[2024-08-08] 束 78(mixed 0 / 幅 0 45)/ 一様 78 / 合わせた対照 55 -> 主表 211 行
[2024-08-09] 束 63(mixed 0 / 幅 0 43)/ 一様 63 / 合わせた対照 62 -> 主表 188 行
[2024-08-10] 束 21(mixed 0 / 幅 0 16)/ 一様 21 / 合わせた対照 20 -> 主表 62 行
[2024-08-11] 束 48(mixed 1 / 幅 0 20)/ 一様 48 / 合わせた対照 38 -> 主表 133 行
[2024-08-12] 束 65(mixed 1 / 幅 0 33)/ 一様 65 / 合わせた対照 58 -> 主表 187 行
[2024-08-13] 束 57(mixed 0 / 幅 0 36)/ 一様 57 / 合わせた対照 45 -> 主表 159 行
[2024-08-14] 束 49(mixed 1 / 幅 0 30)/ 一様 49 / 合わせた対照 43 -> 主表 140 行
[2024-08-15] 束 61(mixed 2 / 幅 0 31)/ 一様 61 / 合わせた対照 57 -> 主表 177 行
[2024-08-16] 束 56(mixed 0 / 幅 0 42)/ 一様 56 / 合わせた対照 54 -> 主表 166 行
[2024-08-17] 束 11(mixed 0 / 幅 0 8)/ 一様 11 / 合わせた対照 11 -> 主表 33 行
[2024-08-18] 束 32(mixed 0 / 幅 0 16)/ 一様 32 / 合わせた対照 28 -> 主表 92 行
[2024-08-19] 束 34(mixed 0 / 幅 0 22)/ 一様 34 / 合わせた対照 34 -> 主表 102 行
[2024-08-20] 束 42(mixed 0 / 幅 0 23)/ 一様 42 / 合わせた対照 40 -> 主表 124 行
[2024-08-21] 束 47(mixed 0 / 幅 0 27)/ 一様 47 / 合わせた対照 35 -> 主表 129 行
[2024-08-22] 束 38(mixed 0 / 幅 0 25)/ 一様 38 / 合わせた対照 36 -> 主表 112 行
[2024-08-23] 束 55(mixed 1 / 幅 0 31)/ 一様 55 / 合わせた対照 39 -> 主表 148 行
[2024-08-24] 束 24(mixed 0 / 幅 0 13)/ 一様 24 / 合わせた対照 24 -> 主表 72 行
[2024-08-25] 束 20(mixed 0 / 幅 0 10)/ 一様 20 / 合わせた対照 17 -> 主表 57 行
[2024-08-26] 束 37(mixed 0 / 幅 0 24)/ 一様 37 / 合わせた対照 34 -> 主表 108 行
[2024-08-27] 束 57(mixed 0 / 幅 0 30)/ 一様 57 / 合わせた対照 48 -> 主表 162 行
[2024-08-28] 束 62(mixed 0 / 幅 0 36)/ 一様 62 / 合わせた対照 57 -> 主表 181 行
[2024-08-29] 束 52(mixed 0 / 幅 0 33)/ 一様 52 / 合わせた対照 52 -> 主表 156 行
[2024-08-30] 束 42(mixed 0 / 幅 0 25)/ 一様 42 / 合わせた対照 35 -> 主表 119 行
[2024-08-31] 束 8(mixed 0 / 幅 0 6)/ 一様 8 / 合わせた対照 8 -> 主表 24 行
[2024-09-01] 束 51(mixed 0 / 幅 0 30)/ 一様 51 / 合わせた対照 43 -> 主表 145 行
[2024-09-02] 束 29(mixed 0 / 幅 0 19)/ 一様 29 / 合わせた対照 29 -> 主表 87 行
[2024-09-03] 束 37(mixed 0 / 幅 0 20)/ 一様 37 / 合わせた対照 37 -> 主表 111 行
[2024-09-04] 束 39(mixed 1 / 幅 0 25)/ 一様 39 / 合わせた対照 39 -> 主表 116 行
[2024-09-05] 束 37(mixed 0 / 幅 0 20)/ 一様 37 / 合わせた対照 37 -> 主表 111 行
[2024-09-06] 束 70(mixed 1 / 幅 0 31)/ 一様 70 / 合わせた対照 65 -> 主表 204 行
[2024-09-07] 束 25(mixed 0 / 幅 0 18)/ 一様 25 / 合わせた対照 25 -> 主表 75 行
[2024-09-08] 束 24(mixed 0 / 幅 0 14)/ 一様 24 / 合わせた対照 19 -> 主表 67 行
[2024-09-09] 束 56(mixed 0 / 幅 0 32)/ 一様 56 / 合わせた対照 47 -> 主表 159 行
[2024-09-10] 束 47(mixed 0 / 幅 0 34)/ 一様 47 / 合わせた対照 46 -> 主表 140 行
[2024-09-11] 束 55(mixed 0 / 幅 0 33)/ 一様 55 / 合わせた対照 55 -> 主表 165 行
[2024-09-12] 束 38(mixed 1 / 幅 0 21)/ 一様 38 / 合わせた対照 38 -> 主表 113 行
[2024-09-13] 束 44(mixed 0 / 幅 0 25)/ 一様 44 / 合わせた対照 31 -> 主表 119 行
[2024-09-14] 束 15(mixed 0 / 幅 0 11)/ 一様 15 / 合わせた対照 15 -> 主表 45 行
[2024-09-15] 束 19(mixed 0 / 幅 0 8)/ 一様 19 / 合わせた対照 17 -> 主表 55 行
[2024-09-16] 束 47(mixed 0 / 幅 0 28)/ 一様 47 / 合わせた対照 45 -> 主表 139 行
[2024-09-17] 束 49(mixed 0 / 幅 0 30)/ 一様 49 / 合わせた対照 49 -> 主表 147 行
[2024-09-18] 束 56(mixed 2 / 幅 0 35)/ 一様 56 / 合わせた対照 53 -> 主表 163 行
[2024-09-19] 束 49(mixed 1 / 幅 0 26)/ 一様 49 / 合わせた対照 31 -> 主表 128 行
[2024-09-20] 束 40(mixed 0 / 幅 0 21)/ 一様 40 / 合わせた対照 37 -> 主表 117 行
[2024-09-21] 束 8(mixed 0 / 幅 0 6)/ 一様 8 / 合わせた対照 6 -> 主表 22 行
[2024-09-22] 束 36(mixed 0 / 幅 0 25)/ 一様 36 / 合わせた対照 32 -> 主表 104 行
[2024-09-23] 束 34(mixed 0 / 幅 0 18)/ 一様 34 / 合わせた対照 26 -> 主表 94 行
[2024-09-24] 束 46(mixed 1 / 幅 0 28)/ 一様 46 / 合わせた対照 40 -> 主表 131 行
[2024-09-25] 束 26(mixed 0 / 幅 0 18)/ 一様 26 / 合わせた対照 25 -> 主表 77 行
[2024-09-26] 束 52(mixed 0 / 幅 0 32)/ 一様 52 / 合わせた対照 41 -> 主表 145 行
[2024-09-27] 束 40(mixed 0 / 幅 0 30)/ 一様 40 / 合わせた対照 34 -> 主表 114 行
[2024-09-28] 束 14(mixed 0 / 幅 0 11)/ 一様 14 / 合わせた対照 14 -> 主表 42 行
[2024-09-29] 束 11(mixed 0 / 幅 0 9)/ 一様 11 / 合わせた対照 11 -> 主表 33 行
[2024-09-30] 束 58(mixed 0 / 幅 0 34)/ 一様 58 / 合わせた対照 42 -> 主表 158 行
[2024-10-01] 束 67(mixed 0 / 幅 0 42)/ 一様 67 / 合わせた対照 51 -> 主表 185 行
[2024-10-02] 束 57(mixed 0 / 幅 0 31)/ 一様 57 / 合わせた対照 53 -> 主表 167 行
[2024-10-03] 束 52(mixed 0 / 幅 0 33)/ 一様 52 / 合わせた対照 50 -> 主表 154 行
[2024-10-04] 束 40(mixed 0 / 幅 0 23)/ 一様 40 / 合わせた対照 40 -> 主表 120 行
[2024-10-05] 束 15(mixed 0 / 幅 0 14)/ 一様 15 / 合わせた対照 15 -> 主表 45 行
[2024-10-06] 束 21(mixed 0 / 幅 0 17)/ 一様 21 / 合わせた対照 14 -> 主表 56 行
[2024-10-07] 束 56(mixed 0 / 幅 0 31)/ 一様 56 / 合わせた対照 42 -> 主表 154 行
[2024-10-08] 束 36(mixed 0 / 幅 0 27)/ 一様 36 / 合わせた対照 36 -> 主表 108 行
[2024-10-09] 束 35(mixed 0 / 幅 0 14)/ 一様 35 / 合わせた対照 35 -> 主表 105 行
[2024-10-10] 束 48(mixed 0 / 幅 0 29)/ 一様 48 / 合わせた対照 48 -> 主表 144 行
[2024-10-11] 束 32(mixed 0 / 幅 0 14)/ 一様 32 / 合わせた対照 32 -> 主表 96 行
[2024-10-12] 束 15(mixed 0 / 幅 0 12)/ 一様 15 / 合わせた対照 15 -> 主表 45 行
行 61130(liq 21198 / control_uniform 21378 / control_matched 18554)/ mixed 除外 180 / W = 24.0h / gap = 60s / 所要 650.75 秒 -> backtest_data/o3c_reaction_20260918_full/gap60_w24
=== 2026-09-19T08:58:27Z exit=0 gap=60 W=24
=== 2026-09-19T08:58:27Z start gap=30 W=8 -> backtest_data/o3c_reaction_20260918_full/gap30_w8
清算 一意 53398 件(生 106822)-> 束 26199 個(gap 30000 ms)
[2023-06-27] 束 42(mixed 0 / 幅 0 27)/ 一様 42 / 合わせた対照 42 -> 主表 126 行
[2023-06-28] 束 49(mixed 0 / 幅 0 29)/ 一様 49 / 合わせた対照 43 -> 主表 141 行
[2023-06-29] 束 40(mixed 0 / 幅 0 24)/ 一様 40 / 合わせた対照 32 -> 主表 112 行
[2023-06-30] 束 77(mixed 2 / 幅 0 41)/ 一様 77 / 合わせた対照 73 -> 主表 225 行
[2023-07-01] 束 9(mixed 0 / 幅 0 8)/ 一様 9 / 合わせた対照 9 -> 主表 27 行
[2023-07-02] 束 17(mixed 0 / 幅 0 9)/ 一様 17 / 合わせた対照 16 -> 主表 50 行
[2023-07-03] 束 45(mixed 0 / 幅 0 25)/ 一様 45 / 合わせた対照 33 -> 主表 123 行
[2023-07-04] 束 27(mixed 0 / 幅 0 15)/ 一様 27 / 合わせた対照 21 -> 主表 75 行
[2023-07-05] 束 33(mixed 0 / 幅 0 15)/ 一様 33 / 合わせた対照 33 -> 主表 99 行
[2023-07-06] 束 97(mixed 0 / 幅 0 42)/ 一様 97 / 合わせた対照 54 -> 主表 248 行
[2023-07-07] 束 28(mixed 0 / 幅 0 17)/ 一様 28 / 合わせた対照 26 -> 主表 82 行
[2023-07-08] 束 7(mixed 0 / 幅 0 5)/ 一様 7 / 合わせた対照 7 -> 主表 21 行
[2023-07-09] 束 16(mixed 0 / 幅 0 9)/ 一様 16 / 合わせた対照 16 -> 主表 48 行
[2023-07-10] 束 57(mixed 0 / 幅 0 34)/ 一様 57 / 合わせた対照 37 -> 主表 151 行
[2023-07-11] 束 31(mixed 0 / 幅 0 24)/ 一様 31 / 合わせた対照 29 -> 主表 91 行
[2023-07-12] 束 36(mixed 0 / 幅 0 23)/ 一様 36 / 合わせた対照 35 -> 主表 107 行
[2023-07-13] 束 59(mixed 0 / 幅 0 25)/ 一様 59 / 合わせた対照 58 -> 主表 176 行
[2023-07-14] 束 50(mixed 0 / 幅 0 25)/ 一様 50 / 合わせた対照 43 -> 主表 143 行
[2023-07-15] 束 1(mixed 0 / 幅 0 1)/ 一様 1 / 合わせた対照 1 -> 主表 3 行
[2023-07-16] 束 15(mixed 0 / 幅 0 9)/ 一様 15 / 合わせた対照 15 -> 主表 45 行
[2023-07-17] 束 37(mixed 0 / 幅 0 20)/ 一様 37 / 合わせた対照 34 -> 主表 108 行
[2023-07-18] 束 33(mixed 0 / 幅 0 22)/ 一様 33 / 合わせた対照 25 -> 主表 91 行
[2023-07-19] 束 35(mixed 0 / 幅 0 24)/ 一様 35 / 合わせた対照 28 -> 主表 98 行
[2023-07-20] 束 40(mixed 0 / 幅 0 24)/ 一様 40 / 合わせた対照 34 -> 主表 114 行
[2023-07-21] 束 16(mixed 0 / 幅 0 10)/ 一様 16 / 合わせた対照 16 -> 主表 48 行
[2023-07-22] 束 11(mixed 0 / 幅 0 9)/ 一様 11 / 合わせた対照 11 -> 主表 33 行
[2023-07-23] 束 17(mixed 0 / 幅 0 6)/ 一様 17 / 合わせた対照 17 -> 主表 51 行
[2023-07-24] 束 55(mixed 0 / 幅 0 37)/ 一様 55 / 合わせた対照 48 -> 主表 158 行
[2023-07-25] 束 19(mixed 0 / 幅 0 16)/ 一様 19 / 合わせた対照 18 -> 主表 56 行
[2023-07-26] 束 29(mixed 0 / 幅 0 16)/ 一様 29 / 合わせた対照 29 -> 主表 87 行
[2023-07-27] 束 20(mixed 0 / 幅 0 10)/ 一様 20 / 合わせた対照 18 -> 主表 58 行
[2023-07-28] 束 21(mixed 0 / 幅 0 14)/ 一様 21 / 合わせた対照 21 -> 主表 63 行
[2023-07-29] 束 4(mixed 0 / 幅 0 3)/ 一様 4 / 合わせた対照 4 -> 主表 12 行
[2023-07-30] 束 8(mixed 0 / 幅 0 1)/ 一様 8 / 合わせた対照 8 -> 主表 24 行
[2023-07-31] 束 15(mixed 0 / 幅 0 7)/ 一様 15 / 合わせた対照 15 -> 主表 45 行
[2023-08-01] 束 44(mixed 0 / 幅 0 29)/ 一様 44 / 合わせた対照 41 -> 主表 129 行
[2023-08-02] 束 60(mixed 0 / 幅 0 38)/ 一様 60 / 合わせた対照 45 -> 主表 165 行
[2023-08-03] 束 21(mixed 0 / 幅 0 13)/ 一様 21 / 合わせた対照 18 -> 主表 60 行
[2023-08-04] 束 18(mixed 0 / 幅 0 11)/ 一様 18 / 合わせた対照 15 -> 主表 51 行
[2023-08-05] 束 2(mixed 0 / 幅 0 2)/ 一様 2 / 合わせた対照 2 -> 主表 6 行
[2023-08-06] 束 8(mixed 0 / 幅 0 5)/ 一様 8 / 合わせた対照 8 -> 主表 24 行
[2023-08-07] 束 36(mixed 0 / 幅 0 20)/ 一様 36 / 合わせた対照 36 -> 主表 108 行
[2023-08-08] 束 58(mixed 0 / 幅 0 39)/ 一様 58 / 合わせた対照 51 -> 主表 167 行
[2023-08-09] 束 43(mixed 0 / 幅 0 27)/ 一様 43 / 合わせた対照 32 -> 主表 118 行
[2023-08-10] 束 15(mixed 0 / 幅 0 11)/ 一様 15 / 合わせた対照 15 -> 主表 45 行
[2023-08-11] 束 5(mixed 0 / 幅 0 2)/ 一様 5 / 合わせた対照 5 -> 主表 15 行
[2023-08-12] 束 1(mixed 0 / 幅 0 1)/ 一様 1 / 合わせた対照 1 -> 主表 3 行
[2023-08-13] 束 9(mixed 0 / 幅 0 4)/ 一様 9 / 合わせた対照 9 -> 主表 27 行
[2023-08-14] 束 34(mixed 0 / 幅 0 17)/ 一様 34 / 合わせた対照 34 -> 主表 102 行
[2023-08-15] 束 11(mixed 0 / 幅 0 6)/ 一様 11 / 合わせた対照 8 -> 主表 30 行
[2023-08-16] 束 26(mixed 1 / 幅 0 14)/ 一様 26 / 合わせた対照 19 -> 主表 70 行
[2023-08-17] 束 104(mixed 5 / 幅 0 47)/ 一様 104 / 合わせた対照 76 -> 主表 279 行
[2023-08-18] 束 105(mixed 0 / 幅 0 62)/ 一様 105 / 合わせた対照 97 -> 主表 307 行
[2023-08-19] 束 25(mixed 0 / 幅 0 14)/ 一様 25 / 合わせた対照 25 -> 主表 75 行
[2023-08-20] 束 14(mixed 0 / 幅 0 11)/ 一様 14 / 合わせた対照 13 -> 主表 41 行
[2023-08-21] 束 30(mixed 0 / 幅 0 16)/ 一様 30 / 合わせた対照 30 -> 主表 90 行
[2023-08-22] 束 39(mixed 0 / 幅 0 22)/ 一様 39 / 合わせた対照 39 -> 主表 117 行
[2023-08-23] 束 58(mixed 0 / 幅 0 35)/ 一様 58 / 合わせた対照 46 -> 主表 162 行
[2023-08-24] 束 37(mixed 0 / 幅 0 20)/ 一様 37 / 合わせた対照 28 -> 主表 102 行
[2023-08-25] 束 31(mixed 0 / 幅 0 19)/ 一様 31 / 合わせた対照 30 -> 主表 92 行
[2023-08-26] 束 2(mixed 0 / 幅 0 2)/ 一様 2 / 合わせた対照 2 -> 主表 6 行
[2023-08-27] 束 7(mixed 0 / 幅 0 2)/ 一様 7 / 合わせた対照 7 -> 主表 21 行
[2023-08-28] 束 16(mixed 0 / 幅 0 7)/ 一様 16 / 合わせた対照 12 -> 主表 44 行
[2023-08-29] 束 66(mixed 2 / 幅 0 35)/ 一様 66 / 合わせた対照 66 -> 主表 196 行
[2023-08-30] 束 35(mixed 0 / 幅 0 23)/ 一様 35 / 合わせた対照 31 -> 主表 101 行
[2023-08-31] 束 44(mixed 0 / 幅 0 19)/ 一様 44 / 合わせた対照 36 -> 主表 124 行
[2023-09-01] 束 37(mixed 0 / 幅 0 16)/ 一様 37 / 合わせた対照 36 -> 主表 110 行
[2023-09-02] 束 9(mixed 0 / 幅 0 8)/ 一様 9 / 合わせた対照 9 -> 主表 27 行
[2023-09-03] 束 15(mixed 0 / 幅 0 11)/ 一様 15 / 合わせた対照 15 -> 主表 45 行
[2023-09-04] 束 22(mixed 0 / 幅 0 12)/ 一様 22 / 合わせた対照 22 -> 主表 66 行
[2023-09-05] 束 20(mixed 0 / 幅 0 15)/ 一様 20 / 合わせた対照 17 -> 主表 57 行
[2023-09-06] 束 29(mixed 0 / 幅 0 12)/ 一様 29 / 合わせた対照 29 -> 主表 87 行
[2023-09-07] 束 36(mixed 0 / 幅 0 25)/ 一様 36 / 合わせた対照 28 -> 主表 100 行
[2023-09-08] 束 26(mixed 0 / 幅 0 14)/ 一様 26 / 合わせた対照 26 -> 主表 78 行
[2023-09-10] 束 10(mixed 0 / 幅 0 3)/ 一様 10 / 合わせた対照 7 -> 主表 27 行
[2023-09-11] 束 38(mixed 0 / 幅 0 20)/ 一様 38 / 合わせた対照 33 -> 主表 109 行
[2023-09-12] 束 50(mixed 0 / 幅 0 25)/ 一様 50 / 合わせた対照 43 -> 主表 143 行
[2023-09-13] 束 30(mixed 0 / 幅 0 19)/ 一様 30 / 合わせた対照 24 -> 主表 84 行
[2023-09-14] 束 38(mixed 0 / 幅 0 22)/ 一様 38 / 合わせた対照 31 -> 主表 107 行
[2023-09-15] 束 37(mixed 0 / 幅 0 24)/ 一様 37 / 合わせた対照 33 -> 主表 107 行
[2023-09-16] 束 9(mixed 0 / 幅 0 6)/ 一様 9 / 合わせた対照 9 -> 主表 27 行
[2023-09-17] 束 11(mixed 0 / 幅 0 9)/ 一様 11 / 合わせた対照 11 -> 主表 33 行
[2023-09-18] 束 67(mixed 0 / 幅 0 37)/ 一様 67 / 合わせた対照 39 -> 主表 173 行
[2023-09-19] 束 64(mixed 0 / 幅 0 37)/ 一様 64 / 合わせた対照 51 -> 主表 179 行
[2023-09-20] 束 40(mixed 0 / 幅 0 23)/ 一様 40 / 合わせた対照 39 -> 主表 119 行
[2023-09-21] 束 48(mixed 0 / 幅 0 33)/ 一様 48 / 合わせた対照 26 -> 主表 122 行
[2023-09-22] 束 13(mixed 0 / 幅 0 12)/ 一様 13 / 合わせた対照 13 -> 主表 39 行
[2023-09-24] 束 13(mixed 0 / 幅 0 8)/ 一様 13 / 合わせた対照 11 -> 主表 37 行
[2023-09-26] 束 20(mixed 0 / 幅 0 16)/ 一様 20 / 合わせた対照 20 -> 主表 60 行
[2023-09-27] 束 52(mixed 0 / 幅 0 35)/ 一様 52 / 合わせた対照 47 -> 主表 151 行
[2023-09-28] 束 48(mixed 0 / 幅 0 26)/ 一様 48 / 合わせた対照 33 -> 主表 129 行
[2023-09-29] 束 36(mixed 0 / 幅 0 22)/ 一様 36 / 合わせた対照 32 -> 主表 104 行
[2023-09-30] 束 5(mixed 0 / 幅 0 4)/ 一様 5 / 合わせた対照 5 -> 主表 15 行
[2023-10-01] 束 22(mixed 1 / 幅 0 16)/ 一様 22 / 合わせた対照 22 -> 主表 65 行
[2023-10-02] 束 77(mixed 1 / 幅 0 46)/ 一様 77 / 合わせた対照 48 -> 主表 201 行
[2023-10-03] 束 33(mixed 0 / 幅 0 22)/ 一様 33 / 合わせた対照 27 -> 主表 93 行
[2023-10-04] 束 29(mixed 0 / 幅 0 17)/ 一様 29 / 合わせた対照 28 -> 主表 86 行
[2023-10-05] 束 42(mixed 0 / 幅 0 25)/ 一様 42 / 合わせた対照 42 -> 主表 126 行
[2023-10-06] 束 44(mixed 0 / 幅 0 30)/ 一様 44 / 合わせた対照 42 -> 主表 130 行
[2023-10-07] 束 4(mixed 0 / 幅 0 3)/ 一様 4 / 合わせた対照 4 -> 主表 12 行
[2023-10-08] 束 23(mixed 0 / 幅 0 17)/ 一様 23 / 合わせた対照 22 -> 主表 68 行
[2023-10-09] 束 35(mixed 0 / 幅 0 15)/ 一様 35 / 合わせた対照 24 -> 主表 94 行
[2023-10-10] 束 36(mixed 0 / 幅 0 25)/ 一様 36 / 合わせた対照 32 -> 主表 104 行
[2023-10-11] 束 43(mixed 0 / 幅 0 20)/ 一様 43 / 合わせた対照 40 -> 主表 126 行
[2023-10-12] 束 17(mixed 0 / 幅 0 11)/ 一様 17 / 合わせた対照 12 -> 主表 46 行
[2023-10-13] 束 27(mixed 0 / 幅 0 20)/ 一様 27 / 合わせた対照 27 -> 主表 81 行
[2023-10-14] 束 3(mixed 0 / 幅 0 3)/ 一様 3 / 合わせた対照 3 -> 主表 9 行
[2023-10-15] 束 16(mixed 0 / 幅 0 9)/ 一様 16 / 合わせた対照 16 -> 主表 48 行
[2023-10-16] 束 85(mixed 2 / 幅 0 51)/ 一様 85 / 合わせた対照 78 -> 主表 246 行
[2023-10-17] 束 49(mixed 0 / 幅 0 33)/ 一様 49 / 合わせた対照 44 -> 主表 142 行
[2023-10-18] 束 26(mixed 0 / 幅 0 19)/ 一様 26 / 合わせた対照 26 -> 主表 78 行
[2023-10-19] 束 40(mixed 0 / 幅 0 27)/ 一様 40 / 合わせた対照 34 -> 主表 114 行
[2023-10-20] 束 78(mixed 0 / 幅 0 44)/ 一様 78 / 合わせた対照 75 -> 主表 231 行
[2023-10-21] 束 39(mixed 0 / 幅 0 24)/ 一様 39 / 合わせた対照 27 -> 主表 105 行
[2023-10-22] 束 25(mixed 0 / 幅 0 17)/ 一様 25 / 合わせた対照 24 -> 主表 74 行
[2023-10-23] 束 154(mixed 3 / 幅 0 78)/ 一様 154 / 合わせた対照 110 -> 主表 415 行
[2023-10-24] 束 179(mixed 1 / 幅 0 104)/ 一様 179 / 合わせた対照 156 -> 主表 513 行
[2023-10-25] 束 93(mixed 0 / 幅 0 54)/ 一様 93 / 合わせた対照 71 -> 主表 257 行
[2023-10-26] 束 82(mixed 0 / 幅 0 56)/ 一様 82 / 合わせた対照 68 -> 主表 232 行
[2023-10-27] 束 61(mixed 0 / 幅 0 42)/ 一様 61 / 合わせた対照 58 -> 主表 180 行
[2023-10-28] 束 19(mixed 0 / 幅 0 15)/ 一様 19 / 合わせた対照 18 -> 主表 56 行
[2023-10-29] 束 42(mixed 0 / 幅 0 30)/ 一様 42 / 合わせた対照 36 -> 主表 120 行
[2023-10-30] 束 39(mixed 0 / 幅 0 23)/ 一様 39 / 合わせた対照 39 -> 主表 117 行
[2023-10-31] 束 52(mixed 0 / 幅 0 35)/ 一様 52 / 合わせた対照 52 -> 主表 156 行
[2023-11-01] 束 68(mixed 2 / 幅 0 40)/ 一様 68 / 合わせた対照 50 -> 主表 184 行
[2023-11-02] 束 67(mixed 0 / 幅 0 43)/ 一様 67 / 合わせた対照 61 -> 主表 195 行
[2023-11-03] 束 67(mixed 0 / 幅 0 46)/ 一様 67 / 合わせた対照 59 -> 主表 193 行
[2023-11-04] 束 26(mixed 0 / 幅 0 17)/ 一様 26 / 合わせた対照 26 -> 主表 78 行
[2023-11-05] 束 44(mixed 0 / 幅 0 30)/ 一様 44 / 合わせた対照 42 -> 主表 130 行
[2023-11-06] 束 35(mixed 0 / 幅 0 27)/ 一様 35 / 合わせた対照 35 -> 主表 105 行
[2023-11-07] 束 65(mixed 0 / 幅 0 43)/ 一様 65 / 合わせた対照 42 -> 主表 172 行
[2023-11-08] 束 44(mixed 0 / 幅 0 28)/ 一様 44 / 合わせた対照 30 -> 主表 118 行
[2023-11-09] 束 102(mixed 1 / 幅 0 50)/ 一様 102 / 合わせた対照 85 -> 主表 288 行
[2023-11-10] 束 81(mixed 0 / 幅 0 62)/ 一様 81 / 合わせた対照 69 -> 主表 231 行
[2023-11-11] 束 35(mixed 0 / 幅 0 23)/ 一様 35 / 合わせた対照 22 -> 主表 92 行
[2023-11-12] 束 18(mixed 0 / 幅 0 14)/ 一様 18 / 合わせた対照 14 -> 主表 50 行
[2023-11-13] 束 52(mixed 0 / 幅 0 37)/ 一様 52 / 合わせた対照 44 -> 主表 148 行
[2023-11-14] 束 88(mixed 0 / 幅 0 66)/ 一様 88 / 合わせた対照 83 -> 主表 259 行
[2023-11-15] 束 83(mixed 1 / 幅 0 54)/ 一様 83 / 合わせた対照 66 -> 主表 231 行
[2023-11-16] 束 108(mixed 0 / 幅 0 57)/ 一様 108 / 合わせた対照 65 -> 主表 281 行
[2023-11-17] 束 56(mixed 0 / 幅 0 43)/ 一様 56 / 合わせた対照 54 -> 主表 166 行
[2023-11-18] 束 21(mixed 0 / 幅 0 15)/ 一様 21 / 合わせた対照 21 -> 主表 63 行
[2023-11-19] 束 39(mixed 0 / 幅 0 27)/ 一様 39 / 合わせた対照 27 -> 主表 105 行
[2023-11-20] 束 50(mixed 0 / 幅 0 36)/ 一様 50 / 合わせた対照 45 -> 主表 145 行
[2023-11-21] 束 99(mixed 0 / 幅 0 60)/ 一様 99 / 合わせた対照 59 -> 主表 257 行
[2023-11-22] 束 57(mixed 0 / 幅 0 41)/ 一様 57 / 合わせた対照 53 -> 主表 167 行
[2023-11-23] 束 32(mixed 0 / 幅 0 21)/ 一様 32 / 合わせた対照 32 -> 主表 96 行
[2023-11-24] 束 49(mixed 0 / 幅 0 27)/ 一様 49 / 合わせた対照 46 -> 主表 144 行
[2023-11-25] 束 3(mixed 0 / 幅 0 3)/ 一様 3 / 合わせた対照 3 -> 主表 9 行
[2023-11-26] 束 32(mixed 0 / 幅 0 22)/ 一様 32 / 合わせた対照 29 -> 主表 93 行
[2023-11-27] 束 42(mixed 0 / 幅 0 28)/ 一様 42 / 合わせた対照 39 -> 主表 123 行
[2023-11-28] 束 50(mixed 0 / 幅 0 32)/ 一様 50 / 合わせた対照 49 -> 主表 149 行
[2023-11-29] 束 45(mixed 0 / 幅 0 29)/ 一様 45 / 合わせた対照 36 -> 主表 126 行
[2023-11-30] 束 35(mixed 0 / 幅 0 28)/ 一様 35 / 合わせた対照 31 -> 主表 101 行
[2023-12-01] 束 63(mixed 0 / 幅 0 42)/ 一様 63 / 合わせた対照 50 -> 主表 176 行
[2023-12-02] 束 22(mixed 0 / 幅 0 14)/ 一様 22 / 合わせた対照 22 -> 主表 66 行
[2023-12-03] 束 37(mixed 0 / 幅 0 25)/ 一様 37 / 合わせた対照 35 -> 主表 109 行
[2023-12-04] 束 141(mixed 0 / 幅 0 88)/ 一様 141 / 合わせた対照 105 -> 主表 387 行
[2023-12-05] 束 117(mixed 0 / 幅 0 69)/ 一様 117 / 合わせた対照 82 -> 主表 316 行
[2023-12-06] 束 91(mixed 0 / 幅 0 60)/ 一様 91 / 合わせた対照 71 -> 主表 253 行
[2023-12-07] 束 69(mixed 0 / 幅 0 38)/ 一様 69 / 合わせた対照 60 -> 主表 198 行
[2023-12-08] 束 62(mixed 0 / 幅 0 43)/ 一様 62 / 合わせた対照 62 -> 主表 186 行
[2023-12-09] 束 36(mixed 0 / 幅 0 26)/ 一様 36 / 合わせた対照 27 -> 主表 99 行
[2023-12-10] 束 22(mixed 0 / 幅 0 16)/ 一様 22 / 合わせた対照 22 -> 主表 66 行
[2023-12-11] 束 133(mixed 1 / 幅 0 70)/ 一様 133 / 合わせた対照 93 -> 主表 358 行
[2023-12-12] 束 90(mixed 0 / 幅 0 56)/ 一様 90 / 合わせた対照 68 -> 主表 248 行
[2023-12-13] 束 65(mixed 0 / 幅 0 37)/ 一様 65 / 合わせた対照 47 -> 主表 177 行
[2023-12-14] 束 63(mixed 0 / 幅 0 45)/ 一様 63 / 合わせた対照 57 -> 主表 183 行
[2023-12-15] 束 60(mixed 0 / 幅 0 40)/ 一様 60 / 合わせた対照 33 -> 主表 153 行
[2023-12-16] 束 31(mixed 0 / 幅 0 20)/ 一様 31 / 合わせた対照 31 -> 主表 93 行
[2023-12-17] 束 60(mixed 0 / 幅 0 40)/ 一様 60 / 合わせた対照 38 -> 主表 158 行
[2023-12-18] 束 86(mixed 0 / 幅 0 52)/ 一様 86 / 合わせた対照 66 -> 主表 238 行
[2023-12-19] 束 82(mixed 0 / 幅 0 54)/ 一様 82 / 合わせた対照 50 -> 主表 214 行
[2023-12-20] 束 71(mixed 0 / 幅 0 40)/ 一様 71 / 合わせた対照 56 -> 主表 198 行
[2023-12-21] 束 52(mixed 0 / 幅 0 32)/ 一様 52 / 合わせた対照 45 -> 主表 149 行
[2023-12-22] 束 43(mixed 0 / 幅 0 34)/ 一様 43 / 合わせた対照 35 -> 主表 121 行
[2023-12-23] 束 20(mixed 0 / 幅 0 17)/ 一様 20 / 合わせた対照 15 -> 主表 55 行
[2023-12-24] 束 30(mixed 0 / 幅 0 19)/ 一様 30 / 合わせた対照 30 -> 主表 90 行
[2023-12-25] 束 29(mixed 0 / 幅 0 19)/ 一様 29 / 合わせた対照 27 -> 主表 85 行
[2023-12-26] 束 58(mixed 1 / 幅 0 33)/ 一様 58 / 合わせた対照 51 -> 主表 166 行
[2023-12-27] 束 42(mixed 0 / 幅 0 28)/ 一様 42 / 合わせた対照 36 -> 主表 120 行
[2023-12-28] 束 66(mixed 0 / 幅 0 44)/ 一様 66 / 合わせた対照 58 -> 主表 190 行
[2023-12-29] 束 68(mixed 0 / 幅 0 37)/ 一様 68 / 合わせた対照 59 -> 主表 195 行
[2023-12-30] 束 47(mixed 0 / 幅 0 38)/ 一様 47 / 合わせた対照 32 -> 主表 126 行
[2023-12-31] 束 35(mixed 0 / 幅 0 26)/ 一様 35 / 合わせた対照 33 -> 主表 103 行
[2024-01-01] 束 55(mixed 0 / 幅 0 34)/ 一様 55 / 合わせた対照 40 -> 主表 150 行
[2024-01-02] 束 110(mixed 0 / 幅 0 71)/ 一様 110 / 合わせた対照 86 -> 主表 306 行
[2024-01-03] 束 93(mixed 3 / 幅 0 50)/ 一様 93 / 合わせた対照 80 -> 主表 263 行
[2024-01-04] 束 69(mixed 0 / 幅 0 44)/ 一様 69 / 合わせた対照 60 -> 主表 198 行
[2024-01-05] 束 63(mixed 1 / 幅 0 45)/ 一様 63 / 合わせた対照 51 -> 主表 176 行
[2024-01-06] 束 22(mixed 0 / 幅 0 14)/ 一様 22 / 合わせた対照 17 -> 主表 61 行
[2024-01-07] 束 45(mixed 0 / 幅 0 32)/ 一様 45 / 合わせた対照 29 -> 主表 119 行
[2024-01-08] 束 111(mixed 0 / 幅 0 60)/ 一様 111 / 合わせた対照 70 -> 主表 292 行
[2024-01-09] 束 83(mixed 2 / 幅 0 51)/ 一様 83 / 合わせた対照 80 -> 主表 244 行
[2024-01-10] 束 131(mixed 0 / 幅 0 75)/ 一様 131 / 合わせた対照 104 -> 主表 366 行
[2024-01-11] 束 130(mixed 1 / 幅 0 67)/ 一様 130 / 合わせた対照 115 -> 主表 374 行
[2024-01-12] 束 133(mixed 2 / 幅 0 68)/ 一様 133 / 合わせた対照 112 -> 主表 376 行
[2024-01-13] 束 48(mixed 0 / 幅 0 34)/ 一様 48 / 合わせた対照 48 -> 主表 144 行
[2024-01-14] 束 69(mixed 0 / 幅 0 46)/ 一様 69 / 合わせた対照 57 -> 主表 195 行
[2024-01-15] 束 67(mixed 0 / 幅 0 45)/ 一様 67 / 合わせた対照 59 -> 主表 193 行
[2024-01-16] 束 64(mixed 0 / 幅 0 43)/ 一様 64 / 合わせた対照 54 -> 主表 182 行
[2024-01-17] 束 64(mixed 0 / 幅 0 49)/ 一様 64 / 合わせた対照 52 -> 主表 180 行
[2024-01-18] 束 68(mixed 0 / 幅 0 36)/ 一様 68 / 合わせた対照 59 -> 主表 195 行
[2024-01-19] 束 78(mixed 0 / 幅 0 36)/ 一様 78 / 合わせた対照 55 -> 主表 211 行
[2024-01-20] 束 12(mixed 0 / 幅 0 10)/ 一様 12 / 合わせた対照 12 -> 主表 36 行
[2024-01-21] 束 11(mixed 0 / 幅 0 8)/ 一様 11 / 合わせた対照 11 -> 主表 33 行
[2024-01-22] 束 92(mixed 0 / 幅 0 42)/ 一様 92 / 合わせた対照 75 -> 主表 259 行
[2024-01-23] 束 97(mixed 0 / 幅 0 57)/ 一様 97 / 合わせた対照 87 -> 主表 281 行
[2024-01-24] 束 63(mixed 0 / 幅 0 45)/ 一様 63 / 合わせた対照 56 -> 主表 182 行
[2024-01-25] 束 29(mixed 0 / 幅 0 18)/ 一様 29 / 合わせた対照 23 -> 主表 81 行
[2024-01-26] 束 79(mixed 0 / 幅 0 47)/ 一様 79 / 合わせた対照 49 -> 主表 207 行
[2024-01-27] 束 17(mixed 0 / 幅 0 11)/ 一様 17 / 合わせた対照 17 -> 主表 51 行
[2024-01-28] 束 48(mixed 0 / 幅 0 25)/ 一様 48 / 合わせた対照 42 -> 主表 138 行
[2024-01-29] 束 63(mixed 0 / 幅 0 43)/ 一様 63 / 合わせた対照 48 -> 主表 174 行
[2024-01-30] 束 58(mixed 0 / 幅 0 39)/ 一様 58 / 合わせた対照 37 -> 主表 153 行
[2024-01-31] 束 58(mixed 0 / 幅 0 28)/ 一様 58 / 合わせた対照 48 -> 主表 164 行
[2024-02-01] 束 55(mixed 0 / 幅 0 39)/ 一様 55 / 合わせた対照 42 -> 主表 152 行
[2024-02-02] 束 37(mixed 0 / 幅 0 21)/ 一様 37 / 合わせた対照 30 -> 主表 104 行
[2024-02-03] 束 10(mixed 0 / 幅 0 7)/ 一様 10 / 合わせた対照 10 -> 主表 30 行
[2024-02-04] 束 24(mixed 0 / 幅 0 19)/ 一様 24 / 合わせた対照 24 -> 主表 72 行
[2024-02-05] 束 56(mixed 0 / 幅 0 44)/ 一様 56 / 合わせた対照 50 -> 主表 162 行
[2024-02-06] 束 25(mixed 0 / 幅 0 21)/ 一様 25 / 合わせた対照 25 -> 主表 75 行
[2024-02-07] 束 49(mixed 0 / 幅 0 32)/ 一様 49 / 合わせた対照 36 -> 主表 134 行
[2024-02-08] 束 49(mixed 0 / 幅 0 26)/ 一様 49 / 合わせた対照 38 -> 主表 136 行
[2024-02-09] 束 96(mixed 0 / 幅 0 48)/ 一様 96 / 合わせた対照 76 -> 主表 268 行
[2024-02-10] 束 42(mixed 0 / 幅 0 27)/ 一様 42 / 合わせた対照 38 -> 主表 122 行
[2024-02-11] 束 42(mixed 0 / 幅 0 22)/ 一様 42 / 合わせた対照 39 -> 主表 123 行
[2024-02-12] 束 101(mixed 0 / 幅 0 54)/ 一様 101 / 合わせた対照 73 -> 主表 275 行
[2024-02-13] 束 84(mixed 1 / 幅 0 57)/ 一様 84 / 合わせた対照 71 -> 主表 238 行
[2024-02-14] 束 70(mixed 0 / 幅 0 36)/ 一様 70 / 合わせた対照 58 -> 主表 198 行
[2024-02-27] 束 120(mixed 0 / 幅 0 65)/ 一様 120 / 合わせた対照 95 -> 主表 335 行
[2024-02-28] 束 207(mixed 5 / 幅 0 97)/ 一様 207 / 合わせた対照 195 -> 主表 604 行
[2024-02-29] 束 173(mixed 0 / 幅 0 107)/ 一様 173 / 合わせた対照 133 -> 主表 479 行
[2024-03-01] 束 82(mixed 0 / 幅 0 53)/ 一様 82 / 合わせた対照 80 -> 主表 244 行
[2024-03-02] 束 38(mixed 0 / 幅 0 24)/ 一様 38 / 合わせた対照 37 -> 主表 113 行
[2024-03-03] 束 53(mixed 0 / 幅 0 40)/ 一様 53 / 合わせた対照 46 -> 主表 152 行
[2024-03-04] 束 170(mixed 0 / 幅 0 83)/ 一様 170 / 合わせた対照 100 -> 主表 440 行
[2024-03-05] 束 276(mixed 6 / 幅 0 162)/ 一様 276 / 合わせた対照 202 -> 主表 748 行
[2024-03-06] 束 163(mixed 0 / 幅 0 96)/ 一様 163 / 合わせた対照 134 -> 主表 460 行
[2024-03-07] 束 74(mixed 0 / 幅 0 51)/ 一様 74 / 合わせた対照 67 -> 主表 215 行
[2024-03-08] 束 101(mixed 1 / 幅 0 59)/ 一様 101 / 合わせた対照 82 -> 主表 283 行
[2024-03-09] 束 26(mixed 0 / 幅 0 22)/ 一様 26 / 合わせた対照 26 -> 主表 78 行
[2024-03-10] 束 66(mixed 0 / 幅 0 41)/ 一様 66 / 合わせた対照 48 -> 主表 180 行
[2024-03-11] 束 130(mixed 1 / 幅 0 66)/ 一様 130 / 合わせた対照 108 -> 主表 367 行
[2024-03-12] 束 109(mixed 1 / 幅 0 62)/ 一様 109 / 合わせた対照 97 -> 主表 314 行
[2024-03-13] 束 71(mixed 0 / 幅 0 38)/ 一様 71 / 合わせた対照 53 -> 主表 195 行
[2024-03-14] 束 151(mixed 1 / 幅 0 77)/ 一様 151 / 合わせた対照 128 -> 主表 429 行
[2024-03-15] 束 219(mixed 3 / 幅 0 116)/ 一様 219 / 合わせた対照 195 -> 主表 630 行
[2024-03-16] 束 121(mixed 0 / 幅 0 73)/ 一様 121 / 合わせた対照 87 -> 主表 329 行
[2024-03-17] 束 100(mixed 0 / 幅 0 69)/ 一様 100 / 合わせた対照 82 -> 主表 282 行
[2024-03-18] 束 107(mixed 0 / 幅 0 65)/ 一様 107 / 合わせた対照 88 -> 主表 302 行
[2024-03-19] 束 222(mixed 0 / 幅 0 112)/ 一様 222 / 合わせた対照 145 -> 主表 589 行
[2024-03-20] 束 177(mixed 1 / 幅 0 104)/ 一様 177 / 合わせた対照 132 -> 主表 485 行
[2024-03-21] 束 113(mixed 0 / 幅 0 75)/ 一様 113 / 合わせた対照 84 -> 主表 310 行
[2024-03-22] 束 122(mixed 0 / 幅 0 74)/ 一様 122 / 合わせた対照 101 -> 主表 345 行
[2024-03-23] 束 74(mixed 0 / 幅 0 50)/ 一様 74 / 合わせた対照 62 -> 主表 210 行
[2024-03-24] 束 67(mixed 1 / 幅 0 42)/ 一様 67 / 合わせた対照 43 -> 主表 176 行
[2024-03-25] 束 104(mixed 0 / 幅 0 59)/ 一様 104 / 合わせた対照 77 -> 主表 285 行
[2024-03-26] 束 82(mixed 0 / 幅 0 52)/ 一様 82 / 合わせた対照 65 -> 主表 229 行
[2024-03-27] 束 89(mixed 0 / 幅 0 56)/ 一様 89 / 合わせた対照 77 -> 主表 255 行
[2024-03-28] 束 58(mixed 0 / 幅 0 39)/ 一様 58 / 合わせた対照 58 -> 主表 174 行
[2024-03-29] 束 44(mixed 0 / 幅 0 25)/ 一様 44 / 合わせた対照 35 -> 主表 123 行
[2024-03-30] 束 20(mixed 0 / 幅 0 16)/ 一様 20 / 合わせた対照 20 -> 主表 60 行
[2024-03-31] 束 29(mixed 0 / 幅 0 22)/ 一様 29 / 合わせた対照 29 -> 主表 87 行
[2024-04-01] 束 79(mixed 1 / 幅 0 43)/ 一様 79 / 合わせた対照 62 -> 主表 219 行
[2024-04-02] 束 150(mixed 0 / 幅 0 92)/ 一様 150 / 合わせた対照 127 -> 主表 427 行
[2024-04-03] 束 74(mixed 1 / 幅 0 49)/ 一様 74 / 合わせた対照 67 -> 主表 214 行
[2024-04-04] 束 97(mixed 0 / 幅 0 67)/ 一様 97 / 合わせた対照 65 -> 主表 259 行
[2024-04-05] 束 77(mixed 0 / 幅 0 54)/ 一様 77 / 合わせた対照 64 -> 主表 218 行
[2024-04-06] 束 34(mixed 0 / 幅 0 20)/ 一様 34 / 合わせた対照 24 -> 主表 92 行
[2024-04-07] 束 38(mixed 0 / 幅 0 27)/ 一様 38 / 合わせた対照 26 -> 主表 102 行
[2024-04-08] 束 77(mixed 0 / 幅 0 54)/ 一様 77 / 合わせた対照 59 -> 主表 213 行
[2024-04-09] 束 73(mixed 1 / 幅 0 41)/ 一様 73 / 合わせた対照 68 -> 主表 213 行
[2024-04-10] 束 72(mixed 0 / 幅 0 43)/ 一様 72 / 合わせた対照 62 -> 主表 206 行
[2024-04-11] 束 52(mixed 0 / 幅 0 32)/ 一様 52 / 合わせた対照 44 -> 主表 148 行
[2024-04-12] 束 81(mixed 1 / 幅 0 45)/ 一様 81 / 合わせた対照 61 -> 主表 222 行
[2024-04-13] 束 141(mixed 3 / 幅 0 75)/ 一様 141 / 合わせた対照 129 -> 主表 408 行
[2024-04-14] 束 125(mixed 0 / 幅 0 70)/ 一様 125 / 合わせた対照 114 -> 主表 364 行
[2024-04-15] 束 110(mixed 0 / 幅 0 67)/ 一様 110 / 合わせた対照 79 -> 主表 299 行
[2024-04-16] 束 123(mixed 0 / 幅 0 86)/ 一様 123 / 合わせた対照 107 -> 主表 353 行
[2024-04-17] 束 122(mixed 3 / 幅 0 71)/ 一様 122 / 合わせた対照 100 -> 主表 341 行
[2024-04-18] 束 96(mixed 0 / 幅 0 57)/ 一様 96 / 合わせた対照 72 -> 主表 264 行
[2024-04-19] 束 146(mixed 0 / 幅 0 76)/ 一様 146 / 合わせた対照 102 -> 主表 394 行
[2024-04-20] 束 48(mixed 0 / 幅 0 27)/ 一様 48 / 合わせた対照 35 -> 主表 131 行
[2024-04-21] 束 39(mixed 0 / 幅 0 25)/ 一様 39 / 合わせた対照 33 -> 主表 111 行
[2024-04-22] 束 57(mixed 0 / 幅 0 33)/ 一様 57 / 合わせた対照 47 -> 主表 161 行
[2024-04-23] 束 40(mixed 0 / 幅 0 28)/ 一様 40 / 合わせた対照 34 -> 主表 114 行
[2024-04-24] 束 59(mixed 0 / 幅 0 30)/ 一様 59 / 合わせた対照 41 -> 主表 159 行
[2024-04-25] 束 74(mixed 0 / 幅 0 47)/ 一様 74 / 合わせた対照 66 -> 主表 214 行
[2024-04-26] 束 47(mixed 0 / 幅 0 30)/ 一様 47 / 合わせた対照 36 -> 主表 130 行
[2024-04-27] 束 31(mixed 0 / 幅 0 15)/ 一様 31 / 合わせた対照 25 -> 主表 87 行
[2024-04-28] 束 27(mixed 0 / 幅 0 18)/ 一様 27 / 合わせた対照 18 -> 主表 72 行
[2024-04-29] 束 64(mixed 0 / 幅 0 40)/ 一様 64 / 合わせた対照 59 -> 主表 187 行
[2024-04-30] 束 104(mixed 1 / 幅 0 46)/ 一様 104 / 合わせた対照 73 -> 主表 280 行
[2024-05-01] 束 169(mixed 1 / 幅 0 105)/ 一様 169 / 合わせた対照 122 -> 主表 459 行
[2024-05-02] 束 57(mixed 0 / 幅 0 37)/ 一様 57 / 合わせた対照 51 -> 主表 165 行
[2024-05-03] 束 83(mixed 0 / 幅 0 43)/ 一様 83 / 合わせた対照 64 -> 主表 230 行
[2024-05-04] 束 50(mixed 0 / 幅 0 31)/ 一様 50 / 合わせた対照 38 -> 主表 138 行
[2024-05-05] 束 43(mixed 0 / 幅 0 31)/ 一様 43 / 合わせた対照 37 -> 主表 123 行
[2024-05-06] 束 72(mixed 0 / 幅 0 42)/ 一様 72 / 合わせた対照 57 -> 主表 201 行
[2024-05-07] 束 56(mixed 0 / 幅 0 30)/ 一様 56 / 合わせた対照 47 -> 主表 159 行
[2024-05-08] 束 71(mixed 0 / 幅 0 43)/ 一様 71 / 合わせた対照 56 -> 主表 198 行
[2024-05-09] 束 67(mixed 0 / 幅 0 51)/ 一様 67 / 合わせた対照 51 -> 主表 185 行
[2024-05-10] 束 73(mixed 0 / 幅 0 46)/ 一様 73 / 合わせた対照 61 -> 主表 207 行
[2024-05-11] 束 19(mixed 0 / 幅 0 13)/ 一様 19 / 合わせた対照 19 -> 主表 57 行
[2024-05-12] 束 21(mixed 0 / 幅 0 14)/ 一様 21 / 合わせた対照 19 -> 主表 61 行
[2024-05-13] 束 57(mixed 0 / 幅 0 41)/ 一様 57 / 合わせた対照 48 -> 主表 162 行
[2024-05-14] 束 56(mixed 0 / 幅 0 43)/ 一様 56 / 合わせた対照 56 -> 主表 168 行
[2024-05-15] 束 69(mixed 0 / 幅 0 40)/ 一様 69 / 合わせた対照 51 -> 主表 189 行
[2024-05-16] 束 63(mixed 1 / 幅 0 44)/ 一様 63 / 合わせた対照 47 -> 主表 172 行
[2024-05-17] 束 58(mixed 0 / 幅 0 39)/ 一様 58 / 合わせた対照 49 -> 主表 165 行
[2024-05-18] 束 16(mixed 0 / 幅 0 12)/ 一様 16 / 合わせた対照 16 -> 主表 48 行
[2024-05-19] 束 35(mixed 0 / 幅 0 21)/ 一様 35 / 合わせた対照 28 -> 主表 98 行
[2024-05-20] 束 74(mixed 0 / 幅 0 33)/ 一様 74 / 合わせた対照 58 -> 主表 206 行
[2024-05-21] 束 56(mixed 0 / 幅 0 38)/ 一様 56 / 合わせた対照 38 -> 主表 150 行
[2024-05-22] 束 48(mixed 0 / 幅 0 28)/ 一様 48 / 合わせた対照 43 -> 主表 139 行
[2024-05-23] 束 63(mixed 0 / 幅 0 38)/ 一様 63 / 合わせた対照 52 -> 主表 178 行
[2024-05-24] 束 53(mixed 0 / 幅 0 36)/ 一様 53 / 合わせた対照 45 -> 主表 151 行
[2024-05-25] 束 15(mixed 0 / 幅 0 10)/ 一様 15 / 合わせた対照 15 -> 主表 45 行
[2024-05-26] 束 15(mixed 0 / 幅 0 7)/ 一様 15 / 合わせた対照 13 -> 主表 43 行
[2024-05-27] 束 42(mixed 0 / 幅 0 24)/ 一様 42 / 合わせた対照 41 -> 主表 125 行
[2024-05-28] 束 60(mixed 0 / 幅 0 43)/ 一様 60 / 合わせた対照 52 -> 主表 172 行
[2024-05-29] 束 33(mixed 0 / 幅 0 21)/ 一様 33 / 合わせた対照 23 -> 主表 89 行
[2024-05-30] 束 45(mixed 0 / 幅 0 30)/ 一様 45 / 合わせた対照 41 -> 主表 131 行
[2024-05-31] 束 40(mixed 0 / 幅 0 25)/ 一様 40 / 合わせた対照 30 -> 主表 110 行
[2024-06-02] 束 22(mixed 0 / 幅 0 9)/ 一様 22 / 合わせた対照 16 -> 主表 60 行
[2024-06-03] 束 52(mixed 0 / 幅 0 32)/ 一様 52 / 合わせた対照 36 -> 主表 140 行
[2024-06-04] 束 45(mixed 0 / 幅 0 27)/ 一様 45 / 合わせた対照 33 -> 主表 123 行
[2024-06-05] 束 47(mixed 0 / 幅 0 35)/ 一様 47 / 合わせた対照 44 -> 主表 138 行
[2024-06-06] 束 31(mixed 0 / 幅 0 19)/ 一様 31 / 合わせた対照 21 -> 主表 83 行
[2024-06-07] 束 61(mixed 0 / 幅 0 40)/ 一様 61 / 合わせた対照 59 -> 主表 181 行
[2024-06-08] 束 1(mixed 0 / 幅 0 0)/ 一様 1 / 合わせた対照 1 -> 主表 3 行
[2024-06-09] 束 13(mixed 0 / 幅 0 10)/ 一様 13 / 合わせた対照 13 -> 主表 39 行
[2024-06-10] 束 19(mixed 0 / 幅 0 11)/ 一様 19 / 合わせた対照 19 -> 主表 57 行
[2024-06-13] 束 55(mixed 1 / 幅 0 36)/ 一様 55 / 合わせた対照 44 -> 主表 153 行
[2024-06-14] 束 47(mixed 0 / 幅 0 28)/ 一様 47 / 合わせた対照 33 -> 主表 127 行
[2024-06-15] 束 10(mixed 0 / 幅 0 8)/ 一様 10 / 合わせた対照 10 -> 主表 30 行
[2024-06-16] 束 9(mixed 0 / 幅 0 7)/ 一様 9 / 合わせた対照 9 -> 主表 27 行
[2024-06-17] 束 61(mixed 0 / 幅 0 41)/ 一様 61 / 合わせた対照 42 -> 主表 164 行
[2024-06-18] 束 70(mixed 0 / 幅 0 43)/ 一様 70 / 合わせた対照 58 -> 主表 198 行
[2024-06-19] 束 27(mixed 0 / 幅 0 22)/ 一様 27 / 合わせた対照 27 -> 主表 81 行
[2024-06-20] 束 54(mixed 0 / 幅 0 38)/ 一様 54 / 合わせた対照 46 -> 主表 154 行
[2024-06-21] 束 48(mixed 0 / 幅 0 30)/ 一様 48 / 合わせた対照 42 -> 主表 138 行
[2024-06-22] 束 2(mixed 0 / 幅 0 2)/ 一様 2 / 合わせた対照 2 -> 主表 6 行
[2024-06-23] 束 21(mixed 0 / 幅 0 12)/ 一様 21 / 合わせた対照 21 -> 主表 63 行
[2024-06-24] 束 117(mixed 0 / 幅 0 58)/ 一様 117 / 合わせた対照 95 -> 主表 329 行
[2024-06-25] 束 54(mixed 0 / 幅 0 38)/ 一様 54 / 合わせた対照 53 -> 主表 161 行
[2024-06-26] 束 40(mixed 0 / 幅 0 27)/ 一様 40 / 合わせた対照 40 -> 主表 120 行
[2024-06-27] 束 29(mixed 0 / 幅 0 22)/ 一様 29 / 合わせた対照 25 -> 主表 83 行
[2024-06-28] 束 39(mixed 1 / 幅 0 21)/ 一様 39 / 合わせた対照 34 -> 主表 111 行
[2024-06-29] 束 11(mixed 0 / 幅 0 10)/ 一様 11 / 合わせた対照 11 -> 主表 33 行
[2024-06-30] 束 25(mixed 0 / 幅 0 12)/ 一様 25 / 合わせた対照 25 -> 主表 75 行
[2024-07-01] 束 30(mixed 0 / 幅 0 20)/ 一様 30 / 合わせた対照 30 -> 主表 90 行
[2024-07-02] 束 26(mixed 0 / 幅 0 13)/ 一様 26 / 合わせた対照 25 -> 主表 77 行
[2024-07-03] 束 59(mixed 0 / 幅 0 32)/ 一様 59 / 合わせた対照 50 -> 主表 168 行
[2024-07-04] 束 109(mixed 0 / 幅 0 73)/ 一様 109 / 合わせた対照 108 -> 主表 326 行
[2024-07-05] 束 96(mixed 1 / 幅 0 62)/ 一様 96 / 合わせた対照 92 -> 主表 283 行
[2024-07-06] 束 41(mixed 0 / 幅 0 31)/ 一様 41 / 合わせた対照 27 -> 主表 109 行
[2024-07-07] 束 59(mixed 0 / 幅 0 39)/ 一様 59 / 合わせた対照 51 -> 主表 169 行
[2024-07-08] 束 103(mixed 0 / 幅 0 68)/ 一様 103 / 合わせた対照 77 -> 主表 283 行
[2024-07-09] 束 53(mixed 0 / 幅 0 45)/ 一様 53 / 合わせた対照 49 -> 主表 155 行
[2024-07-10] 束 40(mixed 0 / 幅 0 25)/ 一様 40 / 合わせた対照 33 -> 主表 113 行
[2024-07-11] 束 63(mixed 1 / 幅 0 41)/ 一様 63 / 合わせた対照 53 -> 主表 178 行
[2024-07-12] 束 56(mixed 0 / 幅 0 41)/ 一様 56 / 合わせた対照 43 -> 主表 155 行
[2024-07-13] 束 19(mixed 0 / 幅 0 8)/ 一様 19 / 合わせた対照 17 -> 主表 55 行
[2024-07-14] 束 39(mixed 0 / 幅 0 22)/ 一様 39 / 合わせた対照 27 -> 主表 105 行
[2024-07-15] 束 78(mixed 0 / 幅 0 50)/ 一様 78 / 合わせた対照 55 -> 主表 211 行
[2024-07-16] 束 83(mixed 0 / 幅 0 40)/ 一様 83 / 合わせた対照 71 -> 主表 237 行
[2024-07-17] 束 70(mixed 0 / 幅 0 44)/ 一様 70 / 合わせた対照 53 -> 主表 193 行
[2024-07-18] 束 57(mixed 0 / 幅 0 40)/ 一様 57 / 合わせた対照 41 -> 主表 155 行
[2024-07-19] 束 65(mixed 0 / 幅 0 43)/ 一様 65 / 合わせた対照 46 -> 主表 176 行
[2024-07-20] 束 28(mixed 0 / 幅 0 19)/ 一様 28 / 合わせた対照 23 -> 主表 79 行
[2024-07-21] 束 60(mixed 0 / 幅 0 34)/ 一様 60 / 合わせた対照 39 -> 主表 159 行
[2024-07-22] 束 61(mixed 0 / 幅 0 49)/ 一様 61 / 合わせた対照 55 -> 主表 177 行
[2024-07-23] 束 60(mixed 0 / 幅 0 38)/ 一様 60 / 合わせた対照 50 -> 主表 170 行
[2024-07-24] 束 44(mixed 0 / 幅 0 33)/ 一様 44 / 合わせた対照 44 -> 主表 132 行
[2024-07-25] 束 58(mixed 0 / 幅 0 37)/ 一様 58 / 合わせた対照 43 -> 主表 159 行
[2024-07-26] 束 46(mixed 0 / 幅 0 31)/ 一様 46 / 合わせた対照 33 -> 主表 125 行
[2024-07-27] 束 57(mixed 0 / 幅 0 33)/ 一様 57 / 合わせた対照 52 -> 主表 166 行
[2024-07-28] 束 28(mixed 0 / 幅 0 25)/ 一様 28 / 合わせた対照 28 -> 主表 84 行
[2024-07-29] 束 67(mixed 0 / 幅 0 43)/ 一様 67 / 合わせた対照 42 -> 主表 176 行
[2024-07-30] 束 57(mixed 0 / 幅 0 41)/ 一様 57 / 合わせた対照 56 -> 主表 170 行
[2024-07-31] 束 58(mixed 0 / 幅 0 37)/ 一様 58 / 合わせた対照 47 -> 主表 163 行
[2024-08-01] 束 103(mixed 0 / 幅 0 67)/ 一様 103 / 合わせた対照 89 -> 主表 295 行
[2024-08-02] 束 119(mixed 1 / 幅 0 80)/ 一様 119 / 合わせた対照 100 -> 主表 337 行
[2024-08-03] 束 61(mixed 0 / 幅 0 36)/ 一様 61 / 合わせた対照 47 -> 主表 169 行
[2024-08-04] 束 98(mixed 0 / 幅 0 52)/ 一様 98 / 合わせた対照 89 -> 主表 285 行
[2024-08-05] 束 346(mixed 6 / 幅 0 190)/ 一様 346 / 合わせた対照 147 -> 主表 833 行
[2024-08-06] 束 100(mixed 0 / 幅 0 69)/ 一様 100 / 合わせた対照 98 -> 主表 298 行
[2024-08-07] 束 96(mixed 0 / 幅 0 57)/ 一様 96 / 合わせた対照 80 -> 主表 272 行
[2024-08-08] 束 95(mixed 0 / 幅 0 61)/ 一様 95 / 合わせた対照 61 -> 主表 251 行
[2024-08-09] 束 70(mixed 0 / 幅 0 53)/ 一様 70 / 合わせた対照 65 -> 主表 205 行
[2024-08-10] 束 21(mixed 0 / 幅 0 16)/ 一様 21 / 合わせた対照 17 -> 主表 59 行
[2024-08-11] 束 55(mixed 0 / 幅 0 26)/ 一様 55 / 合わせた対照 36 -> 主表 146 行
[2024-08-12] 束 73(mixed 1 / 幅 0 41)/ 一様 73 / 合わせた対照 63 -> 主表 208 行
[2024-08-13] 束 67(mixed 0 / 幅 0 49)/ 一様 67 / 合わせた対照 50 -> 主表 184 行
[2024-08-14] 束 57(mixed 0 / 幅 0 38)/ 一様 57 / 合わせた対照 50 -> 主表 164 行
[2024-08-15] 束 75(mixed 0 / 幅 0 44)/ 一様 75 / 合わせた対照 64 -> 主表 214 行
[2024-08-16] 束 62(mixed 0 / 幅 0 45)/ 一様 62 / 合わせた対照 53 -> 主表 177 行
[2024-08-17] 束 12(mixed 0 / 幅 0 10)/ 一様 12 / 合わせた対照 8 -> 主表 32 行
[2024-08-18] 束 36(mixed 0 / 幅 0 22)/ 一様 36 / 合わせた対照 31 -> 主表 103 行
[2024-08-19] 束 40(mixed 0 / 幅 0 30)/ 一様 40 / 合わせた対照 31 -> 主表 111 行
[2024-08-20] 束 55(mixed 0 / 幅 0 34)/ 一様 55 / 合わせた対照 37 -> 主表 147 行
[2024-08-21] 束 56(mixed 0 / 幅 0 40)/ 一様 56 / 合わせた対照 37 -> 主表 149 行
[2024-08-22] 束 41(mixed 0 / 幅 0 28)/ 一様 41 / 合わせた対照 35 -> 主表 117 行
[2024-08-23] 束 74(mixed 0 / 幅 0 44)/ 一様 74 / 合わせた対照 50 -> 主表 198 行
[2024-08-24] 束 25(mixed 0 / 幅 0 14)/ 一様 25 / 合わせた対照 23 -> 主表 73 行
[2024-08-25] 束 23(mixed 0 / 幅 0 12)/ 一様 23 / 合わせた対照 21 -> 主表 67 行
[2024-08-26] 束 41(mixed 0 / 幅 0 29)/ 一様 41 / 合わせた対照 38 -> 主表 120 行
[2024-08-27] 束 66(mixed 0 / 幅 0 37)/ 一様 66 / 合わせた対照 50 -> 主表 182 行
[2024-08-28] 束 74(mixed 0 / 幅 0 45)/ 一様 74 / 合わせた対照 67 -> 主表 215 行
[2024-08-29] 束 58(mixed 0 / 幅 0 42)/ 一様 58 / 合わせた対照 52 -> 主表 168 行
[2024-08-30] 束 46(mixed 0 / 幅 0 30)/ 一様 46 / 合わせた対照 46 -> 主表 138 行
[2024-08-31] 束 8(mixed 0 / 幅 0 6)/ 一様 8 / 合わせた対照 8 -> 主表 24 行
[2024-09-01] 束 60(mixed 0 / 幅 0 37)/ 一様 60 / 合わせた対照 48 -> 主表 168 行
[2024-09-02] 束 34(mixed 0 / 幅 0 24)/ 一様 34 / 合わせた対照 32 -> 主表 100 行
[2024-09-03] 束 49(mixed 0 / 幅 0 32)/ 一様 49 / 合わせた対照 48 -> 主表 146 行
[2024-09-04] 束 51(mixed 0 / 幅 0 36)/ 一様 51 / 合わせた対照 45 -> 主表 147 行
[2024-09-05] 束 45(mixed 0 / 幅 0 28)/ 一様 45 / 合わせた対照 43 -> 主表 133 行
[2024-09-06] 束 79(mixed 1 / 幅 0 39)/ 一様 79 / 合わせた対照 70 -> 主表 227 行
[2024-09-07] 束 27(mixed 0 / 幅 0 22)/ 一様 27 / 合わせた対照 22 -> 主表 76 行
[2024-09-08] 束 30(mixed 0 / 幅 0 20)/ 一様 30 / 合わせた対照 18 -> 主表 78 行
[2024-09-09] 束 61(mixed 0 / 幅 0 41)/ 一様 61 / 合わせた対照 45 -> 主表 167 行
[2024-09-10] 束 50(mixed 0 / 幅 0 38)/ 一様 50 / 合わせた対照 50 -> 主表 150 行
[2024-09-11] 束 69(mixed 0 / 幅 0 48)/ 一様 69 / 合わせた対照 61 -> 主表 199 行
[2024-09-12] 束 47(mixed 0 / 幅 0 31)/ 一様 47 / 合わせた対照 37 -> 主表 131 行
[2024-09-13] 束 48(mixed 0 / 幅 0 29)/ 一様 48 / 合わせた対照 48 -> 主表 144 行
[2024-09-14] 束 17(mixed 0 / 幅 0 14)/ 一様 17 / 合わせた対照 14 -> 主表 48 行
[2024-09-15] 束 20(mixed 0 / 幅 0 8)/ 一様 20 / 合わせた対照 20 -> 主表 60 行
[2024-09-16] 束 52(mixed 0 / 幅 0 32)/ 一様 52 / 合わせた対照 48 -> 主表 152 行
[2024-09-17] 束 63(mixed 0 / 幅 0 40)/ 一様 63 / 合わせた対照 60 -> 主表 186 行
[2024-09-18] 束 65(mixed 1 / 幅 0 41)/ 一様 65 / 合わせた対照 58 -> 主表 187 行
[2024-09-19] 束 55(mixed 1 / 幅 0 32)/ 一様 55 / 合わせた対照 40 -> 主表 149 行
[2024-09-20] 束 47(mixed 0 / 幅 0 29)/ 一様 47 / 合わせた対照 36 -> 主表 130 行
[2024-09-21] 束 9(mixed 0 / 幅 0 8)/ 一様 9 / 合わせた対照 9 -> 主表 27 行
[2024-09-22] 束 41(mixed 0 / 幅 0 30)/ 一様 41 / 合わせた対照 41 -> 主表 123 行
[2024-09-23] 束 39(mixed 0 / 幅 0 24)/ 一様 39 / 合わせた対照 30 -> 主表 108 行
[2024-09-24] 束 56(mixed 0 / 幅 0 36)/ 一様 56 / 合わせた対照 56 -> 主表 168 行
[2024-09-25] 束 28(mixed 0 / 幅 0 20)/ 一様 28 / 合わせた対照 28 -> 主表 84 行
[2024-09-26] 束 58(mixed 0 / 幅 0 36)/ 一様 58 / 合わせた対照 58 -> 主表 174 行
[2024-09-27] 束 45(mixed 0 / 幅 0 34)/ 一様 45 / 合わせた対照 40 -> 主表 130 行
[2024-09-28] 束 16(mixed 0 / 幅 0 13)/ 一様 16 / 合わせた対照 14 -> 主表 46 行
[2024-09-29] 束 12(mixed 0 / 幅 0 10)/ 一様 12 / 合わせた対照 12 -> 主表 36 行
[2024-09-30] 束 72(mixed 0 / 幅 0 44)/ 一様 72 / 合わせた対照 57 -> 主表 201 行
[2024-10-01] 束 80(mixed 0 / 幅 0 49)/ 一様 80 / 合わせた対照 74 -> 主表 234 行
[2024-10-02] 束 68(mixed 0 / 幅 0 43)/ 一様 68 / 合わせた対照 59 -> 主表 195 行
[2024-10-03] 束 59(mixed 0 / 幅 0 42)/ 一様 59 / 合わせた対照 59 -> 主表 177 行
[2024-10-04] 束 48(mixed 0 / 幅 0 35)/ 一様 48 / 合わせた対照 48 -> 主表 144 行
[2024-10-05] 束 15(mixed 0 / 幅 0 14)/ 一様 15 / 合わせた対照 15 -> 主表 45 行
[2024-10-06] 束 23(mixed 0 / 幅 0 19)/ 一様 23 / 合わせた対照 20 -> 主表 66 行
[2024-10-07] 束 68(mixed 0 / 幅 0 45)/ 一様 68 / 合わせた対照 43 -> 主表 179 行
[2024-10-08] 束 39(mixed 0 / 幅 0 28)/ 一様 39 / 合わせた対照 29 -> 主表 107 行
[2024-10-09] 束 47(mixed 0 / 幅 0 24)/ 一様 47 / 合わせた対照 39 -> 主表 133 行
[2024-10-10] 束 56(mixed 0 / 幅 0 35)/ 一様 56 / 合わせた対照 56 -> 主表 168 行
[2024-10-11] 束 41(mixed 0 / 幅 0 22)/ 一様 41 / 合わせた対照 37 -> 主表 119 行
[2024-10-12] 束 18(mixed 0 / 幅 0 18)/ 一様 18 / 合わせた対照 17 -> 主表 53 行
行 71668(liq 25343 / control_uniform 25425 / control_matched 20900)/ mixed 除外 82 / W = 8.0h / gap = 30s / 所要 730.61 秒 -> backtest_data/o3c_reaction_20260918_full/gap30_w8
=== 2026-09-19T09:10:39Z exit=0 gap=30 W=8
=== 2026-09-19T09:10:39Z start gap=180 W=8 -> backtest_data/o3c_reaction_20260918_full/gap180_w8
清算 一意 53398 件(生 106822)-> 束 16081 個(gap 180000 ms)
[2023-06-27] 束 32(mixed 0 / 幅 0 21)/ 一様 32 / 合わせた対照 32 -> 主表 96 行
[2023-06-28] 束 34(mixed 0 / 幅 0 16)/ 一様 34 / 合わせた対照 29 -> 主表 97 行
[2023-06-29] 束 24(mixed 1 / 幅 0 12)/ 一様 24 / 合わせた対照 20 -> 主表 67 行
[2023-06-30] 束 42(mixed 4 / 幅 0 15)/ 一様 42 / 合わせた対照 42 -> 主表 122 行
[2023-07-01] 束 7(mixed 0 / 幅 0 5)/ 一様 7 / 合わせた対照 7 -> 主表 21 行
[2023-07-02] 束 10(mixed 1 / 幅 0 4)/ 一様 10 / 合わせた対照 10 -> 主表 29 行
[2023-07-03] 束 25(mixed 0 / 幅 0 9)/ 一様 25 / 合わせた対照 23 -> 主表 73 行
[2023-07-04] 束 20(mixed 0 / 幅 0 8)/ 一様 20 / 合わせた対照 16 -> 主表 56 行
[2023-07-05] 束 23(mixed 0 / 幅 0 8)/ 一様 23 / 合わせた対照 23 -> 主表 69 行
[2023-07-06] 束 40(mixed 1 / 幅 0 8)/ 一様 40 / 合わせた対照 35 -> 主表 114 行
[2023-07-07] 束 22(mixed 0 / 幅 0 13)/ 一様 22 / 合わせた対照 21 -> 主表 65 行
[2023-07-08] 束 6(mixed 0 / 幅 0 3)/ 一様 6 / 合わせた対照 6 -> 主表 18 行
[2023-07-09] 束 10(mixed 0 / 幅 0 4)/ 一様 10 / 合わせた対照 10 -> 主表 30 行
[2023-07-10] 束 35(mixed 1 / 幅 0 16)/ 一様 35 / 合わせた対照 26 -> 主表 95 行
[2023-07-11] 束 24(mixed 0 / 幅 0 15)/ 一様 24 / 合わせた対照 24 -> 主表 72 行
[2023-07-12] 束 26(mixed 0 / 幅 0 15)/ 一様 26 / 合わせた対照 26 -> 主表 78 行
[2023-07-13] 束 36(mixed 2 / 幅 0 13)/ 一様 36 / 合わせた対照 36 -> 主表 106 行
[2023-07-14] 束 33(mixed 0 / 幅 0 18)/ 一様 33 / 合わせた対照 29 -> 主表 95 行
[2023-07-15] 束 1(mixed 0 / 幅 0 1)/ 一様 1 / 合わせた対照 1 -> 主表 3 行
[2023-07-16] 束 11(mixed 0 / 幅 0 4)/ 一様 11 / 合わせた対照 11 -> 主表 33 行
[2023-07-17] 束 27(mixed 0 / 幅 0 15)/ 一様 27 / 合わせた対照 27 -> 主表 81 行
[2023-07-18] 束 25(mixed 0 / 幅 0 16)/ 一様 25 / 合わせた対照 21 -> 主表 71 行
[2023-07-19] 束 24(mixed 1 / 幅 0 13)/ 一様 24 / 合わせた対照 21 -> 主表 68 行
[2023-07-20] 束 28(mixed 0 / 幅 0 12)/ 一様 28 / 合わせた対照 28 -> 主表 84 行
[2023-07-21] 束 14(mixed 0 / 幅 0 8)/ 一様 14 / 合わせた対照 14 -> 主表 42 行
[2023-07-22] 束 8(mixed 0 / 幅 0 5)/ 一様 8 / 合わせた対照 8 -> 主表 24 行
[2023-07-23] 束 11(mixed 0 / 幅 0 3)/ 一様 11 / 合わせた対照 11 -> 主表 33 行
[2023-07-24] 束 34(mixed 0 / 幅 0 16)/ 一様 34 / 合わせた対照 32 -> 主表 100 行
[2023-07-25] 束 12(mixed 0 / 幅 0 6)/ 一様 12 / 合わせた対照 12 -> 主表 36 行
[2023-07-26] 束 18(mixed 0 / 幅 0 5)/ 一様 18 / 合わせた対照 18 -> 主表 54 行
[2023-07-27] 束 12(mixed 0 / 幅 0 5)/ 一様 12 / 合わせた対照 11 -> 主表 35 行
[2023-07-28] 束 17(mixed 0 / 幅 0 9)/ 一様 17 / 合わせた対照 17 -> 主表 51 行
[2023-07-29] 束 4(mixed 0 / 幅 0 3)/ 一様 4 / 合わせた対照 4 -> 主表 12 行
[2023-07-30] 束 6(mixed 0 / 幅 0 1)/ 一様 6 / 合わせた対照 6 -> 主表 18 行
[2023-07-31] 束 15(mixed 0 / 幅 0 7)/ 一様 15 / 合わせた対照 15 -> 主表 45 行
[2023-08-01] 束 28(mixed 1 / 幅 0 14)/ 一様 28 / 合わせた対照 28 -> 主表 83 行
[2023-08-02] 束 34(mixed 1 / 幅 0 14)/ 一様 34 / 合わせた対照 28 -> 主表 95 行
[2023-08-03] 束 15(mixed 0 / 幅 0 5)/ 一様 15 / 合わせた対照 15 -> 主表 45 行
[2023-08-04] 束 9(mixed 0 / 幅 0 4)/ 一様 9 / 合わせた対照 9 -> 主表 27 行
[2023-08-05] 束 2(mixed 0 / 幅 0 2)/ 一様 2 / 合わせた対照 2 -> 主表 6 行
[2023-08-06] 束 7(mixed 0 / 幅 0 5)/ 一様 7 / 合わせた対照 7 -> 主表 21 行
[2023-08-07] 束 20(mixed 0 / 幅 0 11)/ 一様 20 / 合わせた対照 20 -> 主表 60 行
[2023-08-08] 束 37(mixed 0 / 幅 0 13)/ 一様 37 / 合わせた対照 37 -> 主表 111 行
[2023-08-09] 束 26(mixed 0 / 幅 0 14)/ 一様 26 / 合わせた対照 23 -> 主表 75 行
[2023-08-10] 束 12(mixed 0 / 幅 0 7)/ 一様 12 / 合わせた対照 12 -> 主表 36 行
[2023-08-11] 束 5(mixed 0 / 幅 0 2)/ 一様 5 / 合わせた対照 5 -> 主表 15 行
[2023-08-12] 束 1(mixed 0 / 幅 0 1)/ 一様 1 / 合わせた対照 1 -> 主表 3 行
[2023-08-13] 束 7(mixed 0 / 幅 0 4)/ 一様 7 / 合わせた対照 7 -> 主表 21 行
[2023-08-14] 束 21(mixed 0 / 幅 0 6)/ 一様 21 / 合わせた対照 21 -> 主表 63 行
[2023-08-15] 束 7(mixed 0 / 幅 0 2)/ 一様 7 / 合わせた対照 6 -> 主表 20 行
[2023-08-16] 束 16(mixed 1 / 幅 0 3)/ 一様 16 / 合わせた対照 13 -> 主表 44 行
[2023-08-17] 束 53(mixed 5 / 幅 0 16)/ 一様 53 / 合わせた対照 44 -> 主表 145 行
[2023-08-18] 束 64(mixed 0 / 幅 0 24)/ 一様 64 / 合わせた対照 64 -> 主表 192 行
[2023-08-19] 束 18(mixed 0 / 幅 0 8)/ 一様 18 / 合わせた対照 18 -> 主表 54 行
[2023-08-20] 束 12(mixed 0 / 幅 0 8)/ 一様 12 / 合わせた対照 11 -> 主表 35 行
[2023-08-21] 束 20(mixed 0 / 幅 0 4)/ 一様 20 / 合わせた対照 20 -> 主表 60 行
[2023-08-22] 束 27(mixed 0 / 幅 0 10)/ 一様 27 / 合わせた対照 27 -> 主表 81 行
[2023-08-23] 束 35(mixed 0 / 幅 0 17)/ 一様 35 / 合わせた対照 30 -> 主表 100 行
[2023-08-24] 束 23(mixed 0 / 幅 0 7)/ 一様 23 / 合わせた対照 18 -> 主表 64 行
[2023-08-25] 束 21(mixed 0 / 幅 0 11)/ 一様 21 / 合わせた対照 21 -> 主表 63 行
[2023-08-26] 束 2(mixed 0 / 幅 0 2)/ 一様 2 / 合わせた対照 2 -> 主表 6 行
[2023-08-27] 束 5(mixed 0 / 幅 0 2)/ 一様 5 / 合わせた対照 5 -> 主表 15 行
[2023-08-28] 束 9(mixed 0 / 幅 0 1)/ 一様 9 / 合わせた対照 8 -> 主表 26 行
[2023-08-29] 束 34(mixed 5 / 幅 0 14)/ 一様 34 / 合わせた対照 34 -> 主表 97 行
[2023-08-30] 束 26(mixed 1 / 幅 0 13)/ 一様 26 / 合わせた対照 24 -> 主表 75 行
[2023-08-31] 束 27(mixed 0 / 幅 0 6)/ 一様 27 / 合わせた対照 23 -> 主表 77 行
[2023-09-01] 束 21(mixed 1 / 幅 0 9)/ 一様 21 / 合わせた対照 21 -> 主表 62 行
[2023-09-02] 束 9(mixed 0 / 幅 0 8)/ 一様 9 / 合わせた対照 9 -> 主表 27 行
[2023-09-03] 束 9(mixed 0 / 幅 0 3)/ 一様 9 / 合わせた対照 9 -> 主表 27 行
[2023-09-04] 束 17(mixed 0 / 幅 0 6)/ 一様 17 / 合わせた対照 17 -> 主表 51 行
[2023-09-05] 束 16(mixed 0 / 幅 0 9)/ 一様 16 / 合わせた対照 14 -> 主表 46 行
[2023-09-06] 束 18(mixed 0 / 幅 0 6)/ 一様 18 / 合わせた対照 18 -> 主表 54 行
[2023-09-07] 束 28(mixed 0 / 幅 0 17)/ 一様 28 / 合わせた対照 27 -> 主表 83 行
[2023-09-08] 束 18(mixed 0 / 幅 0 11)/ 一様 18 / 合わせた対照 18 -> 主表 54 行
[2023-09-10] 束 10(mixed 0 / 幅 0 3)/ 一様 10 / 合わせた対照 7 -> 主表 27 行
[2023-09-11] 束 26(mixed 0 / 幅 0 12)/ 一様 26 / 合わせた対照 24 -> 主表 76 行
[2023-09-12] 束 33(mixed 1 / 幅 0 13)/ 一様 33 / 合わせた対照 31 -> 主表 96 行
[2023-09-13] 束 21(mixed 0 / 幅 0 9)/ 一様 21 / 合わせた対照 18 -> 主表 60 行
[2023-09-14] 束 27(mixed 0 / 幅 0 11)/ 一様 27 / 合わせた対照 24 -> 主表 78 行
[2023-09-15] 束 26(mixed 0 / 幅 0 13)/ 一様 26 / 合わせた対照 26 -> 主表 78 行
[2023-09-16] 束 9(mixed 0 / 幅 0 6)/ 一様 9 / 合わせた対照 9 -> 主表 27 行
[2023-09-17] 束 8(mixed 0 / 幅 0 4)/ 一様 8 / 合わせた対照 8 -> 主表 24 行
[2023-09-18] 束 45(mixed 0 / 幅 0 21)/ 一様 45 / 合わせた対照 32 -> 主表 122 行
[2023-09-19] 束 42(mixed 1 / 幅 0 19)/ 一様 42 / 合わせた対照 37 -> 主表 120 行
[2023-09-20] 束 31(mixed 0 / 幅 0 15)/ 一様 31 / 合わせた対照 31 -> 主表 93 行
[2023-09-21] 束 30(mixed 0 / 幅 0 14)/ 一様 30 / 合わせた対照 19 -> 主表 79 行
[2023-09-22] 束 10(mixed 0 / 幅 0 6)/ 一様 10 / 合わせた対照 10 -> 主表 30 行
[2023-09-24] 束 9(mixed 0 / 幅 0 3)/ 一様 9 / 合わせた対照 9 -> 主表 27 行
[2023-09-26] 束 16(mixed 0 / 幅 0 11)/ 一様 16 / 合わせた対照 16 -> 主表 48 行
[2023-09-27] 束 23(mixed 0 / 幅 0 8)/ 一様 23 / 合わせた対照 23 -> 主表 69 行
[2023-09-28] 束 30(mixed 0 / 幅 0 14)/ 一様 30 / 合わせた対照 27 -> 主表 87 行
[2023-09-29] 束 24(mixed 1 / 幅 0 10)/ 一様 24 / 合わせた対照 22 -> 主表 69 行
[2023-09-30] 束 5(mixed 0 / 幅 0 4)/ 一様 5 / 合わせた対照 5 -> 主表 15 行
[2023-10-01] 束 16(mixed 1 / 幅 0 8)/ 一様 16 / 合わせた対照 16 -> 主表 47 行
[2023-10-02] 束 47(mixed 1 / 幅 0 20)/ 一様 47 / 合わせた対照 34 -> 主表 127 行
[2023-10-03] 束 29(mixed 0 / 幅 0 17)/ 一様 29 / 合わせた対照 23 -> 主表 81 行
[2023-10-04] 束 18(mixed 0 / 幅 0 7)/ 一様 18 / 合わせた対照 18 -> 主表 54 行
[2023-10-05] 束 24(mixed 1 / 幅 0 8)/ 一様 24 / 合わせた対照 24 -> 主表 71 行
[2023-10-06] 束 28(mixed 1 / 幅 0 17)/ 一様 28 / 合わせた対照 28 -> 主表 83 行
[2023-10-07] 束 3(mixed 0 / 幅 0 1)/ 一様 3 / 合わせた対照 3 -> 主表 9 行
[2023-10-08] 束 19(mixed 0 / 幅 0 12)/ 一様 19 / 合わせた対照 19 -> 主表 57 行
[2023-10-09] 束 28(mixed 0 / 幅 0 11)/ 一様 28 / 合わせた対照 22 -> 主表 78 行
[2023-10-10] 束 24(mixed 0 / 幅 0 13)/ 一様 24 / 合わせた対照 24 -> 主表 72 行
[2023-10-11] 束 29(mixed 0 / 幅 0 11)/ 一様 29 / 合わせた対照 27 -> 主表 85 行
[2023-10-12] 束 15(mixed 0 / 幅 0 8)/ 一様 15 / 合わせた対照 10 -> 主表 40 行
[2023-10-13] 束 22(mixed 0 / 幅 0 15)/ 一様 22 / 合わせた対照 22 -> 主表 66 行
[2023-10-14] 束 2(mixed 0 / 幅 0 1)/ 一様 2 / 合わせた対照 2 -> 主表 6 行
[2023-10-15] 束 12(mixed 0 / 幅 0 3)/ 一様 12 / 合わせた対照 12 -> 主表 36 行
[2023-10-16] 束 41(mixed 1 / 幅 0 21)/ 一様 41 / 合わせた対照 38 -> 主表 119 行
[2023-10-17] 束 37(mixed 0 / 幅 0 22)/ 一様 37 / 合わせた対照 35 -> 主表 109 行
[2023-10-18] 束 19(mixed 1 / 幅 0 12)/ 一様 19 / 合わせた対照 19 -> 主表 56 行
[2023-10-19] 束 28(mixed 0 / 幅 0 15)/ 一様 28 / 合わせた対照 23 -> 主表 79 行
[2023-10-20] 束 52(mixed 1 / 幅 0 24)/ 一様 52 / 合わせた対照 52 -> 主表 155 行
[2023-10-21] 束 22(mixed 1 / 幅 0 7)/ 一様 22 / 合わせた対照 17 -> 主表 60 行
[2023-10-22] 束 18(mixed 0 / 幅 0 7)/ 一様 18 / 合わせた対照 18 -> 主表 54 行
[2023-10-23] 束 68(mixed 4 / 幅 0 23)/ 一様 68 / 合わせた対照 63 -> 主表 195 行
[2023-10-24] 束 94(mixed 5 / 幅 0 40)/ 一様 94 / 合わせた対照 92 -> 主表 275 行
[2023-10-25] 束 61(mixed 3 / 幅 0 31)/ 一様 61 / 合わせた対照 54 -> 主表 173 行
[2023-10-26] 束 47(mixed 0 / 幅 0 22)/ 一様 47 / 合わせた対照 41 -> 主表 135 行
[2023-10-27] 束 37(mixed 0 / 幅 0 18)/ 一様 37 / 合わせた対照 36 -> 主表 110 行
[2023-10-28] 束 15(mixed 0 / 幅 0 9)/ 一様 15 / 合わせた対照 15 -> 主表 45 行
[2023-10-29] 束 29(mixed 0 / 幅 0 14)/ 一様 29 / 合わせた対照 27 -> 主表 85 行
[2023-10-30] 束 26(mixed 0 / 幅 0 10)/ 一様 26 / 合わせた対照 26 -> 主表 78 行
[2023-10-31] 束 33(mixed 0 / 幅 0 11)/ 一様 33 / 合わせた対照 33 -> 主表 99 行
[2023-11-01] 束 37(mixed 3 / 幅 0 20)/ 一様 37 / 合わせた対照 33 -> 主表 104 行
[2023-11-02] 束 52(mixed 0 / 幅 0 30)/ 一様 52 / 合わせた対照 48 -> 主表 152 行
[2023-11-03] 束 36(mixed 0 / 幅 0 15)/ 一様 36 / 合わせた対照 34 -> 主表 106 行
[2023-11-04] 束 18(mixed 0 / 幅 0 6)/ 一様 18 / 合わせた対照 18 -> 主表 54 行
[2023-11-05] 束 21(mixed 0 / 幅 0 9)/ 一様 21 / 合わせた対照 21 -> 主表 63 行
[2023-11-06] 束 27(mixed 0 / 幅 0 16)/ 一様 27 / 合わせた対照 27 -> 主表 81 行
[2023-11-07] 束 36(mixed 2 / 幅 0 20)/ 一様 36 / 合わせた対照 31 -> 主表 101 行
[2023-11-08] 束 28(mixed 2 / 幅 0 12)/ 一様 28 / 合わせた対照 20 -> 主表 74 行
[2023-11-09] 束 60(mixed 3 / 幅 0 26)/ 一様 60 / 合わせた対照 52 -> 主表 169 行
[2023-11-10] 束 46(mixed 0 / 幅 0 22)/ 一様 46 / 合わせた対照 42 -> 主表 134 行
[2023-11-11] 束 27(mixed 0 / 幅 0 14)/ 一様 27 / 合わせた対照 18 -> 主表 72 行
[2023-11-12] 束 11(mixed 0 / 幅 0 4)/ 一様 11 / 合わせた対照 9 -> 主表 31 行
[2023-11-13] 束 35(mixed 0 / 幅 0 17)/ 一様 35 / 合わせた対照 31 -> 主表 101 行
[2023-11-14] 束 53(mixed 0 / 幅 0 29)/ 一様 53 / 合わせた対照 52 -> 主表 158 行
[2023-11-15] 束 51(mixed 2 / 幅 0 26)/ 一様 51 / 合わせた対照 46 -> 主表 146 行
[2023-11-16] 束 55(mixed 1 / 幅 0 22)/ 一様 55 / 合わせた対照 43 -> 主表 152 行
[2023-11-17] 束 42(mixed 0 / 幅 0 26)/ 一様 42 / 合わせた対照 41 -> 主表 125 行
[2023-11-18] 束 17(mixed 0 / 幅 0 10)/ 一様 17 / 合わせた対照 17 -> 主表 51 行
[2023-11-19] 束 26(mixed 0 / 幅 0 15)/ 一様 26 / 合わせた対照 22 -> 主表 74 行
[2023-11-20] 束 35(mixed 0 / 幅 0 21)/ 一様 35 / 合わせた対照 34 -> 主表 104 行
[2023-11-21] 束 47(mixed 2 / 幅 0 18)/ 一様 47 / 合わせた対照 34 -> 主表 126 行
[2023-11-22] 束 35(mixed 0 / 幅 0 18)/ 一様 35 / 合わせた対照 33 -> 主表 103 行
[2023-11-23] 束 20(mixed 0 / 幅 0 13)/ 一様 20 / 合わせた対照 20 -> 主表 60 行
[2023-11-24] 束 32(mixed 1 / 幅 0 12)/ 一様 32 / 合わせた対照 31 -> 主表 94 行
[2023-11-25] 束 3(mixed 0 / 幅 0 3)/ 一様 3 / 合わせた対照 3 -> 主表 9 行
[2023-11-26] 束 23(mixed 0 / 幅 0 12)/ 一様 23 / 合わせた対照 21 -> 主表 67 行
[2023-11-27] 束 30(mixed 0 / 幅 0 15)/ 一様 30 / 合わせた対照 29 -> 主表 89 行
[2023-11-28] 束 31(mixed 1 / 幅 0 10)/ 一様 31 / 合わせた対照 31 -> 主表 92 行
[2023-11-29] 束 30(mixed 1 / 幅 0 17)/ 一様 30 / 合わせた対照 26 -> 主表 85 行
[2023-11-30] 束 25(mixed 0 / 幅 0 13)/ 一様 25 / 合わせた対照 23 -> 主表 73 行
[2023-12-01] 束 36(mixed 0 / 幅 0 16)/ 一様 36 / 合わせた対照 33 -> 主表 105 行
[2023-12-02] 束 14(mixed 0 / 幅 0 3)/ 一様 14 / 合わせた対照 14 -> 主表 42 行
[2023-12-03] 束 26(mixed 0 / 幅 0 14)/ 一様 26 / 合わせた対照 25 -> 主表 77 行
[2023-12-04] 束 73(mixed 1 / 幅 0 28)/ 一様 73 / 合わせた対照 68 -> 主表 213 行
[2023-12-05] 束 65(mixed 3 / 幅 0 30)/ 一様 65 / 合わせた対照 54 -> 主表 181 行
[2023-12-06] 束 55(mixed 1 / 幅 0 23)/ 一様 55 / 合わせた対照 45 -> 主表 154 行
[2023-12-07] 束 41(mixed 0 / 幅 0 19)/ 一様 41 / 合わせた対照 39 -> 主表 121 行
[2023-12-08] 束 34(mixed 1 / 幅 0 16)/ 一様 34 / 合わせた対照 34 -> 主表 101 行
[2023-12-09] 束 23(mixed 0 / 幅 0 15)/ 一様 23 / 合わせた対照 21 -> 主表 67 行
[2023-12-10] 束 16(mixed 0 / 幅 0 9)/ 一様 16 / 合わせた対照 16 -> 主表 48 行
[2023-12-11] 束 68(mixed 3 / 幅 0 22)/ 一様 68 / 合わせた対照 60 -> 主表 193 行
[2023-12-12] 束 49(mixed 2 / 幅 0 19)/ 一様 49 / 合わせた対照 47 -> 主表 143 行
[2023-12-13] 束 42(mixed 0 / 幅 0 19)/ 一様 42 / 合わせた対照 36 -> 主表 120 行
[2023-12-14] 束 44(mixed 0 / 幅 0 25)/ 一様 44 / 合わせた対照 41 -> 主表 129 行
[2023-12-15] 束 35(mixed 0 / 幅 0 19)/ 一様 35 / 合わせた対照 23 -> 主表 93 行
[2023-12-16] 束 22(mixed 0 / 幅 0 11)/ 一様 22 / 合わせた対照 22 -> 主表 66 行
[2023-12-17] 束 39(mixed 0 / 幅 0 21)/ 一様 39 / 合わせた対照 28 -> 主表 106 行
[2023-12-18] 束 46(mixed 0 / 幅 0 23)/ 一様 46 / 合わせた対照 42 -> 主表 134 行
[2023-12-19] 束 53(mixed 0 / 幅 0 27)/ 一様 53 / 合わせた対照 38 -> 主表 144 行
[2023-12-20] 束 40(mixed 0 / 幅 0 19)/ 一様 40 / 合わせた対照 34 -> 主表 114 行
[2023-12-21] 束 37(mixed 0 / 幅 0 17)/ 一様 37 / 合わせた対照 35 -> 主表 109 行
[2023-12-22] 束 24(mixed 0 / 幅 0 12)/ 一様 24 / 合わせた対照 24 -> 主表 72 行
[2023-12-23] 束 15(mixed 0 / 幅 0 10)/ 一様 15 / 合わせた対照 13 -> 主表 43 行
[2023-12-24] 束 20(mixed 1 / 幅 0 8)/ 一様 20 / 合わせた対照 20 -> 主表 59 行
[2023-12-25] 束 19(mixed 0 / 幅 0 8)/ 一様 19 / 合わせた対照 19 -> 主表 57 行
[2023-12-26] 束 35(mixed 1 / 幅 0 13)/ 一様 35 / 合わせた対照 34 -> 主表 103 行
[2023-12-27] 束 30(mixed 0 / 幅 0 14)/ 一様 30 / 合わせた対照 26 -> 主表 86 行
[2023-12-28] 束 45(mixed 0 / 幅 0 25)/ 一様 45 / 合わせた対照 45 -> 主表 135 行
[2023-12-29] 束 35(mixed 0 / 幅 0 16)/ 一様 35 / 合わせた対照 32 -> 主表 102 行
[2023-12-30] 束 29(mixed 0 / 幅 0 15)/ 一様 29 / 合わせた対照 26 -> 主表 84 行
[2023-12-31] 束 27(mixed 0 / 幅 0 16)/ 一様 27 / 合わせた対照 27 -> 主表 81 行
[2024-01-01] 束 33(mixed 0 / 幅 0 13)/ 一様 33 / 合わせた対照 25 -> 主表 91 行
[2024-01-02] 束 66(mixed 2 / 幅 0 29)/ 一様 66 / 合わせた対照 61 -> 主表 191 行
[2024-01-03] 束 53(mixed 6 / 幅 0 22)/ 一様 53 / 合わせた対照 50 -> 主表 150 行
[2024-01-04] 束 50(mixed 2 / 幅 0 24)/ 一様 50 / 合わせた対照 46 -> 主表 144 行
[2024-01-05] 束 47(mixed 1 / 幅 0 22)/ 一様 47 / 合わせた対照 41 -> 主表 134 行
[2024-01-06] 束 17(mixed 2 / 幅 0 9)/ 一様 17 / 合わせた対照 14 -> 主表 46 行
[2024-01-07] 束 31(mixed 1 / 幅 0 19)/ 一様 31 / 合わせた対照 22 -> 主表 83 行
[2024-01-08] 束 62(mixed 5 / 幅 0 27)/ 一様 62 / 合わせた対照 47 -> 主表 166 行
[2024-01-09] 束 43(mixed 4 / 幅 0 22)/ 一様 43 / 合わせた対照 42 -> 主表 124 行
[2024-01-10] 束 76(mixed 4 / 幅 0 33)/ 一様 76 / 合わせた対照 69 -> 主表 217 行
[2024-01-11] 束 66(mixed 5 / 幅 0 26)/ 一様 66 / 合わせた対照 63 -> 主表 190 行
[2024-01-12] 束 76(mixed 6 / 幅 0 27)/ 一様 76 / 合わせた対照 70 -> 主表 216 行
[2024-01-13] 束 32(mixed 0 / 幅 0 21)/ 一様 32 / 合わせた対照 32 -> 主表 96 行
[2024-01-14] 束 39(mixed 0 / 幅 0 24)/ 一様 39 / 合わせた対照 37 -> 主表 115 行
[2024-01-15] 束 42(mixed 0 / 幅 0 18)/ 一様 42 / 合わせた対照 37 -> 主表 121 行
[2024-01-16] 束 42(mixed 0 / 幅 0 19)/ 一様 42 / 合わせた対照 36 -> 主表 120 行
[2024-01-17] 束 42(mixed 0 / 幅 0 21)/ 一様 42 / 合わせた対照 37 -> 主表 121 行
[2024-01-18] 束 42(mixed 0 / 幅 0 20)/ 一様 42 / 合わせた対照 42 -> 主表 126 行
[2024-01-19] 束 40(mixed 1 / 幅 0 15)/ 一様 40 / 合わせた対照 32 -> 主表 111 行
[2024-01-20] 束 10(mixed 0 / 幅 0 7)/ 一様 10 / 合わせた対照 10 -> 主表 30 行
[2024-01-21] 束 8(mixed 0 / 幅 0 4)/ 一様 8 / 合わせた対照 8 -> 主表 24 行
[2024-01-22] 束 56(mixed 0 / 幅 0 20)/ 一様 56 / 合わせた対照 53 -> 主表 165 行
[2024-01-23] 束 58(mixed 2 / 幅 0 25)/ 一様 58 / 合わせた対照 56 -> 主表 170 行
[2024-01-24] 束 39(mixed 1 / 幅 0 23)/ 一様 39 / 合わせた対照 39 -> 主表 116 行
[2024-01-25] 束 23(mixed 0 / 幅 0 10)/ 一様 23 / 合わせた対照 18 -> 主表 64 行
[2024-01-26] 束 46(mixed 0 / 幅 0 20)/ 一様 46 / 合わせた対照 36 -> 主表 128 行
[2024-01-27] 束 13(mixed 0 / 幅 0 7)/ 一様 13 / 合わせた対照 13 -> 主表 39 行
[2024-01-28] 束 29(mixed 0 / 幅 0 12)/ 一様 29 / 合わせた対照 25 -> 主表 83 行
[2024-01-29] 束 39(mixed 0 / 幅 0 24)/ 一様 39 / 合わせた対照 35 -> 主表 113 行
[2024-01-30] 束 33(mixed 0 / 幅 0 14)/ 一様 33 / 合わせた対照 28 -> 主表 94 行
[2024-01-31] 束 30(mixed 0 / 幅 0 14)/ 一様 30 / 合わせた対照 29 -> 主表 89 行
[2024-02-01] 束 38(mixed 0 / 幅 0 26)/ 一様 38 / 合わせた対照 35 -> 主表 111 行
[2024-02-02] 束 25(mixed 0 / 幅 0 12)/ 一様 25 / 合わせた対照 25 -> 主表 75 行
[2024-02-03] 束 9(mixed 0 / 幅 0 5)/ 一様 9 / 合わせた対照 9 -> 主表 27 行
[2024-02-04] 束 18(mixed 0 / 幅 0 9)/ 一様 18 / 合わせた対照 18 -> 主表 54 行
[2024-02-05] 束 33(mixed 1 / 幅 0 19)/ 一様 33 / 合わせた対照 33 -> 主表 98 行
[2024-02-06] 束 18(mixed 0 / 幅 0 9)/ 一様 18 / 合わせた対照 18 -> 主表 54 行
[2024-02-07] 束 26(mixed 0 / 幅 0 12)/ 一様 26 / 合わせた対照 25 -> 主表 77 行
[2024-02-08] 束 32(mixed 0 / 幅 0 15)/ 一様 32 / 合わせた対照 30 -> 主表 94 行
[2024-02-09] 束 59(mixed 0 / 幅 0 21)/ 一様 59 / 合わせた対照 49 -> 主表 167 行
[2024-02-10] 束 20(mixed 0 / 幅 0 12)/ 一様 20 / 合わせた対照 20 -> 主表 60 行
[2024-02-11] 束 25(mixed 1 / 幅 0 10)/ 一様 25 / 合わせた対照 24 -> 主表 73 行
[2024-02-12] 束 50(mixed 2 / 幅 0 14)/ 一様 50 / 合わせた対照 46 -> 主表 144 行
[2024-02-13] 束 58(mixed 2 / 幅 0 31)/ 一様 58 / 合わせた対照 50 -> 主表 164 行
[2024-02-14] 束 42(mixed 1 / 幅 0 17)/ 一様 42 / 合わせた対照 37 -> 主表 120 行
[2024-02-27] 束 66(mixed 2 / 幅 0 25)/ 一様 66 / 合わせた対照 60 -> 主表 190 行
[2024-02-28] 束 84(mixed 16 / 幅 0 21)/ 一様 84 / 合わせた対照 84 -> 主表 236 行
[2024-02-29] 束 95(mixed 6 / 幅 0 41)/ 一様 95 / 合わせた対照 86 -> 主表 270 行
[2024-03-01] 束 54(mixed 1 / 幅 0 29)/ 一様 54 / 合わせた対照 54 -> 主表 161 行
[2024-03-02] 束 27(mixed 1 / 幅 0 13)/ 一様 27 / 合わせた対照 27 -> 主表 80 行
[2024-03-03] 束 34(mixed 1 / 幅 0 18)/ 一様 34 / 合わせた対照 32 -> 主表 99 行
[2024-03-04] 束 82(mixed 1 / 幅 0 23)/ 一様 82 / 合わせた対照 63 -> 主表 226 行
[2024-03-05] 束 113(mixed 23 / 幅 0 34)/ 一様 113 / 合わせた対照 104 -> 主表 307 行
[2024-03-06] 束 92(mixed 8 / 幅 0 32)/ 一様 92 / 合わせた対照 87 -> 主表 263 行
[2024-03-07] 束 53(mixed 0 / 幅 0 29)/ 一様 53 / 合わせた対照 52 -> 主表 158 行
[2024-03-08] 束 53(mixed 7 / 幅 0 28)/ 一様 53 / 合わせた対照 46 -> 主表 145 行
[2024-03-09] 束 23(mixed 0 / 幅 0 17)/ 一様 23 / 合わせた対照 23 -> 主表 69 行
[2024-03-10] 束 41(mixed 0 / 幅 0 19)/ 一様 41 / 合わせた対照 36 -> 主表 118 行
[2024-03-11] 束 60(mixed 5 / 幅 0 21)/ 一様 60 / 合わせた対照 55 -> 主表 170 行
[2024-03-12] 束 63(mixed 7 / 幅 0 28)/ 一様 63 / 合わせた対照 60 -> 主表 179 行
[2024-03-13] 束 46(mixed 0 / 幅 0 19)/ 一様 46 / 合わせた対照 42 -> 主表 134 行
[2024-03-14] 束 80(mixed 8 / 幅 0 23)/ 一様 80 / 合わせた対照 74 -> 主表 226 行
[2024-03-15] 束 105(mixed 11 / 幅 0 42)/ 一様 105 / 合わせた対照 102 -> 主表 301 行
[2024-03-16] 束 69(mixed 1 / 幅 0 33)/ 一様 69 / 合わせた対照 60 -> 主表 197 行
[2024-03-17] 束 58(mixed 1 / 幅 0 22)/ 一様 58 / 合わせた対照 56 -> 主表 171 行
[2024-03-18] 束 61(mixed 1 / 幅 0 33)/ 一様 61 / 合わせた対照 58 -> 主表 179 行
[2024-03-19] 束 102(mixed 12 / 幅 0 33)/ 一様 102 / 合わせた対照 84 -> 主表 276 行
[2024-03-20] 束 96(mixed 7 / 幅 0 39)/ 一様 96 / 合わせた対照 82 -> 主表 267 行
[2024-03-21] 束 73(mixed 2 / 幅 0 37)/ 一様 73 / 合わせた対照 62 -> 主表 206 行
[2024-03-22] 束 70(mixed 3 / 幅 0 32)/ 一様 70 / 合わせた対照 65 -> 主表 202 行
[2024-03-23] 束 51(mixed 0 / 幅 0 26)/ 一様 51 / 合わせた対照 47 -> 主表 149 行
[2024-03-24] 束 44(mixed 1 / 幅 0 18)/ 一様 44 / 合わせた対照 32 -> 主表 119 行
[2024-03-25] 束 65(mixed 3 / 幅 0 34)/ 一様 65 / 合わせた対照 58 -> 主表 185 行
[2024-03-26] 束 47(mixed 0 / 幅 0 23)/ 一様 47 / 合わせた対照 42 -> 主表 136 行
[2024-03-27] 束 58(mixed 3 / 幅 0 29)/ 一様 58 / 合わせた対照 56 -> 主表 169 行
[2024-03-28] 束 40(mixed 1 / 幅 0 19)/ 一様 40 / 合わせた対照 40 -> 主表 119 行
[2024-03-29] 束 25(mixed 0 / 幅 0 8)/ 一様 25 / 合わせた対照 23 -> 主表 73 行
[2024-03-30] 束 15(mixed 0 / 幅 0 9)/ 一様 15 / 合わせた対照 15 -> 主表 45 行
[2024-03-31] 束 22(mixed 0 / 幅 0 15)/ 一様 22 / 合わせた対照 22 -> 主表 66 行
[2024-04-01] 束 49(mixed 1 / 幅 0 26)/ 一様 49 / 合わせた対照 47 -> 主表 144 行
[2024-04-02] 束 84(mixed 6 / 幅 0 45)/ 一様 84 / 合わせた対照 79 -> 主表 241 行
[2024-04-03] 束 45(mixed 2 / 幅 0 20)/ 一様 45 / 合わせた対照 45 -> 主表 133 行
[2024-04-04] 束 49(mixed 0 / 幅 0 24)/ 一様 49 / 合わせた対照 40 -> 主表 138 行
[2024-04-05] 束 49(mixed 2 / 幅 0 26)/ 一様 49 / 合わせた対照 44 -> 主表 140 行
[2024-04-06] 束 18(mixed 0 / 幅 0 5)/ 一様 18 / 合わせた対照 16 -> 主表 52 行
[2024-04-07] 束 28(mixed 0 / 幅 0 15)/ 一様 28 / 合わせた対照 19 -> 主表 75 行
[2024-04-08] 束 45(mixed 0 / 幅 0 21)/ 一様 45 / 合わせた対照 43 -> 主表 133 行
[2024-04-09] 束 45(mixed 3 / 幅 0 19)/ 一様 45 / 合わせた対照 43 -> 主表 130 行
[2024-04-10] 束 46(mixed 1 / 幅 0 16)/ 一様 46 / 合わせた対照 42 -> 主表 133 行
[2024-04-11] 束 37(mixed 0 / 幅 0 15)/ 一様 37 / 合わせた対照 34 -> 主表 108 行
[2024-04-12] 束 45(mixed 6 / 幅 0 21)/ 一様 45 / 合わせた対照 40 -> 主表 124 行
[2024-04-13] 束 59(mixed 7 / 幅 0 28)/ 一様 59 / 合わせた対照 59 -> 主表 170 行
[2024-04-14] 束 78(mixed 5 / 幅 0 36)/ 一様 78 / 合わせた対照 76 -> 主表 227 行
[2024-04-15] 束 57(mixed 5 / 幅 0 28)/ 一様 57 / 合わせた対照 49 -> 主表 158 行
[2024-04-16] 束 80(mixed 1 / 幅 0 48)/ 一様 80 / 合わせた対照 77 -> 主表 236 行
[2024-04-17] 束 61(mixed 4 / 幅 0 27)/ 一様 61 / 合わせた対照 58 -> 主表 176 行
[2024-04-18] 束 58(mixed 0 / 幅 0 24)/ 一様 58 / 合わせた対照 48 -> 主表 164 行
[2024-04-19] 束 77(mixed 6 / 幅 0 31)/ 一様 77 / 合わせた対照 68 -> 主表 216 行
[2024-04-20] 束 32(mixed 1 / 幅 0 14)/ 一様 32 / 合わせた対照 26 -> 主表 89 行
[2024-04-21] 束 27(mixed 0 / 幅 0 11)/ 一様 27 / 合わせた対照 24 -> 主表 78 行
[2024-04-22] 束 41(mixed 0 / 幅 0 23)/ 一様 41 / 合わせた対照 36 -> 主表 118 行
[2024-04-23] 束 31(mixed 0 / 幅 0 17)/ 一様 31 / 合わせた対照 27 -> 主表 89 行
[2024-04-24] 束 38(mixed 0 / 幅 0 19)/ 一様 38 / 合わせた対照 31 -> 主表 107 行
[2024-04-25] 束 48(mixed 0 / 幅 0 23)/ 一様 48 / 合わせた対照 47 -> 主表 143 行
[2024-04-26] 束 36(mixed 0 / 幅 0 13)/ 一様 36 / 合わせた対照 29 -> 主表 101 行
[2024-04-27] 束 20(mixed 0 / 幅 0 10)/ 一様 20 / 合わせた対照 20 -> 主表 60 行
[2024-04-28] 束 20(mixed 0 / 幅 0 10)/ 一様 20 / 合わせた対照 15 -> 主表 55 行
[2024-04-29] 束 41(mixed 0 / 幅 0 19)/ 一様 41 / 合わせた対照 40 -> 主表 122 行
[2024-04-30] 束 57(mixed 5 / 幅 0 21)/ 一様 57 / 合わせた対照 48 -> 主表 157 行
[2024-05-01] 束 88(mixed 4 / 幅 0 44)/ 一様 88 / 合わせた対照 78 -> 主表 250 行
[2024-05-02] 束 39(mixed 0 / 幅 0 20)/ 一様 39 / 合わせた対照 36 -> 主表 114 行
[2024-05-03] 束 54(mixed 2 / 幅 0 24)/ 一様 54 / 合わせた対照 48 -> 主表 154 行
[2024-05-04] 束 33(mixed 0 / 幅 0 13)/ 一様 33 / 合わせた対照 30 -> 主表 96 行
[2024-05-05] 束 32(mixed 0 / 幅 0 22)/ 一様 32 / 合わせた対照 31 -> 主表 95 行
[2024-05-06] 束 41(mixed 1 / 幅 0 16)/ 一様 41 / 合わせた対照 37 -> 主表 118 行
[2024-05-07] 束 34(mixed 0 / 幅 0 15)/ 一様 34 / 合わせた対照 32 -> 主表 100 行
[2024-05-08] 束 45(mixed 0 / 幅 0 19)/ 一様 45 / 合わせた対照 36 -> 主表 126 行
[2024-05-09] 束 45(mixed 0 / 幅 0 28)/ 一様 45 / 合わせた対照 37 -> 主表 127 行
[2024-05-10] 束 42(mixed 2 / 幅 0 25)/ 一様 42 / 合わせた対照 42 -> 主表 124 行
[2024-05-11] 束 11(mixed 0 / 幅 0 5)/ 一様 11 / 合わせた対照 11 -> 主表 33 行
[2024-05-12] 束 12(mixed 0 / 幅 0 6)/ 一様 12 / 合わせた対照 12 -> 主表 36 行
[2024-05-13] 束 40(mixed 1 / 幅 0 24)/ 一様 40 / 合わせた対照 34 -> 主表 113 行
[2024-05-14] 束 39(mixed 0 / 幅 0 24)/ 一様 39 / 合わせた対照 39 -> 主表 117 行
[2024-05-15] 束 45(mixed 0 / 幅 0 20)/ 一様 45 / 合わせた対照 41 -> 主表 131 行
[2024-05-16] 束 41(mixed 1 / 幅 0 24)/ 一様 41 / 合わせた対照 38 -> 主表 119 行
[2024-05-17] 束 32(mixed 1 / 幅 0 15)/ 一様 32 / 合わせた対照 32 -> 主表 95 行
[2024-05-18] 束 12(mixed 0 / 幅 0 7)/ 一様 12 / 合わせた対照 12 -> 主表 36 行
[2024-05-19] 束 26(mixed 0 / 幅 0 14)/ 一様 26 / 合わせた対照 22 -> 主表 74 行
[2024-05-20] 束 44(mixed 0 / 幅 0 19)/ 一様 44 / 合わせた対照 42 -> 主表 130 行
[2024-05-21] 束 41(mixed 0 / 幅 0 24)/ 一様 41 / 合わせた対照 31 -> 主表 113 行
[2024-05-22] 束 36(mixed 0 / 幅 0 18)/ 一様 36 / 合わせた対照 35 -> 主表 107 行
[2024-05-23] 束 37(mixed 2 / 幅 0 18)/ 一様 37 / 合わせた対照 34 -> 主表 106 行
[2024-05-24] 束 34(mixed 0 / 幅 0 14)/ 一様 34 / 合わせた対照 31 -> 主表 99 行
[2024-05-25] 束 11(mixed 0 / 幅 0 5)/ 一様 11 / 合わせた対照 11 -> 主表 33 行
[2024-05-26] 束 10(mixed 0 / 幅 0 5)/ 一様 10 / 合わせた対照 9 -> 主表 29 行
[2024-05-27] 束 32(mixed 0 / 幅 0 15)/ 一様 32 / 合わせた対照 32 -> 主表 96 行
[2024-05-28] 束 45(mixed 0 / 幅 0 27)/ 一様 45 / 合わせた対照 41 -> 主表 131 行
[2024-05-29] 束 25(mixed 0 / 幅 0 11)/ 一様 25 / 合わせた対照 19 -> 主表 69 行
[2024-05-30] 束 31(mixed 0 / 幅 0 13)/ 一様 31 / 合わせた対照 31 -> 主表 93 行
[2024-05-31] 束 25(mixed 0 / 幅 0 11)/ 一様 25 / 合わせた対照 22 -> 主表 72 行
[2024-06-02] 束 15(mixed 0 / 幅 0 5)/ 一様 15 / 合わせた対照 10 -> 主表 40 行
[2024-06-03] 束 39(mixed 0 / 幅 0 21)/ 一様 39 / 合わせた対照 32 -> 主表 110 行
[2024-06-04] 束 31(mixed 0 / 幅 0 12)/ 一様 31 / 合わせた対照 24 -> 主表 86 行
[2024-06-05] 束 34(mixed 0 / 幅 0 19)/ 一様 34 / 合わせた対照 33 -> 主表 101 行
[2024-06-06] 束 22(mixed 0 / 幅 0 11)/ 一様 22 / 合わせた対照 18 -> 主表 62 行
[2024-06-07] 束 37(mixed 1 / 幅 0 21)/ 一様 37 / 合わせた対照 37 -> 主表 110 行
[2024-06-08] 束 1(mixed 0 / 幅 0 0)/ 一様 1 / 合わせた対照 1 -> 主表 3 行
[2024-06-09] 束 12(mixed 0 / 幅 0 9)/ 一様 12 / 合わせた対照 12 -> 主表 36 行
[2024-06-10] 束 17(mixed 0 / 幅 0 8)/ 一様 17 / 合わせた対照 17 -> 主表 51 行
[2024-06-13] 束 30(mixed 2 / 幅 0 15)/ 一様 30 / 合わせた対照 29 -> 主表 87 行
[2024-06-14] 束 33(mixed 1 / 幅 0 15)/ 一様 33 / 合わせた対照 26 -> 主表 91 行
[2024-06-15] 束 7(mixed 0 / 幅 0 4)/ 一様 7 / 合わせた対照 7 -> 主表 21 行
[2024-06-16] 束 7(mixed 0 / 幅 0 5)/ 一様 7 / 合わせた対照 7 -> 主表 21 行
[2024-06-17] 束 40(mixed 0 / 幅 0 16)/ 一様 40 / 合わせた対照 32 -> 主表 112 行
[2024-06-18] 束 46(mixed 1 / 幅 0 24)/ 一様 46 / 合わせた対照 41 -> 主表 132 行
[2024-06-19] 束 17(mixed 0 / 幅 0 7)/ 一様 17 / 合わせた対照 17 -> 主表 51 行
[2024-06-20] 束 33(mixed 0 / 幅 0 16)/ 一様 33 / 合わせた対照 33 -> 主表 99 行
[2024-06-21] 束 36(mixed 0 / 幅 0 18)/ 一様 36 / 合わせた対照 31 -> 主表 103 行
[2024-06-22] 束 2(mixed 0 / 幅 0 2)/ 一様 2 / 合わせた対照 2 -> 主表 6 行
[2024-06-23] 束 13(mixed 0 / 幅 0 5)/ 一様 13 / 合わせた対照 13 -> 主表 39 行
[2024-06-24] 束 72(mixed 2 / 幅 0 28)/ 一様 72 / 合わせた対照 64 -> 主表 206 行
[2024-06-25] 束 35(mixed 1 / 幅 0 19)/ 一様 35 / 合わせた対照 35 -> 主表 104 行
[2024-06-26] 束 28(mixed 0 / 幅 0 14)/ 一様 28 / 合わせた対照 28 -> 主表 84 行
[2024-06-27] 束 24(mixed 0 / 幅 0 15)/ 一様 24 / 合わせた対照 23 -> 主表 71 行
[2024-06-28] 束 29(mixed 1 / 幅 0 11)/ 一様 29 / 合わせた対照 26 -> 主表 83 行
[2024-06-29] 束 10(mixed 0 / 幅 0 8)/ 一様 10 / 合わせた対照 10 -> 主表 30 行
[2024-06-30] 束 14(mixed 0 / 幅 0 3)/ 一様 14 / 合わせた対照 14 -> 主表 42 行
[2024-07-01] 束 22(mixed 0 / 幅 0 12)/ 一様 22 / 合わせた対照 22 -> 主表 66 行
[2024-07-02] 束 17(mixed 0 / 幅 0 8)/ 一様 17 / 合わせた対照 16 -> 主表 50 行
[2024-07-03] 束 34(mixed 0 / 幅 0 13)/ 一様 34 / 合わせた対照 33 -> 主表 101 行
[2024-07-04] 束 68(mixed 2 / 幅 0 35)/ 一様 68 / 合わせた対照 67 -> 主表 201 行
[2024-07-05] 束 61(mixed 5 / 幅 0 31)/ 一様 61 / 合わせた対照 61 -> 主表 178 行
[2024-07-06] 束 30(mixed 0 / 幅 0 18)/ 一様 30 / 合わせた対照 20 -> 主表 80 行
[2024-07-07] 束 39(mixed 0 / 幅 0 22)/ 一様 39 / 合わせた対照 39 -> 主表 117 行
[2024-07-08] 束 63(mixed 2 / 幅 0 37)/ 一様 63 / 合わせた対照 54 -> 主表 178 行
[2024-07-09] 束 41(mixed 1 / 幅 0 26)/ 一様 41 / 合わせた対照 38 -> 主表 119 行
[2024-07-10] 束 31(mixed 0 / 幅 0 15)/ 一様 31 / 合わせた対照 27 -> 主表 89 行
[2024-07-11] 束 39(mixed 1 / 幅 0 17)/ 一様 39 / 合わせた対照 37 -> 主表 114 行
[2024-07-12] 束 35(mixed 0 / 幅 0 21)/ 一様 35 / 合わせた対照 29 -> 主表 99 行
[2024-07-13] 束 14(mixed 0 / 幅 0 7)/ 一様 14 / 合わせた対照 14 -> 主表 42 行
[2024-07-14] 束 26(mixed 0 / 幅 0 12)/ 一様 26 / 合わせた対照 20 -> 主表 72 行
[2024-07-15] 束 50(mixed 1 / 幅 0 23)/ 一様 50 / 合わせた対照 38 -> 主表 137 行
[2024-07-16] 束 48(mixed 1 / 幅 0 15)/ 一様 48 / 合わせた対照 42 -> 主表 137 行
[2024-07-17] 束 43(mixed 1 / 幅 0 20)/ 一様 43 / 合わせた対照 36 -> 主表 121 行
[2024-07-18] 束 40(mixed 0 / 幅 0 23)/ 一様 40 / 合わせた対照 35 -> 主表 115 行
[2024-07-19] 束 38(mixed 1 / 幅 0 15)/ 一様 38 / 合わせた対照 32 -> 主表 107 行
[2024-07-20] 束 15(mixed 0 / 幅 0 3)/ 一様 15 / 合わせた対照 13 -> 主表 43 行
[2024-07-21] 束 31(mixed 1 / 幅 0 11)/ 一様 31 / 合わせた対照 25 -> 主表 86 行
[2024-07-22] 束 44(mixed 0 / 幅 0 26)/ 一様 44 / 合わせた対照 42 -> 主表 130 行
[2024-07-23] 束 36(mixed 1 / 幅 0 15)/ 一様 36 / 合わせた対照 34 -> 主表 105 行
[2024-07-24] 束 30(mixed 0 / 幅 0 15)/ 一様 30 / 合わせた対照 30 -> 主表 90 行
[2024-07-25] 束 39(mixed 0 / 幅 0 20)/ 一様 39 / 合わせた対照 34 -> 主表 112 行
[2024-07-26] 束 31(mixed 1 / 幅 0 16)/ 一様 31 / 合わせた対照 26 -> 主表 87 行
[2024-07-27] 束 34(mixed 2 / 幅 0 14)/ 一様 34 / 合わせた対照 34 -> 主表 100 行
[2024-07-28] 束 20(mixed 0 / 幅 0 13)/ 一様 20 / 合わせた対照 20 -> 主表 60 行
[2024-07-29] 束 43(mixed 1 / 幅 0 19)/ 一様 43 / 合わせた対照 32 -> 主表 117 行
[2024-07-30] 束 38(mixed 0 / 幅 0 22)/ 一様 38 / 合わせた対照 38 -> 主表 114 行
[2024-07-31] 束 37(mixed 0 / 幅 0 19)/ 一様 37 / 合わせた対照 34 -> 主表 108 行
[2024-08-01] 束 67(mixed 0 / 幅 0 38)/ 一様 67 / 合わせた対照 63 -> 主表 197 行
[2024-08-02] 束 63(mixed 2 / 幅 0 33)/ 一様 63 / 合わせた対照 62 -> 主表 186 行
[2024-08-03] 束 43(mixed 1 / 幅 0 21)/ 一様 43 / 合わせた対照 38 -> 主表 123 行
[2024-08-04] 束 52(mixed 2 / 幅 0 21)/ 一様 52 / 合わせた対照 52 -> 主表 154 行
[2024-08-05] 束 121(mixed 33 / 幅 0 35)/ 一様 121 / 合わせた対照 93 -> 主表 302 行
[2024-08-06] 束 68(mixed 4 / 幅 0 33)/ 一様 68 / 合わせた対照 68 -> 主表 200 行
[2024-08-07] 束 65(mixed 1 / 幅 0 26)/ 一様 65 / 合わせた対照 56 -> 主表 185 行
[2024-08-08] 束 58(mixed 4 / 幅 0 30)/ 一様 58 / 合わせた対照 41 -> 主表 153 行
[2024-08-09] 束 47(mixed 1 / 幅 0 25)/ 一様 47 / 合わせた対照 46 -> 主表 139 行
[2024-08-10] 束 15(mixed 0 / 幅 0 10)/ 一様 15 / 合わせた対照 14 -> 主表 44 行
[2024-08-11] 束 40(mixed 2 / 幅 0 16)/ 一様 40 / 合わせた対照 28 -> 主表 106 行
[2024-08-12] 束 50(mixed 2 / 幅 0 28)/ 一様 50 / 合わせた対照 45 -> 主表 143 行
[2024-08-13] 束 43(mixed 0 / 幅 0 25)/ 一様 43 / 合わせた対照 38 -> 主表 124 行
[2024-08-14] 束 36(mixed 2 / 幅 0 20)/ 一様 36 / 合わせた対照 35 -> 主表 105 行
[2024-08-15] 束 43(mixed 5 / 幅 0 18)/ 一様 43 / 合わせた対照 40 -> 主表 121 行
[2024-08-16] 束 47(mixed 0 / 幅 0 27)/ 一様 47 / 合わせた対照 40 -> 主表 134 行
[2024-08-17] 束 11(mixed 0 / 幅 0 8)/ 一様 11 / 合わせた対照 7 -> 主表 29 行
[2024-08-18] 束 25(mixed 0 / 幅 0 11)/ 一様 25 / 合わせた対照 23 -> 主表 73 行
[2024-08-19] 束 30(mixed 0 / 幅 0 16)/ 一様 30 / 合わせた対照 25 -> 主表 85 行
[2024-08-20] 束 30(mixed 0 / 幅 0 14)/ 一様 30 / 合わせた対照 26 -> 主表 86 行
[2024-08-21] 束 34(mixed 2 / 幅 0 19)/ 一様 34 / 合わせた対照 27 -> 主表 93 行
[2024-08-22] 束 26(mixed 1 / 幅 0 16)/ 一様 26 / 合わせた対照 26 -> 主表 77 行
[2024-08-23] 束 33(mixed 1 / 幅 0 16)/ 一様 33 / 合わせた対照 27 -> 主表 92 行
[2024-08-24] 束 22(mixed 0 / 幅 0 13)/ 一様 22 / 合わせた対照 21 -> 主表 65 行
[2024-08-25] 束 16(mixed 0 / 幅 0 7)/ 一様 16 / 合わせた対照 15 -> 主表 47 行
[2024-08-26] 束 31(mixed 0 / 幅 0 19)/ 一様 31 / 合わせた対照 28 -> 主表 90 行
[2024-08-27] 束 42(mixed 1 / 幅 0 24)/ 一様 42 / 合わせた対照 39 -> 主表 122 行
[2024-08-28] 束 42(mixed 2 / 幅 0 22)/ 一様 42 / 合わせた対照 41 -> 主表 123 行
[2024-08-29] 束 36(mixed 0 / 幅 0 18)/ 一様 36 / 合わせた対照 36 -> 主表 108 行
[2024-08-30] 束 32(mixed 1 / 幅 0 17)/ 一様 32 / 合わせた対照 32 -> 主表 95 行
[2024-08-31] 束 8(mixed 0 / 幅 0 6)/ 一様 8 / 合わせた対照 8 -> 主表 24 行
[2024-09-01] 束 37(mixed 1 / 幅 0 18)/ 一様 37 / 合わせた対照 31 -> 主表 104 行
[2024-09-02] 束 23(mixed 0 / 幅 0 13)/ 一様 23 / 合わせた対照 23 -> 主表 69 行
[2024-09-03] 束 30(mixed 0 / 幅 0 18)/ 一様 30 / 合わせた対照 30 -> 主表 90 行
[2024-09-04] 束 32(mixed 1 / 幅 0 18)/ 一様 32 / 合わせた対照 31 -> 主表 94 行
[2024-09-05] 束 30(mixed 0 / 幅 0 17)/ 一様 30 / 合わせた対照 30 -> 主表 90 行
[2024-09-06] 束 49(mixed 2 / 幅 0 18)/ 一様 49 / 合わせた対照 49 -> 主表 145 行
[2024-09-07] 束 20(mixed 0 / 幅 0 13)/ 一様 20 / 合わせた対照 16 -> 主表 56 行
[2024-09-08] 束 20(mixed 1 / 幅 0 9)/ 一様 20 / 合わせた対照 12 -> 主表 51 行
[2024-09-09] 束 46(mixed 1 / 幅 0 21)/ 一様 46 / 合わせた対照 37 -> 主表 128 行
[2024-09-10] 束 38(mixed 0 / 幅 0 23)/ 一様 38 / 合わせた対照 38 -> 主表 114 行
[2024-09-11] 束 41(mixed 1 / 幅 0 21)/ 一様 41 / 合わせた対照 41 -> 主表 122 行
[2024-09-12] 束 31(mixed 2 / 幅 0 15)/ 一様 31 / 合わせた対照 27 -> 主表 87 行
[2024-09-13] 束 34(mixed 0 / 幅 0 19)/ 一様 34 / 合わせた対照 34 -> 主表 102 行
[2024-09-14] 束 12(mixed 0 / 幅 0 6)/ 一様 12 / 合わせた対照 9 -> 主表 33 行
[2024-09-15] 束 15(mixed 0 / 幅 0 6)/ 一様 15 / 合わせた対照 15 -> 主表 45 行
[2024-09-16] 束 34(mixed 0 / 幅 0 18)/ 一様 34 / 合わせた対照 34 -> 主表 102 行
[2024-09-17] 束 34(mixed 1 / 幅 0 17)/ 一様 34 / 合わせた対照 34 -> 主表 101 行
[2024-09-18] 束 44(mixed 3 / 幅 0 25)/ 一様 44 / 合わせた対照 43 -> 主表 128 行
[2024-09-19] 束 42(mixed 1 / 幅 0 20)/ 一様 42 / 合わせた対照 38 -> 主表 121 行
[2024-09-20] 束 28(mixed 0 / 幅 0 14)/ 一様 28 / 合わせた対照 23 -> 主表 79 行
[2024-09-21] 束 7(mixed 0 / 幅 0 4)/ 一様 7 / 合わせた対照 7 -> 主表 21 行
[2024-09-22] 束 24(mixed 0 / 幅 0 15)/ 一様 24 / 合わせた対照 24 -> 主表 72 行
[2024-09-23] 束 26(mixed 0 / 幅 0 13)/ 一様 26 / 合わせた対照 24 -> 主表 76 行
[2024-09-24] 束 35(mixed 1 / 幅 0 17)/ 一様 35 / 合わせた対照 35 -> 主表 104 行
[2024-09-25] 束 23(mixed 0 / 幅 0 13)/ 一様 23 / 合わせた対照 23 -> 主表 69 行
[2024-09-26] 束 39(mixed 1 / 幅 0 23)/ 一様 39 / 合わせた対照 39 -> 主表 116 行
[2024-09-27] 束 32(mixed 0 / 幅 0 20)/ 一様 32 / 合わせた対照 32 -> 主表 96 行
[2024-09-28] 束 11(mixed 0 / 幅 0 6)/ 一様 11 / 合わせた対照 9 -> 主表 31 行
[2024-09-29] 束 11(mixed 0 / 幅 0 9)/ 一様 11 / 合わせた対照 11 -> 主表 33 行
[2024-09-30] 束 41(mixed 0 / 幅 0 22)/ 一様 41 / 合わせた対照 34 -> 主表 116 行
[2024-10-01] 束 52(mixed 0 / 幅 0 31)/ 一様 52 / 合わせた対照 52 -> 主表 156 行
[2024-10-02] 束 44(mixed 0 / 幅 0 20)/ 一様 44 / 合わせた対照 42 -> 主表 130 行
[2024-10-03] 束 36(mixed 1 / 幅 0 18)/ 一様 36 / 合わせた対照 36 -> 主表 107 行
[2024-10-04] 束 30(mixed 0 / 幅 0 15)/ 一様 30 / 合わせた対照 30 -> 主表 90 行
[2024-10-05] 束 14(mixed 0 / 幅 0 12)/ 一様 14 / 合わせた対照 14 -> 主表 42 行
[2024-10-06] 束 12(mixed 1 / 幅 0 5)/ 一様 12 / 合わせた対照 12 -> 主表 35 行
[2024-10-07] 束 38(mixed 1 / 幅 0 21)/ 一様 38 / 合わせた対照 33 -> 主表 108 行
[2024-10-08] 束 26(mixed 0 / 幅 0 15)/ 一様 26 / 合わせた対照 22 -> 主表 74 行
[2024-10-09] 束 24(mixed 0 / 幅 0 12)/ 一様 24 / 合わせた対照 24 -> 主表 72 行
[2024-10-10] 束 37(mixed 0 / 幅 0 19)/ 一様 37 / 合わせた対照 37 -> 主表 111 行
[2024-10-11] 束 23(mixed 1 / 幅 0 8)/ 一様 23 / 合わせた対照 23 -> 主表 68 行
[2024-10-12] 束 13(mixed 0 / 幅 0 8)/ 一様 13 / 合わせた対照 13 -> 主表 39 行
行 44955(liq 15143 / control_uniform 15590 / control_matched 14222)/ mixed 除外 447 / W = 8.0h / gap = 180s / 所要 629.37 秒 -> backtest_data/o3c_reaction_20260918_full/gap180_w8
=== 2026-09-19T09:21:10Z exit=0 gap=180 W=8
=== 2026-09-19T09:21:10Z start gap=30 W=24 -> backtest_data/o3c_reaction_20260918_full/gap30_w24
清算 一意 53398 件(生 106822)-> 束 26199 個(gap 30000 ms)
[2023-06-27] 束 42(mixed 0 / 幅 0 27)/ 一様 42 / 合わせた対照 39 -> 主表 123 行
[2023-06-28] 束 49(mixed 0 / 幅 0 29)/ 一様 49 / 合わせた対照 44 -> 主表 142 行
[2023-06-29] 束 40(mixed 0 / 幅 0 24)/ 一様 40 / 合わせた対照 31 -> 主表 111 行
[2023-06-30] 束 77(mixed 2 / 幅 0 41)/ 一様 77 / 合わせた対照 63 -> 主表 215 行
[2023-07-01] 束 9(mixed 0 / 幅 0 8)/ 一様 9 / 合わせた対照 9 -> 主表 27 行
[2023-07-02] 束 17(mixed 0 / 幅 0 9)/ 一様 17 / 合わせた対照 16 -> 主表 50 行
[2023-07-03] 束 45(mixed 0 / 幅 0 25)/ 一様 45 / 合わせた対照 31 -> 主表 121 行
[2023-07-04] 束 27(mixed 0 / 幅 0 15)/ 一様 27 / 合わせた対照 25 -> 主表 79 行
[2023-07-05] 束 33(mixed 0 / 幅 0 15)/ 一様 33 / 合わせた対照 21 -> 主表 87 行
[2023-07-06] 束 97(mixed 0 / 幅 0 42)/ 一様 97 / 合わせた対照 74 -> 主表 268 行
[2023-07-07] 束 28(mixed 0 / 幅 0 17)/ 一様 28 / 合わせた対照 28 -> 主表 84 行
[2023-07-08] 束 7(mixed 0 / 幅 0 5)/ 一様 7 / 合わせた対照 7 -> 主表 21 行
[2023-07-09] 束 16(mixed 0 / 幅 0 9)/ 一様 16 / 合わせた対照 13 -> 主表 45 行
[2023-07-10] 束 57(mixed 0 / 幅 0 34)/ 一様 57 / 合わせた対照 44 -> 主表 158 行
[2023-07-11] 束 31(mixed 0 / 幅 0 24)/ 一様 31 / 合わせた対照 31 -> 主表 93 行
[2023-07-12] 束 36(mixed 0 / 幅 0 23)/ 一様 36 / 合わせた対照 36 -> 主表 108 行
[2023-07-13] 束 59(mixed 0 / 幅 0 25)/ 一様 59 / 合わせた対照 50 -> 主表 168 行
[2023-07-14] 束 50(mixed 0 / 幅 0 25)/ 一様 50 / 合わせた対照 48 -> 主表 148 行
[2023-07-15] 束 1(mixed 0 / 幅 0 1)/ 一様 1 / 合わせた対照 1 -> 主表 3 行
[2023-07-16] 束 15(mixed 0 / 幅 0 9)/ 一様 15 / 合わせた対照 13 -> 主表 43 行
[2023-07-17] 束 37(mixed 0 / 幅 0 20)/ 一様 37 / 合わせた対照 33 -> 主表 107 行
[2023-07-18] 束 33(mixed 0 / 幅 0 22)/ 一様 33 / 合わせた対照 30 -> 主表 96 行
[2023-07-19] 束 35(mixed 0 / 幅 0 24)/ 一様 35 / 合わせた対照 35 -> 主表 105 行
[2023-07-20] 束 40(mixed 0 / 幅 0 24)/ 一様 40 / 合わせた対照 38 -> 主表 118 行
[2023-07-21] 束 16(mixed 0 / 幅 0 10)/ 一様 16 / 合わせた対照 16 -> 主表 48 行
[2023-07-22] 束 11(mixed 0 / 幅 0 9)/ 一様 11 / 合わせた対照 11 -> 主表 33 行
[2023-07-23] 束 17(mixed 0 / 幅 0 6)/ 一様 17 / 合わせた対照 16 -> 主表 50 行
[2023-07-24] 束 55(mixed 0 / 幅 0 37)/ 一様 55 / 合わせた対照 50 -> 主表 160 行
[2023-07-25] 束 19(mixed 0 / 幅 0 16)/ 一様 19 / 合わせた対照 16 -> 主表 54 行
[2023-07-26] 束 29(mixed 0 / 幅 0 16)/ 一様 29 / 合わせた対照 29 -> 主表 87 行
[2023-07-27] 束 20(mixed 0 / 幅 0 10)/ 一様 20 / 合わせた対照 20 -> 主表 60 行
[2023-07-28] 束 21(mixed 0 / 幅 0 14)/ 一様 21 / 合わせた対照 18 -> 主表 60 行
[2023-07-29] 束 4(mixed 0 / 幅 0 3)/ 一様 4 / 合わせた対照 4 -> 主表 12 行
[2023-07-30] 束 8(mixed 0 / 幅 0 1)/ 一様 8 / 合わせた対照 8 -> 主表 24 行
[2023-07-31] 束 15(mixed 0 / 幅 0 7)/ 一様 15 / 合わせた対照 13 -> 主表 43 行
[2023-08-01] 束 44(mixed 0 / 幅 0 29)/ 一様 44 / 合わせた対照 40 -> 主表 128 行
[2023-08-02] 束 60(mixed 0 / 幅 0 38)/ 一様 60 / 合わせた対照 52 -> 主表 172 行
[2023-08-03] 束 21(mixed 0 / 幅 0 13)/ 一様 21 / 合わせた対照 19 -> 主表 61 行
[2023-08-04] 束 18(mixed 0 / 幅 0 11)/ 一様 18 / 合わせた対照 9 -> 主表 45 行
[2023-08-05] 束 2(mixed 0 / 幅 0 2)/ 一様 2 / 合わせた対照 2 -> 主表 6 行
[2023-08-06] 束 8(mixed 0 / 幅 0 5)/ 一様 8 / 合わせた対照 8 -> 主表 24 行
[2023-08-07] 束 36(mixed 0 / 幅 0 20)/ 一様 36 / 合わせた対照 27 -> 主表 99 行
[2023-08-08] 束 58(mixed 0 / 幅 0 39)/ 一様 58 / 合わせた対照 46 -> 主表 162 行
[2023-08-09] 束 43(mixed 0 / 幅 0 27)/ 一様 43 / 合わせた対照 30 -> 主表 116 行
[2023-08-10] 束 15(mixed 0 / 幅 0 11)/ 一様 15 / 合わせた対照 13 -> 主表 43 行
[2023-08-11] 束 5(mixed 0 / 幅 0 2)/ 一様 5 / 合わせた対照 5 -> 主表 15 行
[2023-08-12] 束 1(mixed 0 / 幅 0 1)/ 一様 1 / 合わせた対照 1 -> 主表 3 行
[2023-08-13] 束 9(mixed 0 / 幅 0 4)/ 一様 9 / 合わせた対照 8 -> 主表 26 行
[2023-08-14] 束 34(mixed 0 / 幅 0 17)/ 一様 34 / 合わせた対照 24 -> 主表 92 行
[2023-08-15] 束 11(mixed 0 / 幅 0 6)/ 一様 11 / 合わせた対照 8 -> 主表 30 行
[2023-08-16] 束 26(mixed 1 / 幅 0 14)/ 一様 26 / 合わせた対照 18 -> 主表 69 行
[2023-08-17] 束 104(mixed 5 / 幅 0 47)/ 一様 104 / 合わせた対照 101 -> 主表 304 行
[2023-08-18] 束 105(mixed 0 / 幅 0 62)/ 一様 105 / 合わせた対照 100 -> 主表 310 行
[2023-08-19] 束 25(mixed 0 / 幅 0 14)/ 一様 25 / 合わせた対照 25 -> 主表 75 行
[2023-08-20] 束 14(mixed 0 / 幅 0 11)/ 一様 14 / 合わせた対照 13 -> 主表 41 行
[2023-08-21] 束 30(mixed 0 / 幅 0 16)/ 一様 30 / 合わせた対照 26 -> 主表 86 行
[2023-08-22] 束 39(mixed 0 / 幅 0 22)/ 一様 39 / 合わせた対照 34 -> 主表 112 行
[2023-08-23] 束 58(mixed 0 / 幅 0 35)/ 一様 58 / 合わせた対照 39 -> 主表 155 行
[2023-08-24] 束 37(mixed 0 / 幅 0 20)/ 一様 37 / 合わせた対照 32 -> 主表 106 行
[2023-08-25] 束 31(mixed 0 / 幅 0 19)/ 一様 31 / 合わせた対照 25 -> 主表 87 行
[2023-08-26] 束 2(mixed 0 / 幅 0 2)/ 一様 2 / 合わせた対照 2 -> 主表 6 行
[2023-08-27] 束 7(mixed 0 / 幅 0 2)/ 一様 7 / 合わせた対照 7 -> 主表 21 行
[2023-08-28] 束 16(mixed 0 / 幅 0 7)/ 一様 16 / 合わせた対照 12 -> 主表 44 行
[2023-08-29] 束 66(mixed 2 / 幅 0 35)/ 一様 66 / 合わせた対照 52 -> 主表 182 行
[2023-08-30] 束 35(mixed 0 / 幅 0 23)/ 一様 35 / 合わせた対照 34 -> 主表 104 行
[2023-08-31] 束 44(mixed 0 / 幅 0 19)/ 一様 44 / 合わせた対照 25 -> 主表 113 行
[2023-09-01] 束 37(mixed 0 / 幅 0 16)/ 一様 37 / 合わせた対照 30 -> 主表 104 行
[2023-09-02] 束 9(mixed 0 / 幅 0 8)/ 一様 9 / 合わせた対照 4 -> 主表 22 行
[2023-09-03] 束 15(mixed 0 / 幅 0 11)/ 一様 15 / 合わせた対照 15 -> 主表 45 行
[2023-09-04] 束 22(mixed 0 / 幅 0 12)/ 一様 22 / 合わせた対照 18 -> 主表 62 行
[2023-09-05] 束 20(mixed 0 / 幅 0 15)/ 一様 20 / 合わせた対照 19 -> 主表 59 行
[2023-09-06] 束 29(mixed 0 / 幅 0 12)/ 一様 29 / 合わせた対照 28 -> 主表 86 行
[2023-09-07] 束 36(mixed 0 / 幅 0 25)/ 一様 36 / 合わせた対照 30 -> 主表 102 行
[2023-09-08] 束 26(mixed 0 / 幅 0 14)/ 一様 26 / 合わせた対照 25 -> 主表 77 行
[2023-09-10] 束 10(mixed 0 / 幅 0 3)/ 一様 10 / 合わせた対照 6 -> 主表 26 行
[2023-09-11] 束 38(mixed 0 / 幅 0 20)/ 一様 38 / 合わせた対照 26 -> 主表 102 行
[2023-09-12] 束 50(mixed 0 / 幅 0 25)/ 一様 50 / 合わせた対照 45 -> 主表 145 行
[2023-09-13] 束 30(mixed 0 / 幅 0 19)/ 一様 30 / 合わせた対照 30 -> 主表 90 行
[2023-09-14] 束 38(mixed 0 / 幅 0 22)/ 一様 38 / 合わせた対照 26 -> 主表 102 行
[2023-09-15] 束 37(mixed 0 / 幅 0 24)/ 一様 37 / 合わせた対照 32 -> 主表 106 行
[2023-09-16] 束 9(mixed 0 / 幅 0 6)/ 一様 9 / 合わせた対照 9 -> 主表 27 行
[2023-09-17] 束 11(mixed 0 / 幅 0 9)/ 一様 11 / 合わせた対照 9 -> 主表 31 行
[2023-09-18] 束 67(mixed 0 / 幅 0 37)/ 一様 67 / 合わせた対照 43 -> 主表 177 行
[2023-09-19] 束 64(mixed 0 / 幅 0 37)/ 一様 64 / 合わせた対照 54 -> 主表 182 行
[2023-09-20] 束 40(mixed 0 / 幅 0 23)/ 一様 40 / 合わせた対照 40 -> 主表 120 行
[2023-09-21] 束 48(mixed 0 / 幅 0 33)/ 一様 48 / 合わせた対照 34 -> 主表 130 行
[2023-09-22] 束 13(mixed 0 / 幅 0 12)/ 一様 13 / 合わせた対照 9 -> 主表 35 行
[2023-09-24] 束 13(mixed 0 / 幅 0 8)/ 一様 13 / 合わせた対照 11 -> 主表 37 行
[2023-09-26] 束 20(mixed 0 / 幅 0 16)/ 一様 20 / 合わせた対照 18 -> 主表 58 行
[2023-09-27] 束 52(mixed 0 / 幅 0 35)/ 一様 52 / 合わせた対照 26 -> 主表 130 行
[2023-09-28] 束 48(mixed 0 / 幅 0 26)/ 一様 48 / 合わせた対照 35 -> 主表 131 行
[2023-09-29] 束 36(mixed 0 / 幅 0 22)/ 一様 36 / 合わせた対照 36 -> 主表 108 行
[2023-09-30] 束 5(mixed 0 / 幅 0 4)/ 一様 5 / 合わせた対照 5 -> 主表 15 行
[2023-10-01] 束 22(mixed 1 / 幅 0 16)/ 一様 22 / 合わせた対照 21 -> 主表 64 行
[2023-10-02] 束 77(mixed 1 / 幅 0 46)/ 一様 77 / 合わせた対照 68 -> 主表 221 行
[2023-10-03] 束 33(mixed 0 / 幅 0 22)/ 一様 33 / 合わせた対照 27 -> 主表 93 行
[2023-10-04] 束 29(mixed 0 / 幅 0 17)/ 一様 29 / 合わせた対照 27 -> 主表 85 行
[2023-10-05] 束 42(mixed 0 / 幅 0 25)/ 一様 42 / 合わせた対照 32 -> 主表 116 行
[2023-10-06] 束 44(mixed 0 / 幅 0 30)/ 一様 44 / 合わせた対照 41 -> 主表 129 行
[2023-10-07] 束 4(mixed 0 / 幅 0 3)/ 一様 4 / 合わせた対照 4 -> 主表 12 行
[2023-10-08] 束 23(mixed 0 / 幅 0 17)/ 一様 23 / 合わせた対照 19 -> 主表 65 行
[2023-10-09] 束 35(mixed 0 / 幅 0 15)/ 一様 35 / 合わせた対照 31 -> 主表 101 行
[2023-10-10] 束 36(mixed 0 / 幅 0 25)/ 一様 36 / 合わせた対照 34 -> 主表 106 行
[2023-10-11] 束 43(mixed 0 / 幅 0 20)/ 一様 43 / 合わせた対照 33 -> 主表 119 行
[2023-10-12] 束 17(mixed 0 / 幅 0 11)/ 一様 17 / 合わせた対照 17 -> 主表 51 行
[2023-10-13] 束 27(mixed 0 / 幅 0 20)/ 一様 27 / 合わせた対照 19 -> 主表 73 行
[2023-10-14] 束 3(mixed 0 / 幅 0 3)/ 一様 3 / 合わせた対照 3 -> 主表 9 行
[2023-10-15] 束 16(mixed 0 / 幅 0 9)/ 一様 16 / 合わせた対照 15 -> 主表 47 行
[2023-10-16] 束 85(mixed 2 / 幅 0 51)/ 一様 85 / 合わせた対照 77 -> 主表 245 行
[2023-10-17] 束 49(mixed 0 / 幅 0 33)/ 一様 49 / 合わせた対照 49 -> 主表 147 行
[2023-10-18] 束 26(mixed 0 / 幅 0 19)/ 一様 26 / 合わせた対照 24 -> 主表 76 行
[2023-10-19] 束 40(mixed 0 / 幅 0 27)/ 一様 40 / 合わせた対照 30 -> 主表 110 行
[2023-10-20] 束 78(mixed 0 / 幅 0 44)/ 一様 78 / 合わせた対照 59 -> 主表 215 行
[2023-10-21] 束 39(mixed 0 / 幅 0 24)/ 一様 39 / 合わせた対照 29 -> 主表 107 行
[2023-10-22] 束 25(mixed 0 / 幅 0 17)/ 一様 25 / 合わせた対照 25 -> 主表 75 行
[2023-10-23] 束 154(mixed 3 / 幅 0 78)/ 一様 154 / 合わせた対照 101 -> 主表 406 行
[2023-10-24] 束 179(mixed 1 / 幅 0 104)/ 一様 179 / 合わせた対照 136 -> 主表 493 行
[2023-10-25] 束 93(mixed 0 / 幅 0 54)/ 一様 93 / 合わせた対照 74 -> 主表 260 行
[2023-10-26] 束 82(mixed 0 / 幅 0 56)/ 一様 82 / 合わせた対照 74 -> 主表 238 行
[2023-10-27] 束 61(mixed 0 / 幅 0 42)/ 一様 61 / 合わせた対照 57 -> 主表 179 行
[2023-10-28] 束 19(mixed 0 / 幅 0 15)/ 一様 19 / 合わせた対照 19 -> 主表 57 行
[2023-10-29] 束 42(mixed 0 / 幅 0 30)/ 一様 42 / 合わせた対照 34 -> 主表 118 行
[2023-10-30] 束 39(mixed 0 / 幅 0 23)/ 一様 39 / 合わせた対照 36 -> 主表 114 行
[2023-10-31] 束 52(mixed 0 / 幅 0 35)/ 一様 52 / 合わせた対照 51 -> 主表 155 行
[2023-11-01] 束 68(mixed 2 / 幅 0 40)/ 一様 68 / 合わせた対照 54 -> 主表 188 行
[2023-11-02] 束 67(mixed 0 / 幅 0 43)/ 一様 67 / 合わせた対照 66 -> 主表 200 行
[2023-11-03] 束 67(mixed 0 / 幅 0 46)/ 一様 67 / 合わせた対照 57 -> 主表 191 行
[2023-11-04] 束 26(mixed 0 / 幅 0 17)/ 一様 26 / 合わせた対照 18 -> 主表 70 行
[2023-11-05] 束 44(mixed 0 / 幅 0 30)/ 一様 44 / 合わせた対照 39 -> 主表 127 行
[2023-11-06] 束 35(mixed 0 / 幅 0 27)/ 一様 35 / 合わせた対照 35 -> 主表 105 行
[2023-11-07] 束 65(mixed 0 / 幅 0 43)/ 一様 65 / 合わせた対照 45 -> 主表 175 行
[2023-11-08] 束 44(mixed 0 / 幅 0 28)/ 一様 44 / 合わせた対照 41 -> 主表 129 行
[2023-11-09] 束 102(mixed 1 / 幅 0 50)/ 一様 102 / 合わせた対照 84 -> 主表 287 行
[2023-11-10] 束 81(mixed 0 / 幅 0 62)/ 一様 81 / 合わせた対照 79 -> 主表 241 行
[2023-11-11] 束 35(mixed 0 / 幅 0 23)/ 一様 35 / 合わせた対照 35 -> 主表 105 行
[2023-11-12] 束 18(mixed 0 / 幅 0 14)/ 一様 18 / 合わせた対照 16 -> 主表 52 行
[2023-11-13] 束 52(mixed 0 / 幅 0 37)/ 一様 52 / 合わせた対照 41 -> 主表 145 行
[2023-11-14] 束 88(mixed 0 / 幅 0 66)/ 一様 88 / 合わせた対照 79 -> 主表 255 行
[2023-11-15] 束 83(mixed 1 / 幅 0 54)/ 一様 83 / 合わせた対照 70 -> 主表 235 行
[2023-11-16] 束 108(mixed 0 / 幅 0 57)/ 一様 108 / 合わせた対照 92 -> 主表 308 行
[2023-11-17] 束 56(mixed 0 / 幅 0 43)/ 一様 56 / 合わせた対照 56 -> 主表 168 行
[2023-11-18] 束 21(mixed 0 / 幅 0 15)/ 一様 21 / 合わせた対照 21 -> 主表 63 行
[2023-11-19] 束 39(mixed 0 / 幅 0 27)/ 一様 39 / 合わせた対照 28 -> 主表 106 行
[2023-11-20] 束 50(mixed 0 / 幅 0 36)/ 一様 50 / 合わせた対照 46 -> 主表 146 行
[2023-11-21] 束 99(mixed 0 / 幅 0 60)/ 一様 99 / 合わせた対照 63 -> 主表 261 行
[2023-11-22] 束 57(mixed 0 / 幅 0 41)/ 一様 57 / 合わせた対照 42 -> 主表 156 行
[2023-11-23] 束 32(mixed 0 / 幅 0 21)/ 一様 32 / 合わせた対照 30 -> 主表 94 行
[2023-11-24] 束 49(mixed 0 / 幅 0 27)/ 一様 49 / 合わせた対照 43 -> 主表 141 行
[2023-11-25] 束 3(mixed 0 / 幅 0 3)/ 一様 3 / 合わせた対照 2 -> 主表 8 行
[2023-11-26] 束 32(mixed 0 / 幅 0 22)/ 一様 32 / 合わせた対照 28 -> 主表 92 行
[2023-11-27] 束 42(mixed 0 / 幅 0 28)/ 一様 42 / 合わせた対照 40 -> 主表 124 行
[2023-11-28] 束 50(mixed 0 / 幅 0 32)/ 一様 50 / 合わせた対照 34 -> 主表 134 行
[2023-11-29] 束 45(mixed 0 / 幅 0 29)/ 一様 45 / 合わせた対照 43 -> 主表 133 行
[2023-11-30] 束 35(mixed 0 / 幅 0 28)/ 一様 35 / 合わせた対照 31 -> 主表 101 行
[2023-12-01] 束 63(mixed 0 / 幅 0 42)/ 一様 63 / 合わせた対照 59 -> 主表 185 行
[2023-12-02] 束 22(mixed 0 / 幅 0 14)/ 一様 22 / 合わせた対照 21 -> 主表 65 行
[2023-12-03] 束 37(mixed 0 / 幅 0 25)/ 一様 37 / 合わせた対照 33 -> 主表 107 行
[2023-12-04] 束 141(mixed 0 / 幅 0 88)/ 一様 141 / 合わせた対照 97 -> 主表 379 行
[2023-12-05] 束 117(mixed 0 / 幅 0 69)/ 一様 117 / 合わせた対照 84 -> 主表 318 行
[2023-12-06] 束 91(mixed 0 / 幅 0 60)/ 一様 91 / 合わせた対照 88 -> 主表 270 行
[2023-12-07] 束 69(mixed 0 / 幅 0 38)/ 一様 69 / 合わせた対照 63 -> 主表 201 行
[2023-12-08] 束 62(mixed 0 / 幅 0 43)/ 一様 62 / 合わせた対照 40 -> 主表 164 行
[2023-12-09] 束 36(mixed 0 / 幅 0 26)/ 一様 36 / 合わせた対照 35 -> 主表 107 行
[2023-12-10] 束 22(mixed 0 / 幅 0 16)/ 一様 22 / 合わせた対照 22 -> 主表 66 行
[2023-12-11] 束 133(mixed 1 / 幅 0 70)/ 一様 133 / 合わせた対照 104 -> 主表 369 行
[2023-12-12] 束 90(mixed 0 / 幅 0 56)/ 一様 90 / 合わせた対照 89 -> 主表 269 行
[2023-12-13] 束 65(mixed 0 / 幅 0 37)/ 一様 65 / 合わせた対照 49 -> 主表 179 行
[2023-12-14] 束 63(mixed 0 / 幅 0 45)/ 一様 63 / 合わせた対照 60 -> 主表 186 行
[2023-12-15] 束 60(mixed 0 / 幅 0 40)/ 一様 60 / 合わせた対照 43 -> 主表 163 行
[2023-12-16] 束 31(mixed 0 / 幅 0 20)/ 一様 31 / 合わせた対照 31 -> 主表 93 行
[2023-12-17] 束 60(mixed 0 / 幅 0 40)/ 一様 60 / 合わせた対照 47 -> 主表 167 行
[2023-12-18] 束 86(mixed 0 / 幅 0 52)/ 一様 86 / 合わせた対照 63 -> 主表 235 行
[2023-12-19] 束 82(mixed 0 / 幅 0 54)/ 一様 82 / 合わせた対照 68 -> 主表 232 行
[2023-12-20] 束 71(mixed 0 / 幅 0 40)/ 一様 71 / 合わせた対照 58 -> 主表 200 行
[2023-12-21] 束 52(mixed 0 / 幅 0 32)/ 一様 52 / 合わせた対照 52 -> 主表 156 行
[2023-12-22] 束 43(mixed 0 / 幅 0 34)/ 一様 43 / 合わせた対照 42 -> 主表 128 行
[2023-12-23] 束 20(mixed 0 / 幅 0 17)/ 一様 20 / 合わせた対照 17 -> 主表 57 行
[2023-12-24] 束 30(mixed 0 / 幅 0 19)/ 一様 30 / 合わせた対照 28 -> 主表 88 行
[2023-12-25] 束 29(mixed 0 / 幅 0 19)/ 一様 29 / 合わせた対照 29 -> 主表 87 行
[2023-12-26] 束 58(mixed 1 / 幅 0 33)/ 一様 58 / 合わせた対照 55 -> 主表 170 行
[2023-12-27] 束 42(mixed 0 / 幅 0 28)/ 一様 42 / 合わせた対照 31 -> 主表 115 行
[2023-12-28] 束 66(mixed 0 / 幅 0 44)/ 一様 66 / 合わせた対照 56 -> 主表 188 行
[2023-12-29] 束 68(mixed 0 / 幅 0 37)/ 一様 68 / 合わせた対照 62 -> 主表 198 行
[2023-12-30] 束 47(mixed 0 / 幅 0 38)/ 一様 47 / 合わせた対照 46 -> 主表 140 行
[2023-12-31] 束 35(mixed 0 / 幅 0 26)/ 一様 35 / 合わせた対照 33 -> 主表 103 行
[2024-01-01] 束 55(mixed 0 / 幅 0 34)/ 一様 55 / 合わせた対照 42 -> 主表 152 行
[2024-01-02] 束 110(mixed 0 / 幅 0 71)/ 一様 110 / 合わせた対照 89 -> 主表 309 行
[2024-01-03] 束 93(mixed 3 / 幅 0 50)/ 一様 93 / 合わせた対照 82 -> 主表 265 行
[2024-01-04] 束 69(mixed 0 / 幅 0 44)/ 一様 69 / 合わせた対照 57 -> 主表 195 行
[2024-01-05] 束 63(mixed 1 / 幅 0 45)/ 一様 63 / 合わせた対照 62 -> 主表 187 行
[2024-01-06] 束 22(mixed 0 / 幅 0 14)/ 一様 22 / 合わせた対照 21 -> 主表 65 行
[2024-01-07] 束 45(mixed 0 / 幅 0 32)/ 一様 45 / 合わせた対照 36 -> 主表 126 行
[2024-01-08] 束 111(mixed 0 / 幅 0 60)/ 一様 111 / 合わせた対照 76 -> 主表 298 行
[2024-01-09] 束 83(mixed 2 / 幅 0 51)/ 一様 83 / 合わせた対照 71 -> 主表 235 行
[2024-01-10] 束 131(mixed 0 / 幅 0 75)/ 一様 131 / 合わせた対照 107 -> 主表 369 行
[2024-01-11] 束 130(mixed 1 / 幅 0 67)/ 一様 130 / 合わせた対照 116 -> 主表 375 行
[2024-01-12] 束 133(mixed 2 / 幅 0 68)/ 一様 133 / 合わせた対照 95 -> 主表 359 行
[2024-01-13] 束 48(mixed 0 / 幅 0 34)/ 一様 48 / 合わせた対照 47 -> 主表 143 行
[2024-01-14] 束 69(mixed 0 / 幅 0 46)/ 一様 69 / 合わせた対照 51 -> 主表 189 行
[2024-01-15] 束 67(mixed 0 / 幅 0 45)/ 一様 67 / 合わせた対照 62 -> 主表 196 行
[2024-01-16] 束 64(mixed 0 / 幅 0 43)/ 一様 64 / 合わせた対照 58 -> 主表 186 行
[2024-01-17] 束 64(mixed 0 / 幅 0 49)/ 一様 64 / 合わせた対照 54 -> 主表 182 行
[2024-01-18] 束 68(mixed 0 / 幅 0 36)/ 一様 68 / 合わせた対照 50 -> 主表 186 行
[2024-01-19] 束 78(mixed 0 / 幅 0 36)/ 一様 78 / 合わせた対照 72 -> 主表 228 行
[2024-01-20] 束 12(mixed 0 / 幅 0 10)/ 一様 12 / 合わせた対照 11 -> 主表 35 行
[2024-01-21] 束 11(mixed 0 / 幅 0 8)/ 一様 11 / 合わせた対照 6 -> 主表 28 行
[2024-01-22] 束 92(mixed 0 / 幅 0 42)/ 一様 92 / 合わせた対照 81 -> 主表 265 行
[2024-01-23] 束 97(mixed 0 / 幅 0 57)/ 一様 97 / 合わせた対照 74 -> 主表 268 行
[2024-01-24] 束 63(mixed 0 / 幅 0 45)/ 一様 63 / 合わせた対照 59 -> 主表 185 行
[2024-01-25] 束 29(mixed 0 / 幅 0 18)/ 一様 29 / 合わせた対照 27 -> 主表 85 行
[2024-01-26] 束 79(mixed 0 / 幅 0 47)/ 一様 79 / 合わせた対照 48 -> 主表 206 行
[2024-01-27] 束 17(mixed 0 / 幅 0 11)/ 一様 17 / 合わせた対照 17 -> 主表 51 行
[2024-01-28] 束 48(mixed 0 / 幅 0 25)/ 一様 48 / 合わせた対照 43 -> 主表 139 行
[2024-01-29] 束 63(mixed 0 / 幅 0 43)/ 一様 63 / 合わせた対照 45 -> 主表 171 行
[2024-01-30] 束 58(mixed 0 / 幅 0 39)/ 一様 58 / 合わせた対照 45 -> 主表 161 行
[2024-01-31] 束 58(mixed 0 / 幅 0 28)/ 一様 58 / 合わせた対照 48 -> 主表 164 行
[2024-02-01] 束 55(mixed 0 / 幅 0 39)/ 一様 55 / 合わせた対照 50 -> 主表 160 行
[2024-02-02] 束 37(mixed 0 / 幅 0 21)/ 一様 37 / 合わせた対照 32 -> 主表 106 行
[2024-02-03] 束 10(mixed 0 / 幅 0 7)/ 一様 10 / 合わせた対照 10 -> 主表 30 行
[2024-02-04] 束 24(mixed 0 / 幅 0 19)/ 一様 24 / 合わせた対照 21 -> 主表 69 行
[2024-02-05] 束 56(mixed 0 / 幅 0 44)/ 一様 56 / 合わせた対照 49 -> 主表 161 行
[2024-02-06] 束 25(mixed 0 / 幅 0 21)/ 一様 25 / 合わせた対照 19 -> 主表 69 行
[2024-02-07] 束 49(mixed 0 / 幅 0 32)/ 一様 49 / 合わせた対照 35 -> 主表 133 行
[2024-02-08] 束 49(mixed 0 / 幅 0 26)/ 一様 49 / 合わせた対照 39 -> 主表 137 行
[2024-02-09] 束 96(mixed 0 / 幅 0 48)/ 一様 96 / 合わせた対照 79 -> 主表 271 行
[2024-02-10] 束 42(mixed 0 / 幅 0 27)/ 一様 42 / 合わせた対照 35 -> 主表 119 行
[2024-02-11] 束 42(mixed 0 / 幅 0 22)/ 一様 42 / 合わせた対照 38 -> 主表 122 行
[2024-02-12] 束 101(mixed 0 / 幅 0 54)/ 一様 101 / 合わせた対照 62 -> 主表 264 行
[2024-02-13] 束 84(mixed 1 / 幅 0 57)/ 一様 84 / 合わせた対照 78 -> 主表 245 行
[2024-02-14] 束 70(mixed 0 / 幅 0 36)/ 一様 70 / 合わせた対照 60 -> 主表 200 行
[2024-02-27] 束 120(mixed 0 / 幅 0 65)/ 一様 120 / 合わせた対照 99 -> 主表 339 行
[2024-02-28] 束 207(mixed 5 / 幅 0 97)/ 一様 207 / 合わせた対照 142 -> 主表 551 行
[2024-02-29] 束 173(mixed 0 / 幅 0 107)/ 一様 173 / 合わせた対照 168 -> 主表 514 行
[2024-03-01] 束 82(mixed 0 / 幅 0 53)/ 一様 82 / 合わせた対照 77 -> 主表 241 行
[2024-03-02] 束 38(mixed 0 / 幅 0 24)/ 一様 38 / 合わせた対照 37 -> 主表 113 行
[2024-03-03] 束 53(mixed 0 / 幅 0 40)/ 一様 53 / 合わせた対照 47 -> 主表 153 行
[2024-03-04] 束 170(mixed 0 / 幅 0 83)/ 一様 170 / 合わせた対照 116 -> 主表 456 行
[2024-03-05] 束 276(mixed 6 / 幅 0 162)/ 一様 276 / 合わせた対照 183 -> 主表 729 行
[2024-03-06] 束 163(mixed 0 / 幅 0 96)/ 一様 163 / 合わせた対照 162 -> 主表 488 行
[2024-03-07] 束 74(mixed 0 / 幅 0 51)/ 一様 74 / 合わせた対照 69 -> 主表 217 行
[2024-03-08] 束 101(mixed 1 / 幅 0 59)/ 一様 101 / 合わせた対照 71 -> 主表 272 行
[2024-03-09] 束 26(mixed 0 / 幅 0 22)/ 一様 26 / 合わせた対照 26 -> 主表 78 行
[2024-03-10] 束 66(mixed 0 / 幅 0 41)/ 一様 66 / 合わせた対照 49 -> 主表 181 行
[2024-03-11] 束 130(mixed 1 / 幅 0 66)/ 一様 130 / 合わせた対照 101 -> 主表 360 行
[2024-03-12] 束 109(mixed 1 / 幅 0 62)/ 一様 109 / 合わせた対照 87 -> 主表 304 行
[2024-03-13] 束 71(mixed 0 / 幅 0 38)/ 一様 71 / 合わせた対照 62 -> 主表 204 行
[2024-03-14] 束 151(mixed 1 / 幅 0 77)/ 一様 151 / 合わせた対照 98 -> 主表 399 行
[2024-03-15] 束 219(mixed 3 / 幅 0 116)/ 一様 219 / 合わせた対照 156 -> 主表 591 行
[2024-03-16] 束 121(mixed 0 / 幅 0 73)/ 一様 121 / 合わせた対照 94 -> 主表 336 行
[2024-03-17] 束 100(mixed 0 / 幅 0 69)/ 一様 100 / 合わせた対照 95 -> 主表 295 行
[2024-03-18] 束 107(mixed 0 / 幅 0 65)/ 一様 107 / 合わせた対照 102 -> 主表 316 行
[2024-03-19] 束 222(mixed 0 / 幅 0 112)/ 一様 222 / 合わせた対照 161 -> 主表 605 行
[2024-03-20] 束 177(mixed 1 / 幅 0 104)/ 一様 177 / 合わせた対照 153 -> 主表 506 行
[2024-03-21] 束 113(mixed 0 / 幅 0 75)/ 一様 113 / 合わせた対照 108 -> 主表 334 行
[2024-03-22] 束 122(mixed 0 / 幅 0 74)/ 一様 122 / 合わせた対照 104 -> 主表 348 行
[2024-03-23] 束 74(mixed 0 / 幅 0 50)/ 一様 74 / 合わせた対照 70 -> 主表 218 行
[2024-03-24] 束 67(mixed 1 / 幅 0 42)/ 一様 67 / 合わせた対照 55 -> 主表 188 行
[2024-03-25] 束 104(mixed 0 / 幅 0 59)/ 一様 104 / 合わせた対照 71 -> 主表 279 行
[2024-03-26] 束 82(mixed 0 / 幅 0 52)/ 一様 82 / 合わせた対照 78 -> 主表 242 行
[2024-03-27] 束 89(mixed 0 / 幅 0 56)/ 一様 89 / 合わせた対照 68 -> 主表 246 行
[2024-03-28] 束 58(mixed 0 / 幅 0 39)/ 一様 58 / 合わせた対照 57 -> 主表 173 行
[2024-03-29] 束 44(mixed 0 / 幅 0 25)/ 一様 44 / 合わせた対照 42 -> 主表 130 行
[2024-03-30] 束 20(mixed 0 / 幅 0 16)/ 一様 20 / 合わせた対照 17 -> 主表 57 行
[2024-03-31] 束 29(mixed 0 / 幅 0 22)/ 一様 29 / 合わせた対照 25 -> 主表 83 行
[2024-04-01] 束 79(mixed 1 / 幅 0 43)/ 一様 79 / 合わせた対照 58 -> 主表 215 行
[2024-04-02] 束 150(mixed 0 / 幅 0 92)/ 一様 150 / 合わせた対照 122 -> 主表 422 行
[2024-04-03] 束 74(mixed 1 / 幅 0 49)/ 一様 74 / 合わせた対照 72 -> 主表 219 行
[2024-04-04] 束 97(mixed 0 / 幅 0 67)/ 一様 97 / 合わせた対照 72 -> 主表 266 行
[2024-04-05] 束 77(mixed 0 / 幅 0 54)/ 一様 77 / 合わせた対照 74 -> 主表 228 行
[2024-04-06] 束 34(mixed 0 / 幅 0 20)/ 一様 34 / 合わせた対照 19 -> 主表 87 行
[2024-04-07] 束 38(mixed 0 / 幅 0 27)/ 一様 38 / 合わせた対照 30 -> 主表 106 行
[2024-04-08] 束 77(mixed 0 / 幅 0 54)/ 一様 77 / 合わせた対照 60 -> 主表 214 行
[2024-04-09] 束 73(mixed 1 / 幅 0 41)/ 一様 73 / 合わせた対照 66 -> 主表 211 行
[2024-04-10] 束 72(mixed 0 / 幅 0 43)/ 一様 72 / 合わせた対照 67 -> 主表 211 行
[2024-04-11] 束 52(mixed 0 / 幅 0 32)/ 一様 52 / 合わせた対照 50 -> 主表 154 行
[2024-04-12] 束 81(mixed 1 / 幅 0 45)/ 一様 81 / 合わせた対照 66 -> 主表 227 行
[2024-04-13] 束 141(mixed 3 / 幅 0 75)/ 一様 141 / 合わせた対照 120 -> 主表 399 行
[2024-04-14] 束 125(mixed 0 / 幅 0 70)/ 一様 125 / 合わせた対照 125 -> 主表 375 行
[2024-04-15] 束 110(mixed 0 / 幅 0 67)/ 一様 110 / 合わせた対照 92 -> 主表 312 行
[2024-04-16] 束 123(mixed 0 / 幅 0 86)/ 一様 123 / 合わせた対照 116 -> 主表 362 行
[2024-04-17] 束 122(mixed 3 / 幅 0 71)/ 一様 122 / 合わせた対照 111 -> 主表 352 行
[2024-04-18] 束 96(mixed 0 / 幅 0 57)/ 一様 96 / 合わせた対照 82 -> 主表 274 行
[2024-04-19] 束 146(mixed 0 / 幅 0 76)/ 一様 146 / 合わせた対照 125 -> 主表 417 行
[2024-04-20] 束 48(mixed 0 / 幅 0 27)/ 一様 48 / 合わせた対照 44 -> 主表 140 行
[2024-04-21] 束 39(mixed 0 / 幅 0 25)/ 一様 39 / 合わせた対照 35 -> 主表 113 行
[2024-04-22] 束 57(mixed 0 / 幅 0 33)/ 一様 57 / 合わせた対照 47 -> 主表 161 行
[2024-04-23] 束 40(mixed 0 / 幅 0 28)/ 一様 40 / 合わせた対照 40 -> 主表 120 行
[2024-04-24] 束 59(mixed 0 / 幅 0 30)/ 一様 59 / 合わせた対照 38 -> 主表 156 行
[2024-04-25] 束 74(mixed 0 / 幅 0 47)/ 一様 74 / 合わせた対照 62 -> 主表 210 行
[2024-04-26] 束 47(mixed 0 / 幅 0 30)/ 一様 47 / 合わせた対照 42 -> 主表 136 行
[2024-04-27] 束 31(mixed 0 / 幅 0 15)/ 一様 31 / 合わせた対照 28 -> 主表 90 行
[2024-04-28] 束 27(mixed 0 / 幅 0 18)/ 一様 27 / 合わせた対照 21 -> 主表 75 行
[2024-04-29] 束 64(mixed 0 / 幅 0 40)/ 一様 64 / 合わせた対照 54 -> 主表 182 行
[2024-04-30] 束 104(mixed 1 / 幅 0 46)/ 一様 104 / 合わせた対照 84 -> 主表 291 行
[2024-05-01] 束 169(mixed 1 / 幅 0 105)/ 一様 169 / 合わせた対照 126 -> 主表 463 行
[2024-05-02] 束 57(mixed 0 / 幅 0 37)/ 一様 57 / 合わせた対照 56 -> 主表 170 行
[2024-05-03] 束 83(mixed 0 / 幅 0 43)/ 一様 83 / 合わせた対照 61 -> 主表 227 行
[2024-05-04] 束 50(mixed 0 / 幅 0 31)/ 一様 50 / 合わせた対照 42 -> 主表 142 行
[2024-05-05] 束 43(mixed 0 / 幅 0 31)/ 一様 43 / 合わせた対照 37 -> 主表 123 行
[2024-05-06] 束 72(mixed 0 / 幅 0 42)/ 一様 72 / 合わせた対照 65 -> 主表 209 行
[2024-05-07] 束 56(mixed 0 / 幅 0 30)/ 一様 56 / 合わせた対照 51 -> 主表 163 行
[2024-05-08] 束 71(mixed 0 / 幅 0 43)/ 一様 71 / 合わせた対照 64 -> 主表 206 行
[2024-05-09] 束 67(mixed 0 / 幅 0 51)/ 一様 67 / 合わせた対照 59 -> 主表 193 行
[2024-05-10] 束 73(mixed 0 / 幅 0 46)/ 一様 73 / 合わせた対照 66 -> 主表 212 行
[2024-05-11] 束 19(mixed 0 / 幅 0 13)/ 一様 19 / 合わせた対照 18 -> 主表 56 行
[2024-05-12] 束 21(mixed 0 / 幅 0 14)/ 一様 21 / 合わせた対照 19 -> 主表 61 行
[2024-05-13] 束 57(mixed 0 / 幅 0 41)/ 一様 57 / 合わせた対照 47 -> 主表 161 行
[2024-05-14] 束 56(mixed 0 / 幅 0 43)/ 一様 56 / 合わせた対照 53 -> 主表 165 行
[2024-05-15] 束 69(mixed 0 / 幅 0 40)/ 一様 69 / 合わせた対照 45 -> 主表 183 行
[2024-05-16] 束 63(mixed 1 / 幅 0 44)/ 一様 63 / 合わせた対照 50 -> 主表 175 行
[2024-05-17] 束 58(mixed 0 / 幅 0 39)/ 一様 58 / 合わせた対照 51 -> 主表 167 行
[2024-05-18] 束 16(mixed 0 / 幅 0 12)/ 一様 16 / 合わせた対照 13 -> 主表 45 行
[2024-05-19] 束 35(mixed 0 / 幅 0 21)/ 一様 35 / 合わせた対照 24 -> 主表 94 行
[2024-05-20] 束 74(mixed 0 / 幅 0 33)/ 一様 74 / 合わせた対照 58 -> 主表 206 行
[2024-05-21] 束 56(mixed 0 / 幅 0 38)/ 一様 56 / 合わせた対照 50 -> 主表 162 行
[2024-05-22] 束 48(mixed 0 / 幅 0 28)/ 一様 48 / 合わせた対照 44 -> 主表 140 行
[2024-05-23] 束 63(mixed 0 / 幅 0 38)/ 一様 63 / 合わせた対照 44 -> 主表 170 行
[2024-05-24] 束 53(mixed 0 / 幅 0 36)/ 一様 53 / 合わせた対照 48 -> 主表 154 行
[2024-05-25] 束 15(mixed 0 / 幅 0 10)/ 一様 15 / 合わせた対照 15 -> 主表 45 行
[2024-05-26] 束 15(mixed 0 / 幅 0 7)/ 一様 15 / 合わせた対照 15 -> 主表 45 行
[2024-05-27] 束 42(mixed 0 / 幅 0 24)/ 一様 42 / 合わせた対照 37 -> 主表 121 行
[2024-05-28] 束 60(mixed 0 / 幅 0 43)/ 一様 60 / 合わせた対照 59 -> 主表 179 行
[2024-05-29] 束 33(mixed 0 / 幅 0 21)/ 一様 33 / 合わせた対照 32 -> 主表 98 行
[2024-05-30] 束 45(mixed 0 / 幅 0 30)/ 一様 45 / 合わせた対照 45 -> 主表 135 行
[2024-05-31] 束 40(mixed 0 / 幅 0 25)/ 一様 40 / 合わせた対照 27 -> 主表 107 行
[2024-06-02] 束 22(mixed 0 / 幅 0 9)/ 一様 22 / 合わせた対照 17 -> 主表 61 行
[2024-06-03] 束 52(mixed 0 / 幅 0 32)/ 一様 52 / 合わせた対照 40 -> 主表 144 行
[2024-06-04] 束 45(mixed 0 / 幅 0 27)/ 一様 45 / 合わせた対照 42 -> 主表 132 行
[2024-06-05] 束 47(mixed 0 / 幅 0 35)/ 一様 47 / 合わせた対照 47 -> 主表 141 行
[2024-06-06] 束 31(mixed 0 / 幅 0 19)/ 一様 31 / 合わせた対照 24 -> 主表 86 行
[2024-06-07] 束 61(mixed 0 / 幅 0 40)/ 一様 61 / 合わせた対照 42 -> 主表 164 行
[2024-06-08] 束 1(mixed 0 / 幅 0 0)/ 一様 1 / 合わせた対照 1 -> 主表 3 行
[2024-06-09] 束 13(mixed 0 / 幅 0 10)/ 一様 13 / 合わせた対照 13 -> 主表 39 行
[2024-06-10] 束 19(mixed 0 / 幅 0 11)/ 一様 19 / 合わせた対照 16 -> 主表 54 行
[2024-06-13] 束 55(mixed 1 / 幅 0 36)/ 一様 55 / 合わせた対照 43 -> 主表 152 行
[2024-06-14] 束 47(mixed 0 / 幅 0 28)/ 一様 47 / 合わせた対照 42 -> 主表 136 行
[2024-06-15] 束 10(mixed 0 / 幅 0 8)/ 一様 10 / 合わせた対照 10 -> 主表 30 行
[2024-06-16] 束 9(mixed 0 / 幅 0 7)/ 一様 9 / 合わせた対照 4 -> 主表 22 行
[2024-06-17] 束 61(mixed 0 / 幅 0 41)/ 一様 61 / 合わせた対照 42 -> 主表 164 行
[2024-06-18] 束 70(mixed 0 / 幅 0 43)/ 一様 70 / 合わせた対照 69 -> 主表 209 行
[2024-06-19] 束 27(mixed 0 / 幅 0 22)/ 一様 27 / 合わせた対照 27 -> 主表 81 行
[2024-06-20] 束 54(mixed 0 / 幅 0 38)/ 一様 54 / 合わせた対照 54 -> 主表 162 行
[2024-06-21] 束 48(mixed 0 / 幅 0 30)/ 一様 48 / 合わせた対照 41 -> 主表 137 行
[2024-06-22] 束 2(mixed 0 / 幅 0 2)/ 一様 2 / 合わせた対照 2 -> 主表 6 行
[2024-06-23] 束 21(mixed 0 / 幅 0 12)/ 一様 21 / 合わせた対照 21 -> 主表 63 行
[2024-06-24] 束 117(mixed 0 / 幅 0 58)/ 一様 117 / 合わせた対照 93 -> 主表 327 行
[2024-06-25] 束 54(mixed 0 / 幅 0 38)/ 一様 54 / 合わせた対照 51 -> 主表 159 行
[2024-06-26] 束 40(mixed 0 / 幅 0 27)/ 一様 40 / 合わせた対照 33 -> 主表 113 行
[2024-06-27] 束 29(mixed 0 / 幅 0 22)/ 一様 29 / 合わせた対照 25 -> 主表 83 行
[2024-06-28] 束 39(mixed 1 / 幅 0 21)/ 一様 39 / 合わせた対照 28 -> 主表 105 行
[2024-06-29] 束 11(mixed 0 / 幅 0 10)/ 一様 11 / 合わせた対照 11 -> 主表 33 行
[2024-06-30] 束 25(mixed 0 / 幅 0 12)/ 一様 25 / 合わせた対照 17 -> 主表 67 行
[2024-07-01] 束 30(mixed 0 / 幅 0 20)/ 一様 30 / 合わせた対照 25 -> 主表 85 行
[2024-07-02] 束 26(mixed 0 / 幅 0 13)/ 一様 26 / 合わせた対照 24 -> 主表 76 行
[2024-07-03] 束 59(mixed 0 / 幅 0 32)/ 一様 59 / 合わせた対照 44 -> 主表 162 行
[2024-07-04] 束 109(mixed 0 / 幅 0 73)/ 一様 109 / 合わせた対照 93 -> 主表 311 行
[2024-07-05] 束 96(mixed 1 / 幅 0 62)/ 一様 96 / 合わせた対照 84 -> 主表 275 行
[2024-07-06] 束 41(mixed 0 / 幅 0 31)/ 一様 41 / 合わせた対照 30 -> 主表 112 行
[2024-07-07] 束 59(mixed 0 / 幅 0 39)/ 一様 59 / 合わせた対照 52 -> 主表 170 行
[2024-07-08] 束 103(mixed 0 / 幅 0 68)/ 一様 103 / 合わせた対照 91 -> 主表 297 行
[2024-07-09] 束 53(mixed 0 / 幅 0 45)/ 一様 53 / 合わせた対照 48 -> 主表 154 行
[2024-07-10] 束 40(mixed 0 / 幅 0 25)/ 一様 40 / 合わせた対照 38 -> 主表 118 行
[2024-07-11] 束 63(mixed 1 / 幅 0 41)/ 一様 63 / 合わせた対照 60 -> 主表 185 行
[2024-07-12] 束 56(mixed 0 / 幅 0 41)/ 一様 56 / 合わせた対照 49 -> 主表 161 行
[2024-07-13] 束 19(mixed 0 / 幅 0 8)/ 一様 19 / 合わせた対照 17 -> 主表 55 行
[2024-07-14] 束 39(mixed 0 / 幅 0 22)/ 一様 39 / 合わせた対照 29 -> 主表 107 行
[2024-07-15] 束 78(mixed 0 / 幅 0 50)/ 一様 78 / 合わせた対照 53 -> 主表 209 行
[2024-07-16] 束 83(mixed 0 / 幅 0 40)/ 一様 83 / 合わせた対照 79 -> 主表 245 行
[2024-07-17] 束 70(mixed 0 / 幅 0 44)/ 一様 70 / 合わせた対照 62 -> 主表 202 行
[2024-07-18] 束 57(mixed 0 / 幅 0 40)/ 一様 57 / 合わせた対照 50 -> 主表 164 行
[2024-07-19] 束 65(mixed 0 / 幅 0 43)/ 一様 65 / 合わせた対照 47 -> 主表 177 行
[2024-07-20] 束 28(mixed 0 / 幅 0 19)/ 一様 28 / 合わせた対照 28 -> 主表 84 行
[2024-07-21] 束 60(mixed 0 / 幅 0 34)/ 一様 60 / 合わせた対照 42 -> 主表 162 行
[2024-07-22] 束 61(mixed 0 / 幅 0 49)/ 一様 61 / 合わせた対照 56 -> 主表 178 行
[2024-07-23] 束 60(mixed 0 / 幅 0 38)/ 一様 60 / 合わせた対照 55 -> 主表 175 行
[2024-07-24] 束 44(mixed 0 / 幅 0 33)/ 一様 44 / 合わせた対照 44 -> 主表 132 行
[2024-07-25] 束 58(mixed 0 / 幅 0 37)/ 一様 58 / 合わせた対照 42 -> 主表 158 行
[2024-07-26] 束 46(mixed 0 / 幅 0 31)/ 一様 46 / 合わせた対照 38 -> 主表 130 行
[2024-07-27] 束 57(mixed 0 / 幅 0 33)/ 一様 57 / 合わせた対照 56 -> 主表 170 行
[2024-07-28] 束 28(mixed 0 / 幅 0 25)/ 一様 28 / 合わせた対照 28 -> 主表 84 行
[2024-07-29] 束 67(mixed 0 / 幅 0 43)/ 一様 67 / 合わせた対照 56 -> 主表 190 行
[2024-07-30] 束 57(mixed 0 / 幅 0 41)/ 一様 57 / 合わせた対照 57 -> 主表 171 行
[2024-07-31] 束 58(mixed 0 / 幅 0 37)/ 一様 58 / 合わせた対照 58 -> 主表 174 行
[2024-08-01] 束 103(mixed 0 / 幅 0 67)/ 一様 103 / 合わせた対照 85 -> 主表 291 行
[2024-08-02] 束 119(mixed 1 / 幅 0 80)/ 一様 119 / 合わせた対照 111 -> 主表 348 行
[2024-08-03] 束 61(mixed 0 / 幅 0 36)/ 一様 61 / 合わせた対照 60 -> 主表 182 行
[2024-08-04] 束 98(mixed 0 / 幅 0 52)/ 一様 98 / 合わせた対照 66 -> 主表 262 行
[2024-08-05] 束 346(mixed 6 / 幅 0 190)/ 一様 346 / 合わせた対照 138 -> 主表 824 行
[2024-08-06] 束 100(mixed 0 / 幅 0 69)/ 一様 100 / 合わせた対照 100 -> 主表 300 行
[2024-08-07] 束 96(mixed 0 / 幅 0 57)/ 一様 96 / 合わせた対照 90 -> 主表 282 行
[2024-08-08] 束 95(mixed 0 / 幅 0 61)/ 一様 95 / 合わせた対照 66 -> 主表 256 行
[2024-08-09] 束 70(mixed 0 / 幅 0 53)/ 一様 70 / 合わせた対照 69 -> 主表 209 行
[2024-08-10] 束 21(mixed 0 / 幅 0 16)/ 一様 21 / 合わせた対照 20 -> 主表 62 行
[2024-08-11] 束 55(mixed 0 / 幅 0 26)/ 一様 55 / 合わせた対照 42 -> 主表 152 行
[2024-08-12] 束 73(mixed 1 / 幅 0 41)/ 一様 73 / 合わせた対照 65 -> 主表 210 行
[2024-08-13] 束 67(mixed 0 / 幅 0 49)/ 一様 67 / 合わせた対照 50 -> 主表 184 行
[2024-08-14] 束 57(mixed 0 / 幅 0 38)/ 一様 57 / 合わせた対照 51 -> 主表 165 行
[2024-08-15] 束 75(mixed 0 / 幅 0 44)/ 一様 75 / 合わせた対照 70 -> 主表 220 行
[2024-08-16] 束 62(mixed 0 / 幅 0 45)/ 一様 62 / 合わせた対照 59 -> 主表 183 行
[2024-08-17] 束 12(mixed 0 / 幅 0 10)/ 一様 12 / 合わせた対照 12 -> 主表 36 行
[2024-08-18] 束 36(mixed 0 / 幅 0 22)/ 一様 36 / 合わせた対照 30 -> 主表 102 行
[2024-08-19] 束 40(mixed 0 / 幅 0 30)/ 一様 40 / 合わせた対照 40 -> 主表 120 行
[2024-08-20] 束 55(mixed 0 / 幅 0 34)/ 一様 55 / 合わせた対照 47 -> 主表 157 行
[2024-08-21] 束 56(mixed 0 / 幅 0 40)/ 一様 56 / 合わせた対照 37 -> 主表 149 行
[2024-08-22] 束 41(mixed 0 / 幅 0 28)/ 一様 41 / 合わせた対照 39 -> 主表 121 行
[2024-08-23] 束 74(mixed 0 / 幅 0 44)/ 一様 74 / 合わせた対照 49 -> 主表 197 行
[2024-08-24] 束 25(mixed 0 / 幅 0 14)/ 一様 25 / 合わせた対照 25 -> 主表 75 行
[2024-08-25] 束 23(mixed 0 / 幅 0 12)/ 一様 23 / 合わせた対照 20 -> 主表 66 行
[2024-08-26] 束 41(mixed 0 / 幅 0 29)/ 一様 41 / 合わせた対照 38 -> 主表 120 行
[2024-08-27] 束 66(mixed 0 / 幅 0 37)/ 一様 66 / 合わせた対照 55 -> 主表 187 行
[2024-08-28] 束 74(mixed 0 / 幅 0 45)/ 一様 74 / 合わせた対照 66 -> 主表 214 行
[2024-08-29] 束 58(mixed 0 / 幅 0 42)/ 一様 58 / 合わせた対照 58 -> 主表 174 行
[2024-08-30] 束 46(mixed 0 / 幅 0 30)/ 一様 46 / 合わせた対照 39 -> 主表 131 行
[2024-08-31] 束 8(mixed 0 / 幅 0 6)/ 一様 8 / 合わせた対照 8 -> 主表 24 行
[2024-09-01] 束 60(mixed 0 / 幅 0 37)/ 一様 60 / 合わせた対照 50 -> 主表 170 行
[2024-09-02] 束 34(mixed 0 / 幅 0 24)/ 一様 34 / 合わせた対照 32 -> 主表 100 行
[2024-09-03] 束 49(mixed 0 / 幅 0 32)/ 一様 49 / 合わせた対照 44 -> 主表 142 行
[2024-09-04] 束 51(mixed 0 / 幅 0 36)/ 一様 51 / 合わせた対照 47 -> 主表 149 行
[2024-09-05] 束 45(mixed 0 / 幅 0 28)/ 一様 45 / 合わせた対照 45 -> 主表 135 行
[2024-09-06] 束 79(mixed 1 / 幅 0 39)/ 一様 79 / 合わせた対照 69 -> 主表 226 行
[2024-09-07] 束 27(mixed 0 / 幅 0 22)/ 一様 27 / 合わせた対照 27 -> 主表 81 行
[2024-09-08] 束 30(mixed 0 / 幅 0 20)/ 一様 30 / 合わせた対照 22 -> 主表 82 行
[2024-09-09] 束 61(mixed 0 / 幅 0 41)/ 一様 61 / 合わせた対照 49 -> 主表 171 行
[2024-09-10] 束 50(mixed 0 / 幅 0 38)/ 一様 50 / 合わせた対照 49 -> 主表 149 行
[2024-09-11] 束 69(mixed 0 / 幅 0 48)/ 一様 69 / 合わせた対照 69 -> 主表 207 行
[2024-09-12] 束 47(mixed 0 / 幅 0 31)/ 一様 47 / 合わせた対照 47 -> 主表 141 行
[2024-09-13] 束 48(mixed 0 / 幅 0 29)/ 一様 48 / 合わせた対照 33 -> 主表 129 行
[2024-09-14] 束 17(mixed 0 / 幅 0 14)/ 一様 17 / 合わせた対照 17 -> 主表 51 行
[2024-09-15] 束 20(mixed 0 / 幅 0 8)/ 一様 20 / 合わせた対照 18 -> 主表 58 行
[2024-09-16] 束 52(mixed 0 / 幅 0 32)/ 一様 52 / 合わせた対照 49 -> 主表 153 行
[2024-09-17] 束 63(mixed 0 / 幅 0 40)/ 一様 63 / 合わせた対照 58 -> 主表 184 行
[2024-09-18] 束 65(mixed 1 / 幅 0 41)/ 一様 65 / 合わせた対照 60 -> 主表 189 行
[2024-09-19] 束 55(mixed 1 / 幅 0 32)/ 一様 55 / 合わせた対照 34 -> 主表 143 行
[2024-09-20] 束 47(mixed 0 / 幅 0 29)/ 一様 47 / 合わせた対照 42 -> 主表 136 行
[2024-09-21] 束 9(mixed 0 / 幅 0 8)/ 一様 9 / 合わせた対照 7 -> 主表 25 行
[2024-09-22] 束 41(mixed 0 / 幅 0 30)/ 一様 41 / 合わせた対照 36 -> 主表 118 行
[2024-09-23] 束 39(mixed 0 / 幅 0 24)/ 一様 39 / 合わせた対照 28 -> 主表 106 行
[2024-09-24] 束 56(mixed 0 / 幅 0 36)/ 一様 56 / 合わせた対照 49 -> 主表 161 行
[2024-09-25] 束 28(mixed 0 / 幅 0 20)/ 一様 28 / 合わせた対照 27 -> 主表 83 行
[2024-09-26] 束 58(mixed 0 / 幅 0 36)/ 一様 58 / 合わせた対照 44 -> 主表 160 行
[2024-09-27] 束 45(mixed 0 / 幅 0 34)/ 一様 45 / 合わせた対照 36 -> 主表 126 行
[2024-09-28] 束 16(mixed 0 / 幅 0 13)/ 一様 16 / 合わせた対照 16 -> 主表 48 行
[2024-09-29] 束 12(mixed 0 / 幅 0 10)/ 一様 12 / 合わせた対照 12 -> 主表 36 行
[2024-09-30] 束 72(mixed 0 / 幅 0 44)/ 一様 72 / 合わせた対照 50 -> 主表 194 行
[2024-10-01] 束 80(mixed 0 / 幅 0 49)/ 一様 80 / 合わせた対照 57 -> 主表 217 行
[2024-10-02] 束 68(mixed 0 / 幅 0 43)/ 一様 68 / 合わせた対照 62 -> 主表 198 行
[2024-10-03] 束 59(mixed 0 / 幅 0 42)/ 一様 59 / 合わせた対照 56 -> 主表 174 行
[2024-10-04] 束 48(mixed 0 / 幅 0 35)/ 一様 48 / 合わせた対照 48 -> 主表 144 行
[2024-10-05] 束 15(mixed 0 / 幅 0 14)/ 一様 15 / 合わせた対照 15 -> 主表 45 行
[2024-10-06] 束 23(mixed 0 / 幅 0 19)/ 一様 23 / 合わせた対照 15 -> 主表 61 行
[2024-10-07] 束 68(mixed 0 / 幅 0 45)/ 一様 68 / 合わせた対照 49 -> 主表 185 行
[2024-10-08] 束 39(mixed 0 / 幅 0 28)/ 一様 39 / 合わせた対照 39 -> 主表 117 行
[2024-10-09] 束 47(mixed 0 / 幅 0 24)/ 一様 47 / 合わせた対照 40 -> 主表 134 行
[2024-10-10] 束 56(mixed 0 / 幅 0 35)/ 一様 56 / 合わせた対照 56 -> 主表 168 行
[2024-10-11] 束 41(mixed 0 / 幅 0 22)/ 一様 41 / 合わせた対照 41 -> 主表 123 行
[2024-10-12] 束 18(mixed 0 / 幅 0 18)/ 一様 18 / 合わせた対照 17 -> 主表 53 行
行 72066(liq 25343 / control_uniform 25425 / control_matched 21298)/ mixed 除外 82 / W = 24.0h / gap = 30s / 所要 694.96 秒 -> backtest_data/o3c_reaction_20260918_full/gap30_w24
=== 2026-09-19T09:32:47Z exit=0 gap=30 W=24
=== 2026-09-19T09:32:47Z start gap=180 W=24 -> backtest_data/o3c_reaction_20260918_full/gap180_w24
清算 一意 53398 件(生 106822)-> 束 16081 個(gap 180000 ms)
[2023-06-27] 束 32(mixed 0 / 幅 0 21)/ 一様 32 / 合わせた対照 31 -> 主表 95 行
[2023-06-28] 束 34(mixed 0 / 幅 0 16)/ 一様 34 / 合わせた対照 30 -> 主表 98 行
[2023-06-29] 束 24(mixed 1 / 幅 0 12)/ 一様 24 / 合わせた対照 21 -> 主表 68 行
[2023-06-30] 束 42(mixed 4 / 幅 0 15)/ 一様 42 / 合わせた対照 39 -> 主表 119 行
[2023-07-01] 束 7(mixed 0 / 幅 0 5)/ 一様 7 / 合わせた対照 7 -> 主表 21 行
[2023-07-02] 束 10(mixed 1 / 幅 0 4)/ 一様 10 / 合わせた対照 10 -> 主表 29 行
[2023-07-03] 束 25(mixed 0 / 幅 0 9)/ 一様 25 / 合わせた対照 21 -> 主表 71 行
[2023-07-04] 束 20(mixed 0 / 幅 0 8)/ 一様 20 / 合わせた対照 19 -> 主表 59 行
[2023-07-05] 束 23(mixed 0 / 幅 0 8)/ 一様 23 / 合わせた対照 15 -> 主表 61 行
[2023-07-06] 束 40(mixed 1 / 幅 0 8)/ 一様 40 / 合わせた対照 38 -> 主表 117 行
[2023-07-07] 束 22(mixed 0 / 幅 0 13)/ 一様 22 / 合わせた対照 22 -> 主表 66 行
[2023-07-08] 束 6(mixed 0 / 幅 0 3)/ 一様 6 / 合わせた対照 6 -> 主表 18 行
[2023-07-09] 束 10(mixed 0 / 幅 0 4)/ 一様 10 / 合わせた対照 10 -> 主表 30 行
[2023-07-10] 束 35(mixed 1 / 幅 0 16)/ 一様 35 / 合わせた対照 30 -> 主表 99 行
[2023-07-11] 束 24(mixed 0 / 幅 0 15)/ 一様 24 / 合わせた対照 24 -> 主表 72 行
[2023-07-12] 束 26(mixed 0 / 幅 0 15)/ 一様 26 / 合わせた対照 26 -> 主表 78 行
[2023-07-13] 束 36(mixed 2 / 幅 0 13)/ 一様 36 / 合わせた対照 34 -> 主表 104 行
[2023-07-14] 束 33(mixed 0 / 幅 0 18)/ 一様 33 / 合わせた対照 33 -> 主表 99 行
[2023-07-15] 束 1(mixed 0 / 幅 0 1)/ 一様 1 / 合わせた対照 1 -> 主表 3 行
[2023-07-16] 束 11(mixed 0 / 幅 0 4)/ 一様 11 / 合わせた対照 9 -> 主表 31 行
[2023-07-17] 束 27(mixed 0 / 幅 0 15)/ 一様 27 / 合わせた対照 27 -> 主表 81 行
[2023-07-18] 束 25(mixed 0 / 幅 0 16)/ 一様 25 / 合わせた対照 23 -> 主表 73 行
[2023-07-19] 束 24(mixed 1 / 幅 0 13)/ 一様 24 / 合わせた対照 24 -> 主表 71 行
[2023-07-20] 束 28(mixed 0 / 幅 0 12)/ 一様 28 / 合わせた対照 28 -> 主表 84 行
[2023-07-21] 束 14(mixed 0 / 幅 0 8)/ 一様 14 / 合わせた対照 14 -> 主表 42 行
[2023-07-22] 束 8(mixed 0 / 幅 0 5)/ 一様 8 / 合わせた対照 8 -> 主表 24 行
[2023-07-23] 束 11(mixed 0 / 幅 0 3)/ 一様 11 / 合わせた対照 11 -> 主表 33 行
[2023-07-24] 束 34(mixed 0 / 幅 0 16)/ 一様 34 / 合わせた対照 33 -> 主表 101 行
[2023-07-25] 束 12(mixed 0 / 幅 0 6)/ 一様 12 / 合わせた対照 11 -> 主表 35 行
[2023-07-26] 束 18(mixed 0 / 幅 0 5)/ 一様 18 / 合わせた対照 18 -> 主表 54 行
[2023-07-27] 束 12(mixed 0 / 幅 0 5)/ 一様 12 / 合わせた対照 12 -> 主表 36 行
[2023-07-28] 束 17(mixed 0 / 幅 0 9)/ 一様 17 / 合わせた対照 15 -> 主表 49 行
[2023-07-29] 束 4(mixed 0 / 幅 0 3)/ 一様 4 / 合わせた対照 4 -> 主表 12 行
[2023-07-30] 束 6(mixed 0 / 幅 0 1)/ 一様 6 / 合わせた対照 6 -> 主表 18 行
[2023-07-31] 束 15(mixed 0 / 幅 0 7)/ 一様 15 / 合わせた対照 13 -> 主表 43 行
[2023-08-01] 束 28(mixed 1 / 幅 0 14)/ 一様 28 / 合わせた対照 27 -> 主表 82 行
[2023-08-02] 束 34(mixed 1 / 幅 0 14)/ 一様 34 / 合わせた対照 31 -> 主表 98 行
[2023-08-03] 束 15(mixed 0 / 幅 0 5)/ 一様 15 / 合わせた対照 14 -> 主表 44 行
[2023-08-04] 束 9(mixed 0 / 幅 0 4)/ 一様 9 / 合わせた対照 7 -> 主表 25 行
[2023-08-05] 束 2(mixed 0 / 幅 0 2)/ 一様 2 / 合わせた対照 2 -> 主表 6 行
[2023-08-06] 束 7(mixed 0 / 幅 0 5)/ 一様 7 / 合わせた対照 7 -> 主表 21 行
[2023-08-07] 束 20(mixed 0 / 幅 0 11)/ 一様 20 / 合わせた対照 19 -> 主表 59 行
[2023-08-08] 束 37(mixed 0 / 幅 0 13)/ 一様 37 / 合わせた対照 34 -> 主表 108 行
[2023-08-09] 束 26(mixed 0 / 幅 0 14)/ 一様 26 / 合わせた対照 21 -> 主表 73 行
[2023-08-10] 束 12(mixed 0 / 幅 0 7)/ 一様 12 / 合わせた対照 11 -> 主表 35 行
[2023-08-11] 束 5(mixed 0 / 幅 0 2)/ 一様 5 / 合わせた対照 5 -> 主表 15 行
[2023-08-12] 束 1(mixed 0 / 幅 0 1)/ 一様 1 / 合わせた対照 1 -> 主表 3 行
[2023-08-13] 束 7(mixed 0 / 幅 0 4)/ 一様 7 / 合わせた対照 7 -> 主表 21 行
[2023-08-14] 束 21(mixed 0 / 幅 0 6)/ 一様 21 / 合わせた対照 17 -> 主表 59 行
[2023-08-15] 束 7(mixed 0 / 幅 0 2)/ 一様 7 / 合わせた対照 5 -> 主表 19 行
[2023-08-16] 束 16(mixed 1 / 幅 0 3)/ 一様 16 / 合わせた対照 12 -> 主表 43 行
[2023-08-17] 束 53(mixed 5 / 幅 0 16)/ 一様 53 / 合わせた対照 53 -> 主表 154 行
[2023-08-18] 束 64(mixed 0 / 幅 0 24)/ 一様 64 / 合わせた対照 63 -> 主表 191 行
[2023-08-19] 束 18(mixed 0 / 幅 0 8)/ 一様 18 / 合わせた対照 18 -> 主表 54 行
[2023-08-20] 束 12(mixed 0 / 幅 0 8)/ 一様 12 / 合わせた対照 11 -> 主表 35 行
[2023-08-21] 束 20(mixed 0 / 幅 0 4)/ 一様 20 / 合わせた対照 19 -> 主表 59 行
[2023-08-22] 束 27(mixed 0 / 幅 0 10)/ 一様 27 / 合わせた対照 26 -> 主表 80 行
[2023-08-23] 束 35(mixed 0 / 幅 0 17)/ 一様 35 / 合わせた対照 27 -> 主表 97 行
[2023-08-24] 束 23(mixed 0 / 幅 0 7)/ 一様 23 / 合わせた対照 20 -> 主表 66 行
[2023-08-25] 束 21(mixed 0 / 幅 0 11)/ 一様 21 / 合わせた対照 19 -> 主表 61 行
[2023-08-26] 束 2(mixed 0 / 幅 0 2)/ 一様 2 / 合わせた対照 2 -> 主表 6 行
[2023-08-27] 束 5(mixed 0 / 幅 0 2)/ 一様 5 / 合わせた対照 5 -> 主表 15 行
[2023-08-28] 束 9(mixed 0 / 幅 0 1)/ 一様 9 / 合わせた対照 7 -> 主表 25 行
[2023-08-29] 束 34(mixed 5 / 幅 0 14)/ 一様 34 / 合わせた対照 31 -> 主表 94 行
[2023-08-30] 束 26(mixed 1 / 幅 0 13)/ 一様 26 / 合わせた対照 25 -> 主表 76 行
[2023-08-31] 束 27(mixed 0 / 幅 0 6)/ 一様 27 / 合わせた対照 19 -> 主表 73 行
[2023-09-01] 束 21(mixed 1 / 幅 0 9)/ 一様 21 / 合わせた対照 18 -> 主表 59 行
[2023-09-02] 束 9(mixed 0 / 幅 0 8)/ 一様 9 / 合わせた対照 4 -> 主表 22 行
[2023-09-03] 束 9(mixed 0 / 幅 0 3)/ 一様 9 / 合わせた対照 9 -> 主表 27 行
[2023-09-04] 束 17(mixed 0 / 幅 0 6)/ 一様 17 / 合わせた対照 15 -> 主表 49 行
[2023-09-05] 束 16(mixed 0 / 幅 0 9)/ 一様 16 / 合わせた対照 15 -> 主表 47 行
[2023-09-06] 束 18(mixed 0 / 幅 0 6)/ 一様 18 / 合わせた対照 18 -> 主表 54 行
[2023-09-07] 束 28(mixed 0 / 幅 0 17)/ 一様 28 / 合わせた対照 26 -> 主表 82 行
[2023-09-08] 束 18(mixed 0 / 幅 0 11)/ 一様 18 / 合わせた対照 18 -> 主表 54 行
[2023-09-10] 束 10(mixed 0 / 幅 0 3)/ 一様 10 / 合わせた対照 6 -> 主表 26 行
[2023-09-11] 束 26(mixed 0 / 幅 0 12)/ 一様 26 / 合わせた対照 19 -> 主表 71 行
[2023-09-12] 束 33(mixed 1 / 幅 0 13)/ 一様 33 / 合わせた対照 31 -> 主表 96 行
[2023-09-13] 束 21(mixed 0 / 幅 0 9)/ 一様 21 / 合わせた対照 21 -> 主表 63 行
[2023-09-14] 束 27(mixed 0 / 幅 0 11)/ 一様 27 / 合わせた対照 21 -> 主表 75 行
[2023-09-15] 束 26(mixed 0 / 幅 0 13)/ 一様 26 / 合わせた対照 23 -> 主表 75 行
[2023-09-16] 束 9(mixed 0 / 幅 0 6)/ 一様 9 / 合わせた対照 9 -> 主表 27 行
[2023-09-17] 束 8(mixed 0 / 幅 0 4)/ 一様 8 / 合わせた対照 6 -> 主表 22 行
[2023-09-18] 束 45(mixed 0 / 幅 0 21)/ 一様 45 / 合わせた対照 34 -> 主表 124 行
[2023-09-19] 束 42(mixed 1 / 幅 0 19)/ 一様 42 / 合わせた対照 39 -> 主表 122 行
[2023-09-20] 束 31(mixed 0 / 幅 0 15)/ 一様 31 / 合わせた対照 31 -> 主表 93 行
[2023-09-21] 束 30(mixed 0 / 幅 0 14)/ 一様 30 / 合わせた対照 24 -> 主表 84 行
[2023-09-22] 束 10(mixed 0 / 幅 0 6)/ 一様 10 / 合わせた対照 7 -> 主表 27 行
[2023-09-24] 束 9(mixed 0 / 幅 0 3)/ 一様 9 / 合わせた対照 9 -> 主表 27 行
[2023-09-26] 束 16(mixed 0 / 幅 0 11)/ 一様 16 / 合わせた対照 16 -> 主表 48 行
[2023-09-27] 束 23(mixed 0 / 幅 0 8)/ 一様 23 / 合わせた対照 17 -> 主表 63 行
[2023-09-28] 束 30(mixed 0 / 幅 0 14)/ 一様 30 / 合わせた対照 27 -> 主表 87 行
[2023-09-29] 束 24(mixed 1 / 幅 0 10)/ 一様 24 / 合わせた対照 24 -> 主表 71 行
[2023-09-30] 束 5(mixed 0 / 幅 0 4)/ 一様 5 / 合わせた対照 5 -> 主表 15 行
[2023-10-01] 束 16(mixed 1 / 幅 0 8)/ 一様 16 / 合わせた対照 15 -> 主表 46 行
[2023-10-02] 束 47(mixed 1 / 幅 0 20)/ 一様 47 / 合わせた対照 40 -> 主表 133 行
[2023-10-03] 束 29(mixed 0 / 幅 0 17)/ 一様 29 / 合わせた対照 23 -> 主表 81 行
[2023-10-04] 束 18(mixed 0 / 幅 0 7)/ 一様 18 / 合わせた対照 18 -> 主表 54 行
[2023-10-05] 束 24(mixed 1 / 幅 0 8)/ 一様 24 / 合わせた対照 18 -> 主表 65 行
[2023-10-06] 束 28(mixed 1 / 幅 0 17)/ 一様 28 / 合わせた対照 26 -> 主表 81 行
[2023-10-07] 束 3(mixed 0 / 幅 0 1)/ 一様 3 / 合わせた対照 3 -> 主表 9 行
[2023-10-08] 束 19(mixed 0 / 幅 0 12)/ 一様 19 / 合わせた対照 16 -> 主表 54 行
[2023-10-09] 束 28(mixed 0 / 幅 0 11)/ 一様 28 / 合わせた対照 25 -> 主表 81 行
[2023-10-10] 束 24(mixed 0 / 幅 0 13)/ 一様 24 / 合わせた対照 24 -> 主表 72 行
[2023-10-11] 束 29(mixed 0 / 幅 0 11)/ 一様 29 / 合わせた対照 24 -> 主表 82 行
[2023-10-12] 束 15(mixed 0 / 幅 0 8)/ 一様 15 / 合わせた対照 15 -> 主表 45 行
[2023-10-13] 束 22(mixed 0 / 幅 0 15)/ 一様 22 / 合わせた対照 17 -> 主表 61 行
[2023-10-14] 束 2(mixed 0 / 幅 0 1)/ 一様 2 / 合わせた対照 2 -> 主表 6 行
[2023-10-15] 束 12(mixed 0 / 幅 0 3)/ 一様 12 / 合わせた対照 12 -> 主表 36 行
[2023-10-16] 束 41(mixed 1 / 幅 0 21)/ 一様 41 / 合わせた対照 38 -> 主表 119 行
[2023-10-17] 束 37(mixed 0 / 幅 0 22)/ 一様 37 / 合わせた対照 37 -> 主表 111 行
[2023-10-18] 束 19(mixed 1 / 幅 0 12)/ 一様 19 / 合わせた対照 19 -> 主表 56 行
[2023-10-19] 束 28(mixed 0 / 幅 0 15)/ 一様 28 / 合わせた対照 22 -> 主表 78 行
[2023-10-20] 束 52(mixed 1 / 幅 0 24)/ 一様 52 / 合わせた対照 43 -> 主表 146 行
[2023-10-21] 束 22(mixed 1 / 幅 0 7)/ 一様 22 / 合わせた対照 16 -> 主表 59 行
[2023-10-22] 束 18(mixed 0 / 幅 0 7)/ 一様 18 / 合わせた対照 18 -> 主表 54 行
[2023-10-23] 束 68(mixed 4 / 幅 0 23)/ 一様 68 / 合わせた対照 56 -> 主表 188 行
[2023-10-24] 束 94(mixed 5 / 幅 0 40)/ 一様 94 / 合わせた対照 84 -> 主表 267 行
[2023-10-25] 束 61(mixed 3 / 幅 0 31)/ 一様 61 / 合わせた対照 55 -> 主表 174 行
[2023-10-26] 束 47(mixed 0 / 幅 0 22)/ 一様 47 / 合わせた対照 45 -> 主表 139 行
[2023-10-27] 束 37(mixed 0 / 幅 0 18)/ 一様 37 / 合わせた対照 37 -> 主表 111 行
[2023-10-28] 束 15(mixed 0 / 幅 0 9)/ 一様 15 / 合わせた対照 15 -> 主表 45 行
[2023-10-29] 束 29(mixed 0 / 幅 0 14)/ 一様 29 / 合わせた対照 27 -> 主表 85 行
[2023-10-30] 束 26(mixed 0 / 幅 0 10)/ 一様 26 / 合わせた対照 24 -> 主表 76 行
[2023-10-31] 束 33(mixed 0 / 幅 0 11)/ 一様 33 / 合わせた対照 33 -> 主表 99 行
[2023-11-01] 束 37(mixed 3 / 幅 0 20)/ 一様 37 / 合わせた対照 34 -> 主表 105 行
[2023-11-02] 束 52(mixed 0 / 幅 0 30)/ 一様 52 / 合わせた対照 52 -> 主表 156 行
[2023-11-03] 束 36(mixed 0 / 幅 0 15)/ 一様 36 / 合わせた対照 35 -> 主表 107 行
[2023-11-04] 束 18(mixed 0 / 幅 0 6)/ 一様 18 / 合わせた対照 13 -> 主表 49 行
[2023-11-05] 束 21(mixed 0 / 幅 0 9)/ 一様 21 / 合わせた対照 21 -> 主表 63 行
[2023-11-06] 束 27(mixed 0 / 幅 0 16)/ 一様 27 / 合わせた対照 27 -> 主表 81 行
[2023-11-07] 束 36(mixed 2 / 幅 0 20)/ 一様 36 / 合わせた対照 33 -> 主表 103 行
[2023-11-08] 束 28(mixed 2 / 幅 0 12)/ 一様 28 / 合わせた対照 25 -> 主表 79 行
[2023-11-09] 束 60(mixed 3 / 幅 0 26)/ 一様 60 / 合わせた対照 51 -> 主表 168 行
[2023-11-10] 束 46(mixed 0 / 幅 0 22)/ 一様 46 / 合わせた対照 44 -> 主表 136 行
[2023-11-11] 束 27(mixed 0 / 幅 0 14)/ 一様 27 / 合わせた対照 27 -> 主表 81 行
[2023-11-12] 束 11(mixed 0 / 幅 0 4)/ 一様 11 / 合わせた対照 9 -> 主表 31 行
[2023-11-13] 束 35(mixed 0 / 幅 0 17)/ 一様 35 / 合わせた対照 30 -> 主表 100 行
[2023-11-14] 束 53(mixed 0 / 幅 0 29)/ 一様 53 / 合わせた対照 52 -> 主表 158 行
[2023-11-15] 束 51(mixed 2 / 幅 0 26)/ 一様 51 / 合わせた対照 46 -> 主表 146 行
[2023-11-16] 束 55(mixed 1 / 幅 0 22)/ 一様 55 / 合わせた対照 52 -> 主表 161 行
[2023-11-17] 束 42(mixed 0 / 幅 0 26)/ 一様 42 / 合わせた対照 42 -> 主表 126 行
[2023-11-18] 束 17(mixed 0 / 幅 0 10)/ 一様 17 / 合わせた対照 17 -> 主表 51 行
[2023-11-19] 束 26(mixed 0 / 幅 0 15)/ 一様 26 / 合わせた対照 22 -> 主表 74 行
[2023-11-20] 束 35(mixed 0 / 幅 0 21)/ 一様 35 / 合わせた対照 34 -> 主表 104 行
[2023-11-21] 束 47(mixed 2 / 幅 0 18)/ 一様 47 / 合わせた対照 38 -> 主表 130 行
[2023-11-22] 束 35(mixed 0 / 幅 0 18)/ 一様 35 / 合わせた対照 27 -> 主表 97 行
[2023-11-23] 束 20(mixed 0 / 幅 0 13)/ 一様 20 / 合わせた対照 20 -> 主表 60 行
[2023-11-24] 束 32(mixed 1 / 幅 0 12)/ 一様 32 / 合わせた対照 30 -> 主表 93 行
[2023-11-25] 束 3(mixed 0 / 幅 0 3)/ 一様 3 / 合わせた対照 2 -> 主表 8 行
[2023-11-26] 束 23(mixed 0 / 幅 0 12)/ 一様 23 / 合わせた対照 21 -> 主表 67 行
[2023-11-27] 束 30(mixed 0 / 幅 0 15)/ 一様 30 / 合わせた対照 28 -> 主表 88 行
[2023-11-28] 束 31(mixed 1 / 幅 0 10)/ 一様 31 / 合わせた対照 23 -> 主表 84 行
[2023-11-29] 束 30(mixed 1 / 幅 0 17)/ 一様 30 / 合わせた対照 28 -> 主表 87 行
[2023-11-30] 束 25(mixed 0 / 幅 0 13)/ 一様 25 / 合わせた対照 23 -> 主表 73 行
[2023-12-01] 束 36(mixed 0 / 幅 0 16)/ 一様 36 / 合わせた対照 36 -> 主表 108 行
[2023-12-02] 束 14(mixed 0 / 幅 0 3)/ 一様 14 / 合わせた対照 13 -> 主表 41 行
[2023-12-03] 束 26(mixed 0 / 幅 0 14)/ 一様 26 / 合わせた対照 23 -> 主表 75 行
[2023-12-04] 束 73(mixed 1 / 幅 0 28)/ 一様 73 / 合わせた対照 60 -> 主表 205 行
[2023-12-05] 束 65(mixed 3 / 幅 0 30)/ 一様 65 / 合わせた対照 56 -> 主表 183 行
[2023-12-06] 束 55(mixed 1 / 幅 0 23)/ 一様 55 / 合わせた対照 55 -> 主表 164 行
[2023-12-07] 束 41(mixed 0 / 幅 0 19)/ 一様 41 / 合わせた対照 41 -> 主表 123 行
[2023-12-08] 束 34(mixed 1 / 幅 0 16)/ 一様 34 / 合わせた対照 29 -> 主表 96 行
[2023-12-09] 束 23(mixed 0 / 幅 0 15)/ 一様 23 / 合わせた対照 23 -> 主表 69 行
[2023-12-10] 束 16(mixed 0 / 幅 0 9)/ 一様 16 / 合わせた対照 16 -> 主表 48 行
[2023-12-11] 束 68(mixed 3 / 幅 0 22)/ 一様 68 / 合わせた対照 64 -> 主表 197 行
[2023-12-12] 束 49(mixed 2 / 幅 0 19)/ 一様 49 / 合わせた対照 49 -> 主表 145 行
[2023-12-13] 束 42(mixed 0 / 幅 0 19)/ 一様 42 / 合わせた対照 39 -> 主表 123 行
[2023-12-14] 束 44(mixed 0 / 幅 0 25)/ 一様 44 / 合わせた対照 43 -> 主表 131 行
[2023-12-15] 束 35(mixed 0 / 幅 0 19)/ 一様 35 / 合わせた対照 28 -> 主表 98 行
[2023-12-16] 束 22(mixed 0 / 幅 0 11)/ 一様 22 / 合わせた対照 22 -> 主表 66 行
[2023-12-17] 束 39(mixed 0 / 幅 0 21)/ 一様 39 / 合わせた対照 32 -> 主表 110 行
[2023-12-18] 束 46(mixed 0 / 幅 0 23)/ 一様 46 / 合わせた対照 43 -> 主表 135 行
[2023-12-19] 束 53(mixed 0 / 幅 0 27)/ 一様 53 / 合わせた対照 48 -> 主表 154 行
[2023-12-20] 束 40(mixed 0 / 幅 0 19)/ 一様 40 / 合わせた対照 35 -> 主表 115 行
[2023-12-21] 束 37(mixed 0 / 幅 0 17)/ 一様 37 / 合わせた対照 37 -> 主表 111 行
[2023-12-22] 束 24(mixed 0 / 幅 0 12)/ 一様 24 / 合わせた対照 23 -> 主表 71 行
[2023-12-23] 束 15(mixed 0 / 幅 0 10)/ 一様 15 / 合わせた対照 14 -> 主表 44 行
[2023-12-24] 束 20(mixed 1 / 幅 0 8)/ 一様 20 / 合わせた対照 19 -> 主表 58 行
[2023-12-25] 束 19(mixed 0 / 幅 0 8)/ 一様 19 / 合わせた対照 19 -> 主表 57 行
[2023-12-26] 束 35(mixed 1 / 幅 0 13)/ 一様 35 / 合わせた対照 35 -> 主表 104 行
[2023-12-27] 束 30(mixed 0 / 幅 0 14)/ 一様 30 / 合わせた対照 25 -> 主表 85 行
[2023-12-28] 束 45(mixed 0 / 幅 0 25)/ 一様 45 / 合わせた対照 44 -> 主表 134 行
[2023-12-29] 束 35(mixed 0 / 幅 0 16)/ 一様 35 / 合わせた対照 33 -> 主表 103 行
[2023-12-30] 束 29(mixed 0 / 幅 0 15)/ 一様 29 / 合わせた対照 29 -> 主表 87 行
[2023-12-31] 束 27(mixed 0 / 幅 0 16)/ 一様 27 / 合わせた対照 27 -> 主表 81 行
[2024-01-01] 束 33(mixed 0 / 幅 0 13)/ 一様 33 / 合わせた対照 29 -> 主表 95 行
[2024-01-02] 束 66(mixed 2 / 幅 0 29)/ 一様 66 / 合わせた対照 61 -> 主表 191 行
[2024-01-03] 束 53(mixed 6 / 幅 0 22)/ 一様 53 / 合わせた対照 50 -> 主表 150 行
[2024-01-04] 束 50(mixed 2 / 幅 0 24)/ 一様 50 / 合わせた対照 43 -> 主表 141 行
[2024-01-05] 束 47(mixed 1 / 幅 0 22)/ 一様 47 / 合わせた対照 46 -> 主表 139 行
[2024-01-06] 束 17(mixed 2 / 幅 0 9)/ 一様 17 / 合わせた対照 16 -> 主表 48 行
[2024-01-07] 束 31(mixed 1 / 幅 0 19)/ 一様 31 / 合わせた対照 27 -> 主表 88 行
[2024-01-08] 束 62(mixed 5 / 幅 0 27)/ 一様 62 / 合わせた対照 48 -> 主表 167 行
[2024-01-09] 束 43(mixed 4 / 幅 0 22)/ 一様 43 / 合わせた対照 41 -> 主表 123 行
[2024-01-10] 束 76(mixed 4 / 幅 0 33)/ 一様 76 / 合わせた対照 67 -> 主表 215 行
[2024-01-11] 束 66(mixed 5 / 幅 0 26)/ 一様 66 / 合わせた対照 65 -> 主表 192 行
[2024-01-12] 束 76(mixed 6 / 幅 0 27)/ 一様 76 / 合わせた対照 64 -> 主表 210 行
[2024-01-13] 束 32(mixed 0 / 幅 0 21)/ 一様 32 / 合わせた対照 32 -> 主表 96 行
[2024-01-14] 束 39(mixed 0 / 幅 0 24)/ 一様 39 / 合わせた対照 33 -> 主表 111 行
[2024-01-15] 束 42(mixed 0 / 幅 0 18)/ 一様 42 / 合わせた対照 40 -> 主表 124 行
[2024-01-16] 束 42(mixed 0 / 幅 0 19)/ 一様 42 / 合わせた対照 39 -> 主表 123 行
[2024-01-17] 束 42(mixed 0 / 幅 0 21)/ 一様 42 / 合わせた対照 36 -> 主表 120 行
[2024-01-18] 束 42(mixed 0 / 幅 0 20)/ 一様 42 / 合わせた対照 37 -> 主表 121 行
[2024-01-19] 束 40(mixed 1 / 幅 0 15)/ 一様 40 / 合わせた対照 40 -> 主表 119 行
[2024-01-20] 束 10(mixed 0 / 幅 0 7)/ 一様 10 / 合わせた対照 9 -> 主表 29 行
[2024-01-21] 束 8(mixed 0 / 幅 0 4)/ 一様 8 / 合わせた対照 5 -> 主表 21 行
[2024-01-22] 束 56(mixed 0 / 幅 0 20)/ 一様 56 / 合わせた対照 55 -> 主表 167 行
[2024-01-23] 束 58(mixed 2 / 幅 0 25)/ 一様 58 / 合わせた対照 48 -> 主表 162 行
[2024-01-24] 束 39(mixed 1 / 幅 0 23)/ 一様 39 / 合わせた対照 38 -> 主表 115 行
[2024-01-25] 束 23(mixed 0 / 幅 0 10)/ 一様 23 / 合わせた対照 22 -> 主表 68 行
[2024-01-26] 束 46(mixed 0 / 幅 0 20)/ 一様 46 / 合わせた対照 36 -> 主表 128 行
[2024-01-27] 束 13(mixed 0 / 幅 0 7)/ 一様 13 / 合わせた対照 13 -> 主表 39 行
[2024-01-28] 束 29(mixed 0 / 幅 0 12)/ 一様 29 / 合わせた対照 27 -> 主表 85 行
[2024-01-29] 束 39(mixed 0 / 幅 0 24)/ 一様 39 / 合わせた対照 32 -> 主表 110 行
[2024-01-30] 束 33(mixed 0 / 幅 0 14)/ 一様 33 / 合わせた対照 31 -> 主表 97 行
[2024-01-31] 束 30(mixed 0 / 幅 0 14)/ 一様 30 / 合わせた対照 28 -> 主表 88 行
[2024-02-01] 束 38(mixed 0 / 幅 0 26)/ 一様 38 / 合わせた対照 37 -> 主表 113 行
[2024-02-02] 束 25(mixed 0 / 幅 0 12)/ 一様 25 / 合わせた対照 23 -> 主表 73 行
[2024-02-03] 束 9(mixed 0 / 幅 0 5)/ 一様 9 / 合わせた対照 9 -> 主表 27 行
[2024-02-04] 束 18(mixed 0 / 幅 0 9)/ 一様 18 / 合わせた対照 17 -> 主表 53 行
[2024-02-05] 束 33(mixed 1 / 幅 0 19)/ 一様 33 / 合わせた対照 32 -> 主表 97 行
[2024-02-06] 束 18(mixed 0 / 幅 0 9)/ 一様 18 / 合わせた対照 16 -> 主表 52 行
[2024-02-07] 束 26(mixed 0 / 幅 0 12)/ 一様 26 / 合わせた対照 24 -> 主表 76 行
[2024-02-08] 束 32(mixed 0 / 幅 0 15)/ 一様 32 / 合わせた対照 29 -> 主表 93 行
[2024-02-09] 束 59(mixed 0 / 幅 0 21)/ 一様 59 / 合わせた対照 54 -> 主表 172 行
[2024-02-10] 束 20(mixed 0 / 幅 0 12)/ 一様 20 / 合わせた対照 19 -> 主表 59 行
[2024-02-11] 束 25(mixed 1 / 幅 0 10)/ 一様 25 / 合わせた対照 23 -> 主表 72 行
[2024-02-12] 束 50(mixed 2 / 幅 0 14)/ 一様 50 / 合わせた対照 37 -> 主表 135 行
[2024-02-13] 束 58(mixed 2 / 幅 0 31)/ 一様 58 / 合わせた対照 56 -> 主表 170 行
[2024-02-14] 束 42(mixed 1 / 幅 0 17)/ 一様 42 / 合わせた対照 40 -> 主表 123 行
[2024-02-27] 束 66(mixed 2 / 幅 0 25)/ 一様 66 / 合わせた対照 62 -> 主表 192 行
[2024-02-28] 束 84(mixed 16 / 幅 0 21)/ 一様 84 / 合わせた対照 66 -> 主表 218 行
[2024-02-29] 束 95(mixed 6 / 幅 0 41)/ 一様 95 / 合わせた対照 95 -> 主表 279 行
[2024-03-01] 束 54(mixed 1 / 幅 0 29)/ 一様 54 / 合わせた対照 52 -> 主表 159 行
[2024-03-02] 束 27(mixed 1 / 幅 0 13)/ 一様 27 / 合わせた対照 27 -> 主表 80 行
[2024-03-03] 束 34(mixed 1 / 幅 0 18)/ 一様 34 / 合わせた対照 32 -> 主表 99 行
[2024-03-04] 束 82(mixed 1 / 幅 0 23)/ 一様 82 / 合わせた対照 73 -> 主表 236 行
[2024-03-05] 束 113(mixed 23 / 幅 0 34)/ 一様 113 / 合わせた対照 96 -> 主表 299 行
[2024-03-06] 束 92(mixed 8 / 幅 0 32)/ 一様 92 / 合わせた対照 91 -> 主表 267 行
[2024-03-07] 束 53(mixed 0 / 幅 0 29)/ 一様 53 / 合わせた対照 52 -> 主表 158 行
[2024-03-08] 束 53(mixed 7 / 幅 0 28)/ 一様 53 / 合わせた対照 47 -> 主表 146 行
[2024-03-09] 束 23(mixed 0 / 幅 0 17)/ 一様 23 / 合わせた対照 23 -> 主表 69 行
[2024-03-10] 束 41(mixed 0 / 幅 0 19)/ 一様 41 / 合わせた対照 37 -> 主表 119 行
[2024-03-11] 束 60(mixed 5 / 幅 0 21)/ 一様 60 / 合わせた対照 53 -> 主表 168 行
[2024-03-12] 束 63(mixed 7 / 幅 0 28)/ 一様 63 / 合わせた対照 58 -> 主表 177 行
[2024-03-13] 束 46(mixed 0 / 幅 0 19)/ 一様 46 / 合わせた対照 44 -> 主表 136 行
[2024-03-14] 束 80(mixed 8 / 幅 0 23)/ 一様 80 / 合わせた対照 62 -> 主表 214 行
[2024-03-15] 束 105(mixed 11 / 幅 0 42)/ 一様 105 / 合わせた対照 94 -> 主表 293 行
[2024-03-16] 束 69(mixed 1 / 幅 0 33)/ 一様 69 / 合わせた対照 63 -> 主表 200 行
[2024-03-17] 束 58(mixed 1 / 幅 0 22)/ 一様 58 / 合わせた対照 58 -> 主表 173 行
[2024-03-18] 束 61(mixed 1 / 幅 0 33)/ 一様 61 / 合わせた対照 59 -> 主表 180 行
[2024-03-19] 束 102(mixed 12 / 幅 0 33)/ 一様 102 / 合わせた対照 85 -> 主表 277 行
[2024-03-20] 束 96(mixed 7 / 幅 0 39)/ 一様 96 / 合わせた対照 90 -> 主表 275 行
[2024-03-21] 束 73(mixed 2 / 幅 0 37)/ 一様 73 / 合わせた対照 73 -> 主表 217 行
[2024-03-22] 束 70(mixed 3 / 幅 0 32)/ 一様 70 / 合わせた対照 68 -> 主表 205 行
[2024-03-23] 束 51(mixed 0 / 幅 0 26)/ 一様 51 / 合わせた対照 50 -> 主表 152 行
[2024-03-24] 束 44(mixed 1 / 幅 0 18)/ 一様 44 / 合わせた対照 37 -> 主表 124 行
[2024-03-25] 束 65(mixed 3 / 幅 0 34)/ 一様 65 / 合わせた対照 56 -> 主表 183 行
[2024-03-26] 束 47(mixed 0 / 幅 0 23)/ 一様 47 / 合わせた対照 46 -> 主表 140 行
[2024-03-27] 束 58(mixed 3 / 幅 0 29)/ 一様 58 / 合わせた対照 51 -> 主表 164 行
[2024-03-28] 束 40(mixed 1 / 幅 0 19)/ 一様 40 / 合わせた対照 40 -> 主表 119 行
[2024-03-29] 束 25(mixed 0 / 幅 0 8)/ 一様 25 / 合わせた対照 25 -> 主表 75 行
[2024-03-30] 束 15(mixed 0 / 幅 0 9)/ 一様 15 / 合わせた対照 14 -> 主表 44 行
[2024-03-31] 束 22(mixed 0 / 幅 0 15)/ 一様 22 / 合わせた対照 20 -> 主表 64 行
[2024-04-01] 束 49(mixed 1 / 幅 0 26)/ 一様 49 / 合わせた対照 44 -> 主表 141 行
[2024-04-02] 束 84(mixed 6 / 幅 0 45)/ 一様 84 / 合わせた対照 79 -> 主表 241 行
[2024-04-03] 束 45(mixed 2 / 幅 0 20)/ 一様 45 / 合わせた対照 45 -> 主表 133 行
[2024-04-04] 束 49(mixed 0 / 幅 0 24)/ 一様 49 / 合わせた対照 48 -> 主表 146 行
[2024-04-05] 束 49(mixed 2 / 幅 0 26)/ 一様 49 / 合わせた対照 49 -> 主表 145 行
[2024-04-06] 束 18(mixed 0 / 幅 0 5)/ 一様 18 / 合わせた対照 13 -> 主表 49 行
[2024-04-07] 束 28(mixed 0 / 幅 0 15)/ 一様 28 / 合わせた対照 20 -> 主表 76 行
[2024-04-08] 束 45(mixed 0 / 幅 0 21)/ 一様 45 / 合わせた対照 43 -> 主表 133 行
[2024-04-09] 束 45(mixed 3 / 幅 0 19)/ 一様 45 / 合わせた対照 41 -> 主表 128 行
[2024-04-10] 束 46(mixed 1 / 幅 0 16)/ 一様 46 / 合わせた対照 45 -> 主表 136 行
[2024-04-11] 束 37(mixed 0 / 幅 0 15)/ 一様 37 / 合わせた対照 37 -> 主表 111 行
[2024-04-12] 束 45(mixed 6 / 幅 0 21)/ 一様 45 / 合わせた対照 40 -> 主表 124 行
[2024-04-13] 束 59(mixed 7 / 幅 0 28)/ 一様 59 / 合わせた対照 59 -> 主表 170 行
[2024-04-14] 束 78(mixed 5 / 幅 0 36)/ 一様 78 / 合わせた対照 78 -> 主表 229 行
[2024-04-15] 束 57(mixed 5 / 幅 0 28)/ 一様 57 / 合わせた対照 53 -> 主表 162 行
[2024-04-16] 束 80(mixed 1 / 幅 0 48)/ 一様 80 / 合わせた対照 78 -> 主表 237 行
[2024-04-17] 束 61(mixed 4 / 幅 0 27)/ 一様 61 / 合わせた対照 59 -> 主表 177 行
[2024-04-18] 束 58(mixed 0 / 幅 0 24)/ 一様 58 / 合わせた対照 53 -> 主表 169 行
[2024-04-19] 束 77(mixed 6 / 幅 0 31)/ 一様 77 / 合わせた対照 70 -> 主表 218 行
[2024-04-20] 束 32(mixed 1 / 幅 0 14)/ 一様 32 / 合わせた対照 30 -> 主表 93 行
[2024-04-21] 束 27(mixed 0 / 幅 0 11)/ 一様 27 / 合わせた対照 25 -> 主表 79 行
[2024-04-22] 束 41(mixed 0 / 幅 0 23)/ 一様 41 / 合わせた対照 38 -> 主表 120 行
[2024-04-23] 束 31(mixed 0 / 幅 0 17)/ 一様 31 / 合わせた対照 31 -> 主表 93 行
[2024-04-24] 束 38(mixed 0 / 幅 0 19)/ 一様 38 / 合わせた対照 30 -> 主表 106 行
[2024-04-25] 束 48(mixed 0 / 幅 0 23)/ 一様 48 / 合わせた対照 44 -> 主表 140 行
[2024-04-26] 束 36(mixed 0 / 幅 0 13)/ 一様 36 / 合わせた対照 33 -> 主表 105 行
[2024-04-27] 束 20(mixed 0 / 幅 0 10)/ 一様 20 / 合わせた対照 20 -> 主表 60 行
[2024-04-28] 束 20(mixed 0 / 幅 0 10)/ 一様 20 / 合わせた対照 18 -> 主表 58 行
[2024-04-29] 束 41(mixed 0 / 幅 0 19)/ 一様 41 / 合わせた対照 35 -> 主表 117 行
[2024-04-30] 束 57(mixed 5 / 幅 0 21)/ 一様 57 / 合わせた対照 54 -> 主表 163 行
[2024-05-01] 束 88(mixed 4 / 幅 0 44)/ 一様 88 / 合わせた対照 83 -> 主表 255 行
[2024-05-02] 束 39(mixed 0 / 幅 0 20)/ 一様 39 / 合わせた対照 38 -> 主表 116 行
[2024-05-03] 束 54(mixed 2 / 幅 0 24)/ 一様 54 / 合わせた対照 45 -> 主表 151 行
[2024-05-04] 束 33(mixed 0 / 幅 0 13)/ 一様 33 / 合わせた対照 30 -> 主表 96 行
[2024-05-05] 束 32(mixed 0 / 幅 0 22)/ 一様 32 / 合わせた対照 28 -> 主表 92 行
[2024-05-06] 束 41(mixed 1 / 幅 0 16)/ 一様 41 / 合わせた対照 40 -> 主表 121 行
[2024-05-07] 束 34(mixed 0 / 幅 0 15)/ 一様 34 / 合わせた対照 32 -> 主表 100 行
[2024-05-08] 束 45(mixed 0 / 幅 0 19)/ 一様 45 / 合わせた対照 43 -> 主表 133 行
[2024-05-09] 束 45(mixed 0 / 幅 0 28)/ 一様 45 / 合わせた対照 43 -> 主表 133 行
[2024-05-10] 束 42(mixed 2 / 幅 0 25)/ 一様 42 / 合わせた対照 40 -> 主表 122 行
[2024-05-11] 束 11(mixed 0 / 幅 0 5)/ 一様 11 / 合わせた対照 11 -> 主表 33 行
[2024-05-12] 束 12(mixed 0 / 幅 0 6)/ 一様 12 / 合わせた対照 10 -> 主表 34 行
[2024-05-13] 束 40(mixed 1 / 幅 0 24)/ 一様 40 / 合わせた対照 32 -> 主表 111 行
[2024-05-14] 束 39(mixed 0 / 幅 0 24)/ 一様 39 / 合わせた対照 38 -> 主表 116 行
[2024-05-15] 束 45(mixed 0 / 幅 0 20)/ 一様 45 / 合わせた対照 39 -> 主表 129 行
[2024-05-16] 束 41(mixed 1 / 幅 0 24)/ 一様 41 / 合わせた対照 37 -> 主表 118 行
[2024-05-17] 束 32(mixed 1 / 幅 0 15)/ 一様 32 / 合わせた対照 30 -> 主表 93 行
[2024-05-18] 束 12(mixed 0 / 幅 0 7)/ 一様 12 / 合わせた対照 10 -> 主表 34 行
[2024-05-19] 束 26(mixed 0 / 幅 0 14)/ 一様 26 / 合わせた対照 20 -> 主表 72 行
[2024-05-20] 束 44(mixed 0 / 幅 0 19)/ 一様 44 / 合わせた対照 41 -> 主表 129 行
[2024-05-21] 束 41(mixed 0 / 幅 0 24)/ 一様 41 / 合わせた対照 37 -> 主表 119 行
[2024-05-22] 束 36(mixed 0 / 幅 0 18)/ 一様 36 / 合わせた対照 35 -> 主表 107 行
[2024-05-23] 束 37(mixed 2 / 幅 0 18)/ 一様 37 / 合わせた対照 30 -> 主表 102 行
[2024-05-24] 束 34(mixed 0 / 幅 0 14)/ 一様 34 / 合わせた対照 34 -> 主表 102 行
[2024-05-25] 束 11(mixed 0 / 幅 0 5)/ 一様 11 / 合わせた対照 11 -> 主表 33 行
[2024-05-26] 束 10(mixed 0 / 幅 0 5)/ 一様 10 / 合わせた対照 10 -> 主表 30 行
[2024-05-27] 束 32(mixed 0 / 幅 0 15)/ 一様 32 / 合わせた対照 28 -> 主表 92 行
[2024-05-28] 束 45(mixed 0 / 幅 0 27)/ 一様 45 / 合わせた対照 45 -> 主表 135 行
[2024-05-29] 束 25(mixed 0 / 幅 0 11)/ 一様 25 / 合わせた対照 25 -> 主表 75 行
[2024-05-30] 束 31(mixed 0 / 幅 0 13)/ 一様 31 / 合わせた対照 31 -> 主表 93 行
[2024-05-31] 束 25(mixed 0 / 幅 0 11)/ 一様 25 / 合わせた対照 20 -> 主表 70 行
[2024-06-02] 束 15(mixed 0 / 幅 0 5)/ 一様 15 / 合わせた対照 12 -> 主表 42 行
[2024-06-03] 束 39(mixed 0 / 幅 0 21)/ 一様 39 / 合わせた対照 36 -> 主表 114 行
[2024-06-04] 束 31(mixed 0 / 幅 0 12)/ 一様 31 / 合わせた対照 30 -> 主表 92 行
[2024-06-05] 束 34(mixed 0 / 幅 0 19)/ 一様 34 / 合わせた対照 34 -> 主表 102 行
[2024-06-06] 束 22(mixed 0 / 幅 0 11)/ 一様 22 / 合わせた対照 21 -> 主表 65 行
[2024-06-07] 束 37(mixed 1 / 幅 0 21)/ 一様 37 / 合わせた対照 32 -> 主表 105 行
[2024-06-08] 束 1(mixed 0 / 幅 0 0)/ 一様 1 / 合わせた対照 1 -> 主表 3 行
[2024-06-09] 束 12(mixed 0 / 幅 0 9)/ 一様 12 / 合わせた対照 12 -> 主表 36 行
[2024-06-10] 束 17(mixed 0 / 幅 0 8)/ 一様 17 / 合わせた対照 15 -> 主表 49 行
[2024-06-13] 束 30(mixed 2 / 幅 0 15)/ 一様 30 / 合わせた対照 28 -> 主表 86 行
[2024-06-14] 束 33(mixed 1 / 幅 0 15)/ 一様 33 / 合わせた対照 32 -> 主表 97 行
[2024-06-15] 束 7(mixed 0 / 幅 0 4)/ 一様 7 / 合わせた対照 7 -> 主表 21 行
[2024-06-16] 束 7(mixed 0 / 幅 0 5)/ 一様 7 / 合わせた対照 4 -> 主表 18 行
[2024-06-17] 束 40(mixed 0 / 幅 0 16)/ 一様 40 / 合わせた対照 30 -> 主表 110 行
[2024-06-18] 束 46(mixed 1 / 幅 0 24)/ 一様 46 / 合わせた対照 46 -> 主表 137 行
[2024-06-19] 束 17(mixed 0 / 幅 0 7)/ 一様 17 / 合わせた対照 17 -> 主表 51 行
[2024-06-20] 束 33(mixed 0 / 幅 0 16)/ 一様 33 / 合わせた対照 33 -> 主表 99 行
[2024-06-21] 束 36(mixed 0 / 幅 0 18)/ 一様 36 / 合わせた対照 30 -> 主表 102 行
[2024-06-22] 束 2(mixed 0 / 幅 0 2)/ 一様 2 / 合わせた対照 2 -> 主表 6 行
[2024-06-23] 束 13(mixed 0 / 幅 0 5)/ 一様 13 / 合わせた対照 13 -> 主表 39 行
[2024-06-24] 束 72(mixed 2 / 幅 0 28)/ 一様 72 / 合わせた対照 62 -> 主表 204 行
[2024-06-25] 束 35(mixed 1 / 幅 0 19)/ 一様 35 / 合わせた対照 34 -> 主表 103 行
[2024-06-26] 束 28(mixed 0 / 幅 0 14)/ 一様 28 / 合わせた対照 28 -> 主表 84 行
[2024-06-27] 束 24(mixed 0 / 幅 0 15)/ 一様 24 / 合わせた対照 22 -> 主表 70 行
[2024-06-28] 束 29(mixed 1 / 幅 0 11)/ 一様 29 / 合わせた対照 22 -> 主表 79 行
[2024-06-29] 束 10(mixed 0 / 幅 0 8)/ 一様 10 / 合わせた対照 10 -> 主表 30 行
[2024-06-30] 束 14(mixed 0 / 幅 0 3)/ 一様 14 / 合わせた対照 8 -> 主表 36 行
[2024-07-01] 束 22(mixed 0 / 幅 0 12)/ 一様 22 / 合わせた対照 20 -> 主表 64 行
[2024-07-02] 束 17(mixed 0 / 幅 0 8)/ 一様 17 / 合わせた対照 17 -> 主表 51 行
[2024-07-03] 束 34(mixed 0 / 幅 0 13)/ 一様 34 / 合わせた対照 32 -> 主表 100 行
[2024-07-04] 束 68(mixed 2 / 幅 0 35)/ 一様 68 / 合わせた対照 66 -> 主表 200 行
[2024-07-05] 束 61(mixed 5 / 幅 0 31)/ 一様 61 / 合わせた対照 59 -> 主表 176 行
[2024-07-06] 束 30(mixed 0 / 幅 0 18)/ 一様 30 / 合わせた対照 25 -> 主表 85 行
[2024-07-07] 束 39(mixed 0 / 幅 0 22)/ 一様 39 / 合わせた対照 35 -> 主表 113 行
[2024-07-08] 束 63(mixed 2 / 幅 0 37)/ 一様 63 / 合わせた対照 60 -> 主表 184 行
[2024-07-09] 束 41(mixed 1 / 幅 0 26)/ 一様 41 / 合わせた対照 39 -> 主表 120 行
[2024-07-10] 束 31(mixed 0 / 幅 0 15)/ 一様 31 / 合わせた対照 31 -> 主表 93 行
[2024-07-11] 束 39(mixed 1 / 幅 0 17)/ 一様 39 / 合わせた対照 37 -> 主表 114 行
[2024-07-12] 束 35(mixed 0 / 幅 0 21)/ 一様 35 / 合わせた対照 33 -> 主表 103 行
[2024-07-13] 束 14(mixed 0 / 幅 0 7)/ 一様 14 / 合わせた対照 14 -> 主表 42 行
[2024-07-14] 束 26(mixed 0 / 幅 0 12)/ 一様 26 / 合わせた対照 23 -> 主表 75 行
[2024-07-15] 束 50(mixed 1 / 幅 0 23)/ 一様 50 / 合わせた対照 39 -> 主表 138 行
[2024-07-16] 束 48(mixed 1 / 幅 0 15)/ 一様 48 / 合わせた対照 46 -> 主表 141 行
[2024-07-17] 束 43(mixed 1 / 幅 0 20)/ 一様 43 / 合わせた対照 40 -> 主表 125 行
[2024-07-18] 束 40(mixed 0 / 幅 0 23)/ 一様 40 / 合わせた対照 37 -> 主表 117 行
[2024-07-19] 束 38(mixed 1 / 幅 0 15)/ 一様 38 / 合わせた対照 31 -> 主表 106 行
[2024-07-20] 束 15(mixed 0 / 幅 0 3)/ 一様 15 / 合わせた対照 15 -> 主表 45 行
[2024-07-21] 束 31(mixed 1 / 幅 0 11)/ 一様 31 / 合わせた対照 26 -> 主表 87 行
[2024-07-22] 束 44(mixed 0 / 幅 0 26)/ 一様 44 / 合わせた対照 42 -> 主表 130 行
[2024-07-23] 束 36(mixed 1 / 幅 0 15)/ 一様 36 / 合わせた対照 33 -> 主表 104 行
[2024-07-24] 束 30(mixed 0 / 幅 0 15)/ 一様 30 / 合わせた対照 30 -> 主表 90 行
[2024-07-25] 束 39(mixed 0 / 幅 0 20)/ 一様 39 / 合わせた対照 28 -> 主表 106 行
[2024-07-26] 束 31(mixed 1 / 幅 0 16)/ 一様 31 / 合わせた対照 29 -> 主表 90 行
[2024-07-27] 束 34(mixed 2 / 幅 0 14)/ 一様 34 / 合わせた対照 34 -> 主表 100 行
[2024-07-28] 束 20(mixed 0 / 幅 0 13)/ 一様 20 / 合わせた対照 20 -> 主表 60 行
[2024-07-29] 束 43(mixed 1 / 幅 0 19)/ 一様 43 / 合わせた対照 40 -> 主表 125 行
[2024-07-30] 束 38(mixed 0 / 幅 0 22)/ 一様 38 / 合わせた対照 38 -> 主表 114 行
[2024-07-31] 束 37(mixed 0 / 幅 0 19)/ 一様 37 / 合わせた対照 37 -> 主表 111 行
[2024-08-01] 束 67(mixed 0 / 幅 0 38)/ 一様 67 / 合わせた対照 62 -> 主表 196 行
[2024-08-02] 束 63(mixed 2 / 幅 0 33)/ 一様 63 / 合わせた対照 62 -> 主表 186 行
[2024-08-03] 束 43(mixed 1 / 幅 0 21)/ 一様 43 / 合わせた対照 43 -> 主表 128 行
[2024-08-04] 束 52(mixed 2 / 幅 0 21)/ 一様 52 / 合わせた対照 40 -> 主表 142 行
[2024-08-05] 束 121(mixed 33 / 幅 0 35)/ 一様 121 / 合わせた対照 83 -> 主表 292 行
[2024-08-06] 束 68(mixed 4 / 幅 0 33)/ 一様 68 / 合わせた対照 68 -> 主表 200 行
[2024-08-07] 束 65(mixed 1 / 幅 0 26)/ 一様 65 / 合わせた対照 63 -> 主表 192 行
[2024-08-08] 束 58(mixed 4 / 幅 0 30)/ 一様 58 / 合わせた対照 43 -> 主表 155 行
[2024-08-09] 束 47(mixed 1 / 幅 0 25)/ 一様 47 / 合わせた対照 47 -> 主表 140 行
[2024-08-10] 束 15(mixed 0 / 幅 0 10)/ 一様 15 / 合わせた対照 15 -> 主表 45 行
[2024-08-11] 束 40(mixed 2 / 幅 0 16)/ 一様 40 / 合わせた対照 32 -> 主表 110 行
[2024-08-12] 束 50(mixed 2 / 幅 0 28)/ 一様 50 / 合わせた対照 46 -> 主表 144 行
[2024-08-13] 束 43(mixed 0 / 幅 0 25)/ 一様 43 / 合わせた対照 38 -> 主表 124 行
[2024-08-14] 束 36(mixed 2 / 幅 0 20)/ 一様 36 / 合わせた対照 31 -> 主表 101 行
[2024-08-15] 束 43(mixed 5 / 幅 0 18)/ 一様 43 / 合わせた対照 43 -> 主表 124 行
[2024-08-16] 束 47(mixed 0 / 幅 0 27)/ 一様 47 / 合わせた対照 46 -> 主表 140 行
[2024-08-17] 束 11(mixed 0 / 幅 0 8)/ 一様 11 / 合わせた対照 11 -> 主表 33 行
[2024-08-18] 束 25(mixed 0 / 幅 0 11)/ 一様 25 / 合わせた対照 22 -> 主表 72 行
[2024-08-19] 束 30(mixed 0 / 幅 0 16)/ 一様 30 / 合わせた対照 30 -> 主表 90 行
[2024-08-20] 束 30(mixed 0 / 幅 0 14)/ 一様 30 / 合わせた対照 29 -> 主表 89 行
[2024-08-21] 束 34(mixed 2 / 幅 0 19)/ 一様 34 / 合わせた対照 27 -> 主表 93 行
[2024-08-22] 束 26(mixed 1 / 幅 0 16)/ 一様 26 / 合わせた対照 25 -> 主表 76 行
[2024-08-23] 束 33(mixed 1 / 幅 0 16)/ 一様 33 / 合わせた対照 29 -> 主表 94 行
[2024-08-24] 束 22(mixed 0 / 幅 0 13)/ 一様 22 / 合わせた対照 22 -> 主表 66 行
[2024-08-25] 束 16(mixed 0 / 幅 0 7)/ 一様 16 / 合わせた対照 15 -> 主表 47 行
[2024-08-26] 束 31(mixed 0 / 幅 0 19)/ 一様 31 / 合わせた対照 30 -> 主表 92 行
[2024-08-27] 束 42(mixed 1 / 幅 0 24)/ 一様 42 / 合わせた対照 38 -> 主表 121 行
[2024-08-28] 束 42(mixed 2 / 幅 0 22)/ 一様 42 / 合わせた対照 41 -> 主表 123 行
[2024-08-29] 束 36(mixed 0 / 幅 0 18)/ 一様 36 / 合わせた対照 36 -> 主表 108 行
[2024-08-30] 束 32(mixed 1 / 幅 0 17)/ 一様 32 / 合わせた対照 29 -> 主表 92 行
[2024-08-31] 束 8(mixed 0 / 幅 0 6)/ 一様 8 / 合わせた対照 8 -> 主表 24 行
[2024-09-01] 束 37(mixed 1 / 幅 0 18)/ 一様 37 / 合わせた対照 31 -> 主表 104 行
[2024-09-02] 束 23(mixed 0 / 幅 0 13)/ 一様 23 / 合わせた対照 23 -> 主表 69 行
[2024-09-03] 束 30(mixed 0 / 幅 0 18)/ 一様 30 / 合わせた対照 30 -> 主表 90 行
[2024-09-04] 束 32(mixed 1 / 幅 0 18)/ 一様 32 / 合わせた対照 32 -> 主表 95 行
[2024-09-05] 束 30(mixed 0 / 幅 0 17)/ 一様 30 / 合わせた対照 30 -> 主表 90 行
[2024-09-06] 束 49(mixed 2 / 幅 0 18)/ 一様 49 / 合わせた対照 47 -> 主表 143 行
[2024-09-07] 束 20(mixed 0 / 幅 0 13)/ 一様 20 / 合わせた対照 20 -> 主表 60 行
[2024-09-08] 束 20(mixed 1 / 幅 0 9)/ 一様 20 / 合わせた対照 17 -> 主表 56 行
[2024-09-09] 束 46(mixed 1 / 幅 0 21)/ 一様 46 / 合わせた対照 41 -> 主表 132 行
[2024-09-10] 束 38(mixed 0 / 幅 0 23)/ 一様 38 / 合わせた対照 37 -> 主表 113 行
[2024-09-11] 束 41(mixed 1 / 幅 0 21)/ 一様 41 / 合わせた対照 41 -> 主表 122 行
[2024-09-12] 束 31(mixed 2 / 幅 0 15)/ 一様 31 / 合わせた対照 31 -> 主表 91 行
[2024-09-13] 束 34(mixed 0 / 幅 0 19)/ 一様 34 / 合わせた対照 26 -> 主表 94 行
[2024-09-14] 束 12(mixed 0 / 幅 0 6)/ 一様 12 / 合わせた対照 12 -> 主表 36 行
[2024-09-15] 束 15(mixed 0 / 幅 0 6)/ 一様 15 / 合わせた対照 13 -> 主表 43 行
[2024-09-16] 束 34(mixed 0 / 幅 0 18)/ 一様 34 / 合わせた対照 34 -> 主表 102 行
[2024-09-17] 束 34(mixed 1 / 幅 0 17)/ 一様 34 / 合わせた対照 34 -> 主表 101 行
[2024-09-18] 束 44(mixed 3 / 幅 0 25)/ 一様 44 / 合わせた対照 42 -> 主表 127 行
[2024-09-19] 束 42(mixed 1 / 幅 0 20)/ 一様 42 / 合わせた対照 31 -> 主表 114 行
[2024-09-20] 束 28(mixed 0 / 幅 0 14)/ 一様 28 / 合わせた対照 28 -> 主表 84 行
[2024-09-21] 束 7(mixed 0 / 幅 0 4)/ 一様 7 / 合わせた対照 5 -> 主表 19 行
[2024-09-22] 束 24(mixed 0 / 幅 0 15)/ 一様 24 / 合わせた対照 23 -> 主表 71 行
[2024-09-23] 束 26(mixed 0 / 幅 0 13)/ 一様 26 / 合わせた対照 22 -> 主表 74 行
[2024-09-24] 束 35(mixed 1 / 幅 0 17)/ 一様 35 / 合わせた対照 31 -> 主表 100 行
[2024-09-25] 束 23(mixed 0 / 幅 0 13)/ 一様 23 / 合わせた対照 23 -> 主表 69 行
[2024-09-26] 束 39(mixed 1 / 幅 0 23)/ 一様 39 / 合わせた対照 31 -> 主表 108 行
[2024-09-27] 束 32(mixed 0 / 幅 0 20)/ 一様 32 / 合わせた対照 28 -> 主表 92 行
[2024-09-28] 束 11(mixed 0 / 幅 0 6)/ 一様 11 / 合わせた対照 11 -> 主表 33 行
[2024-09-29] 束 11(mixed 0 / 幅 0 9)/ 一様 11 / 合わせた対照 11 -> 主表 33 行
[2024-09-30] 束 41(mixed 0 / 幅 0 22)/ 一様 41 / 合わせた対照 32 -> 主表 114 行
[2024-10-01] 束 52(mixed 0 / 幅 0 31)/ 一様 52 / 合わせた対照 44 -> 主表 148 行
[2024-10-02] 束 44(mixed 0 / 幅 0 20)/ 一様 44 / 合わせた対照 41 -> 主表 129 行
[2024-10-03] 束 36(mixed 1 / 幅 0 18)/ 一様 36 / 合わせた対照 36 -> 主表 107 行
[2024-10-04] 束 30(mixed 0 / 幅 0 15)/ 一様 30 / 合わせた対照 30 -> 主表 90 行
[2024-10-05] 束 14(mixed 0 / 幅 0 12)/ 一様 14 / 合わせた対照 14 -> 主表 42 行
[2024-10-06] 束 12(mixed 1 / 幅 0 5)/ 一様 12 / 合わせた対照 9 -> 主表 32 行
[2024-10-07] 束 38(mixed 1 / 幅 0 21)/ 一様 38 / 合わせた対照 33 -> 主表 108 行
[2024-10-08] 束 26(mixed 0 / 幅 0 15)/ 一様 26 / 合わせた対照 26 -> 主表 78 行
[2024-10-09] 束 24(mixed 0 / 幅 0 12)/ 一様 24 / 合わせた対照 24 -> 主表 72 行
[2024-10-10] 束 37(mixed 0 / 幅 0 19)/ 一様 37 / 合わせた対照 37 -> 主表 111 行
[2024-10-11] 束 23(mixed 1 / 幅 0 8)/ 一様 23 / 合わせた対照 23 -> 主表 68 行
[2024-10-12] 束 13(mixed 0 / 幅 0 8)/ 一様 13 / 合わせた対照 13 -> 主表 39 行
行 45035(liq 15143 / control_uniform 15590 / control_matched 14302)/ mixed 除外 447 / W = 24.0h / gap = 180s / 所要 596.06 秒 -> backtest_data/o3c_reaction_20260918_full/gap180_w24
=== 2026-09-19T09:42:44Z exit=0 gap=180 W=24
ALL DONE 2026-09-19T09:42:44Z
