day,pnl_bp,n
2015-11-29,98.7321458758667,38
2015-11-30,0.0,37
2015-12-01,-22.88391416994249,50
2015-12-02,-5.4997638519476455,28
2015-12-03,11.76474339149818,21
2015-12-04,5.551583248212572,15
2015-12-05,-39.209419957367025,40
2015-12-06,-0.03039643024330526,46
2015-12-07,16.19313480946191,84
2015-12-08,1.6525147029769873,154
2015-12-09,21.66354764373419,177
2015-12-10,15.849931325128132,206
2015-12-11,-45.77099309191194,275
2015-12-12,-17.224078239622685,290
2015-12-13,-26.43346130225908,177
2015-12-14,2.5503485797632006,160
2015-12-15,8.330774520129665,144
2015-12-16,-72.3118228020988,222
2015-12-17,12.34972248059177,72
2015-12-18,-8.218300108744675,170
2015-12-19,-3.7383284334430957,378
2015-12-20,-5.830136432068814,508
2015-12-21,-97.20348755027304,624
2015-12-22,-11.81235970005967,507
2015-12-23,-56.82721079555715,330
2015-12-24,-23.243406266260074,337
2015-12-25,-9.936247766695326,234
2015-12-26,-49.664870944520665,407
2015-12-27,-55.7210662630427,280
2015-12-28,-3.915248611353294,483
2015-12-29,4.197393141611716,240
2015-12-30,-76.66391808826842,435
2015-12-31,15.039848195908299,228
2016-01-01,-18.121901618550766,331
2016-01-02,0.22644435972663174,363
2016-01-03,18.81657651135413,298
2016-01-04,-14.651257578880573,299
2016-01-05,-4.130710914980819,291
2016-01-06,5.413041451712527,279
2016-01-07,-15.770393011341277,332
2016-01-08,15.840513041390462,293
2016-01-09,-2.2687999176058438,405
2016-01-10,-4.724931360459626,529
2016-01-11,-21.235505587101787,592
2016-01-12,-11.737104399271686,605
2016-01-13,-10.857765822657178,674
2016-01-14,-23.408510154984928,707
2016-01-15,-141.02798818447454,944
2016-01-16,-229.3280221633038,1015
2016-01-17,-42.50702503314907,693
2016-01-18,-36.281053881971324,602
2016-01-19,-3.512421926485134,497
2016-01-20,-43.558087072278006,650
2016-01-21,-88.53807986943575,770
2016-01-22,-61.63394402345412,756
2016-01-23,-83.8744979470718,677
2016-01-24,-55.2763000593941,617
2016-01-25,4.095966486678613,443
2016-01-26,-29.657315785804723,572
2016-01-27,3.3798499242928695,527
2016-01-28,-12.781935335388006,493
2016-01-29,-100.23540519151001,652
2016-01-30,-30.602532185679397,579
2016-01-31,-0.7689422960521805,473
2016-02-01,-11.87593989485219,628
2016-02-02,9.588736407030655,550
2016-02-03,5.804350453142107,695
2016-02-04,-10.413449950191952,647
2016-02-05,-1.0852750417746284,736
2016-02-06,-25.055814190096942,759
2016-02-07,3.941567651602398,499
2016-02-08,-6.701763778030253,729
2016-02-09,-9.129626705828603,720
2016-02-10,-25.042058457690633,859
2016-02-11,-41.14827366806352,737
2016-02-12,-79.9661312924509,784
2016-02-13,6.168799336816467,863
2016-02-14,-69.23911907782914,988
2016-02-15,-110.02173063313032,979
2016-02-16,-16.824058434027023,825
2016-02-17,17.29798012933144,549
2016-02-18,-58.51158918397,661
2016-02-19,8.747265276139697,613
2016-02-20,-19.776081640592142,682
2016-02-21,-134.296175406358,903
2016-02-22,-17.5190846307124,585
2016-02-23,-45.949345525901435,629
2016-02-24,15.053215219314868,453
2016-02-25,-21.5350493717776,141
2016-02-26,-42.694335505363284,214
2016-02-27,-14.450121720059087,267
2016-02-28,-11.618267167905168,251
2016-02-29,-10.4057802724162,413
2016-03-01,-30.970304201625165,800
2016-03-02,-17.75894788811319,1265
2016-03-03,-66.98465620543942,1296
2016-03-04,-70.09851837000518,1221
2016-03-05,-41.470360838405625,1050
2016-03-06,-67.39490438726506,880
2016-03-07,-15.915589791645369,717
2016-03-08,-1.4886232192909001,865
2016-03-09,15.747597254416151,906
2016-03-10,-5.42949431755194,971
2016-03-11,-0.9080312929873448,1146
2016-03-12,-25.9329314420818,1155
2016-03-13,-20.100630969253707,1123
2016-03-14,-16.981337309400768,1032
2016-03-15,-2.242615994714992,893
2016-03-16,-4.671081792118222,716
2016-03-17,0.8221118251585021,679
2016-03-18,-14.571966528898711,655
2016-03-19,7.196531162774035,793
2016-03-20,-4.163429726085077,752
2016-03-21,-16.851184302129056,851
2016-03-22,-12.045803964089329,739
2016-03-23,-6.867529271385689,776
2016-03-24,-7.939526053976389,763
2016-03-25,1.2028125074727194,706
2016-03-26,-0.6298807250093573,553
2016-03-27,-3.1161465419133565,479
2016-03-28,-20.943500683406096,693
2016-03-29,-24.909018846756325,768
2016-03-30,-23.569604436410884,703
2016-03-31,-9.003804917885478,775
2016-04-01,-25.792706789257153,539
2016-04-02,-5.890484014378082,916
2016-04-03,5.932711298637371,983
2016-04-04,-6.8652999924396525,1087
2016-04-05,-17.255343704232995,656
2016-04-06,5.518058619168955,735
2016-04-07,11.429407140315055,767
2016-04-08,15.754446654077563,816
2016-04-09,-15.012400273916837,847
2016-04-10,0.10387184964964669,659
2016-04-11,11.997419202504076,824
2016-04-12,-23.590523290116327,957
2016-04-13,24.015993664319808,955
2016-04-14,0.4637071462600289,1036
2016-04-15,-6.998641763302146,669
2016-04-16,10.778209113615015,988
2016-04-17,24.640242738426245,990
2016-04-18,-1.180749840729659,900
2016-04-19,4.015149789731166,1046
2016-04-20,-11.136781283571478,1001
2016-04-21,-35.20144279830116,1017
2016-04-22,-47.98654321156895,930
2016-04-23,30.03390002795422,1109
2016-04-24,-65.78341923465642,1014
2016-04-25,-43.45030656645104,1166
2016-04-26,-32.02203023311409,987
2016-04-27,-11.572179801076583,1129
2016-04-28,-117.08671664648661,832
2016-04-29,9.27760995172016,506
2016-04-30,0.88350130308041,497
2016-05-01,-43.334792552519275,1173
2016-05-02,-31.681632084835492,1141
2016-05-03,-23.907522834058888,1189
2016-05-04,16.764630260117176,1156
2016-05-05,9.81747253363388,1193
2016-05-06,-40.745734322668355,1031
2016-05-07,-13.26834817258086,803
2016-05-08,-12.444139953099926,652
2016-05-09,-30.48039134299914,526
2016-05-10,-2.673843472753094,665
2016-05-11,-5.452657548185501,604
2016-05-12,-6.353450979755025,649
2016-05-13,21.005612671479874,593
2016-05-14,-11.793433299141748,487
2016-05-15,11.647040692572519,498
2016-05-16,-24.14343409352759,540
2016-05-17,-6.4891140104268095,581
2016-05-18,4.044393693977924,559
2016-05-19,-81.78484910458934,748
2016-05-20,-39.714724067977365,666
2016-05-21,1.6780966049567683,646
2016-05-22,9.645030411093208,782
2016-05-23,-10.476172749819584,695
2016-05-24,-12.77889720254077,769
2016-05-25,-15.956906122636589,731
2016-05-26,1.9271463156057984,816
2016-05-27,-122.85140543266958,883
2016-05-28,-84.14069889651232,1075
2016-05-29,-114.78124277327827,1247
2016-05-30,-28.72696114792541,1188
2016-05-31,-212.70150288237417,1164
2016-06-01,-156.362328189902,1086
2016-06-02,-41.15496190700652,1025
2016-06-03,-94.61235029383315,809
2016-06-04,-63.818992394004496,1065
2016-06-05,-67.74099985118355,990
2016-06-06,-60.96637879681735,903
2016-06-07,-12.945973062007088,870
2016-06-08,-53.52027177544949,942
2016-06-09,-37.135261769775425,929
2016-06-10,-28.220950598492692,1115
2016-06-11,-33.013884571356,1042
2016-06-12,-303.8668611364208,1159
2016-06-13,-308.01812609994886,1241
2016-06-14,-91.42548102475826,1158
2016-06-15,-8.978756337600771,1048
2016-06-16,20.79138610514814,1170
2016-06-17,-214.9307703354342,1418
2016-06-18,-65.2869259949583,1416
2016-06-19,33.6615099451849,1328
2016-06-20,20.893564672570033,1139
2016-06-21,-174.55182470907275,1295
2016-06-22,-77.97430800077674,1193
2016-06-23,-27.11472966091648,1295
2016-06-24,-179.58646481469972,1305
2016-06-25,-7.4410054233671055,1360
2016-06-26,-234.403842864165,1263
2016-06-27,31.394831033994176,1140
2016-06-28,-108.74863164406628,1120
2016-06-29,-6.754446809478539,1223
2016-06-30,86.45652047733957,1403
2016-07-01,-102.40975061524061,1387
2016-07-02,-30.8688283524277,1336
2016-07-03,-111.46743937954628,1415
2016-07-04,67.51142996228381,1294
2016-07-05,-151.92248242224383,1294
2016-07-06,38.108371183744076,1215
2016-07-07,-263.060374939704,1155
2016-07-08,-245.46418004120736,1243
2016-07-09,-132.11894528172303,1247
2016-07-10,-206.4052382619826,1226
2016-07-11,-54.97113061011802,1195
2016-07-12,37.10672143830836,1047
2016-07-13,-29.461995556188384,1185
2016-07-14,-87.29932192177573,1170
2016-07-15,11.295314347102838,1175
2016-07-16,3.8162846676040973,1164
2016-07-17,-5.818370594070634,1196
2016-07-18,17.1290684318145,1142
2016-07-19,3.3014445475816108,1279
2016-07-20,10.061620479324683,1312
2016-07-21,-5.058944169589984,1345
2016-07-22,-35.70592830894655,1226
2016-07-23,-23.043160824156423,1224
2016-07-24,-28.22463797355544,1275
2016-07-25,-0.18044242806935717,1260
2016-07-26,32.989489408595695,1313
2016-07-27,-38.08332641819901,1230
2016-07-28,-2.906762754160929,1163
2016-07-29,-18.788446937685656,1351
2016-07-30,30.174159111316754,1296
2016-07-31,-40.13914985031183,1319
2016-08-01,-59.81594211066747,1359
2016-08-02,-92.07379231301337,1385
2016-08-03,-707.0379170171233,1368
2016-08-04,111.12651600945196,1334
2016-08-05,-10.920162183710726,1267
2016-08-06,-7.747459133937711,1337
2016-08-07,-95.22279757473943,1271
2016-08-08,-59.06824399483589,1332
2016-08-09,5.637918067764774,1404
2016-08-10,-33.953477823675996,1362
2016-08-11,-6.313960138654942,1386
2016-08-12,-33.42818052577776,1357
2016-08-13,21.20824116264604,1386
2016-08-14,-47.78014518541429,1384
2016-08-15,-5.579245081490828,1299
2016-08-16,-110.05506032796607,1366
2016-08-17,-19.832382928709816,1298
2016-08-18,-14.532857455689113,1274
2016-08-19,-39.2522766103255,1267
2016-08-20,-32.671623241063514,1177
2016-08-21,6.889800880138944,1246
2016-08-22,-5.138195427415617,1336
2016-08-23,-29.558796092476598,1361
2016-08-24,-48.475822037206875,1354
2016-08-25,-3.9174414759213465,1365
2016-08-26,11.321733325905093,1350
2016-08-27,-4.215120020254324,1293
2016-08-28,-37.08707118530287,1352
2016-08-29,32.35964877634541,1351
2016-08-30,-49.71437430262182,1332
2016-08-31,16.28779377166451,1327
2016-09-01,-9.732244441012888,1225
2016-09-02,17.64475806914761,1371
2016-09-03,12.49704680283005,1391
2016-09-04,-41.38719936162695,1397
2016-09-05,65.53314845214477,1390
2016-09-06,-42.46981639890251,1397
2016-09-07,-4.481545748281635,1374
2016-09-08,-44.340791648301355,1386
2016-09-09,-6.412798403824262,1372
2016-09-10,15.269605238343066,1401
2016-09-11,-22.122492712010377,1418
2016-09-12,-82.22859724058169,1396
2016-09-13,-1.6112587350542686,1365
2016-09-14,-16.54751755740037,1399
2016-09-15,-10.323940060081714,1259
2016-09-16,-13.898160301096471,1195
2016-09-17,6.370778612474487,860
2016-09-18,-9.280090906927152,1245
2016-09-19,2.573550247269501,1400
2016-09-20,-18.172128641931664,1384
2016-09-21,-276.70008794378526,1390
2016-09-22,-3.3270649206063183,1383
2016-09-23,-50.16828483529313,1399
2016-09-24,-20.530864456008395,1291
2016-09-25,-6.3202148455115115,1329
2016-09-26,-49.84139861369078,1380
2016-09-27,7.577254913466411,1384
2016-09-28,6.289167069315474,1408
2016-09-29,7.230094794701895,1361
2016-09-30,1.8308639007494747,1344
2016-10-01,-37.2256075516245,1352
2016-10-02,3.8926250927613095,1311
2016-10-03,-2.6912910977044087,1373
2016-10-04,-14.4444874058409,1362
2016-10-05,3.6460191363368173,1377
2016-10-06,-7.575761586503054,1381
2016-10-07,-37.694177627083555,1408
2016-10-08,11.143891372228538,1400
2016-10-09,-41.08908622902347,1394
2016-10-10,-34.88746319399422,1403
2016-10-11,-88.5115398621409,1412
2016-10-12,-35.6791343105161,1412
2016-10-13,-41.3378479461322,1424
2016-10-14,-36.56372443943677,1418
2016-10-15,8.007956781809375,1426
2016-10-16,-39.671131041695865,1420
2016-10-17,-6.230471368837214,1409
2016-10-18,-1.5282395359615453,1419
2016-10-19,-31.178093262455775,1388
2016-10-20,-19.838852632204954,1411
2016-10-21,-23.37429844002647,1409
2016-10-22,0.10630917002500961,1318
2016-10-23,-284.6868792345642,1423
2016-10-24,7.9408994388304945,1424
2016-10-25,-66.35041508246755,1422
2016-10-26,-108.13588317507794,1416
2016-10-27,-44.885081084167126,1426
2016-10-28,69.15416382720502,1418
2016-10-29,-80.06241611775454,1425
2016-10-30,-251.34677705182403,1422
2016-10-31,-156.1291162744197,1418
2016-11-01,-22.021929451295435,1416
2016-11-02,-133.79387379735024,1417
2016-11-03,-152.666634310646,1419
2016-11-04,-85.63316098041653,1194
2016-11-05,-54.33262748666531,1420
2016-11-06,-23.70067678036651,1414
2016-11-07,-109.51565398654874,1392
2016-11-08,14.157758447864568,1403
2016-11-09,-102.01916169409698,1406
2016-11-10,-20.637721764557178,1419
2016-11-11,53.6068957720756,1413
2016-11-12,-17.507292438225964,1410
2016-11-13,14.093124011758938,1428
2016-11-14,-36.92871055149331,1413
2016-11-15,87.56967511494412,1419
2016-11-16,-221.07985059135947,1423
2016-11-17,33.424232827249256,1428
2016-11-18,108.59132543107395,1419
2016-11-19,-143.108799551548,1394
2016-11-20,-143.5920128006499,1394
2016-11-21,-61.12553417035194,1417
2016-11-22,49.86937147881758,1389
2016-11-23,-129.9255505447611,1421
2016-11-24,14.840257292061706,1425
2016-11-25,53.94043533514324,1420
2016-11-26,-20.90193968322631,1342
2016-11-27,26.91236849674526,1401
2016-11-28,58.233958591636295,1407
2016-11-29,38.60839017782447,1417
2016-11-30,-60.2616116610737,1420
2016-12-01,74.56420790504056,1419
2016-12-02,-14.73199593053316,1404
2016-12-03,156.96618724310414,1404
2016-12-04,173.77070801008617,1373
2016-12-05,2.6622990241586857,1420
2016-12-06,95.35959047198381,1425
2016-12-07,87.58634609389756,1403
2016-12-08,26.412724861975455,1395
2016-12-09,3.5818718098872657,1407
2016-12-10,10.174065820731817,1391
2016-12-11,-48.16865987119133,1396
2016-12-12,24.807548452735332,1406
2016-12-13,14.664466275563155,1419
2016-12-14,82.87938355267258,1382
2016-12-15,21.892490091487733,1425
2016-12-16,56.92628107435886,1417
2016-12-17,30.454644778262455,1421
2016-12-18,24.929949916372895,1406
2016-12-19,18.661775764408574,1420
2016-12-20,-11.683785565368577,1418
2016-12-21,-67.78772759953974,1416
2016-12-22,-409.77742807032485,1430
2016-12-23,93.74236173201274,1427
2016-12-24,-204.67280631245805,1428
2016-12-25,15.012153077110995,1427
2016-12-26,-32.451420455856635,1428
2016-12-27,120.03489366405105,1418
2016-12-28,105.76180061596709,1418
2016-12-29,111.72171535761213,1429
2016-12-30,-73.2803359525356,1429
2016-12-31,83.87731489091685,1415
2017-01-01,151.2411681368802,1368
2017-01-02,92.23228578699532,1399
2017-01-03,106.84088179994103,1365
2017-01-04,-96.23184784332791,1431
2017-01-05,-1133.734925429996,1430
2017-01-06,-266.49506913534134,1428
2017-01-07,-132.64617346081005,1429
2017-01-08,238.21724935845702,1427
2017-01-09,-26.25807605672407,1429
2017-01-10,-13.558420082183074,1430
2017-01-11,-492.11261216602765,1430
2017-01-12,113.80906934074076,1430
2017-01-13,-422.54035263100513,1426
2017-01-14,8.560898835879613,1431
2017-01-15,0.5389152141900985,1431
2017-01-16,-50.12244301841499,1428
2017-01-17,-341.6003735464972,1429
2017-01-18,-80.00978521008197,1430
2017-01-19,63.49961049619408,1430
2017-01-20,93.21465188411216,1424
2017-01-21,104.21446746369372,1411
2017-01-22,6.683174812704435,1427
2017-01-23,-54.38810536132322,1430
2017-01-24,-210.37809550142072,1424
2017-01-25,3.523595079379585,1422
2017-01-26,-37.54383080097043,1414
2017-01-27,-52.19033453790526,1413
2017-01-28,48.72510301411751,1340
2017-01-29,19.241326495177418,1414
2017-01-30,3.5168091529883356,1421
2017-01-31,-100.8868579838204,1406
2017-02-01,-443.62082804860734,1430
2017-02-02,-62.24950492831262,1419
2017-02-03,-290.05881264138077,1422
2017-02-04,-41.34469421962517,1401
2017-02-05,51.58468999850055,1412
2017-02-06,27.636801261505376,1426
2017-02-07,31.327772932160222,1416
2017-02-08,-187.50748234240598,1419
2017-02-09,-311.25385123800623,1421
2017-02-10,-819.296575120659,1430
2017-02-11,-149.9580425641055,1426
2017-02-12,35.29328732827328,1408
2017-02-13,20.617226714446534,1413
2017-02-14,256.1276538580954,1404
2017-02-15,20.847208058952948,1412
2017-02-16,-27.832757889514195,1411
2017-02-17,-95.50806264109346,1427
2017-02-18,3.041511216439478,1400
2017-02-19,-22.272514977605653,1420
2017-02-20,-54.86269393704028,1430
2017-02-21,-109.69548264467187,1415
2017-02-22,-70.40965396607511,1425
2017-02-23,-6.730722369517889,1418
2017-02-24,-351.8411034032312,1428
2017-02-25,5.633048366419126,1422
2017-02-26,-48.26128787006753,1430
2017-02-27,35.703889004958626,1418
2017-02-28,22.602024851601737,1430
2017-03-01,67.68681701367159,1419
2017-03-02,17.774615396701186,1405
2017-03-03,-112.3998400088986,1428
2017-03-04,124.70894140941708,1424
2017-03-05,2.3613800965994027,1430
2017-03-06,14.92998362258402,1402
2017-03-07,53.72167581363248,1390
2017-03-08,-314.3452307946509,1365
2017-03-09,305.11658101710196,1423
2017-03-10,189.90541157066423,1401
2017-03-11,129.8467923757033,1424
2017-03-12,90.76493486949465,1318
2017-03-13,-62.99417240528368,1416
2017-03-14,84.16900129697926,1385
2017-03-15,43.84893920831423,1328
2017-03-16,112.82638730072003,1397
2017-03-17,-187.2289141464615,1415
2017-03-18,91.66173753724546,1426
2017-03-19,-235.03473727614767,1429
2017-03-20,-234.18988875708078,1427
2017-03-21,35.036455759322855,1418
2017-03-22,129.1051315511194,1421
2017-03-23,-65.47116689061842,1427
2017-03-24,-79.08628510793876,1426
2017-03-25,-401.0428928552635,1429
2017-03-26,-147.80070877150823,1428
2017-03-27,-232.7862210166839,1427
2017-03-28,-189.09440857284625,1409
2017-03-29,-134.92638042200952,1424
2017-03-30,34.9758744127323,1394
2017-03-31,54.719069303788174,1340
2017-04-01,-95.32595036120553,1135
2017-04-02,3.757825805730413,1424
2017-04-03,-3.7329681440058606,1422
2017-04-04,-102.95318764335748,1417
2017-04-05,-36.88764493922473,1409
2017-04-06,17.589473232234266,1406
2017-04-07,-118.77887405051862,1423
2017-04-08,15.099884034469447,1410
2017-04-09,-8.947220948979382,1417
2017-04-10,40.36869325212649,1416
2017-04-11,11.919849558040985,1405
2017-04-12,7.699656062290431,1426
2017-04-13,-93.36926141586699,1428
2017-04-14,-209.12091557962515,1428
2017-04-15,34.97339764329949,1427
2017-04-16,-5.4182543992374335,1428
2017-04-17,-16.30686106759063,1427
2017-04-18,-72.46821451268161,1429
2017-04-19,-8.117517435280371,1426
2017-04-20,-26.840197767383618,1429
2017-04-21,-56.083644280123366,1428
2017-04-22,-51.39775301442334,1429
2017-04-23,-54.00630019338522,1428
2017-04-24,12.837638316145961,1427
2017-04-25,8.101307401203092,1428
2017-04-26,-32.66220217921551,1429
2017-04-27,-92.4824604587492,1428
2017-04-28,-134.02092458367883,1428
2017-04-29,-20.037658592854687,1426
2017-04-30,25.269130392351013,1428
2017-05-01,90.8393465227345,1428
2017-05-02,-196.22916343337272,1429
2017-05-03,-207.026588347175,1429
2017-05-04,-126.22086188873342,1429
2017-05-05,-589.0306101908207,1428
2017-05-06,-46.81048281611628,1428
2017-05-07,-36.08579696760806,1428
2017-05-08,-75.5484680493646,1401
2017-05-09,-152.40213608731187,1424
2017-05-10,-239.29066339621588,1427
2017-05-11,-15.412612443996021,1428
2017-05-12,14.711732941995521,1429
2017-05-13,-308.11187219300007,1429
2017-05-14,-33.374307861207825,1428
2017-05-15,-157.25324579978613,1427
2017-05-16,-19.695955665864716,1429
2017-05-17,-26.418013023967912,1428
2017-05-18,-100.318065882582,1428
2017-05-19,-1.5593292587050733,1428
2017-05-20,55.89612178158254,1429
2017-05-21,-270.68068427511497,1429
2017-05-22,6.111099789098001,1428
2017-05-23,6.053633158245418,1428
2017-05-24,75.52621736953446,1428
2017-05-25,53.48478323024844,1428
2017-05-26,859.8896346034313,1423
2017-05-27,551.1682340373454,1391
2017-05-28,199.2276393872622,1429
2017-05-29,-68.20511468941348,1427
2017-05-30,-114.26839306835784,1428
2017-05-31,-225.90638462579219,1428
2017-06-01,-3.0275805964109668,1426
2017-06-02,124.92086163032728,1426
2017-06-03,6.000767498184843,1429
2017-06-04,46.667938813214995,1429
2017-06-05,65.99641964588335,1428
2017-06-06,-56.26833271534333,1429
2017-06-07,-196.74025420647567,1429
2017-06-08,-606.1774780751737,1428
2017-06-09,-0.5856738271297881,1428
2017-06-10,19.690201452580226,1428
2017-06-11,90.08007561025975,1429
2017-06-12,-27.876168141096137,1428
2017-06-13,-307.41517890736793,1429
2017-06-14,-240.70646493690947,1428
2017-06-15,-153.19012105085343,1429
2017-06-16,-201.15497200166124,1428
2017-06-17,12.06708301226856,1429
2017-06-18,-110.21009965007735,1428
2017-06-19,-60.644268886636276,1428
2017-06-20,-160.7072770245954,1427
2017-06-21,-3.5320477984728824,1428
2017-06-22,54.24886662117858,1428
2017-06-23,60.29706762143507,1426
2017-06-24,39.44675166422672,1428
2017-06-25,-24.78779794479933,1429
2017-06-26,-34.35497341177008,1429
2017-06-27,-252.37687075359108,1429
2017-06-28,-84.80601999191971,1429
2017-06-29,-25.5157664761205,1428
2017-06-30,-115.26036392258692,1427
2017-07-01,76.04451898067462,1427
2017-07-02,-10.70031409495881,1425
2017-07-03,-66.84701706730141,1429
2017-07-04,-80.87935391705967,1428
2017-07-05,-86.66554448545703,1429
2017-07-06,-139.83924648527503,1425
2017-07-07,-63.034859910786615,1427
2017-07-08,-50.73237082033641,1426
2017-07-09,42.466686782193406,1427
2017-07-10,-9.221947066291936,1427
2017-07-11,-89.0113357669976,1428
2017-07-12,-59.37391644570527,1428
2017-07-13,-36.2754260882321,1428
2017-07-14,-126.71814662606222,1428
2017-07-15,67.47643527898161,1428
2017-07-16,-262.10393404036483,1429
2017-07-17,-215.12553008918826,1429
2017-07-18,-604.7837866741017,1428
2017-07-19,-256.20045034033507,1429
2017-07-20,88.60561778043734,1428
2017-07-21,-499.32886448818607,1429
2017-07-22,131.06217083317154,1426
2017-07-23,15.48202588144068,1428
2017-07-24,156.98512136434633,1428
2017-07-25,182.37064328350613,1428
2017-07-26,-51.28898564529628,1429
2017-07-27,33.50293216127185,1424
2017-07-28,-46.601433225774336,1428
2017-07-29,229.43751374396456,1427
2017-07-30,203.03281914849578,1429
2017-07-31,56.98199371876372,1427
2017-08-01,134.02058539142024,1428
2017-08-02,-107.74637937613713,1427
2017-08-03,77.13110968142743,1425
2017-08-04,51.69644009072683,1429
2017-08-05,-380.4124192007853,1428
2017-08-06,49.26249034505257,1429
2017-08-07,48.781916267897685,1429
2017-08-08,108.6408631764672,1428
2017-08-09,-7.49905661476938,1428
2017-08-10,142.58984032449771,1428
2017-08-11,124.38274016441135,1429
2017-08-12,-95.07660343290614,1429
2017-08-13,76.40851714056458,1429
2017-08-14,172.69731592817539,1428
2017-08-15,3.6473639712265764,1429
2017-08-16,143.15039466258028,1429
2017-08-17,163.56794683243155,1429
2017-08-18,13.873227107885306,1429
2017-08-19,34.86279408440895,1429
2017-08-20,117.43279234458316,1429
2017-08-21,104.05373560029622,1428
2017-08-22,222.5589215390864,1429
2017-08-23,40.67506251040663,1426
2017-08-24,81.55946110049803,1428
2017-08-25,92.65445524975067,1426
2017-08-26,11.055599528198446,1429
2017-08-27,97.27294163538448,1429
2017-08-28,-44.950887930243816,1429
2017-08-29,99.81916195872762,1429
2017-08-30,-97.45975224224301,1429
2017-08-31,-55.09875225854524,1429
2017-09-01,2.478774490055007,1428
2017-09-02,-1.7509122937350163,1428
2017-09-03,54.64580663091759,1429
2017-09-04,60.894555456510176,1429
2017-09-05,315.0673304706644,1428
2017-09-06,203.98270802690442,1429
2017-09-07,116.80939851593475,1429
2017-09-08,67.30306783311994,1427
2017-09-09,86.1523906248061,1428
2017-09-10,82.57219402322228,1428
2017-09-11,-39.63801796439085,1429
2017-09-12,210.99108504655663,1428
2017-09-13,89.72888134248633,1429
2017-09-14,28.90339173737488,1427
2017-09-15,-35.41275294369749,1429
2017-09-16,584.7745490423664,1428
2017-09-17,151.46476595816932,1429
2017-09-18,92.42152957815492,1429
2017-09-19,12.942721612928983,1429
2017-09-20,171.26783053186597,1416
2017-09-21,-170.59589018710784,1429
2017-09-22,197.55244585484232,1429
2017-09-23,-44.2882018035246,1429
2017-09-24,125.22370894124226,1429
2017-09-25,-16.87626538283443,1425
2017-09-26,111.80362254629088,1429
2017-09-27,46.59643069420809,1313
2017-09-28,-191.0017603343668,1429
2017-09-29,141.69724570735033,1429
2017-09-30,70.0466897960952,1429
2017-10-01,175.2440349527402,1429
2017-10-02,68.91763081201789,1429
2017-10-03,-10.47238375377254,1428
2017-10-04,124.41567224568286,1429
2017-10-05,8.841168690583755,1429
2017-10-06,-70.2009187334782,1429
2017-10-07,80.04657034327874,1429
2017-10-08,118.28297025762976,1429
2017-10-09,85.22818933829673,1428
2017-10-10,144.77242883312135,1429
2017-10-11,138.86650765936005,1428
2017-10-12,96.98740159698552,1429
2017-10-13,-247.2681950836296,1429
2017-10-14,14.70782101753348,1429
2017-10-15,-119.6490729406629,1428
2017-10-16,-75.10752234318065,1428
2017-10-17,106.29867167804271,1429
2017-10-18,-19.19954097979391,1429
2017-10-19,148.76024008431622,1429
2017-10-20,-26.552642608740623,1428
2017-10-21,253.79967235064052,1429
2017-10-22,-23.174225806889137,1428
2017-10-23,-116.88170737465609,1429
2017-10-24,259.7436416309905,1427
2017-10-25,14.563548199360056,1429
2017-10-26,143.33801921440278,1324
2017-10-27,72.96560023298598,1421
2017-10-28,120.9365297473368,1427
2017-10-29,52.42251410744809,1417
2017-10-30,-81.05495222596358,1429
2017-10-31,186.28775281525566,1368
2017-11-01,50.38873706768871,1428
2017-11-02,180.48204103616948,1429
2017-11-03,-28.71878103084392,1426
2017-11-04,163.99017177636875,1429
2017-11-05,255.57874613705678,1429
2017-11-06,189.76312243979922,1428
2017-11-07,266.5220825274807,1429
2017-11-08,104.61479854673547,1428
2017-11-09,-205.26182672681446,1429
2017-11-10,255.24405720199195,1424
2017-11-11,253.7809851927537,1429
2017-11-12,29.6779443227975,1429
2017-11-13,-9.824374702663745,1429
2017-11-14,472.81949819813246,1428
2017-11-15,345.557213360066,1429
2017-11-16,113.17848526062414,1429
2017-11-17,256.42730314890554,1429
2017-11-18,-82.15121174812822,1429
2017-11-19,266.6618429795928,1429
2017-11-20,216.6566948445093,1428
2017-11-21,257.8162449240714,1429
2017-11-22,-33.81866241922027,1429
2017-11-23,180.60771311183638,1428
2017-11-24,79.13675832547872,1429
2017-11-25,110.33527432082562,1429
2017-11-26,203.0108511669144,1429
2017-11-27,325.5846577710623,1429
2017-11-28,-164.80676065440005,1429
2017-11-29,325.58808478225507,1429
2017-11-30,1710.6521868918144,1408
2017-12-01,-27.435377314067846,1428
2017-12-02,62.41692332692082,1429
2017-12-03,44.325765177094304,1429
2017-12-04,144.3306909518454,1428
2017-12-05,122.6430950514081,1429
2017-12-06,217.8299124446745,1429
2017-12-07,243.11554714082615,1429
2017-12-08,1135.7487642790823,1423
2017-12-09,989.8867767804808,1313
2017-12-10,588.337844268845,1428
2017-12-11,-254.36381336366352,1429
2017-12-12,265.3129542069184,1429
2017-12-13,227.8003226592204,1429
2017-12-14,285.9453263548403,1429
2017-12-15,-41.050227415319405,1429
2017-12-16,198.23475219325485,1429
2017-12-17,-15.655604886762099,1429
2017-12-18,110.32628133167118,1428
2017-12-19,242.99876303292393,1428
2017-12-20,-218.8195651860096,1429
2017-12-21,34.69776544929666,1426
2017-12-22,218.8808575308354,1429
2017-12-23,-754.3074453642656,1429
2017-12-24,-93.63284256755115,1428
2017-12-25,-99.44047160150389,1429
2017-12-26,-212.04169208855188,1428
2017-12-27,58.97561356428982,1429
2017-12-28,-228.27987747345287,1427
2017-12-29,324.9073225880627,1429
2017-12-30,179.18366902101707,1429
2017-12-31,188.13560467158078,1429
2018-01-01,-60.3948809895095,1346
2018-01-02,138.79007260739616,1428
2018-01-03,73.73209857686726,1429
2018-01-04,132.88123477200665,1429
2018-01-05,113.53832533275356,1428
2018-01-06,272.5614563587347,1426
2018-01-07,141.29862161587772,1428
2018-01-08,167.36997708937704,1429
2018-01-09,148.1134920181132,1429
2018-01-10,75.85127138215812,1410
2018-01-11,-305.1231149308527,1423
2018-01-12,0.5314519277930159,1429
2018-01-13,211.9011263246114,1429
2018-01-14,135.7739760697311,1429
2018-01-15,50.549337032296506,1429
2018-01-16,1956.4094840094467,1411
2018-01-17,-134.5158773286326,1419
2018-01-18,4.251334279354147,1429
2018-01-19,425.1611617771634,1429
2018-01-20,48.737035807584576,1429
2018-01-21,182.09781897887763,1429
2018-01-22,-144.9292096764134,1429
2018-01-23,350.32642541642394,1416
2018-01-24,-148.6121580112289,1385
2018-01-25,218.62035017106152,1429
2018-01-26,-15.241474715032313,1423
2018-01-27,113.57500545546276,1420
2018-01-28,-274.5153745188929,1427
2018-01-29,80.93853187698662,1429
2018-01-30,10.66048240922772,1429
2018-01-31,409.51831419518913,1344
2018-02-01,281.74689188543425,1429
2018-02-02,173.01472063298326,1428
2018-02-03,-342.14783967249866,1429
2018-02-04,-214.7316321357854,1429
2018-02-05,649.800796298539,1429
2018-02-06,217.1514196246635,1429
2018-02-07,224.54718015025674,1429
2018-02-08,-295.11360614163965,1429
2018-02-09,253.36604162823048,1425
2018-02-10,112.6366185319914,1429
2018-02-11,231.442742652151,1423
2018-02-12,181.85256387894668,1429
2018-02-13,250.386599860028,1429
2018-02-14,296.5820033319141,1429
2018-02-15,-19.82708635024025,1429
2018-02-16,234.0866373115699,1422
2018-02-17,-2.013642516896817,1429
2018-02-18,191.88805403508934,1429
2018-02-19,90.15694376702292,1429
2018-02-20,250.0608243353927,1429
2018-02-21,-82.73724218473255,1429
2018-02-22,-493.4570377737614,1429
2018-02-23,102.19713480474365,1419
2018-02-24,199.90249808953482,1422
2018-02-25,-84.15409475898839,1429
2018-02-26,397.70102694739893,1429
2018-02-27,252.36904598990253,1429
2018-02-28,202.7675488457995,1429
2018-03-01,-19.4271077943455,1429
2018-03-02,140.5913549678977,1428
2018-03-03,243.98418030913152,1429
2018-03-04,111.56505816657608,1429
2018-03-05,36.538768782273515,1429
2018-03-06,-285.4204175642076,1429
2018-03-07,191.16096626393443,1416
2018-03-08,-301.8600852255142,1429
2018-03-09,-567.2149216421747,1429
2018-03-10,172.2688998548447,1429
2018-03-11,18.37474223853001,1427
2018-03-12,-280.08601815044153,1429
2018-03-13,201.95580126758136,1429
2018-03-14,553.6169411256134,1429
2018-03-15,-203.31486026026334,1429
2018-03-16,130.29945772434237,1429
2018-03-17,27.862004402257867,1429
2018-03-18,-6.571348604899668,1429
2018-03-19,-17.602688604157073,1428
2018-03-20,245.57123983585598,1429
2018-03-21,160.59297494859882,1429
2018-03-22,175.96984573373774,1426
2018-03-23,-88.42484494289266,1424
2018-03-24,-152.36780572552658,1429
2018-03-25,37.61805756706674,1429
2018-03-26,138.70648399483093,1429
2018-03-27,-160.83503089889714,1429
2018-03-28,77.31798908815537,1429
2018-03-29,73.48858276345244,1429
2018-03-30,87.44766178449518,1429
2018-03-31,308.74946695018906,1425
2018-04-01,27.99989354098021,1429
2018-04-02,112.98507846083618,1427
2018-04-03,173.60791381761865,1429
2018-04-04,-31.54426507136304,1429
2018-04-05,-161.97156169084442,1429
2018-04-06,309.3983554335126,1429
2018-04-07,69.71214664715734,1407
2018-04-08,232.76027240159158,1428
2018-04-09,54.67565043316613,1429
2018-04-10,277.76061460817857,1429
2018-04-11,131.3310471581412,1428
2018-04-12,-545.7694655385785,1429
2018-04-13,-150.74763643568068,1429
2018-04-14,-206.85542490155942,1429
2018-04-15,162.60073898036347,1429
2018-04-16,130.33072104014494,1429
2018-04-17,103.70653779458372,1429
2018-04-18,-47.91199951066114,1429
2018-04-19,75.16005392475444,1429
2018-04-20,152.296163047087,1429
2018-04-21,-156.07872767601114,1429
2018-04-22,160.63567640453888,1429
2018-04-23,122.50687464737398,1429
2018-04-24,-49.79473741232644,1429
2018-04-25,-285.4940971450589,1429
2018-04-26,230.99772887130217,1429
2018-04-27,69.32232020465567,1428
2018-04-28,42.53595155884281,1429
2018-04-29,266.7415628248451,1429
2018-04-30,171.62147879002072,1428
2018-05-01,227.6559929189685,1428
2018-05-02,206.5926459577319,1429
2018-05-03,66.58967185485997,1429
2018-05-04,-115.45118737818149,1429
2018-05-05,178.33797354683563,1428
2018-05-06,-57.1959763564868,1429
2018-05-07,164.6938417190337,1428
2018-05-08,93.95168415740072,1429
2018-05-09,110.94805621118968,1429
2018-05-10,223.00545511054057,1427
2018-05-11,-175.24939573118752,1428
2018-05-12,-238.22176151834682,1428
2018-05-13,37.3907747342631,1429
2018-05-14,-206.52951904100544,1429
2018-05-15,63.73262590857173,1429
2018-05-16,27.559593916567593,1429
2018-05-17,158.22649200715787,1429
2018-05-18,-78.97848298915842,1429
2018-05-19,56.37475180762451,1429
2018-05-20,95.60935040463423,1429
2018-05-21,-26.586418804011593,1429
2018-05-22,56.704689594737005,1429
2018-05-23,-33.059083406572114,1429
2018-05-24,-353.93831953571447,1429
2018-05-25,0.06941687757990289,1429
2018-05-26,82.23716773731573,1429
2018-05-27,0.3258902318363061,1429
2018-05-28,-2.7362593379443396,1429
2018-05-29,-8.98440822100582,1413
2018-05-30,-88.85509710249502,1429
2018-05-31,-7.00739241767203,1429
2018-06-01,-6.978019985136046,1429
2018-06-02,-51.90981218031585,1429
2018-06-03,66.18818216479761,1429
2018-06-04,71.3440019121299,1429
2018-06-05,31.559715225731143,1429
2018-06-06,109.41829188563172,1301
2018-06-07,39.72370253367926,1429
2018-06-08,18.214691459945385,1382
2018-06-09,59.012995965611644,1428
2018-06-10,-44.53027455329845,1429
2018-06-11,-90.34977824511304,1429
2018-06-12,43.23906052625644,1429
2018-06-13,113.26894429359854,1429
2018-06-14,70.2111545015195,1429
2018-06-15,156.48712887459186,1429
2018-06-16,36.915157043891085,1429
2018-06-17,10.26645213253372,1429
2018-06-18,81.18075953215516,1429
2018-06-19,5.415816825959239,1429
2018-06-20,-141.11401400444427,1428
2018-06-21,88.69418156486483,1429
2018-06-22,-157.86705178294,1429
2018-06-23,98.46435137594595,1429
2018-06-24,171.96603509021014,1429
2018-06-25,-55.11735250048206,1429
2018-06-26,176.2018933102855,1429
2018-06-27,106.95872548495235,1429
2018-06-28,59.435126019977375,1429
2018-06-29,118.77185551219789,1419
2018-06-30,-320.30355183229494,1429
2018-07-01,118.64950502657383,1429
2018-07-02,-224.76366265805706,1429
2018-07-03,18.66703372458058,1429
2018-07-04,-300.04949589327134,1424
2018-07-05,-5.795830019099887,1429
2018-07-06,80.8022540265371,1429
2018-07-07,24.151612260022063,1429
2018-07-08,-11.39876862144002,1427
2018-07-09,36.385254258628194,1429
2018-07-10,-107.53835328786047,1429
2018-07-11,-36.01853947607776,1376
2018-07-12,30.506662882079407,1429
2018-07-13,23.556897804406802,1429
2018-07-14,1.1324535244311045,1429
2018-07-15,58.148773475520166,1429
2018-07-16,-193.25334910516682,1429
2018-07-17,14.392941766835353,1429
2018-07-18,-135.5781380357275,1429
2018-07-19,167.6623154505918,1428
2018-07-20,66.7375299832484,1429
2018-07-21,-38.20811533520658,1429
2018-07-22,68.19237858888621,1429
2018-07-23,50.940230869334314,1429
2018-07-24,135.2539472720185,1429
2018-07-25,-71.53835690909052,1429
2018-07-26,52.48663761890921,1424
2018-07-27,-20.22649936255381,1414
2018-07-28,-81.72651383180968,1428
2018-07-29,81.52167508714719,1429
2018-07-30,91.12093781097118,1429
2018-07-31,-9.698572337276806,1429
2018-08-01,-39.50963070708902,1428
2018-08-02,121.9677765661906,1429
2018-08-03,-94.72327848720877,1419
2018-08-04,-95.40672908982931,1427
2018-08-05,31.780383377551168,1429
2018-08-06,102.95392536989606,1429
2018-08-07,79.88682370742106,1428
2018-08-08,-322.6253183179363,1429
2018-08-09,11.413329621024983,1429
2018-08-10,22.014595500156773,1429
2018-08-11,303.8447554093377,1429
2018-08-12,-39.06145043391911,1429
2018-08-13,251.34160651272083,1429
2018-08-14,-212.09450431187136,1429
2018-08-15,184.45587749181934,1429
2018-08-16,-332.01722040714475,1429
2018-08-17,213.32874880355845,1429
2018-08-18,275.6372751863969,1429
2018-08-19,180.45924476410946,1429
2018-08-20,29.17758911541832,1429
2018-08-21,60.071111299975954,1429
2018-08-22,97.29413304349018,1428
2018-08-23,-84.01860788437848,1429
2018-08-24,137.5411319912719,1429
2018-08-25,100.94766229805774,1428
2018-08-26,35.00563818115064,1429
2018-08-27,27.907224615908735,1429
2018-08-28,-108.79765442467044,1429
2018-08-29,88.08002180703582,1419
2018-08-30,57.71722985410195,1259
2018-08-31,-38.453541135587066,1429
2018-09-01,55.547530793118995,1429
2018-09-02,61.3393018680395,1427
2018-09-03,41.075294181897206,1429
2018-09-04,81.65950518860855,1429
2018-09-05,-207.40152071146994,1429
2018-09-06,-49.059697372611225,1429
2018-09-07,-72.81649075797405,1427
2018-09-08,146.07515437745633,1429
2018-09-09,66.28359055097094,1429
2018-09-10,63.06854043421319,1429
2018-09-11,136.0809921753972,1429
2018-09-12,54.56079508561849,1429
2018-09-13,64.89960427052566,1429
2018-09-14,68.71624594438336,1429
2018-09-15,21.353321033787434,1429
2018-09-16,97.12184128792309,1429
2018-09-17,55.591545529519195,1429
2018-09-18,-3.6766246256761903,1429
2018-09-19,57.43956261964508,1420
2018-09-20,-51.966271469891545,1429
2018-09-21,-75.0834603476337,1423
2018-09-22,146.33524049338854,1388
2018-09-23,149.19363586948984,1429
2018-09-24,20.788909505710297,1429
2018-09-25,-85.7774262576151,1424
2018-09-26,65.29672616704957,1429
2018-09-27,49.07167917354353,1429
2018-09-28,-101.10501352204582,1428
2018-09-29,87.1950162018056,1425
2018-09-30,80.6740596131626,1429
2018-10-01,24.516600274326393,1425
2018-10-02,68.07906281344454,1429
2018-10-03,53.81540016899701,1426
2018-10-04,-120.71037085317592,1429
2018-10-05,50.243295440925365,1429
2018-10-06,40.030873325268594,1429
2018-10-07,1.603482071059286,1429
2018-10-08,23.35086615641618,1428
2018-10-09,45.33456269242921,1428
2018-10-10,-17.713713980163245,1428
2018-10-11,-451.2133537118911,1429
2018-10-12,115.47624057857185,1429
2018-10-13,51.38235201272482,1429
2018-10-14,42.00265178551988,1429
2018-10-15,-32.126192599962685,1429
2018-10-16,32.97457452722509,1428
2018-10-17,8.362646391304926,1428
2018-10-18,37.01940482868362,1429
2018-10-19,-6.51443216416223,1390
2018-10-20,38.399790737847894,1429
2018-10-21,8.888017719632966,1429
2018-10-22,16.89318172110522,1429
2018-10-23,53.25477650492716,1429
2018-10-24,-27.997441427562993,1429
2018-10-25,12.955390966006439,1429
2018-10-26,-4.443248200656669,1429
2018-10-27,37.173255157847116,1429
2018-10-28,13.076182822962446,1429
2018-10-29,-238.67561954337313,1429
2018-10-30,-28.71948574406797,1429
2018-10-31,23.676567887709027,1429
2018-11-01,5.345588726742852,1429
2018-11-02,40.35581293998518,1429
2018-11-03,32.159423286150286,1429
2018-11-04,9.406676908044131,1429
2018-11-05,-131.4619649951649,1429
2018-11-06,-52.48540453732555,1429
2018-11-07,16.678468627972748,1429
2018-11-08,10.802980916693816,1429
2018-11-09,-3.0491447735828316,1429
2018-11-10,24.316286619823995,1429
2018-11-11,25.853037667051666,1429
2018-11-12,35.48774692102256,1429
2018-11-13,0.03583932476475937,1429
2018-11-14,-67.56065998861015,1429
2018-11-15,-623.9347354965221,1429
2018-11-16,-16.498488845536972,1429
2018-11-17,103.641758697401,1429
2018-11-18,83.9706907230132,1429
2018-11-19,225.49140104572757,1429
2018-11-20,76.55802709087568,1429
2018-11-21,-55.9914743772874,1429
2018-11-22,305.1195909702354,1425
2018-11-23,100.87064117551105,1429
2018-11-24,213.7545121668672,1429
2018-11-25,-267.623919966349,1429
2018-11-26,-154.52220752279754,1429
2018-11-27,149.87348970913058,1429
2018-11-28,291.9288549449119,1429
2018-11-29,-31.472526461033056,1425
2018-11-30,15.874972219299837,1429
2018-12-01,123.66142860542865,1429
2018-12-02,53.40522439208895,1429
2018-12-03,102.59564358867281,1429
2018-12-04,264.9165483145446,1429
2018-12-05,151.35151908663212,1429
2018-12-06,-59.626494710487485,1429
2018-12-07,-166.35347172962136,1424
2018-12-08,96.4484827688581,1428
2018-12-09,164.39697326426491,1429
2018-12-10,-259.2798882680936,1429
2018-12-11,192.01212235445752,1091
2018-12-12,57.131686019146024,1429
2018-12-13,211.80936292091985,1429
2018-12-14,-92.80830182866713,1429
2018-12-15,105.18639928484869,1428
2018-12-16,-23.466634180119005,1429
2018-12-17,-20.418175919877545,1429
2018-12-18,-4.897531396346638,1421
2018-12-19,-89.38226766202429,1421
2018-12-20,-325.97530725026036,1428
2018-12-21,28.664800427329315,1428
2018-12-22,188.3694411573847,1429
2018-12-23,127.9391221073671,1429
2018-12-24,-126.56269325092563,1429
2018-12-25,-447.41268123635706,1429
2018-12-26,292.7807177503775,1429
2018-12-27,155.95987519600743,1429
2018-12-28,221.22838877267,1429
2018-12-29,239.93318932205202,1427
2018-12-30,111.29327759244461,1429
2018-12-31,121.84744385381354,1429
2019-01-01,110.47701281726663,1429
2019-01-02,-74.63124961852789,1429
2019-01-03,62.886031728168106,1429
2019-01-04,38.02624022268637,1429
2019-01-05,49.500369472460704,1427
2019-01-06,17.261750790896784,1429
2019-01-07,-112.51998469291753,1429
2019-01-08,72.52929991139492,1429
2019-01-09,-5.98329907730432,1429
2019-01-10,-230.3142138668781,1429
2019-01-11,13.858849615481073,1429
2019-01-12,162.84915998725333,1429
2019-01-13,47.23296617921833,1429
2019-01-14,143.23770985214355,1429
2019-01-15,-218.64801891155838,1429
2019-01-16,16.21638282097672,1429
2019-01-17,115.96411035775095,1429
2019-01-18,66.92289935434118,1429
2019-01-19,-51.40300889842441,1429
2019-01-20,-6.930716492407243,1429
2019-01-21,41.449654832629925,1429
2019-01-22,108.6011148208352,1428
2019-01-23,33.942505960470264,1428
2019-01-24,28.143964459934786,1429
2019-01-25,-52.111137037476624,1429
2019-01-26,10.479837533524531,1429
2019-01-27,-13.317271445120808,1428
2019-01-28,-29.98219018258665,1429
2019-01-29,25.089352068080924,1429
2019-01-30,6.795980684909226,1429
2019-01-31,31.796965335444412,1428
2019-02-01,2.1012390769721745,1429
2019-02-02,-13.562295499693738,1429
2019-02-03,23.68809391353514,1429
2019-02-04,33.30033240932535,1429
2019-02-05,50.5778219319007,1429
2019-02-06,18.526531160360133,1429
2019-02-07,45.05652011044407,1429
2019-02-08,71.76695018521936,1424
2019-02-09,-862.0420111099727,1429
2019-02-10,58.723189774531356,1429
2019-02-11,0.9886457700470181,1429
2019-02-12,73.54617540222789,1429
2019-02-13,22.628775179857872,1428
2019-02-14,49.744628672253896,1429
2019-02-15,59.72382798953664,1429
2019-02-16,55.96256835559918,1429
2019-02-17,-5.6277343868552405,1429
2019-02-18,-38.09979629798073,1429
2019-02-19,-146.50835754093677,1428
2019-02-20,162.30891096633079,1429
2019-02-21,100.08868737575116,1429
2019-02-22,75.43262123558122,1426
2019-02-23,55.52301222344422,1429
2019-02-24,-922.1974001214732,1425
2019-02-25,163.41424631000882,1429
2019-02-26,58.58505468607353,1429
2019-02-27,-48.57016072126139,1429
2019-02-28,20.458556516148715,1429
2019-03-01,68.1812116298403,1429
2019-03-02,91.75872096601827,1429
2019-03-03,72.43386496627971,1429
2019-03-04,-38.958840105193524,1429
2019-03-05,-19.146552126639705,1429
2019-03-06,-60.46792389671107,1429
2019-03-07,-36.647904684953275,1429
2019-03-08,90.01452462863598,1429
2019-03-09,-64.31244883252515,1429
2019-03-10,35.95528462790637,1429
2019-03-11,42.905829382386266,1319
2019-03-12,-45.16469829262642,1429
2019-03-13,9.56919418412283,1429
2019-03-14,-65.24791553790187,1429
2019-03-15,60.038444299052436,1429
2019-03-16,-82.64287283694206,1429
2019-03-17,-33.72824401535588,1429
2019-03-18,38.39735859065466,1429
2019-03-19,11.930050504300254,1418
2019-03-20,1.531533466891801,1429
2019-03-21,30.914098820607343,1429
2019-03-22,78.68888051495206,1429
2019-03-23,58.26580523871237,1429
2019-03-24,42.63617292077216,1429
2019-03-25,41.54433139195023,1429
2019-03-26,51.268481563057065,1429
2019-03-27,-8.94946574156243,1429
2019-03-28,-3.848944024893915,1429
2019-03-29,-51.415367620389134,1429
2019-03-30,7.949790483098461,1429
2019-03-31,33.70978663379544,1429
2019-04-01,-1.9054260320309224,1429
2019-04-02,-823.0995309339088,1429
2019-04-03,79.06113474824184,1429
2019-04-04,8.354218991583231,1429
2019-04-05,156.83588288957495,1429
2019-04-06,199.00984038800033,1429
2019-04-07,14.538956598941636,1429
2019-04-08,174.5739839824977,1429
2019-04-09,171.94233685188044,1429
2019-04-10,127.53854713910192,1429
2019-04-11,172.29062213268023,1429
2019-04-12,53.699068253824244,1428
2019-04-13,44.31415869667412,1429
2019-04-14,64.50916935570488,1429
2019-04-15,-31.00049703791666,1429
2019-04-16,-53.67156130134002,1429
2019-04-17,-209.55466514564333,1429
2019-04-18,125.16961107985536,1429
2019-04-19,83.01617241752285,1428
2019-04-20,31.892655812471215,1429
2019-04-21,136.59149067475326,1429
2019-04-22,39.508720289989235,1311
2019-04-23,80.38802138387993,1429
2019-04-24,-103.50472185896695,1429
2019-04-25,92.59988873410069,1429
2019-04-26,-327.34653907349207,1429
2019-04-27,71.20517288757519,1429
2019-04-28,131.11301455027862,1428
2019-04-29,-2.201480721916321,1429
2019-04-30,-12.034164716636166,1429
2019-05-01,22.093817994263436,1429
2019-05-02,74.8044125638501,1429
2019-05-03,74.08383838918459,1268
2019-05-04,-124.62284582837111,1429
2019-05-05,-25.16168576356201,1429
2019-05-06,-15.97380532555772,1429
2019-05-07,-42.83463108696789,1429
2019-05-08,-34.51347722852798,1426
2019-05-09,80.59680992943443,1429
2019-05-10,132.04224734753774,1429
2019-05-11,-204.14011678041965,1429
2019-05-12,-1243.8145546753287,1403
2019-05-13,123.7103997960979,1429
2019-05-14,386.1822366031382,1429
2019-05-15,266.3081811578985,1429
2019-05-16,380.1541147934095,1429
2019-05-17,-259.0873699929025,1429
2019-05-18,200.52993630141222,1429
2019-05-19,62.9449309668647,1429
2019-05-20,191.61585053191496,1429
2019-05-21,34.126312318928264,1429
2019-05-22,264.96441507888915,1429
2019-05-23,284.2527925734543,1429
2019-05-24,124.41510011065648,1428
2019-05-25,123.54044767711723,1429
2019-05-26,88.06092125568185,1429
2019-05-27,-143.72322978898623,1429
2019-05-28,131.2927271369642,1311
2019-05-29,74.46192854346519,1429
2019-05-30,-12.550911579698923,1429
2019-05-31,-198.64259387296167,1429
2019-06-01,121.28063734935255,1428
2019-06-02,48.78758509012948,1429
2019-06-03,16.24556354827314,1429
2019-06-04,-32.11380594688775,1429
2019-06-05,84.5883217999867,1429
2019-06-06,142.61369825365327,1429
2019-06-07,108.66118841196938,1429
2019-06-08,55.415822453736915,1429
2019-06-09,156.62024384982394,1429
2019-06-10,-245.05737861257467,1429
2019-06-11,45.80580806060483,1429
2019-06-12,-117.44665802544243,1429
2019-06-13,137.54592455545705,1428
2019-06-14,180.70164348475535,1427
2019-06-15,33.38099279219859,1429
2019-06-16,-361.8275650587878,1429
2019-06-17,53.76460660690559,1429
2019-06-18,187.4138196977801,1429
2019-06-19,12.79161336561512,1429
2019-06-20,60.45493650835528,1429
2019-06-21,133.16209833608977,1429
2019-06-22,-424.6713730097609,1428
2019-06-23,51.56151455562441,1429
2019-06-24,126.33485310304393,1429
2019-06-25,156.4588346108107,1429
2019-06-26,-126.66631445447554,1429
2019-06-27,-1220.5033646057552,1429
2019-06-28,-144.54349025831806,1427
2019-06-29,-134.00850779695085,1429
2019-06-30,159.2739032117503,1429
2019-07-01,24.87623091006937,1429
2019-07-02,-399.2051074734086,1428
2019-07-03,101.19490989954083,1429
2019-07-04,303.0244467811979,1429
2019-07-05,31.587867846306818,1429
2019-07-06,210.59853644500464,1428
2019-07-07,257.0049815451531,1429
2019-07-08,27.220837999169756,1429
2019-07-09,-262.85189297001176,1429
2019-07-10,-7.323845210353824,1428
2019-07-11,-81.21682476445909,1429
2019-07-12,-44.98722704596832,1429
2019-07-13,113.5200329312107,1429
2019-07-14,199.96295944780653,1429
2019-07-15,105.84506073702984,1429
2019-07-16,-108.52372380520433,1429
2019-07-17,-136.0551736791057,1429
2019-07-18,-652.5043016301821,1429
2019-07-19,270.85471479266226,1429
2019-07-20,275.2416327205282,1429
2019-07-21,-39.613725959352855,1429
2019-07-22,-15.377359585634762,1429
2019-07-23,240.73847230108396,1429
2019-07-24,146.5830811340076,1428
2019-07-25,-224.04896455926644,1429
2019-07-26,141.98656145932785,1425
2019-07-27,-184.36261754566067,1429
2019-07-28,139.48470707425236,1429
2019-07-29,173.38049615221792,1429
2019-07-30,186.84505780517097,1340
2019-07-31,199.96199258835043,1429
2019-08-01,130.13184041456768,1428
2019-08-02,56.50603035834414,1429
2019-08-03,20.411849878239607,1429
2019-08-04,149.3398203393402,1429
2019-08-05,56.829564557425186,1429
2019-08-06,-142.1300557960352,1429
2019-08-07,-24.830718627537024,1429
2019-08-08,223.04286027670537,1429
2019-08-09,127.88060563739263,1429
2019-08-10,122.30518622855551,1429
2019-08-11,166.27250331927448,1429
2019-08-12,261.9712974865107,1429
2019-08-13,160.68368311238564,1428
2019-08-14,103.02218789674643,1429
2019-08-15,147.36131399864533,1428
2019-08-16,1.4772031911841248,1429
2019-08-17,186.4673476883736,1429
2019-08-18,237.81580151215005,1429
2019-08-19,131.28919109135236,1429
2019-08-20,120.0694090531267,1429
2019-08-21,-95.23436597879899,1429
2019-08-22,-36.82818650782246,1429
2019-08-23,-51.71685150695173,1425
2019-08-24,-26.06899967710744,1429
2019-08-25,-40.11433267558389,1429
2019-08-26,110.25083040503691,1429
2019-08-27,95.36493612426253,1429
2019-08-28,117.23970742991575,1427
2019-08-29,80.62954466451677,1429
2019-08-30,149.12265284416634,1429
2019-08-31,60.57442547017745,1429
2019-09-01,-8.645869384368844,1428
2019-09-02,79.3461940841021,1429
2019-09-03,-354.9212438169248,1429
2019-09-04,-33.260469116066865,1429
2019-09-05,-63.03996142145145,1422
2019-09-06,189.71402276029994,1429
2019-09-07,-167.46030187241217,1429
2019-09-08,-42.048316115234584,1429
2019-09-09,-4.033791588431592,1429
2019-09-10,56.41834772935825,1429
2019-09-11,-41.35109781934615,1429
2019-09-12,48.820387221391506,1429
2019-09-13,-17.753649512374224,1424
2019-09-14,42.34231767908797,1429
2019-09-15,80.81189461918785,1429
2019-09-16,-12.617743648984879,1429
2019-09-17,-69.588125132478,1429
2019-09-18,28.592185168117965,1429
2019-09-19,-81.1427168113901,1429
2019-09-20,23.87826455826055,1428
2019-09-21,102.59005685667444,1429
2019-09-22,35.804434894465544,1429
2019-09-23,73.48774829114095,1429
2019-09-24,221.7373190123377,1428
2019-09-25,-351.7048467569603,1429
2019-09-26,46.603558409716044,1251
2019-09-27,-71.17407762440638,1425
2019-09-28,89.27458934086503,1429
2019-09-29,-8.251898440469898,1429
2019-09-30,23.39604731178531,1429
2019-10-01,118.94302323828128,1429
2019-10-02,121.53825054549179,1429
2019-10-03,151.91494987630463,1427
2019-10-04,39.62549608651261,1429
2019-10-05,132.63888612475287,1428
2019-10-06,105.18142842676275,1429
2019-10-07,-48.991420606559934,1420
2019-10-08,85.05813182258383,1429
2019-10-09,-13.814190272551844,1429
2019-10-10,43.456529257913886,1429
2019-10-11,-32.47109856389456,1428
2019-10-12,38.902056436657126,1429
2019-10-13,109.04865624484755,1429
2019-10-14,103.4899167793872,1429
2019-10-15,107.8543032576406,1429
2019-10-16,99.92626876112668,1429
2019-10-17,62.43514544541133,1428
2019-10-18,11.563089986455884,1309
2019-10-19,49.7312114347785,1429
2019-10-20,82.6889816440689,1429
2019-10-21,7.4850187479469446,1429
2019-10-22,96.67651151775203,1429
2019-10-23,-382.13993686755924,1429
2019-10-24,40.697653393841534,1429
2019-10-25,51.21189151056717,1429
2019-10-26,-1063.0814514253248,1429
2019-10-27,150.3988219878464,1429
2019-10-28,298.05464020291305,1428
2019-10-29,3.9069559475675506,1429
2019-10-30,62.81880366249402,1429
2019-10-31,-49.8659268133513,1413
2019-11-01,111.84346671714538,1429
2019-11-02,188.3470543445666,1428
2019-11-03,141.3021697029162,1428
2019-11-04,70.94638824457432,1429
2019-11-05,2.171631761567217,1429
2019-11-06,191.79583107765785,1429
2019-11-07,111.23365663987188,1428
2019-11-08,32.171770476676784,1309
2019-11-09,67.83459911139843,1428
2019-11-10,71.23578452154605,1429
2019-11-11,13.869595401368338,1428
2019-11-12,81.54868592299349,1309
2019-11-13,90.97101859335214,1429
2019-11-14,63.01889878269696,1429
2019-11-15,-44.06800171357937,1309
2019-11-16,149.01604076625327,1429
2019-11-17,85.99076104894823,1429
2019-11-18,71.28842618196832,1429
2019-11-19,-45.41926741688852,1308
2019-11-20,50.43388848848494,1429
2019-11-21,17.25630193327373,1429
2019-11-22,33.4522325995986,1429
2019-11-23,-9.822395110851815,1429
2019-11-24,142.30183847852624,1429
2019-11-25,-169.21187503636375,1413
2019-11-26,66.64266412485857,1311
2019-11-27,-156.23015481984675,1428
2019-11-28,223.84244021371092,1429
2019-11-29,-8.564801087884998,1429
2019-11-30,90.56503764020684,1429
2019-12-01,-18.555451963500975,1429
2019-12-02,136.40178151939008,1428
2019-12-03,135.35465948217745,1429
2019-12-04,-305.212754882513,1429
2019-12-05,-92.8804615007452,1428
2019-12-06,82.032937097388,1429
2019-12-07,152.77070469194175,1429
2019-12-08,102.02301657529571,1428
2019-12-09,50.71241339418186,1429
2019-12-10,77.15919878744246,1429
2019-12-11,22.85410415322677,1429
2019-12-12,20.77751998784821,1413
2019-12-13,158.5975812505876,1429
2019-12-14,82.69677475782905,1429
2019-12-15,136.28099616990542,1429
2019-12-16,127.26920946567601,1428
2019-12-17,-145.14207901711464,1413
2019-12-18,113.05814119540928,1428
2019-12-19,117.6995895821153,1429
2019-12-20,193.69481592609694,1429
2019-12-21,191.66911397663137,1429
2019-12-22,97.12312752738336,1429
2019-12-23,9.976428814664079,1429
2019-12-24,-92.67393823043186,1429
2019-12-25,123.11379823669293,1428
2019-12-26,86.66681428010541,1428
2019-12-27,13.914983846098991,1429
2019-12-28,163.50999944857222,1429
2019-12-29,99.21718156366957,1428
2019-12-30,30.217964907956905,1429
2019-12-31,-31.873712742093673,1429
2020-01-01,91.76548822676833,1429
2020-01-02,111.80580216934867,1429
2020-01-03,-181.18775057103355,1428
2020-01-04,143.69370857811325,1421
2020-01-05,135.9676419114647,1429
2020-01-06,102.15637930946785,1429
2020-01-07,23.22547165893442,1429
2020-01-08,18.462263860320846,1429
2020-01-09,227.99665763018677,1428
2020-01-10,-36.542006225207096,1429
2020-01-11,107.45322487707341,1424
2020-01-12,140.33665073731754,1429
2020-01-13,90.9017467377023,1429
2020-01-14,-18.338982406059642,1429
2020-01-15,106.08282411454911,1429
2020-01-16,70.55225393229813,1429
2020-01-17,183.30971328741035,1429
2020-01-18,51.57108407601084,1429
2020-01-19,-170.04484009566923,1429
2020-01-20,181.06139013137843,1429
2020-01-21,108.91928597050251,1429
2020-01-22,-11.967485527204632,1428
2020-01-23,85.72138711673094,1429
2020-01-24,-34.79175655263506,1429
2020-01-25,44.23405058660839,1429
2020-01-26,44.45166552697144,1429
2020-01-27,64.79255229186879,1429
2020-01-28,-58.10033949342134,1309
2020-01-29,-55.62974391856548,1397
2020-01-30,161.3612656256772,1429
2020-01-31,95.92896541434965,1429
2020-02-01,33.21047048860783,1428
2020-02-02,-141.70180837335465,1429
2020-02-03,-16.837413003119966,1412
2020-02-04,125.4167441717569,1429
2020-02-05,14.365275655351077,1429
2020-02-06,-87.14004558863478,1429
2020-02-07,113.8983408901824,1429
2020-02-08,125.98693680820656,1429
2020-02-09,153.68559750209445,1429
2020-02-10,-132.63917970094164,1429
2020-02-11,71.53682094463245,1429
2020-02-12,-193.3260663911533,1429
2020-02-13,80.76461640759331,1429
2020-02-14,87.90091756033064,1428
2020-02-15,83.31033423335467,1429
2020-02-16,-149.45901002328395,1429
2020-02-17,126.68444214430298,1429
2020-02-18,90.9869535104961,1428
2020-02-19,98.77342425754844,1429
2020-02-20,-151.19711659177943,1429
2020-02-21,202.64225415340331,1428
2020-02-22,65.31991380039636,1428
2020-02-23,76.34614052978604,1429
2020-02-24,-12.810886638950894,1429
2020-02-25,5.734711806707712,1429
2020-02-26,126.65820575564554,1412
2020-02-27,35.36254827284135,1429
2020-02-28,180.51399577445264,1429
2020-02-29,67.1523167328113,1428
2020-03-01,81.84707775559411,1429
2020-03-02,166.894779202928,1429
2020-03-03,-58.74937966855239,1429
2020-03-04,47.22708856380854,1429
2020-03-05,65.48346429488717,1429
2020-03-06,28.10610616184928,1429
2020-03-07,144.35777985044896,1429
2020-03-08,31.6475247151601,1428
2020-03-09,-388.2237887586061,1429
2020-03-10,30.771636315762336,1429
2020-03-11,-149.22281794060856,1429
2020-03-12,155.23627225721438,1424
2020-03-13,-1348.9920582152224,1406
2020-03-14,291.1707131774464,1429
2020-03-15,216.31683949343682,1428
2020-03-16,-571.3016999055454,1429
2020-03-17,507.3961193101953,1429
2020-03-18,256.17784402257433,1413
2020-03-19,270.7384338991021,1429
2020-03-20,57.39817905836636,1429
2020-03-21,83.80148024729422,1429
2020-03-22,292.35982250207286,1429
2020-03-23,66.72138295154969,1429
2020-03-24,442.19481484156637,1337
2020-03-25,31.86221433409712,1429
2020-03-26,186.43621142072337,1165
2020-03-27,137.8046339681661,1429
2020-03-28,-105.62429104172486,1429
2020-03-29,47.541185878430525,1429
2020-03-30,62.976301287736476,1429
2020-03-31,140.60945837660933,1429
2020-04-01,202.13161999679124,1429
2020-04-02,-19.850917992329965,1429
2020-04-03,80.35330804405835,1428
2020-04-04,66.40719825904758,1428
2020-04-05,292.9816308960127,1428
2020-04-06,245.45268273112254,1429
2020-04-07,104.80159259010654,1429
2020-04-08,-45.31010597642546,1429
2020-04-09,75.50539722668077,1429
2020-04-10,198.9359008474501,1429
2020-04-11,124.26430064073506,1429
2020-04-12,55.93871165030593,1429
2020-04-13,-147.5045698562976,1429
2020-04-14,138.42542665621798,1429
2020-04-15,68.65694506269621,1429
2020-04-16,-407.52060555618914,1428
2020-04-17,100.29986167888002,1428
2020-04-18,124.43394472201616,1428
2020-04-19,137.36851584750426,1429
2020-04-20,74.63912201166073,1429
2020-04-21,37.14555745291872,1429
2020-04-22,24.50601676750054,1429
2020-04-23,-62.27335126181546,1429
2020-04-24,135.89102934895848,1425
2020-04-25,143.11307939846446,1429
2020-04-26,175.5001617795774,1429
2020-04-27,39.678719862816806,1429
2020-04-28,100.50546596459989,1429
2020-04-29,67.71474505285013,1429
2020-04-30,-403.62174261203074,1429
2020-05-01,-163.90044638936436,1397
2020-05-02,157.43658156059433,1429
2020-05-03,-48.81425496660151,1429
2020-05-04,-172.00336717655608,1429
2020-05-05,-104.0429390632398,1429
2020-05-06,103.6687290036437,1429
2020-05-07,58.661453557634474,1429
2020-05-08,135.1940977091947,1429
2020-05-09,240.24536868958953,1429
2020-05-10,-803.3974034038281,1429
2020-05-11,101.26984078138968,1429
2020-05-12,161.94440281626598,1429
2020-05-13,192.79761059521385,1429
2020-05-14,122.80430154230329,1429
2020-05-15,107.49534582674836,1228
2020-05-16,11.675013992930811,1429
2020-05-17,26.916583833297725,1428
2020-05-18,-9.319291676041846,1429
2020-05-19,-31.529166397218226,1428
2020-05-20,159.64585332903854,1429
2020-05-21,-70.85244305153546,1408
2020-05-22,192.0603792561439,1429
2020-05-23,66.39563036241155,1429
2020-05-24,14.140498394085942,1429
2020-05-25,-68.98674723531624,1429
2020-05-26,187.70731967444814,1429
2020-05-27,67.80667215469347,1428
2020-05-28,-60.5113108323674,1429
2020-05-29,139.2983893498034,1429
2020-05-30,-26.428068607687514,1429
2020-05-31,0.5701209753778795,1429
2020-06-01,142.84738494863717,1429
2020-06-02,-240.3064718843612,1429
2020-06-03,75.48816717812431,1429
2020-06-04,32.6948726644174,1429
2020-06-05,54.90383308341783,1429
2020-06-06,-16.947010929231606,1429
2020-06-07,83.53891009631842,1429
2020-06-08,-174.56412891537397,1429
2020-06-09,1.7009549764186151,1429
2020-06-10,-51.34061048951213,1429
2020-06-11,46.746042486236774,1429
2020-06-12,-286.398369046448,1426
2020-06-13,69.53232921835364,1428
2020-06-14,36.06307191861492,1428
2020-06-15,52.480411805464975,1429
2020-06-16,-17.55648997233337,1429
2020-06-17,74.88968880072923,1428
2020-06-18,89.26526528837414,1367
2020-06-19,146.43299935808102,1428
2020-06-20,55.25262337635251,1429
2020-06-21,84.80674408407336,1429
2020-06-22,44.54188196758324,1429
2020-06-23,23.88732303844418,1429
2020-06-24,-42.560170786164825,1429
2020-06-25,-221.34022359784404,1424
2020-06-26,37.418887542579455,1429
2020-06-27,55.14260798763269,1429
2020-06-28,133.273248965809,1429
2020-06-29,48.23999470153963,1429
2020-06-30,16.29508588258323,1428
2020-07-01,70.1282170712879,1429
2020-07-02,6.946001208378233,1429
2020-07-03,-34.997451709577824,1428
2020-07-04,40.91903572345187,1429
2020-07-05,44.47676116128701,1429
2020-07-06,-6.803998265592918,1425
2020-07-07,33.30937225652623,1428
2020-07-08,40.16129804231666,1429
2020-07-09,36.42316002352168,1429
2020-07-10,32.631262757360275,1428
2020-07-11,-41.758643785367326,1428
2020-07-12,1.681193001939058,1429
2020-07-13,61.792891321850036,1429
2020-07-14,13.148352583652361,1429
2020-07-15,20.632150118124105,1429
2020-07-16,21.442912799670808,1429
2020-07-17,-98.51744754198728,1427
2020-07-18,-33.711805578608825,1429
2020-07-19,-27.707198752872458,1429
2020-07-20,12.027938108533109,1429
2020-07-21,-35.761799336856086,1429
2020-07-22,-6.011312384876104,1429
2020-07-23,-19.634244316082388,1429
2020-07-24,-7.772176744959173,1228
2020-07-25,77.25420573768301,1429
2020-07-26,-159.50048395010876,1429
2020-07-27,194.39499537044736,1429
2020-07-28,11.88010722075001,1429
2020-07-29,207.18129441510274,1429
2020-07-30,169.91722690603643,1429
2020-07-31,165.4054234226561,1429
2020-08-01,115.76153831533594,1429
2020-08-02,-144.9755415980096,1429
2020-08-03,217.88362948715871,1428
2020-08-04,44.90154197181171,1407
2020-08-05,-17.904752125486194,1429
2020-08-06,10.970679679871921,1428
2020-08-07,135.94581944284334,1429
2020-08-08,107.50252946927974,1429
2020-08-09,154.39260592341023,1428
2020-08-10,-37.67579330091368,1428
2020-08-11,159.86716858131518,1429
2020-08-12,-148.01956461391242,1429
2020-08-13,-136.67770853735234,1429
2020-08-14,104.54920343296868,1429
2020-08-15,-14.027904002070448,1429
2020-08-16,113.78378482134991,1429
2020-08-17,93.14424225794039,1429
2020-08-18,33.20675909484575,1429
2020-08-19,66.25519101084078,1429
2020-08-20,75.36956561502154,1429
2020-08-21,76.02731176125079,1428
2020-08-22,74.18628176886736,1429
2020-08-23,-30.598664365591624,1424
2020-08-24,-128.4342035271159,1429
2020-08-25,-15.63251512442428,1429
2020-08-26,-71.07630786351297,1429
2020-08-27,12.904212429214644,569
2020-08-28,109.98477023738924,1429
2020-08-29,24.937061637508233,1429
2020-08-30,7.139184527240153,1429
2020-08-31,-28.14179109802084,1410
2020-09-01,-49.6331901447808,1428
2020-09-02,-35.36850152434581,1429
2020-09-03,-95.1569089564639,1429
2020-09-04,-58.37383470562207,1429
2020-09-05,323.40736690714164,1429
2020-09-06,489.1784658732098,1429
2020-09-07,71.56113582636877,1429
2020-09-08,48.713291736919494,1407
2020-09-09,-117.41739254625168,1429
2020-09-10,-27.895933522817476,1429
2020-09-11,41.25119987155353,1429
2020-09-12,7.168437320086462,1429
2020-09-13,-122.91128485545502,1428
2020-09-14,-58.66493286497796,1429
2020-09-15,-26.20221092615506,1429
2020-09-16,61.40208698576116,1429
2020-09-17,13.771163959039853,1408
2020-09-18,-26.853505622572243,1428
2020-09-19,-53.9218727550155,1429
2020-09-20,21.595511724531466,1428
2020-09-21,-76.23298295111962,1429
2020-09-22,47.475115210229916,1429
2020-09-23,18.289895960357434,1429
2020-09-24,-24.11101826951463,1429
2020-09-25,-46.89773846181727,1429
2020-09-26,65.2335475479306,1429
2020-09-27,15.622166026520187,1429
2020-09-28,-11.415649828712711,1427
2020-09-29,8.53689187624156,1429
2020-09-30,-27.73865506868871,1429
2020-10-01,54.03978234733452,1429
2020-10-02,-184.28260954710092,1429
2020-10-03,81.5814049009518,1429
2020-10-04,64.83324399177383,1429
2020-10-05,46.90759483406759,1429
2020-10-06,18.972171272859683,1429
2020-10-07,-7.509631323651169,1429
2020-10-08,-35.91936149118473,1428
2020-10-09,-1.3866823385908922,1429
2020-10-10,-14.754227642655827,1429
2020-10-11,71.0311929266508,1429
2020-10-12,-124.2298454944281,1429
2020-10-13,11.432784401012253,1428
2020-10-14,-84.50316287586907,1429
2020-10-15,18.745696776267327,1429
2020-10-16,-75.9981461857052,1429
2020-10-17,57.45375257364664,1428
2020-10-18,32.46270229595865,1429
2020-10-19,-20.276518449510984,1428
2020-10-20,-61.56047572691102,1429
2020-10-21,-170.59108052967727,1429
2020-10-22,25.217956761768015,1429
2020-10-23,64.54509914552233,1429
2020-10-24,-22.011899822107015,1429
2020-10-25,-50.53991947357511,1429
2020-10-26,-11.168164845667077,1429
2020-10-27,51.95662947476732,1428
2020-10-28,81.49042832211344,1428
2020-10-29,-134.1268018441182,1429
2020-10-30,-66.78325041028809,1429
2020-10-31,-3.915685761727245,1429
2020-11-01,45.555112760023455,1429
2020-11-02,28.254936964240873,1429
2020-11-03,36.686043562885715,1429
2020-11-04,-3.504369286097013,1429
2020-11-05,149.50318529397606,1429
2020-11-06,-79.19924758836534,1428
2020-11-07,14.451483051101048,1429
2020-11-08,118.41449978136183,1429
2020-11-09,-67.21506631477811,1429
2020-11-10,183.45757571737676,1429
2020-11-11,65.74191503781329,1310
2020-11-12,-59.647185287903234,1017
2020-11-13,112.92971528355189,1428
2020-11-14,33.51077772467438,1428
2020-11-15,-35.49452886722133,1429
2020-11-16,13.040814677255893,1429
2020-11-17,53.754967954915536,1429
2020-11-18,-470.03522604814833,1429
2020-11-19,-138.0989243973465,1429
2020-11-20,57.49758008421448,1428
2020-11-21,130.19610184883993,1429
2020-11-22,87.65777946821348,1429
2020-11-23,129.5833574922389,1429
2020-11-24,140.92249370063607,1429
2020-11-25,15.816593689203113,1429
2020-11-26,-130.66051383751193,1429
2020-11-27,8.653391953124007,1429
2020-11-28,16.047498030505274,1429
2020-11-29,-50.407567177940116,1429
2020-11-30,-138.75666580706476,1429
2020-12-01,34.75005805560174,1429
2020-12-02,278.1264315693161,1429
2020-12-03,83.81120702626698,1429
2020-12-04,-43.47084030214153,1429
2020-12-05,141.60022286042388,1429
2020-12-06,24.79648636747731,1429
2020-12-07,13.33020671039958,1429
2020-12-08,17.553865905082233,1429
2020-12-09,-61.674484384130615,1429
2020-12-10,-62.218192543303445,1429
2020-12-11,105.83464166287011,1429
2020-12-12,-97.30297758478183,1428
2020-12-13,-16.699589746972297,1429
2020-12-14,-179.80530152120474,1429
2020-12-15,-59.897766032656556,1429
2020-12-16,119.36833782135129,1406
2020-12-17,25.944029032325794,1429
2020-12-18,95.0132782532017,1424
2020-12-19,-0.578123485814741,1428
2020-12-20,75.8565491165288,1429
2020-12-21,3.514335439161295,1429
2020-12-22,90.66997887541359,1429
2020-12-23,-64.11943745422452,1429
2020-12-24,258.9471061529301,1428
2020-12-25,124.55941028877253,1429
2020-12-26,156.09816451581858,1429
2020-12-27,-11.44315522774117,1429
2020-12-28,118.15817164186339,1429
2020-12-29,36.55590973062851,1429
2020-12-30,266.8323874889498,1078
2020-12-31,130.50589553122907,1428
2021-01-01,67.14396902082368,1429
2021-01-02,164.70444165511373,1429
2021-01-03,-322.37915153062715,1429
2021-01-04,-1559.4373389589475,1424
2021-01-05,-123.77733308045029,1429
2021-01-06,-9.352107358162751,1242
2021-01-07,39.576469621802055,1429
2021-01-08,361.15547725074157,1429
2021-01-09,284.4603690457862,1429
2021-01-10,96.62520978234775,1428
2021-01-11,-101.63238284538765,1429
2021-01-12,70.3958041215636,1424
2021-01-13,327.8999338905742,1429
2021-01-14,-157.49233603805095,1429
2021-01-15,186.426128068232,1414
2021-01-16,11.927514525219948,1429
2021-01-17,6.6261009591654005,1429
2021-01-18,-137.31674237977623,1429
2021-01-19,97.515815607478,1429
2021-01-20,141.01784041183402,1429
2021-01-21,-91.56145059251216,1429
2021-01-22,13.148426351039769,1429
2021-01-23,-139.58919749659148,1429
2021-01-24,25.865742017331165,1429
2021-01-25,-104.03751034185512,1429
2021-01-26,85.98617664153723,1429
2021-01-27,82.66908978299215,1429
2021-01-28,68.06972725770753,1429
2021-01-29,-1122.6179437364358,1428
2021-01-30,154.24659089578543,1429
2021-01-31,-98.4649775077255,1429
2021-02-01,1.5798637489711729,1429
2021-02-02,-360.1331451803277,1429
2021-02-03,-107.60251343652685,1429
2021-02-04,-220.1688464628619,1429
2021-02-05,24.90845760462077,1429
2021-02-06,37.282508872212716,1429
2021-02-07,-112.12898336942487,1418
2021-02-08,-433.0575117253227,1429
2021-02-09,24.92407576475936,1429
2021-02-10,-16.65034642719008,1428
2021-02-11,-261.9608196780449,1429
2021-02-12,-146.58640513401247,1429
2021-02-13,152.71784115328458,1262
2021-02-14,45.232399315488905,1429
2021-02-15,-85.47720030802019,1429
2021-02-16,75.44503012870503,1429
2021-02-17,92.41784436973846,1368
2021-02-18,7.633355918672879,1429
2021-02-19,-36.010609979014305,1408
2021-02-20,24.3111644442043,1429
2021-02-21,62.945088575252306,1429
2021-02-22,-193.72522237571337,1429
2021-02-23,-426.9840730852951,1429
2021-02-24,231.3524560863075,1429
2021-02-25,-184.91555171477404,1429
2021-02-26,184.26962648233797,1406
2021-02-27,-114.47998881547038,1429
2021-02-28,174.28864184036402,1429
2021-03-01,-236.434148059998,1429
2021-03-02,78.00520843988863,1429
2021-03-03,83.78580676457003,1428
2021-03-04,-83.81469624534358,1429
2021-03-05,-12.602871432425326,1429
2021-03-06,153.54401130201705,1429
2021-03-07,68.21150030347175,1429
2021-03-08,173.28333912055896,1429
2021-03-09,-14.540320097767557,1429
2021-03-10,-68.01641248193575,1429
2021-03-11,97.97870691665628,1429
2021-03-12,228.7798014299028,1429
2021-03-13,-7.644642640063028,1429
2021-03-14,87.62208821686967,1429
2021-03-15,-259.1748493448355,1428
2021-03-16,86.28117919510898,1429
2021-03-17,88.49196908381538,1424
2021-03-18,10.811486369385042,1428
2021-03-19,-157.82413128641383,1428
2021-03-20,184.04718019808445,1425
2021-03-21,91.64402009587148,1429
2021-03-22,-70.39646802711152,1422
2021-03-23,-7.855138110289811,1428
2021-03-24,31.737057029823013,1425
2021-03-25,-25.874772387557975,1429
2021-03-26,-40.51627609343528,1428
2021-03-27,11.253765282638728,1428
2021-03-28,-55.68272828713393,1428
2021-03-29,82.85661304874735,1428
2021-03-30,152.01020633227668,1426
2021-03-31,-53.93465805053462,1420
2021-04-01,144.49184439403757,1299
2021-04-02,135.74945658687992,1425
2021-04-03,73.59049271034941,1420
2021-04-04,-49.08774389563481,1428
2021-04-05,-53.27907760291635,1423
2021-04-06,83.7674160591165,1424
2021-04-07,102.44373477190987,1428
2021-04-08,66.34956947057661,1428
2021-04-09,89.24951209903901,1427
2021-04-10,-19.088856155676194,1421
2021-04-11,166.3248906180462,1428
2021-04-12,78.85634458607153,1425
2021-04-13,121.12762677366996,1422
2021-04-14,128.9512843223934,1376
2021-04-15,109.59890857136907,1425
2021-04-16,-108.22767726340759,1405
2021-04-17,-80.49828937974993,1411
2021-04-18,-216.23940572648243,1416
2021-04-19,-105.99940957087318,1420
2021-04-20,-21.66712206103434,1425
2021-04-21,1.620500992775494,1340
2021-04-22,-312.4204556231933,1427
2021-04-23,-369.3114795292719,1428
2021-04-24,196.8408048749252,1428
2021-04-25,-30.941033631869065,1416
2021-04-26,-54.56742701665895,1426
2021-04-27,-49.729883155109164,1427
2021-04-28,58.38313603807907,1422
2021-04-29,-62.52737438321346,1421
2021-04-30,-88.27549330917682,1428
2021-05-01,-70.13852076903858,1427
2021-05-02,140.1024658916317,1418
2021-05-03,-125.10701586380674,1423
2021-05-04,61.11233503012719,1427
2021-05-05,-159.44257046025868,1427
2021-05-06,225.5067877849563,1427
2021-05-07,52.08443465744738,1427
2021-05-08,46.107832489447645,1426
2021-05-09,-35.337695899066986,1426
2021-05-10,-70.93208283719528,1425
2021-05-11,-209.07167542381345,1429
2021-05-12,148.88961940666854,1427
2021-05-13,272.5930507153557,1428
2021-05-14,16.527831399293433,1428
2021-05-15,311.0750465043294,1429
2021-05-16,118.55569495999264,1428
2021-05-17,115.54174787727398,1429
2021-05-18,257.3754972726807,1428
2021-05-19,-139.74876834089727,1320
2021-05-20,-628.5561879608201,1383
2021-05-21,-64.90648481126797,1428
2021-05-22,380.5611515447566,1429
2021-05-23,552.5621554880202,1429
2021-05-24,-2.3696245952004094,1429
2021-05-25,187.43023571559027,1429
2021-05-26,-109.99480111697196,1428
2021-05-27,273.90775124846186,1429
2021-05-28,-257.5308067464237,1429
2021-05-29,4.585389726747973,1428
2021-05-30,139.33544368256574,1429
2021-05-31,-114.7642570886153,1428
2021-06-01,-194.76030242840912,1429
2021-06-02,163.7966401847768,1429
2021-06-03,28.15503572853809,1429
2021-06-04,-129.89005068501936,1429
2021-06-05,-106.98206817750014,1428
2021-06-06,-21.12841164853779,1428
2021-06-07,166.41697655265267,1429
2021-06-08,-49.37667502955078,1429
2021-06-09,-63.8034186036246,1429
2021-06-10,56.35346967202751,1429
2021-06-11,42.37169106684593,1429
2021-06-12,-151.91054118832247,1428
2021-06-13,4.1641092953934,1429
2021-06-14,-172.6783194747067,1429
2021-06-15,8.689255802597803,1429
2021-06-16,-8.750365799537766,1429
2021-06-17,159.0652828676428,1429
2021-06-18,105.5518807578986,1428
2021-06-19,-91.19680397448742,1429
2021-06-20,242.0475074181553,1429
2021-06-21,86.3079184186403,1429
2021-06-22,-46.75469037895215,1429
2021-06-23,320.9360171513798,1429
2021-06-24,-58.152115318584855,1429
2021-06-25,-191.67001168359133,1428
2021-06-26,-174.21796577495542,1429
2021-06-27,78.41696603803022,1429
2021-06-28,-13.383892208859454,1429
2021-06-29,201.6032146711195,1429
2021-06-30,42.01034068961937,1429
2021-07-01,-22.150619520618804,1429
2021-07-02,17.34289856062169,1429
2021-07-03,4.465787245877196,1429
2021-07-04,-40.36539081741202,1429
2021-07-05,-173.95191552884936,1428
2021-07-06,-76.66092601498575,1429
2021-07-07,224.6822997854503,1429
2021-07-08,94.28601261065357,1429
2021-07-09,64.39313238476386,1429
2021-07-10,69.59844737508904,1429
2021-07-11,-74.05961516379402,1429
2021-07-12,73.71181855175239,1429
2021-07-13,102.1647615478899,1429
2021-07-14,71.57945248490688,1429
2021-07-15,62.204430442932555,1368
2021-07-16,106.12779787370788,1429
2021-07-17,20.65795707543244,1429
2021-07-18,-114.23161357681322,1429
2021-07-19,-103.93546825684115,1428
2021-07-20,97.94203397301406,1429
2021-07-21,2.9635533493182056,1429
2021-07-22,128.65657127140463,1428
2021-07-23,101.76698002299399,1322
2021-07-24,98.33494742081352,1429
2021-07-25,19.123818606841372,1429
2021-07-26,-440.6904043114587,1429
2021-07-27,4.88851742670616,1429
2021-07-28,72.36542092794997,1414
2021-07-29,51.27729342810636,1429
2021-07-30,7.265224971112381,1428
2021-07-31,-32.02110675874081,1429
2021-08-01,55.90387215066931,1428
2021-08-02,-45.74237492805051,1429
2021-08-03,19.22466199773293,1283
2021-08-04,69.30714282589086,1429
2021-08-05,53.177700199879006,1429
2021-08-06,-173.87961907262326,1429
2021-08-07,-15.754845193194049,1428
2021-08-08,86.8500908245099,1429
2021-08-09,101.46669934582081,1429
2021-08-10,15.119993658314169,1428
2021-08-11,192.90052625607728,1429
2021-08-12,-33.229753507031,1429
2021-08-13,153.30456327097446,1428
2021-08-14,-126.50566260631737,1429
2021-08-15,-154.47916282193125,1428
2021-08-16,159.19808687451945,1429
2021-08-17,141.50809851406967,1429
2021-08-18,194.90235149876975,1428
2021-08-19,36.27874417407338,1429
2021-08-20,-94.3944818111765,1429
2021-08-21,37.397963998160655,1414
2021-08-22,116.89597558334243,1429
2021-08-23,69.45267356851208,1429
2021-08-24,-3.094176165285849,1429
2021-08-25,-119.90632544867269,1428
2021-08-26,-86.28970143453355,1429
2021-08-27,93.70764974827398,1429
2021-08-28,74.32314791948023,1368
2021-08-29,-0.20569342744967073,1429
2021-08-30,54.50756394398672,1429
2021-08-31,-97.49363932241535,1428
2021-09-01,74.844433190858,1429
2021-09-02,-39.147990458436496,1429
2021-09-03,-104.8762584428591,1429
2021-09-04,6.067992453829479,1429
2021-09-05,73.70151873077596,1429
2021-09-06,94.09205667286483,1428
2021-09-07,-74.89425891756352,1429
2021-09-08,-333.93639512672524,1429
2021-09-09,-167.88094317562684,1428
2021-09-10,150.55185818958364,1429
2021-09-11,82.90851998546023,1429
2021-09-12,-33.55912950525626,1428
2021-09-13,-514.3369328177685,1428
2021-09-14,90.79050414438001,1429
2021-09-15,79.05769337061277,1429
2021-09-16,-52.38018434803732,1429
2021-09-17,39.6912829775914,1423
2021-09-18,-21.484617069672524,1429
2021-09-19,16.063360717857307,1428
2021-09-20,37.64158774893425,1429
2021-09-21,-304.0801163356172,1429
2021-09-22,26.88924167274505,1429
2021-09-23,-22.869982498585987,1429
2021-09-24,-223.26696801798113,1429
2021-09-25,91.98732527402775,1429
2021-09-26,65.68331275383059,1429
2021-09-27,-73.26161783330778,1428
2021-09-28,-67.49415578284956,1415
2021-09-29,24.524134559008456,1429
2021-09-30,-16.64474664374536,1428
2021-10-01,-120.10768637234015,1429
2021-10-02,173.5349026972937,1429
2021-10-03,82.86664987589583,1428
2021-10-04,-28.813750728679175,1428
2021-10-05,3.3275123662760024,1429
2021-10-06,-37.00873606390868,1429
2021-10-07,33.75065168679159,1429
2021-10-08,107.98843877708595,1428
2021-10-09,76.3807169824117,1428
2021-10-10,53.81243462589206,1429
2021-10-11,112.5258921240739,1429
2021-10-12,122.02612603795517,1429
2021-10-13,-270.01739383081207,1368
2021-10-14,-6.5310196006913435,1429
2021-10-15,60.75829718616439,1429
2021-10-16,-47.36656588829947,1428
2021-10-17,53.64628875552959,1416
2021-10-18,-136.23607285498085,1423
2021-10-19,-35.82703421408726,1429
2021-10-20,62.94353435936315,1429
2021-10-21,-129.99834067445903,1429
2021-10-22,-172.05301586531954,1428
2021-10-23,25.161934618104176,1409
2021-10-24,160.3419089662568,1370
2021-10-25,-133.9593522671469,1424
2021-10-26,-22.92847521299166,1389
2021-10-27,-56.96138702095261,1412
2021-10-28,-32.15112461636283,1411
2021-10-29,11.612532544687522,1422
2021-10-30,24.92333471651945,1402
2021-10-31,-17.246344979196913,1401
2021-11-01,-128.66926817665322,1419
2021-11-02,-200.68324196507757,1414
2021-11-03,-2.670301563610604,1409
2021-11-04,-155.84176772076106,1413
2021-11-05,-221.39352355921943,1409
2021-11-06,-27.73882727819934,1395
2021-11-07,-44.81078697100016,1364
2021-11-08,-183.21431065575712,1360
2021-11-09,-76.58449910323213,1420
2021-11-10,-190.96278064164295,1406
2021-11-11,-67.30596850428283,1417
2021-11-12,88.67081229060923,1354
2021-11-13,-73.72129866601942,1358
2021-11-14,12.605624859722521,1275
2021-11-15,-77.90742431560406,1279
2021-11-16,-118.4352933265273,1405
2021-11-17,-105.07930337872939,1426
2021-11-18,24.91586761346527,1396
2021-11-19,-293.47829080253655,1419
2021-11-20,83.03014796240706,1402
2021-11-21,-192.16384003499581,1404
2021-11-22,-181.49560048002863,1408
2021-11-23,-26.4062054363725,1422
2021-11-24,138.91320988041815,1404
2021-11-25,-25.856910130974384,1398
2021-11-26,79.57703694407071,1393
2021-11-27,157.1120247036509,1428
2021-11-28,81.80297267409611,1428
2021-11-29,-181.0645673705751,1425
2021-11-30,-167.12454896676235,1424
2021-12-01,79.20402541300605,1416
2021-12-02,-19.803573195749447,1427
2021-12-03,21.95247038360942,1428
2021-12-04,-260.00272223569283,1423
2021-12-05,-24.726932108280906,1429
2021-12-06,-206.81527464651745,1429
2021-12-07,-309.35279513434955,1429
2021-12-08,-179.55969700102858,1428
2021-12-09,-10.97349187157041,1428
2021-12-10,-123.6820401243756,1429
2021-12-11,-34.663794336687495,1428
2021-12-12,92.63413888087226,1429
2021-12-13,-14.236591304188682,1429
2021-12-14,-155.59058533898124,1429
2021-12-15,37.415661463145156,1428
2021-12-16,99.38948179243879,1429
2021-12-17,71.2062215735548,1428
2021-12-18,66.36144384315382,1428
2021-12-19,-62.92423144673015,1429
2021-12-20,40.88439839132409,1429
2021-12-21,-1.1270903802032253,1429
2021-12-22,-66.55564137488578,1429
2021-12-23,4.6529752272306455,1428
2021-12-24,45.67319673963922,1429
2021-12-25,51.05951575729132,1429
2021-12-26,31.120934153206274,1428
2021-12-27,-116.76174053808717,1428
2021-12-28,102.04394252935012,1429
2021-12-29,-161.5245478667839,1429
2021-12-30,-46.83356493687012,1429
2021-12-31,-161.17543892913375,1429
2022-01-01,-72.62658182082023,1427
2022-01-02,68.02188849910641,1428
2022-01-03,25.465379192039606,1429
2022-01-04,-38.87716444775844,1429
2022-01-05,-94.57618022428508,1428
2022-01-06,140.4066864660013,1428
2022-01-07,-18.459774474144613,1429
2022-01-08,-43.743284488115904,1429
2022-01-09,10.595486706875835,1428
2022-01-10,-106.29487430532,1428
2022-01-11,54.07993455315441,1428
2022-01-12,-15.076897755748417,1429
2022-01-13,65.73450663373127,1428
2022-01-14,-68.31018108940704,1428
2022-01-15,21.0103248832125,1428
2022-01-16,42.736275480797396,1428
2022-01-17,120.66689585942416,1428
2022-01-18,22.505772955006307,1429
2022-01-19,-55.05061356845193,1429
2022-01-20,26.803705572683455,1428
2022-01-21,-300.677287558757,1429
2022-01-22,0.47151700436013755,1429
2022-01-23,248.27489074723437,1429
2022-01-24,-57.64114134578619,1429
2022-01-25,-292.89691120839836,1428
2022-01-26,-33.91631717436794,1429
2022-01-27,78.82670582515989,1368
2022-01-28,-27.148492576131797,1429
2022-01-29,-46.95550841300008,1428
2022-01-30,-70.80999189080232,1428
2022-01-31,-60.63641252898251,1429
2022-02-01,5.868318371205033,1429
2022-02-02,69.2591279045568,1428
2022-02-03,35.502476465375715,1429
2022-02-04,125.0237206642509,1428
2022-02-05,-338.9419670774231,1429
2022-02-06,31.320309002117572,1428
2022-02-07,-29.04160203638419,1429
2022-02-08,-159.96355742709204,1428
2022-02-09,-242.4045111750408,1429
2022-02-10,-65.2037092250667,1428
2022-02-11,96.54949671714093,1429
2022-02-12,105.4794629798964,1429
2022-02-13,-68.11707552718025,1429
2022-02-14,-2.723074869022938,1428
2022-02-15,82.24255583924197,1428
2022-02-16,-17.918628053046447,1428
2022-02-17,-115.62711840803294,1429
2022-02-18,25.167180217167214,1429
2022-02-19,130.47211916805034,1429
2022-02-20,-40.57470129178176,1428
2022-02-21,-281.65714553786563,1429
2022-02-22,-201.54605903093164,1429
2022-02-23,-17.167921425617422,1429
2022-02-24,-205.77603515582064,1429
2022-02-25,-362.4138202520678,1429
2022-02-26,65.38312355595934,1428
2022-02-27,-96.28033375457409,1429
2022-02-28,-303.63838240283474,1429
2022-03-01,-146.38941248870384,1429
2022-03-02,-21.486869189606097,1428
2022-03-03,18.842192340840096,1429
2022-03-04,67.83405394524063,1429
2022-03-05,-33.58050306783937,1429
2022-03-06,-74.75334869543161,1429
2022-03-07,49.99711708470481,1428
2022-03-08,-248.18599568906805,1429
2022-03-09,-59.32848855156243,1429
2022-03-10,1.9962203226530821,1429
2022-03-11,81.17864360030214,1429
2022-03-12,159.60531704762013,1429
2022-03-13,23.718274626275516,1429
2022-03-14,-156.48609332541224,1428
2022-03-15,-6.708780905852267,1429
2022-03-16,-277.67881321991206,1428
2022-03-17,161.16977392092218,1429
2022-03-18,25.257800419951433,1428
2022-03-19,172.03325841742188,1429
2022-03-20,60.27538813077499,1429
2022-03-21,-130.65649307101947,1429
2022-03-22,-61.92179554950845,1429
2022-03-23,-64.34585317980444,1429
2022-03-24,70.64778856834232,1429
2022-03-25,139.92714780555417,1429
2022-03-26,55.11887333460505,1429
2022-03-27,-11.435071137236562,1429
2022-03-28,-358.4937545049856,1428
2022-03-29,-9.870750808764212,1429
2022-03-30,-25.61182212806156,1429
2022-03-31,-94.80113823237245,1429
2022-04-01,75.68362980868645,1429
2022-04-02,-140.47623365897275,1429
2022-04-03,-59.59164706648384,1428
2022-04-04,-20.896008437913462,1428
2022-04-05,-45.15060343697323,1429
2022-04-06,-68.14739210918239,1427
2022-04-07,57.50231776045001,1429
2022-04-08,-30.365055935014652,1428
2022-04-09,159.2852656406341,1428
2022-04-10,14.609008701599475,1427
2022-04-11,51.638016179226426,1428
2022-04-12,-60.23018528172918,1367
2022-04-13,-88.81673138816397,1429
2022-04-14,42.30068204332409,1428
2022-04-15,5.214591859517427,1428
2022-04-16,90.76248660649412,1427
2022-04-17,-8.528273533870497,1424
2022-04-18,-104.69365373851714,1429
2022-04-19,-82.35397297610683,1429
2022-04-20,-23.211158431994637,1428
2022-04-21,-26.70110345534857,1429
2022-04-22,-176.87680546727282,1429
2022-04-23,15.121736205889118,1429
2022-04-24,-15.974149007844648,1424
2022-04-25,-101.01200825827829,1428
2022-04-26,-46.22483808182618,1429
2022-04-27,45.65688132918749,1429
2022-04-28,62.61852300076572,1428
2022-04-29,76.62111675299603,1429
2022-04-30,67.34924274504252,1428
2022-05-01,61.232451652485345,1428
2022-05-02,-70.37547852341571,1429
2022-05-03,8.22380183528427,1429
2022-05-04,-15.324662995548216,1421
2022-05-05,56.14343550352196,1429
2022-05-06,41.368168919255325,1429
2022-05-07,143.3930288959763,1428
2022-05-08,116.19680534621165,1429
2022-05-09,-136.16263942220291,1429
2022-05-10,-332.9044578345177,1415
2022-05-11,9.318760886798255,1429
2022-05-12,434.41865409117986,1429
2022-05-13,73.12124833752446,1428
2022-05-14,75.28940383573595,1429
2022-05-15,105.63866409171942,1429
2022-05-16,-104.9712615520503,1429
2022-05-17,-87.26516411694914,1429
2022-05-18,37.049929879358544,1429
2022-05-19,181.2212386883008,1429
2022-05-20,-77.50476527344827,1425
2022-05-21,78.5655118572552,1427
2022-05-22,46.356547636676325,1428
2022-05-23,67.19832867103254,1428
2022-05-24,143.770872053789,1429
2022-05-25,-83.1091851467107,1429
2022-05-26,25.896200523475965,1429
2022-05-27,162.46230062111115,1429
2022-05-28,134.5257950719553,1429
2022-05-29,73.65419483191903,1428
2022-05-30,-170.52187573148058,1429
2022-05-31,54.77899717362763,1429
2022-06-01,71.97536718282367,1429
2022-06-02,34.84867172023491,1429
2022-06-03,131.65482084378488,1428
2022-06-04,130.1835213321839,1429
2022-06-05,-67.05062088010568,1428
2022-06-06,-126.88960326649145,1428
2022-06-07,13.967184693337641,1428
2022-06-08,-293.1131842657803,1367
2022-06-09,190.6832167790023,1428
2022-06-10,168.27101509099492,1429
2022-06-11,112.57283453781237,1429
2022-06-12,15.37583651842812,1429
2022-06-13,62.78708198382343,1429
2022-06-14,-545.0890987363305,1429
2022-06-15,-50.45047500117929,1429
2022-06-16,-158.04668255033064,1429
2022-06-17,-159.08933152052856,1429
2022-06-18,-20.700396913327484,1429
2022-06-19,-192.2073577380316,1429
2022-06-20,-329.4766070759328,1429
2022-06-21,174.15445268321866,1349
2022-06-22,-24.59806812391958,1428
2022-06-23,-71.52594177679529,1429
2022-06-24,-57.275950254659826,1429
2022-06-25,154.4513152824486,1428
2022-06-26,37.321865949397875,1429
2022-06-27,-97.9350648465186,1429
2022-06-28,1.8891292912425661,1429
2022-06-29,62.76577347901421,1429
2022-06-30,-12.934438558110827,1428
2022-07-01,-398.510383517103,1429
2022-07-02,89.11119070692304,1429
2022-07-03,43.05234436626534,1429
2022-07-04,-17.04071547957747,1429
2022-07-05,-186.43407998085343,1429
2022-07-06,-297.3082955801432,1429
2022-07-07,115.3243434879183,1429
2022-07-08,-123.04429266403518,1429
2022-07-09,84.06823767006128,1429
2022-07-10,117.3194108375315,1429
2022-07-11,135.49044036275671,1429
2022-07-12,41.50587658094206,1429
2022-07-13,55.121225308690285,1367
2022-07-14,84.00473929308056,1428
2022-07-15,29.264970798687727,1426
2022-07-16,93.23140211596312,1429
2022-07-17,-72.72952504554358,1429
2022-07-18,-178.78652914629112,1428
2022-07-19,-34.70623827654712,1429
2022-07-20,229.8887120359389,1428
2022-07-21,196.517295299257,1429
2022-07-22,32.68295237415555,1428
2022-07-23,-19.48523479940222,1428
2022-07-24,-1.818799684573114,1428
2022-07-25,148.5547816913647,1428
2022-07-26,-51.76251759133658,1429
2022-07-27,25.64880294719268,1429
2022-07-28,-42.32964507647465,1429
2022-07-29,79.35338265711208,1428
2022-07-30,209.89473162163358,1429
2022-07-31,-31.6916156654554,1429
2022-08-01,-33.45406418090718,1429
2022-08-02,140.70069442969373,1428
2022-08-03,-118.61667096751825,1428
2022-08-04,-19.891313154124717,1429
2022-08-05,-194.67330573895288,1419
2022-08-06,143.43611868168358,1428
2022-08-07,-57.62940708009669,1427
2022-08-08,-75.95221115630254,1428
2022-08-09,-58.1642426512094,1428
2022-08-10,-23.333575661863097,1428
2022-08-11,-32.28843798633341,1429
2022-08-12,19.584464527999316,1429
2022-08-13,146.12465291872442,1429
2022-08-14,94.45196233293164,1428
2022-08-15,-27.535956508559508,1428
2022-08-16,1.708366502669757,1428
2022-08-17,33.642992572034274,1429
2022-08-18,126.81707235722442,1429
2022-08-19,14.297772697847845,1429
2022-08-20,81.93568506258147,1429
2022-08-21,-62.260370774612696,1429
2022-08-22,-6.465933346284876,1429
2022-08-23,-17.421475214812517,1429
2022-08-24,122.14515992405609,1429
2022-08-25,19.13008198302977,1428
2022-08-26,-2.1704767804519456,1429
2022-08-27,112.75605044483075,1429
2022-08-28,-19.79871067143475,1428
2022-08-29,-43.39688540167454,1428
2022-08-30,-30.35141236096363,1428
2022-08-31,32.65650129451596,1429
2022-09-01,-43.2862777880201,1428
2022-09-02,91.4689595992159,1429
2022-09-03,44.81092906097725,1428
2022-09-04,-0.45192631431909924,1429
2022-09-05,10.98496321154582,1428
2022-09-06,-102.95963907852007,1429
2022-09-07,54.79383918909312,1428
2022-09-08,-11.469727325682888,1428
2022-09-09,88.51679363528926,1429
2022-09-10,70.25704773453748,1428
2022-09-11,-11.847149478134241,1429
2022-09-12,51.39889186434988,1429
2022-09-13,13.738120339394499,1429
2022-09-14,-136.18671141753003,1429
2022-09-15,-40.96002377934157,1428
2022-09-16,118.95800532247202,1429
2022-09-17,60.379301730313856,1428
2022-09-18,-74.29573124589025,1429
2022-09-19,-254.28336931181417,1428
2022-09-20,-137.04477422717486,1368
2022-09-21,-165.22056200414266,1428
2022-09-22,-52.163628266263444,1429
2022-09-23,34.432037789227394,1428
2022-09-24,2.3109404360887003,1428
2022-09-25,71.32690741654801,1429
2022-09-26,-114.16749804862198,1429
2022-09-27,-26.974270004499655,1429
2022-09-28,-339.1625889457172,1368
2022-09-29,-70.36693128734312,1429
2022-09-30,-76.49558726983953,1429
2022-10-01,69.52519970696797,1429
2022-10-02,40.952673938467676,1429
2022-10-03,-91.00187225193059,1429
2022-10-04,70.94119367649998,1429
2022-10-05,-77.9887711845076,1429
2022-10-06,-60.578418378298984,1426
2022-10-07,72.40275976464325,1429
2022-10-08,4.491706031412165,1429
2022-10-09,-53.997238479595794,1429
2022-10-10,-72.76690118560364,1428
2022-10-11,-21.976829185031587,1429
2022-10-12,67.58328027963067,1429
2022-10-13,128.77022801019808,1428
2022-10-14,-321.5529503200221,1428
2022-10-15,35.72336168518756,1429
2022-10-16,8.967052259277748,1429
2022-10-17,-44.22735151482327,1428
2022-10-18,21.225427039588403,1429
2022-10-19,20.656327814292716,1428
2022-10-20,1.8122937846882592,1429
2022-10-21,-57.27467317908628,1429
2022-10-22,-116.79856134370695,1429
2022-10-23,-10.565319562286312,1429
2022-10-24,-5.124165398402121,1429
2022-10-25,40.19402675681407,1429
2022-10-26,-82.41845584287799,1429
2022-10-27,49.923071184293555,1429
2022-10-28,-30.63011169823919,1429
2022-10-29,-43.16464057011823,1429
2022-10-30,47.02477837091702,1428
2022-10-31,-118.09714242599509,1429
2022-11-01,-26.76314123756525,1429
2022-11-02,15.290699320261862,1428
2022-11-03,-32.69531063734815,1429
2022-11-04,-12.040087308028264,1429
2022-11-05,-33.91256548914486,1429
2022-11-06,29.483198119191485,1428
2022-11-07,4.649830684824471,1429
2022-11-08,-129.50977364116537,1429
2022-11-09,-917.3897847188075,1429
2022-11-10,455.3105596941091,1429
2022-11-11,-236.61477607988698,1428
2022-11-12,235.16978652524114,1429
2022-11-13,48.604746907894814,1429
2022-11-14,140.74043651223766,1367
2022-11-15,-26.53656342175641,1429
2022-11-16,58.80011922535516,1429
2022-11-17,-9.444897229883408,1429
2022-11-18,-27.00729801473151,1427
2022-11-19,83.30908103224895,1429
2022-11-20,-30.331393822672357,1428
2022-11-21,-147.66746353887405,1429
2022-11-22,-40.31763214514968,1428
2022-11-23,-46.82693314502287,1429
2022-11-24,-185.43889776593997,1428
2022-11-25,-11.24101354144726,1429
2022-11-26,10.64828856722798,1428
2022-11-27,32.02927059189863,1429
2022-11-28,-129.01416919178018,1429
2022-11-29,-44.35186528047641,1429
2022-11-30,-87.45360254999399,1429
2022-12-01,47.214845253812975,1429
2022-12-02,-72.12078618655494,1428
2022-12-03,18.13612919313417,1429
2022-12-04,-37.9019661325061,1428
2022-12-05,-115.26690572259085,1428
2022-12-06,-115.64550119523585,1429
2022-12-07,-62.62206346997353,1429
2022-12-08,-26.98291819726671,1428
2022-12-09,-65.24401262738783,1429
2022-12-10,28.539542445239782,1429
2022-12-11,-3.5397629373897974,1429
2022-12-12,-56.02962944003426,1429
2022-12-13,-15.144031899783073,1428
2022-12-14,48.2565228550865,1429
2022-12-15,-98.82025788365237,1429
2022-12-16,-149.4581664724357,1429
2022-12-17,59.68844102036197,1429
2022-12-18,44.21398834117131,1428
2022-12-19,-25.484686926287356,1429
2022-12-20,-309.0925340781872,1428
2022-12-21,32.61632369730369,1429
2022-12-22,82.61690227885441,1428
2022-12-23,48.06376046387069,1429
2022-12-24,-3.3679411073207737,1428
2022-12-25,-0.057577585078339766,1424
2022-12-26,-6.373950935994399,1428
2022-12-27,-65.3988364747948,1426
2022-12-28,-33.61989405568533,1429
2022-12-29,-10.313812945524575,1428
2022-12-30,19.20213034383963,1428
2022-12-31,-102.36890688695978,1428
2023-01-01,43.73717243325961,1426
2023-01-02,-8.88866382351593,1426
2023-01-03,-17.342238183793192,1427
2023-01-04,31.912863105362483,1429
2023-01-05,-117.14336305670751,1429
2023-01-06,19.45502526715166,1429
2023-01-07,20.592397082295864,1424
2023-01-08,20.75891880617611,1418
2023-01-09,6.949050403469107,1424
2023-01-10,-19.784791254908804,1367
2023-01-11,-40.037684683634254,1429
2023-01-12,-161.11556195778246,1429
2023-01-13,-88.01011072226295,1429
2023-01-14,-363.41590594331456,1425
2023-01-15,78.67729355584528,1429
2023-01-16,53.15710027220045,1428
2023-01-17,-10.72619470681469,1429
2023-01-18,-54.72898950148122,1429
2023-01-19,-7.185303801959501,1429
2023-01-20,-33.87364541636509,1429
2023-01-21,-329.3316026749105,1429
2023-01-22,55.067245943764966,1429
2023-01-23,55.446522871769,1429
2023-01-24,-25.340357714496506,1429
2023-01-25,-55.84538150648812,1425
2023-01-26,-115.76547064362394,1429
2023-01-27,-46.27260011347849,1428
2023-01-28,44.066349633157586,1429
2023-01-29,17.301181056564253,1429
2023-01-30,-26.182566008112165,1428
2023-01-31,29.99003325228955,1429
2023-02-01,-53.16231005326655,1429
2023-02-02,-66.91649631588413,1429
2023-02-03,73.93430045550775,1429
2023-02-04,-59.4203496269548,1429
2023-02-05,-28.52228121868284,1427
2023-02-06,-17.05584581413851,1429
2023-02-07,-165.90142527779778,1429
2023-02-08,-68.20345930544832,1429
2023-02-09,-59.80194533968113,1368
2023-02-10,-92.16065628436648,1429
2023-02-11,6.236292996879974,1428
2023-02-12,-17.913566212367975,1429
2023-02-13,2.2341313249878905,1429
2023-02-14,-233.04548134029696,1429
2023-02-15,-88.09706469058608,1428
2023-02-16,-179.0229276973127,1428
2023-02-17,-24.274191392921576,1429
2023-02-18,-69.27124331923186,1429
2023-02-19,84.86926119244254,1428
2023-02-20,-92.52161465610115,1428
2023-02-21,163.82608175747305,1428
2023-02-22,-41.91651807894468,1428
2023-02-23,5.884314528026475,1429
2023-02-24,72.26223340414677,1429
2023-02-25,-1.9778332597258053,1429
2023-02-26,33.93863258556521,1429
2023-02-27,-52.37586016309442,1429
2023-02-28,22.47363748996578,1429
2023-03-01,59.45956921720816,1429
2023-03-02,29.52486357397945,1428
2023-03-03,-226.3966617995039,1429
2023-03-04,93.64258938232267,1428
2023-03-05,-22.850005645524824,1429
2023-03-06,50.022926268744904,1429
2023-03-07,36.600561447334314,1429
2023-03-08,-22.43845469049416,1429
2023-03-09,-37.65895974796995,1428
2023-03-10,-275.6644731375241,1428
2023-03-11,-121.12478275098938,1428
2023-03-12,106.45047919750436,1429
2023-03-13,-521.9081124015715,1429
2023-03-14,206.571039788753,1428
2023-03-15,-41.829354294651885,1429
2023-03-16,-15.773086043688624,1428
2023-03-17,79.9611075341013,1427
2023-03-18,176.24895211010605,1429
2023-03-19,42.445517031759124,1428
2023-03-20,-45.357906511816836,1429
2023-03-21,134.02164177053004,1429
2023-03-22,156.2109882787835,1429
2023-03-23,-140.16590623762164,1429
2023-03-24,-17.9114877135338,1426
2023-03-25,25.151804283093288,1423
2023-03-26,-84.0790618703122,1396
2023-03-27,-9.689654315737195,1329
2023-03-28,-249.0519931776387,1404
2023-03-29,-21.558162685627384,1393
2023-03-30,-61.58923894377431,1384
2023-03-31,-27.9874963774345,1388
2023-04-01,-63.1738599360487,1292
2023-04-02,8.99417755248916,1222
2023-04-03,-61.781470524670304,1348
2023-04-04,1.7390242642887563,1361
2023-04-05,49.77524919921015,1274
2023-04-06,-83.14573997675542,1209
2023-04-07,-23.7463096590253,1021
2023-04-08,-15.312249027421743,808
2023-04-09,3.4384767437705377,767
2023-04-10,8.548610783261392,1152
2023-04-11,-145.73841201469702,1362
2023-04-12,-23.489094172839707,1211
2023-04-13,-15.560119209959572,1188
2023-04-14,-27.105509706970928,1292
2023-04-15,-12.311472662287207,1052
2023-04-16,1.3596786737444868,885
2023-04-17,-80.38308823853257,1143
2023-04-18,-37.04691325900283,1198
2023-04-19,-103.35830260282084,1219
2023-04-20,41.29815791523843,1296
2023-04-21,-232.32708208685182,1379
2023-04-22,-24.247211834605018,1319
2023-04-23,-254.10916132518372,1239
2023-04-24,-99.74364383193907,1232
2023-04-25,-77.15778643105993,1256
2023-04-26,-118.24135999191543,1307
2023-04-27,-15.527463917854782,1299
2023-04-28,-82.89776930541693,1300
2023-04-29,3.311542739177523,1110
2023-04-30,-10.287716074906761,1012
2023-05-01,-190.22579796394515,1270
2023-05-02,-36.5775246471125,1283
2023-05-03,-70.04893309726272,1160
2023-05-04,-23.29174805913291,1216
2023-05-05,-15.64866123430287,1140
2023-05-06,-35.565427767602124,1165
2023-05-07,-2.2372347644123565,1246
2023-05-08,-173.42839090985603,1302
2023-05-09,-12.830736596926796,1277
2023-05-10,2.0808547807997915,1116
2023-05-11,-11.657093318306865,1241
2023-05-12,34.62984301870197,1295
2023-05-13,-84.74059397801399,1190
2023-05-14,-53.00956503671058,1077
2023-05-15,-121.61367041707027,1183
2023-05-16,-34.216485445747956,1192
2023-05-17,-11.832334915915988,1186
2023-05-18,-57.43871958919518,1198
2023-05-19,-52.473574939465365,1175
2023-05-20,9.784817551333132,830
2023-05-21,-51.58368214161332,943
2023-05-22,-49.63276161616862,1061
2023-05-23,4.0487080634167745,1119
2023-05-24,-121.1733827005227,1079
2023-05-25,-53.01308522217913,1249
2023-05-26,-174.6033663938383,1390
2023-05-27,-69.90240189953794,1369
2023-05-28,-44.6988241603577,1367
2023-05-29,26.8457404426281,1419
2023-05-30,8.25590727525845,1407
2023-05-31,-119.4498350504016,1409
2023-06-01,52.8486352264804,1420
2023-06-02,69.73740839853389,1411
2023-06-03,51.47613832481966,1370
2023-06-04,-6.99645804973804,1361
2023-06-05,24.53309204982944,1402
2023-06-06,-103.43656253805833,1425
2023-06-07,65.02121917394346,1428
2023-06-08,46.3980250222715,1422
2023-06-09,30.480738002030385,1420
2023-06-10,69.96443360297985,1421
2023-06-11,24.628034201766244,1427
2023-06-12,72.33037149841721,1412
2023-06-13,161.25596073105655,1421
2023-06-14,54.0845723333106,1403
2023-06-15,123.23339622637472,1422
2023-06-16,-186.26086649368855,1420
2023-06-17,-24.33310410899972,1399
2023-06-18,2.507602629024624,1385
2023-06-19,4.256447239125358,1396
2023-06-20,-174.91949293193264,1416
2023-06-21,92.76187614703707,1428
2023-06-22,-108.97010052537206,1426
2023-06-23,-33.201965524263485,1418
2023-06-24,95.95963497101685,1425
2023-06-25,-17.429105589527076,1410
2023-06-26,-15.662448018034503,1421
2023-06-27,75.496822704086,1421
2023-06-28,-30.114138367827756,1415
2023-06-29,28.67856300441546,1421
2023-06-30,-58.86562453805899,1420
2023-07-01,38.79703211511859,1399
2023-07-02,1.6837095925437182,1325
2023-07-03,40.063774008243115,1414
2023-07-04,-63.61543761985715,1398
2023-07-05,-1.8895496326576147,1272
2023-07-06,3.241565324693746,1179
2023-07-07,6.679827901961806,1259
2023-07-08,-10.666695722748909,1172
2023-07-09,-5.567007815917243,962
2023-07-10,-31.30887945063527,1056
2023-07-11,-0.09421776872943033,1143
2023-07-12,8.348084123212907,1060
2023-07-13,-15.234567900550873,1065
2023-07-14,38.23800399035375,1214
2023-07-15,-87.49840721816604,1027
2023-07-16,-2.65852338286085,765
2023-07-17,-39.440198008536065,927
2023-07-18,-70.74915487703653,1125
2023-07-19,-170.29795214292122,1129
2023-07-20,-50.268320745236686,1132
2023-07-21,-6.8502729622987815,955
2023-07-22,1.8308603984294571,749
2023-07-23,-1.2626002221149943,783
2023-07-24,-92.59847729762636,1072
2023-07-25,66.1590436975619,1342
2023-07-26,5.433009298012286,1207
2023-07-27,19.296845646177907,1114
2023-07-28,-20.51964910283623,1198
2023-07-29,-1.844458729154709,1097
2023-07-30,4.838153722481593,780
2023-07-31,-37.07832718816027,1216
2023-08-01,9.46933575816642,1373
2023-08-02,-31.875773434233935,1393
2023-08-03,15.450593333325793,1394
2023-08-04,23.657020658874373,1343
2023-08-05,-5.196456697578338,1245
2023-08-06,-12.861037971216426,1100
2023-08-07,-73.39030505274461,1340
2023-08-08,-69.53885174185262,1362
2023-08-09,-66.67005293112814,1384
2023-08-10,-15.810348052201382,1351
2023-08-11,-22.14168839126414,1263
2023-08-12,29.479205127040437,864
2023-08-13,5.022894227924632,833
2023-08-14,-20.31782349951956,1055
2023-08-15,-80.36431826733613,1147
2023-08-16,-4.6237816293767295,1270
2023-08-17,15.646792516255442,1398
2023-08-18,-207.9166116367093,1426
2023-08-19,-10.946905595771343,1372
2023-08-20,37.88759396341695,1115
2023-08-21,-89.97646908719916,1394
2023-08-22,27.998575047738342,1340
2023-08-23,-168.48325270306478,1389
2023-08-24,-246.56669458430358,1411
2023-08-25,-64.67408087491528,1360
2023-08-26,6.707888165517881,1176
2023-08-27,-45.74509542394991,1100
2023-08-28,-48.20619947933057,1302
2023-08-29,-177.24929499844913,1348
2023-08-30,11.048684549427593,1198
2023-08-31,15.668960654282918,995
2023-09-01,-161.16934167078875,1356
2023-09-02,-21.994192218271394,1386
2023-09-03,-44.20355790850366,1228
2023-09-04,16.43866416046923,1289
2023-09-05,40.136429928553994,1326
2023-09-06,57.7184407704859,1303
2023-09-07,18.83744949115901,1331
2023-09-08,-184.7158976641947,1380
2023-09-09,43.23687599061927,1214
2023-09-10,19.785797615173372,1064
2023-09-11,-29.842611648971456,1388
2023-09-12,-103.15294000263134,1414
2023-09-13,10.969341244249975,1389
2023-09-14,-80.12627647720441,1348
2023-09-15,-19.300287506868948,1388
2023-09-16,-11.951994152510178,1352
2023-09-17,23.396580949802512,1128
2023-09-18,74.4259736602621,1275
2023-09-19,29.062515786385042,1372
2023-09-20,92.33589530644258,1366
2023-09-21,-47.89613622807749,1398
2023-09-22,-4.7265083398018275,1367
2023-09-23,21.47977834051486,1091
2023-09-24,14.297099776500037,974
2023-09-25,-8.975549956233355,1318
2023-09-26,-74.938038461003,1310
2023-09-27,-43.11935534061316,1096
2023-09-28,-40.57186726071167,1117
2023-09-29,81.67695430595256,1355
2023-09-30,-15.025584665477073,1274
2023-10-01,6.296931277515503,1224
2023-10-02,42.990179555978855,1357
2023-10-03,-37.68064078203068,1391
2023-10-04,16.71899438271476,1365
2023-10-05,33.65615580325142,1350
2023-10-06,-80.2628193839411,1343
2023-10-07,-71.98844291267656,1321
2023-10-08,26.1567802555445,1268
2023-10-09,15.554513723879472,1322
2023-10-10,-16.22927909631384,1334
2023-10-11,117.79564444622088,1388
2023-10-12,-45.537485467652516,1414
2023-10-13,-0.2589816320974566,1383
2023-10-14,-80.54884973802388,1358
2023-10-15,3.4389607195477723,1289
2023-10-16,-47.31469045862776,1363
2023-10-17,-6.628792819712275,1408
2023-10-18,91.03884855719033,1405
2023-10-19,80.51224004187648,1369
2023-10-20,72.12144788911758,1413
2023-10-21,-13.891052500288847,1368
2023-10-22,-89.93117514692113,1386
2023-10-23,-35.66875566017898,1399
2023-10-24,-295.2872373313261,1429
2023-10-25,120.75353576573,1419
2023-10-26,209.84039613242211,1413
2023-10-27,93.68645405197707,1382
2023-10-28,-8.252685089667233,1358
2023-10-29,-25.642531438910524,1277
2023-10-30,10.086781358713546,1385
2023-10-31,-30.137334464518684,1380
2023-11-01,-96.16034280231963,1390
2023-11-02,70.76262246205407,1422
2023-11-03,33.27707364499737,1340
2023-11-04,17.994734411609222,1134
2023-11-05,10.686367171688024,1108
2023-11-06,-35.22758537022692,1184
2023-11-07,35.898997564107766,1172
2023-11-08,-38.16086632071608,1338
2023-11-09,120.49190044172857,1410
2023-11-10,6.238893395596747,1304
2023-11-11,89.36330218096596,1246
2023-11-12,20.415180265414637,1007
2023-11-13,8.338904137227443,1115
2023-11-14,86.45134854924197,1376
2023-11-15,-179.7157372704325,1410
2023-11-16,83.54281301718245,1402
2023-11-17,-195.1010887289607,1382
2023-11-18,90.11316829104688,1293
2023-11-19,-15.871457185304534,1159
2023-11-20,-150.99124735480908,1253
2023-11-21,-12.906483087958526,1287
2023-11-22,-103.1981336667156,1376
2023-11-23,19.984425849654947,1379
2023-11-24,-47.024905590253624,1307
2023-11-25,51.774038912800776,1244
2023-11-26,29.451099659205976,1058
2023-11-27,-53.76969256231975,1366
2023-11-28,-3.7961744769126105,1339
2023-11-29,124.7857957855549,1396
2023-11-30,6.870439836669391,1333
2023-12-01,53.84070394251484,1365
2023-12-02,67.828203321591,1260
2023-12-03,27.873871128905854,1358
2023-12-04,66.31567593393446,1399
2023-12-05,97.48705063991338,1420
2023-12-06,220.62694006896243,1395
2023-12-07,6.988583766058514,1242
2023-12-08,-0.48298868850813736,1260
2023-12-09,-34.027296399199734,1082
2023-12-10,-46.88473523764229,926
2023-12-11,-48.013816459219235,1141
2023-12-12,25.636956499701288,1347
2023-12-13,-129.39701152110254,1314
2023-12-14,-142.58355317994767,1302
2023-12-15,-54.59954322517596,1176
2023-12-16,11.365930742275642,1110
2023-12-17,-13.605895730285864,1047
