day,pnl_bp,n
2015-11-29,-5.642051781241207,38
2015-11-30,-15.331772053083384,37
2015-12-01,-19.613637125359045,50
2015-12-02,-10.559277288481383,28
2015-12-03,-78.67504373581255,21
2015-12-04,10.576021216727659,15
2015-12-05,-0.1873584069340366,40
2015-12-06,-5.137426764922269,46
2015-12-07,-9.75466523080067,84
2015-12-08,7.185007467815126,154
2015-12-09,15.739299700304588,177
2015-12-10,-0.06055567017953056,206
2015-12-11,-39.20496785113573,275
2015-12-12,-71.87163195473002,290
2015-12-13,63.00198835474342,177
2015-12-14,30.92629472852333,160
2015-12-15,26.77076886555433,144
2015-12-16,-0.3423195411735244,222
2015-12-17,-3.843044946895292,72
2015-12-18,-12.713557562606784,170
2015-12-19,17.2599055386207,378
2015-12-20,-51.02933789249911,508
2015-12-21,-39.64012059609802,624
2015-12-22,-30.346297291800212,507
2015-12-23,-18.296197398893447,330
2015-12-24,8.499588439385377,337
2015-12-25,-22.32250317212303,234
2015-12-26,-16.292131544133504,407
2015-12-27,-16.39455698144895,280
2015-12-28,-4.8524827095981085,483
2015-12-29,-21.94545330140217,240
2015-12-30,-54.4942914535943,435
2015-12-31,8.613977342008283,228
2016-01-01,-35.996478741507424,331
2016-01-02,-6.439596407286562,363
2016-01-03,14.863846552044697,298
2016-01-04,-40.516978250112636,299
2016-01-05,-34.16400919101337,291
2016-01-06,17.47997369707559,279
2016-01-07,21.322509263415057,332
2016-01-08,-7.7311086002626155,293
2016-01-09,-37.91835714045194,405
2016-01-10,-19.918124847564417,529
2016-01-11,-33.96735393127647,592
2016-01-12,-36.48512932021157,605
2016-01-13,-7.331690867506645,674
2016-01-14,-21.29784658633922,707
2016-01-15,-274.39329966292513,944
2016-01-16,-358.1180133656251,1015
2016-01-17,-34.473513149854746,693
2016-01-18,-21.174087824024696,602
2016-01-19,-14.907574378533813,497
2016-01-20,-150.20935714002567,650
2016-01-21,-99.43916920746899,770
2016-01-22,65.78293298655743,756
2016-01-23,-94.0490881227202,677
2016-01-24,-25.00415795560816,617
2016-01-25,14.749575410738831,443
2016-01-26,-16.632683665239878,572
2016-01-27,42.41227221773177,527
2016-01-28,-167.39613223155666,493
2016-01-29,-145.28582689860295,652
2016-01-30,81.38763420471247,579
2016-01-31,29.86497386321555,473
2016-02-01,-75.56488088588333,628
2016-02-02,29.364038340151975,550
2016-02-03,-29.287599012092056,695
2016-02-04,10.51268660503235,647
2016-02-05,-23.9112444118033,736
2016-02-06,-42.00873182515098,759
2016-02-07,15.81778785093294,499
2016-02-08,-16.99393559583183,729
2016-02-09,-28.846956912562867,720
2016-02-10,20.685891706263064,859
2016-02-11,-53.32375526905372,737
2016-02-12,7.120993341122825,784
2016-02-13,-14.168449148410666,863
2016-02-14,1.1504928125337017,988
2016-02-15,-46.75321237414676,979
2016-02-16,20.05316367304053,825
2016-02-17,-56.72697520146006,549
2016-02-18,0.7140930509038738,661
2016-02-19,-40.7983644387928,613
2016-02-20,-11.453324094880625,682
2016-02-21,-26.363939957820403,903
2016-02-22,-19.259556777126196,585
2016-02-23,-54.789214007227756,629
2016-02-24,-51.758546708843646,453
2016-02-25,26.723940668493338,141
2016-02-26,-0.044743386688239184,214
2016-02-27,14.543312053774768,267
2016-02-28,-2.058708643912304,251
2016-02-29,14.612170072239822,413
2016-03-01,50.91293604614713,800
2016-03-02,31.866233398891065,1265
2016-03-03,-39.17726316741588,1296
2016-03-04,23.936554281660378,1221
2016-03-05,-71.13381692467588,1050
2016-03-06,-62.611925897196556,880
2016-03-07,21.514753711619075,717
2016-03-08,8.123056584586891,865
2016-03-09,-6.747620024637779,906
2016-03-10,9.184571893492416,971
2016-03-11,-64.16075275281375,1146
2016-03-12,-24.26054922231882,1155
2016-03-13,-18.223638384665023,1123
2016-03-14,5.3750748146024545,1032
2016-03-15,18.093242593728903,893
2016-03-16,40.862778660348965,716
2016-03-17,4.514170389747771,679
2016-03-18,-23.714955875262536,655
2016-03-19,26.453587859287556,793
2016-03-20,19.790944175519037,752
2016-03-21,-3.496487120508031,851
2016-03-22,-7.439608137989221,739
2016-03-23,-16.821612405444952,776
2016-03-24,-9.456748570927374,763
2016-03-25,5.92438374940496,706
2016-03-26,21.562299559346272,553
2016-03-27,11.65837134837485,479
2016-03-28,-25.07224468525886,693
2016-03-29,-60.6012727842282,768
2016-03-30,3.3161955585219483,703
2016-03-31,9.312887062195017,775
2016-04-01,8.920054667659794,539
2016-04-02,-61.206993738688446,916
2016-04-03,-2.3938583717431037,983
2016-04-04,-2.9982375797480305,1087
2016-04-05,-6.401860685952676,656
2016-04-06,17.053919416437488,735
2016-04-07,-5.482990094228957,767
2016-04-08,0.661654603113986,816
2016-04-09,-71.10230475631174,847
2016-04-10,16.65074017093703,659
2016-04-11,5.740715764700799,824
2016-04-12,-37.974992557241244,957
2016-04-13,-7.492148084289013,955
2016-04-14,10.015955799877709,1036
2016-04-15,10.559848571589328,669
2016-04-16,13.47623995533628,988
2016-04-17,-6.874215575235807,990
2016-04-18,-9.41321893563408,900
2016-04-19,-5.396301900787598,1046
2016-04-20,-40.23326826903188,1001
2016-04-21,-97.38232981589718,1017
2016-04-22,-43.008060593719044,930
2016-04-23,-21.162576388981922,1109
2016-04-24,-11.008572599531577,1014
2016-04-25,-3.961739270205322,1166
2016-04-26,28.346260516907922,987
2016-04-27,-56.46798114555776,1129
2016-04-28,-44.355865752224105,832
2016-04-29,0.4660093372350371,506
2016-04-30,-7.267048448237817,497
2016-05-01,-80.50806744936673,1173
2016-05-02,-56.7928303210344,1141
2016-05-03,-4.143685750266998,1189
2016-05-04,-58.08196546233467,1156
2016-05-05,-65.45768439830027,1193
2016-05-06,20.28726371319172,1031
2016-05-07,-67.44933726962584,803
2016-05-08,-42.58809134374408,652
2016-05-09,-23.970827169457834,526
2016-05-10,-0.6798872866826247,665
2016-05-11,-7.847057464670678,604
2016-05-12,13.273014807966117,649
2016-05-13,-29.084349737209994,593
2016-05-14,-25.007821844283626,487
2016-05-15,-14.131128377009906,498
2016-05-16,8.817687387009547,540
2016-05-17,0.6905215727304179,581
2016-05-18,1.8460774155792943,559
2016-05-19,-22.501552043942166,748
2016-05-20,-43.847806632829304,666
2016-05-21,-9.176273645343482,646
2016-05-22,-3.3232264373122335,782
2016-05-23,-29.63684667803505,695
2016-05-24,-38.95682310592785,769
2016-05-25,-23.34373892838319,731
2016-05-26,-7.011652103289894,816
2016-05-27,-105.93008176244997,883
2016-05-28,-73.24860497639648,1075
2016-05-29,-98.63465221767252,1247
2016-05-30,14.497227659116584,1188
2016-05-31,-19.277504576993444,1164
2016-06-01,-55.80985390398812,1086
2016-06-02,88.72859343387083,1025
2016-06-03,-39.797202696529716,809
2016-06-04,-29.058900294220674,1065
2016-06-05,-19.858003016460312,990
2016-06-06,47.636739997910475,903
2016-06-07,-38.09304932993298,870
2016-06-08,-148.4358217597171,942
2016-06-09,31.41644414294689,929
2016-06-10,49.66396630173047,1115
2016-06-11,1.3392240761700183,1042
2016-06-12,-32.52053035989968,1159
2016-06-13,2.7280902144089327,1241
2016-06-14,67.95879890305265,1158
2016-06-15,-20.492470311807985,1048
2016-06-16,69.50760758566837,1170
2016-06-17,-123.19223926193553,1418
2016-06-18,69.109845574863,1416
2016-06-19,72.07919865143496,1328
2016-06-20,53.943134054408986,1139
2016-06-21,-154.3478929035721,1295
2016-06-22,464.1797819743343,1193
2016-06-23,-339.2822067724396,1295
2016-06-24,324.4366264246426,1305
2016-06-25,54.40346720792333,1360
2016-06-26,-80.27094242138773,1263
2016-06-27,-173.74311270709697,1140
2016-06-28,19.850797207763954,1120
2016-06-29,42.047821505964805,1223
2016-06-30,-108.27932373258997,1403
2016-07-01,48.18693683566736,1387
2016-07-02,50.42157372515288,1336
2016-07-03,-152.52402336590194,1415
2016-07-04,40.279390055448175,1294
2016-07-05,82.98644053630841,1294
2016-07-06,68.86881582181422,1215
2016-07-07,38.969019391176424,1155
2016-07-08,-44.14252439594616,1243
2016-07-09,-13.55282567343819,1247
2016-07-10,151.90357129837892,1226
2016-07-11,-15.589241698979238,1195
2016-07-12,-10.314195444391775,1047
2016-07-13,-94.990691082424,1185
2016-07-14,-12.40268404616138,1170
2016-07-15,9.63623247080772,1175
2016-07-16,23.458868508112452,1164
2016-07-17,31.043388079750684,1196
2016-07-18,-23.57357910461947,1142
2016-07-19,44.775077870793815,1279
2016-07-20,-21.142413878479655,1312
2016-07-21,-18.425260733874193,1345
2016-07-22,1.6067456739043826,1226
2016-07-23,-18.14965796813332,1224
2016-07-24,35.64840569082447,1275
2016-07-25,-16.526900076145086,1260
2016-07-26,-34.85984264779498,1313
2016-07-27,-37.565416979781716,1230
2016-07-28,19.958074886975748,1163
2016-07-29,-5.402547798531822,1351
2016-07-30,9.837623130088,1296
2016-07-31,-34.03247298363626,1319
2016-08-01,22.22055777547128,1359
2016-08-02,-103.38414949615209,1385
2016-08-03,-498.2897008677657,1368
2016-08-04,256.66457325003915,1334
2016-08-05,44.4091929494667,1267
2016-08-06,-12.15422733427369,1337
2016-08-07,-59.852712406583976,1271
2016-08-08,-68.77529023624382,1332
2016-08-09,1.5686181358848936,1404
2016-08-10,43.73604525204874,1362
2016-08-11,16.380246182828493,1386
2016-08-12,-69.10998501529055,1357
2016-08-13,39.71273399230009,1386
2016-08-14,-50.00450941505108,1384
2016-08-15,-16.93396234113637,1299
2016-08-16,10.503367741680188,1366
2016-08-17,-83.4824171267193,1298
2016-08-18,8.965533726952335,1274
2016-08-19,50.363069842070686,1267
2016-08-20,17.036854367921762,1177
2016-08-21,45.11251471452117,1246
2016-08-22,5.443235176230136,1336
2016-08-23,-25.83868901700572,1361
2016-08-24,52.07907175226234,1354
2016-08-25,10.356624564103232,1365
2016-08-26,-4.688522169828936,1350
2016-08-27,2.7281937651389585,1293
2016-08-28,-2.2781423286345905,1352
2016-08-29,15.16981800931897,1351
2016-08-30,-9.073456409113744,1332
2016-08-31,-8.378487521689376,1327
2016-09-01,6.028563311364043,1225
2016-09-02,22.091252208222166,1371
2016-09-03,3.9766468162911353,1391
2016-09-04,-114.33901263680498,1397
2016-09-05,-15.403334490614121,1390
2016-09-06,-11.378524724854826,1397
2016-09-07,3.9604640746739133,1374
2016-09-08,3.7987614502144127,1386
2016-09-09,-15.729330843362284,1372
2016-09-10,8.629308322932896,1401
2016-09-11,-13.58710111037894,1418
2016-09-12,-146.35441971734804,1396
2016-09-13,1.62591652815705,1365
2016-09-14,-4.100101786983188,1399
2016-09-15,-0.7558106098878297,1259
2016-09-16,18.55478372813233,1195
2016-09-17,16.96357264847878,860
2016-09-18,-9.980257454983269,1245
2016-09-19,-13.523835738609149,1400
2016-09-20,-13.706360093636038,1384
2016-09-21,-97.02042734961822,1390
2016-09-22,-29.339694009227486,1383
2016-09-23,-14.204805181302316,1399
2016-09-24,-6.347772576029691,1291
2016-09-25,-32.80442783985107,1329
2016-09-26,-48.139204066578124,1380
2016-09-27,21.386039040550706,1384
2016-09-28,23.08632420536597,1408
2016-09-29,-23.599870111848478,1361
2016-09-30,5.722152157117915,1344
2016-10-01,-37.48018612816356,1352
2016-10-02,-6.560724554145951,1311
2016-10-03,-4.706690627208159,1373
2016-10-04,-18.14008155592296,1362
2016-10-05,-14.114256052600393,1377
2016-10-06,-19.555091770696396,1381
2016-10-07,-48.2859849755136,1408
2016-10-08,1.2048301488287732,1400
2016-10-09,-16.65987521800708,1394
2016-10-10,-13.937844779214743,1403
2016-10-11,-131.35073177983364,1412
2016-10-12,15.318642345089355,1412
2016-10-13,41.811481956890546,1424
2016-10-14,3.1834824080700934,1418
2016-10-15,4.164379334856688,1426
2016-10-16,-20.430490218084866,1420
2016-10-17,30.553244708126506,1409
2016-10-18,22.069675152314293,1419
2016-10-19,-39.86225474072952,1388
2016-10-20,-31.94376455973396,1411
2016-10-21,-5.419391656120709,1409
2016-10-22,-7.682636496017281,1318
2016-10-23,-196.31996689080472,1423
2016-10-24,34.25570547067998,1424
2016-10-25,-26.897682694935835,1422
2016-10-26,-47.18119162938107,1416
2016-10-27,-61.10202874595537,1426
2016-10-28,21.60582971238591,1418
2016-10-29,-15.646962481515207,1425
2016-10-30,-29.97401167171862,1422
2016-10-31,-77.44517091601863,1418
2016-11-01,23.504202822920753,1416
2016-11-02,59.901980915909625,1417
2016-11-03,-42.86917062586944,1419
2016-11-04,6.596422099687167,1194
2016-11-05,-32.48654258634972,1420
2016-11-06,-57.0292069385915,1414
2016-11-07,-53.83355387046748,1392
2016-11-08,23.742918950438582,1403
2016-11-09,-108.2598587038003,1406
2016-11-10,-12.86543528524974,1419
2016-11-11,7.787398295867447,1413
2016-11-12,-39.873985235257834,1410
2016-11-13,-32.16975268761793,1428
2016-11-14,-27.314224482846004,1413
2016-11-15,37.38725542563412,1419
2016-11-16,-42.2653541983228,1423
2016-11-17,45.890428571357795,1428
2016-11-18,39.16694287108943,1419
2016-11-19,-37.25393032415054,1394
2016-11-20,-59.542644162854984,1394
2016-11-21,-121.07614865762439,1417
2016-11-22,-17.848931676532104,1389
2016-11-23,-41.29175890524782,1421
2016-11-24,43.440377755262766,1425
2016-11-25,-32.17042320640129,1420
2016-11-26,-49.5489204234083,1342
2016-11-27,21.52201661979365,1401
2016-11-28,47.1117407026026,1407
2016-11-29,38.537765604543004,1417
2016-11-30,-18.437736233138924,1420
2016-12-01,58.279993188061624,1419
2016-12-02,-47.76066306318796,1404
2016-12-03,163.6488026542053,1404
2016-12-04,85.46570525207933,1373
2016-12-05,81.85601802246865,1420
2016-12-06,65.03650997922338,1425
2016-12-07,45.44381658540793,1403
2016-12-08,25.520187084721982,1395
2016-12-09,35.375703656383514,1407
2016-12-10,0.6689403501807618,1391
2016-12-11,16.147997899304293,1396
2016-12-12,33.36986426047642,1406
2016-12-13,-9.17657569311964,1419
2016-12-14,8.686095802000885,1382
2016-12-15,14.696957872846355,1425
2016-12-16,53.73269976619148,1417
2016-12-17,41.30031086732359,1421
2016-12-18,20.672969604250877,1406
2016-12-19,16.866678204626236,1420
2016-12-20,31.37559336629939,1418
2016-12-21,-36.191674039593664,1416
2016-12-22,-11.887349041288088,1430
2016-12-23,-18.65885594747802,1427
2016-12-24,6.759738904761258,1428
2016-12-25,132.43995115708105,1427
2016-12-26,-59.42094997161421,1428
2016-12-27,57.94720506843147,1418
2016-12-28,8.392688736609744,1418
2016-12-29,115.4436205841335,1429
2016-12-30,-54.678008480656835,1429
2016-12-31,63.49293953125138,1415
2017-01-01,19.83924171977649,1368
2017-01-02,76.08054483796478,1399
2017-01-03,27.185643783489738,1365
2017-01-04,-101.76846546361482,1431
2017-01-05,-407.3841696989237,1430
2017-01-06,-158.6894694973614,1428
2017-01-07,-222.92701310181363,1429
2017-01-08,108.64315921633622,1427
2017-01-09,-50.43782572342532,1429
2017-01-10,-13.067567202062076,1430
2017-01-11,-82.18028108084218,1430
2017-01-12,73.12339286153623,1430
2017-01-13,-36.843606218972695,1426
2017-01-14,-13.017756805337989,1431
2017-01-15,128.9557228126778,1431
2017-01-16,46.712625472356194,1428
2017-01-17,-58.3496236454184,1429
2017-01-18,-42.413137621243145,1430
2017-01-19,5.493404362357486,1430
2017-01-20,89.45913157130667,1424
2017-01-21,76.96554277206376,1411
2017-01-22,-84.98192241451474,1427
2017-01-23,68.18342974206138,1430
2017-01-24,-102.22396577306306,1424
2017-01-25,-24.469396738283486,1422
2017-01-26,1.5245532792927778,1414
2017-01-27,18.240502398890108,1413
2017-01-28,28.63616145427489,1340
2017-01-29,11.847288416649368,1414
2017-01-30,22.61311811135185,1421
2017-01-31,14.100886346306414,1406
2017-02-01,-134.8319909534286,1430
2017-02-02,47.31918947854675,1419
2017-02-03,-71.20095055324134,1422
2017-02-04,-3.6390027558874696,1401
2017-02-05,29.716277861820288,1412
2017-02-06,25.060189205377164,1426
2017-02-07,3.776641303358936,1416
2017-02-08,-79.75223510897965,1419
2017-02-09,-10.832382063362264,1421
2017-02-10,63.865685872027825,1430
2017-02-11,35.665592392295146,1426
2017-02-12,25.567402686826636,1408
2017-02-13,-24.636064769757283,1413
2017-02-14,158.78284878498158,1404
2017-02-15,9.507056052262556,1412
2017-02-16,-34.03206585123179,1411
2017-02-17,-7.6384681676272965,1427
2017-02-18,61.01254591151945,1400
2017-02-19,25.248531708887516,1420
2017-02-20,-2.8709396389676454,1430
2017-02-21,-124.7353144098221,1415
2017-02-22,-90.61334298308583,1425
2017-02-23,34.44046133506415,1418
2017-02-24,-92.98287380237072,1428
2017-02-25,37.030269101481395,1422
2017-02-26,-251.396791967072,1430
2017-02-27,-11.700038840020275,1418
2017-02-28,16.30116392262972,1430
2017-03-01,7.7551036081733775,1419
2017-03-02,-24.599494196182768,1405
2017-03-03,-57.95177884886716,1428
2017-03-04,22.226456517123253,1424
2017-03-05,-40.20810381181948,1430
2017-03-06,8.667495644865783,1402
2017-03-07,-7.408891751195599,1390
2017-03-08,-472.7563646771054,1365
2017-03-09,54.961135614861476,1423
2017-03-10,23.251080187071576,1401
2017-03-11,374.593696932769,1424
2017-03-12,64.09175020336305,1318
2017-03-13,5.300438371740833,1416
2017-03-14,65.48020842549573,1385
2017-03-15,-4.926229745758621,1328
2017-03-16,21.482758410136423,1397
2017-03-17,-109.61994330632875,1415
2017-03-18,-85.41597756047564,1426
2017-03-19,-598.8451613833673,1429
2017-03-20,39.63362809366117,1427
2017-03-21,47.38422937548229,1418
2017-03-22,-143.68338837297694,1421
2017-03-23,-76.53746700833189,1427
2017-03-24,104.05661299721419,1426
2017-03-25,-380.65521272041764,1429
2017-03-26,-179.870826061777,1428
2017-03-27,65.25280616298734,1427
2017-03-28,-109.85743970120984,1409
2017-03-29,162.32839902438246,1424
2017-03-30,6.975227515993348,1394
2017-03-31,131.2554043884999,1340
2017-04-01,-72.57902553908295,1135
2017-04-02,59.73744304889764,1424
2017-04-03,-13.232735340162568,1422
2017-04-04,-6.0904120963934085,1417
2017-04-05,2.6669156652456,1409
2017-04-06,9.910949985457197,1406
2017-04-07,-29.39339235807677,1423
2017-04-08,38.417403083885276,1410
2017-04-09,-68.62786549910729,1417
2017-04-10,-3.9875366942969928,1416
2017-04-11,8.531927755327532,1405
2017-04-12,3.887051005342371,1426
2017-04-13,-41.83189287564099,1428
2017-04-14,65.21945884671153,1428
2017-04-15,2.7476476853057594,1427
2017-04-16,-14.370612314127714,1428
2017-04-17,15.359635620913842,1427
2017-04-18,-2.4976486839340537,1429
2017-04-19,-5.7824981222747525,1426
2017-04-20,20.213121954871603,1429
2017-04-21,-19.685518142956543,1428
2017-04-22,3.3153268079774385,1429
2017-04-23,3.1857460494531695,1428
2017-04-24,5.236239740748395,1427
2017-04-25,-11.176067738202216,1428
2017-04-26,-25.967457284352516,1429
2017-04-27,-107.03801715833286,1428
2017-04-28,-71.77023512386847,1428
2017-04-29,34.012358986331684,1426
2017-04-30,13.360919182581352,1428
2017-05-01,-168.42664992093566,1428
2017-05-02,84.86333495303008,1429
2017-05-03,-71.83538057936269,1429
2017-05-04,-50.823488022961584,1429
2017-05-05,0.38401001793731737,1428
2017-05-06,-35.74294066914423,1428
2017-05-07,-75.13979796612648,1428
2017-05-08,-54.19976988293159,1401
2017-05-09,-9.394965391875994,1424
2017-05-10,97.89774684192722,1427
2017-05-11,123.86787699463528,1428
2017-05-12,-56.778676629597925,1429
2017-05-13,-151.00710274103676,1429
2017-05-14,-32.82564107374883,1428
2017-05-15,2.136955749516984,1427
2017-05-16,94.95950850396521,1429
2017-05-17,-12.075840438000114,1428
2017-05-18,19.13834935627274,1428
2017-05-19,-110.84443100716994,1428
2017-05-20,-28.805805197937826,1429
2017-05-21,-412.79687343371734,1429
2017-05-22,109.24839381272918,1428
2017-05-23,13.529395634017936,1428
2017-05-24,37.194402189798424,1428
2017-05-25,-51.27594175858988,1428
2017-05-26,325.45541038025004,1423
2017-05-27,926.6705019163945,1391
2017-05-28,-374.4768154366765,1429
2017-05-29,310.2108563745265,1427
2017-05-30,7.224786363319041,1428
2017-05-31,180.08241050371765,1428
2017-06-01,23.599777009835215,1426
2017-06-02,-8.18162865739642,1426
2017-06-03,61.07541772725721,1429
2017-06-04,71.43319587271209,1429
2017-06-05,42.9422155501819,1428
2017-06-06,42.30200043764792,1429
2017-06-07,-97.66215197595128,1429
2017-06-08,-90.12216292513358,1428
2017-06-09,123.78009576257581,1428
2017-06-10,-51.58738863289963,1428
2017-06-11,15.197767827866327,1429
2017-06-12,-39.4461398325021,1428
2017-06-13,-152.5930230549578,1429
2017-06-14,36.17112183784074,1428
2017-06-15,72.21111878749264,1429
2017-06-16,-27.40150610481914,1428
2017-06-17,122.47687389392016,1429
2017-06-18,106.36122753792655,1428
2017-06-19,69.2978492554991,1428
2017-06-20,38.82565757880306,1427
2017-06-21,17.339458724411937,1428
2017-06-22,31.737016317340686,1428
2017-06-23,40.99543109257117,1426
2017-06-24,-10.380344299447037,1428
2017-06-25,-52.895776121826245,1429
2017-06-26,130.12672060500464,1429
2017-06-27,-134.73759760804631,1429
2017-06-28,-47.50251190790331,1429
2017-06-29,-10.396667470123434,1428
2017-06-30,14.089350295744312,1427
2017-07-01,31.964332210516414,1427
2017-07-02,23.806663733135455,1425
2017-07-03,63.93211233126497,1429
2017-07-04,-6.923555896921944,1428
2017-07-05,79.25797615306693,1429
2017-07-06,55.88000690179496,1425
2017-07-07,39.39759663526472,1427
2017-07-08,32.91882095094995,1426
2017-07-09,39.20755147904816,1427
2017-07-10,28.159916793185968,1427
2017-07-11,70.03241314429104,1428
2017-07-12,-33.07899036689818,1428
2017-07-13,-5.413869963532804,1428
2017-07-14,47.35035199480116,1428
2017-07-15,-163.05618649338936,1428
2017-07-16,181.09466617363094,1429
2017-07-17,129.54572373941,1429
2017-07-18,172.6337688361304,1428
2017-07-19,18.70909444404115,1429
2017-07-20,-60.25643701032798,1428
2017-07-21,529.5019830481142,1429
2017-07-22,-127.39549185425281,1426
2017-07-23,145.8485135850958,1428
2017-07-24,62.06583966725513,1428
2017-07-25,-20.68236937379894,1428
2017-07-26,29.433252514499074,1429
2017-07-27,45.458433113484936,1424
2017-07-28,39.424430680654005,1428
2017-07-29,11.68177586558996,1427
2017-07-30,-21.01371990065623,1429
2017-07-31,47.670365627296285,1427
2017-08-01,-85.23015486763445,1428
2017-08-02,-44.45445873063362,1427
2017-08-03,41.527285120655414,1425
2017-08-04,65.54701425130091,1429
2017-08-05,-177.06035844098756,1428
2017-08-06,-136.34962492312636,1429
2017-08-07,16.512014665487985,1429
2017-08-08,68.00889902170256,1428
2017-08-09,74.87161405281553,1428
2017-08-10,123.63468100929524,1428
2017-08-11,42.256717929007635,1429
2017-08-12,-2.2291937489168836,1429
2017-08-13,7.5522604285030095,1429
2017-08-14,32.981177675196506,1428
2017-08-15,-40.35257779960675,1429
2017-08-16,3.6148774249950515,1429
2017-08-17,-102.03360253073159,1429
2017-08-18,66.1994145989842,1429
2017-08-19,45.70954238774881,1429
2017-08-20,75.89707085691089,1429
2017-08-21,-45.49172761205789,1428
2017-08-22,-92.65601080104479,1429
2017-08-23,-46.35764304049291,1426
2017-08-24,-22.619338959798252,1428
2017-08-25,-58.456346779864546,1426
2017-08-26,69.84304315534814,1429
2017-08-27,18.161510858719314,1429
2017-08-28,-18.975747048706843,1429
2017-08-29,-63.29028840406409,1429
2017-08-30,-59.61590243155082,1429
2017-08-31,20.919179826584003,1429
2017-09-01,22.77331426970318,1428
2017-09-02,28.472835368769445,1428
2017-09-03,-116.99845575508492,1429
2017-09-04,117.93058317785189,1429
2017-09-05,-243.4590199809031,1428
2017-09-06,43.74381330548493,1429
2017-09-07,50.12923344793268,1429
2017-09-08,-208.20431621428475,1427
2017-09-09,-67.95924674409811,1428
2017-09-10,-218.96793695791604,1428
2017-09-11,105.44341220455011,1429
2017-09-12,36.295597835247285,1428
2017-09-13,105.5351524591837,1429
2017-09-14,55.16579348709161,1427
2017-09-15,-343.5384488132671,1429
2017-09-16,214.39916349713297,1428
2017-09-17,-55.612338437541375,1429
2017-09-18,-43.9880054652526,1429
2017-09-19,-82.43096997828204,1429
2017-09-20,51.982764482853995,1416
2017-09-21,-50.76590058269879,1429
2017-09-22,248.75881273581837,1429
2017-09-23,69.48898108703584,1429
2017-09-24,8.494941865004826,1429
2017-09-25,-66.64567181653601,1425
2017-09-26,167.42541814505472,1429
2017-09-27,-45.341304861244204,1313
2017-09-28,-126.56811700853054,1429
2017-09-29,101.267468620764,1429
2017-09-30,55.34870748099103,1429
2017-10-01,71.18685433094305,1429
2017-10-02,57.70204715121975,1429
2017-10-03,21.305333385363177,1428
2017-10-04,15.300762009332455,1429
2017-10-05,33.80613459471561,1429
2017-10-06,22.43299091557561,1429
2017-10-07,58.497404684006085,1429
2017-10-08,-25.94476687963294,1429
2017-10-09,-34.68828273611043,1428
2017-10-10,82.14134972755605,1429
2017-10-11,-43.82762367244393,1428
2017-10-12,-33.498808797240265,1429
2017-10-13,-45.98912753443475,1429
2017-10-14,52.92391269086795,1429
2017-10-15,-242.36635380156045,1428
2017-10-16,65.39693766974608,1428
2017-10-17,9.793362029211528,1429
2017-10-18,-16.004486654105875,1429
2017-10-19,23.141732050155188,1429
2017-10-20,-297.30713030526607,1428
2017-10-21,55.89273396903256,1429
2017-10-22,41.56734620074749,1428
2017-10-23,-38.02971062419418,1429
2017-10-24,208.0026207639364,1427
2017-10-25,118.79822991796736,1429
2017-10-26,31.31470987793638,1324
2017-10-27,41.61518279980755,1421
2017-10-28,67.0961895237256,1427
2017-10-29,57.73715196230235,1417
2017-10-30,25.801700446075845,1429
2017-10-31,12.227942579020914,1368
2017-11-01,13.541965559427918,1428
2017-11-02,78.3872338656041,1429
2017-11-03,-21.954224179240484,1426
2017-11-04,46.643485818723484,1429
2017-11-05,47.44181199904927,1429
2017-11-06,50.224242320639014,1428
2017-11-07,-8.585993560180295,1429
2017-11-08,89.9791738172163,1428
2017-11-09,-132.98881158782123,1429
2017-11-10,127.25564849248914,1424
2017-11-11,-180.810985405622,1429
2017-11-12,-190.3746001646708,1429
2017-11-13,146.32956326481852,1429
2017-11-14,294.30858052591043,1428
2017-11-15,91.13810660838435,1429
2017-11-16,28.234977911358932,1429
2017-11-17,34.9220902733781,1429
2017-11-18,159.40079116265528,1429
2017-11-19,98.77010524635621,1429
2017-11-20,-23.69789120158252,1428
2017-11-21,133.2150079648242,1429
2017-11-22,107.32841619901502,1429
2017-11-23,18.494916652648232,1428
2017-11-24,65.9461432596742,1429
2017-11-25,13.323150866051463,1429
2017-11-26,50.25334293212605,1429
2017-11-27,8.092425330329148,1429
2017-11-28,-96.87972243408076,1429
2017-11-29,-79.72715652479303,1429
2017-11-30,281.8797975793979,1408
2017-12-01,154.32271612171456,1428
2017-12-02,59.203884183795545,1429
2017-12-03,120.18371863756471,1429
2017-12-04,115.21693520953609,1428
2017-12-05,15.057616823527567,1429
2017-12-06,20.74163156177073,1429
2017-12-07,-230.670705660037,1429
2017-12-08,1583.0677796585849,1423
2017-12-09,273.77459343535344,1313
2017-12-10,244.59648649624685,1428
2017-12-11,162.7965358300793,1429
2017-12-12,-38.889472271656636,1429
2017-12-13,-15.784065697150819,1429
2017-12-14,78.69480807894422,1429
2017-12-15,-141.83800321269777,1429
2017-12-16,-23.320657003380553,1429
2017-12-17,-158.43114927487846,1429
2017-12-18,-281.1828584161316,1428
2017-12-19,171.77945014570633,1428
2017-12-20,-109.17612021236125,1429
2017-12-21,-49.69327750646586,1426
2017-12-22,400.71992189432325,1429
2017-12-23,-203.90369619920293,1429
2017-12-24,52.34162620267182,1428
2017-12-25,80.59270652780101,1429
2017-12-26,16.515220260778083,1428
2017-12-27,-116.19261223029861,1429
2017-12-28,-381.6364560297985,1427
2017-12-29,76.62796292227203,1429
2017-12-30,106.29189426296205,1429
2017-12-31,-84.76962445092097,1429
2018-01-01,-39.329042592300674,1346
2018-01-02,69.76868794983072,1428
2018-01-03,-11.11378165799646,1429
2018-01-04,73.79692548456575,1429
2018-01-05,71.78828382153607,1428
2018-01-06,162.7599422742008,1426
2018-01-07,-13.186083799352023,1428
2018-01-08,69.25023961396684,1429
2018-01-09,142.4450655399277,1429
2018-01-10,33.42426143246853,1410
2018-01-11,-194.2885931040053,1423
2018-01-12,31.555773225296065,1429
2018-01-13,16.661100915636702,1429
2018-01-14,69.67317686721877,1429
2018-01-15,35.040030088213626,1429
2018-01-16,924.9416635989865,1411
2018-01-17,229.29520034928404,1419
2018-01-18,69.88210050419653,1429
2018-01-19,-35.59107730465277,1429
2018-01-20,165.76897190601932,1429
2018-01-21,38.1185625437172,1429
2018-01-22,227.3258527105932,1429
2018-01-23,29.991074966140772,1416
2018-01-24,183.24954850908966,1385
2018-01-25,131.50804721766417,1429
2018-01-26,-174.8253694393571,1423
2018-01-27,-101.84094111134365,1420
2018-01-28,-188.58246562644376,1427
2018-01-29,107.8205396111161,1429
2018-01-30,54.872887246231166,1429
2018-01-31,-25.612838922395056,1344
2018-02-01,14.71039157855812,1429
2018-02-02,-135.33309425531277,1428
2018-02-03,-168.94898928416185,1429
2018-02-04,-184.26669861851784,1429
2018-02-05,219.0064025293552,1429
2018-02-06,-342.5882669882725,1429
2018-02-07,96.37420574131741,1429
2018-02-08,-181.59675846606945,1429
2018-02-09,-72.27247592865211,1425
2018-02-10,75.17391404445567,1429
2018-02-11,-63.39959627086064,1423
2018-02-12,5.592753211856515,1429
2018-02-13,-15.335940213113854,1429
2018-02-14,27.20754291406812,1429
2018-02-15,16.39657015106468,1429
2018-02-16,33.76000373336464,1422
2018-02-17,12.459802041973663,1429
2018-02-18,-545.2277557612343,1429
2018-02-19,1.0811157584283637,1429
2018-02-20,23.369604621653163,1429
2018-02-21,310.98865499365064,1429
2018-02-22,-137.1598681660927,1429
2018-02-23,37.62100355899414,1419
2018-02-24,-109.83890028482034,1422
2018-02-25,-88.1170503413921,1429
2018-02-26,-121.33785039208368,1429
2018-02-27,1.9815709563773387,1429
2018-02-28,68.12885295663709,1429
2018-03-01,-81.02414874047885,1429
2018-03-02,52.16771275818705,1428
2018-03-03,24.69799180803952,1429
2018-03-04,53.32746855870438,1429
2018-03-05,-19.301533576411995,1429
2018-03-06,-134.31252690685002,1429
2018-03-07,-123.92548431310007,1416
2018-03-08,186.1686202181669,1429
2018-03-09,-396.05248650346687,1429
2018-03-10,109.53094766904776,1429
2018-03-11,-89.72179677415649,1427
2018-03-12,4.336210164283333,1429
2018-03-13,-39.350076012450444,1429
2018-03-14,185.28322316368178,1429
2018-03-15,-185.63428785741883,1429
2018-03-16,14.948250958167932,1429
2018-03-17,16.43754039925459,1429
2018-03-18,43.816795466308896,1429
2018-03-19,-193.57123713424804,1428
2018-03-20,99.2778426725512,1429
2018-03-21,-14.852296890796726,1429
2018-03-22,-75.63247373663174,1426
2018-03-23,6.992211755369317,1424
2018-03-24,32.94448459599079,1429
2018-03-25,45.02159664373696,1429
2018-03-26,-2.117654806136004,1429
2018-03-27,-135.96161912809484,1429
2018-03-28,-9.273754866012874,1429
2018-03-29,-44.74122819341123,1429
2018-03-30,-158.93124801815682,1429
2018-03-31,84.73446728371412,1425
2018-04-01,-52.18129686946,1429
2018-04-02,-36.80060168519034,1427
2018-04-03,-140.97596135919756,1429
2018-04-04,-112.40320982731497,1429
2018-04-05,73.94739336449203,1429
2018-04-06,138.25871792052675,1429
2018-04-07,42.988495920841025,1407
2018-04-08,1.0702817273054612,1428
2018-04-09,-83.60903809366712,1429
2018-04-10,65.76701966578479,1429
2018-04-11,28.126486234467073,1428
2018-04-12,-392.1923472422737,1429
2018-04-13,-149.79322641605592,1429
2018-04-14,-156.41151757368576,1429
2018-04-15,170.304442384325,1429
2018-04-16,12.395890087293552,1429
2018-04-17,21.428569422590837,1429
2018-04-18,42.96140686505824,1429
2018-04-19,62.754271630172916,1429
2018-04-20,-18.829001979197173,1429
2018-04-21,-123.7458313058366,1429
2018-04-22,39.8094770201962,1429
2018-04-23,60.895690854171015,1429
2018-04-24,24.284858516284846,1429
2018-04-25,72.02956459000754,1429
2018-04-26,-42.26896108893274,1429
2018-04-27,2.4417957154594916,1428
2018-04-28,190.89250294448232,1429
2018-04-29,69.5389055103164,1429
2018-04-30,53.405462453786384,1428
2018-05-01,-26.149344277777985,1428
2018-05-02,24.495503186155226,1429
2018-05-03,0.2640481463067789,1429
2018-05-04,-1.165514455040767,1429
2018-05-05,-5.810825362971223,1428
2018-05-06,-27.956644608567206,1429
2018-05-07,-89.79127245653704,1428
2018-05-08,72.78880824466121,1429
2018-05-09,-6.347303769356557,1429
2018-05-10,-6.501453226682715,1427
2018-05-11,-353.1855959798098,1428
2018-05-12,-82.79324885553913,1428
2018-05-13,-76.90019751282452,1429
2018-05-14,23.36465859600903,1429
2018-05-15,81.76030769634329,1429
2018-05-16,9.606848923215638,1429
2018-05-17,119.97542302880191,1429
2018-05-18,76.4346348369269,1429
2018-05-19,-78.84714211029065,1429
2018-05-20,-20.009229829736423,1429
2018-05-21,32.69185966048101,1429
2018-05-22,2.7643033051229624,1429
2018-05-23,90.69345470236225,1429
2018-05-24,-4.812555168919381,1429
2018-05-25,95.45792114433166,1429
2018-05-26,24.451281909102832,1429
2018-05-27,40.16284344670925,1429
2018-05-28,30.56540732654075,1429
2018-05-29,-230.18972750772596,1413
2018-05-30,47.98603931514377,1429
2018-05-31,-3.9054011136503255,1429
2018-06-01,14.040745423856723,1429
2018-06-02,-32.043129231669525,1429
2018-06-03,-2.9404808352723895,1429
2018-06-04,8.708013485410225,1429
2018-06-05,39.98695888951412,1429
2018-06-06,1.88472556735519,1301
2018-06-07,39.71642195549197,1429
2018-06-08,-20.351560834558004,1382
2018-06-09,37.780000269440464,1428
2018-06-10,-101.22701460582955,1429
2018-06-11,-81.91948784451519,1429
2018-06-12,55.347379066326766,1429
2018-06-13,-17.388276375947,1429
2018-06-14,68.5216342416819,1429
2018-06-15,44.89435232121836,1429
2018-06-16,12.731499679809867,1429
2018-06-17,-31.76045961417761,1429
2018-06-18,30.37101946919086,1429
2018-06-19,55.01519717198208,1429
2018-06-20,45.41415622007049,1428
2018-06-21,45.331025042084484,1429
2018-06-22,-114.90690604609502,1429
2018-06-23,8.375138003914287,1429
2018-06-24,53.084773798598135,1429
2018-06-25,-214.85055955938762,1429
2018-06-26,63.78236893724098,1429
2018-06-27,45.12808173177315,1429
2018-06-28,97.23767507881378,1429
2018-06-29,18.304018050168207,1419
2018-06-30,-230.38568717178651,1429
2018-07-01,23.847555016304558,1429
2018-07-02,-109.87491805585896,1429
2018-07-03,-44.32669074386633,1429
2018-07-04,-64.67138284387511,1424
2018-07-05,123.06928318624814,1429
2018-07-06,60.74585286338206,1429
2018-07-07,29.098192640120473,1429
2018-07-08,-8.409445333797965,1427
2018-07-09,33.862533724672446,1429
2018-07-10,-71.12810619472597,1429
2018-07-11,42.77688642277788,1376
2018-07-12,-30.514412620419943,1429
2018-07-13,46.71663447770718,1429
2018-07-14,3.347505656273487,1429
2018-07-15,-7.777743291155263,1429
2018-07-16,-119.57488687782995,1429
2018-07-17,7.619424770126644,1429
2018-07-18,-512.3822467124495,1429
2018-07-19,9.569018039037973,1428
2018-07-20,75.69031873705693,1429
2018-07-21,14.900216392435489,1429
2018-07-22,20.82445320976378,1429
2018-07-23,40.70835588263262,1429
2018-07-24,-132.41217179063923,1429
2018-07-25,81.31426428762276,1429
2018-07-26,-89.00871029122693,1424
2018-07-27,-21.970063824304145,1414
2018-07-28,202.0116655233774,1428
2018-07-29,93.44857862071781,1429
2018-07-30,-12.277661594654537,1429
2018-07-31,-108.82432992358451,1429
2018-08-01,117.1608300994932,1428
2018-08-02,49.74503234095796,1429
2018-08-03,-91.12102193033554,1419
2018-08-04,-53.556080942317045,1427
2018-08-05,45.291334860451435,1429
2018-08-06,84.21415538671637,1429
2018-08-07,11.595677442570116,1428
2018-08-08,-46.140618258007855,1429
2018-08-09,-39.66360816897006,1429
2018-08-10,61.41294135266459,1429
2018-08-11,33.09069041234597,1429
2018-08-12,-161.48808182029302,1429
2018-08-13,147.00557135399512,1429
2018-08-14,-72.51204232009863,1429
2018-08-15,-31.194649147622517,1429
2018-08-16,32.712474139412116,1429
2018-08-17,134.60926960623542,1429
2018-08-18,-55.629220810325386,1429
2018-08-19,12.951498931443707,1429
2018-08-20,-148.64152771783517,1429
2018-08-21,16.157164620953253,1429
2018-08-22,-46.3461139085133,1428
2018-08-23,111.43807874192986,1429
2018-08-24,42.535308086226614,1429
2018-08-25,-5.286889206308432,1428
2018-08-26,-4.027577306939483,1429
2018-08-27,68.80565558787772,1429
2018-08-28,-128.5355011450154,1429
2018-08-29,26.394619177793256,1419
2018-08-30,-8.95815220744398,1259
2018-08-31,-16.660193046510866,1429
2018-09-01,22.136178200472806,1429
2018-09-02,-14.241144223405009,1427
2018-09-03,56.34162527925526,1429
2018-09-04,12.03797201205748,1429
2018-09-05,-20.736334643025362,1429
2018-09-06,-125.08156701056632,1429
2018-09-07,43.24909478113398,1427
2018-09-08,122.22687755074584,1429
2018-09-09,-18.01175603236051,1429
2018-09-10,-21.584269749169835,1429
2018-09-11,35.15101261365788,1429
2018-09-12,58.36543103273438,1429
2018-09-13,-24.550720340504395,1429
2018-09-14,-29.168261224089676,1429
2018-09-15,20.85989862638875,1429
2018-09-16,27.888213673614704,1429
2018-09-17,-31.498439399338324,1429
2018-09-18,-41.00437893293211,1429
2018-09-19,60.19385382194064,1420
2018-09-20,-45.41192696321935,1429
2018-09-21,-132.66085216985815,1423
2018-09-22,-37.8306771388091,1388
2018-09-23,15.552838906920226,1429
2018-09-24,35.31657691834958,1429
2018-09-25,30.0066125891517,1424
2018-09-26,5.473891412042741,1429
2018-09-27,8.363122024153476,1429
2018-09-28,-201.96772785236982,1428
2018-09-29,68.2343963919844,1425
2018-09-30,-5.891739062301459,1429
2018-10-01,-17.370056012583376,1425
2018-10-02,32.56180948310629,1429
2018-10-03,-32.48508610206347,1426
2018-10-04,-42.52476842925825,1429
2018-10-05,42.11504576218248,1429
2018-10-06,20.51526555619022,1429
2018-10-07,14.772223452914327,1429
2018-10-08,5.422300744987179,1428
2018-10-09,15.938598138965277,1428
2018-10-10,-45.49091562302366,1428
2018-10-11,-160.51646612968094,1429
2018-10-12,59.14178305885736,1429
2018-10-13,23.737847784925908,1429
2018-10-14,31.49113882106975,1429
2018-10-15,-149.87484997269027,1429
2018-10-16,-15.054909059720778,1428
2018-10-17,9.294159430992075,1428
2018-10-18,37.55956501448161,1429
2018-10-19,-27.439039608070217,1390
2018-10-20,24.69378713530117,1429
2018-10-21,1.6346951006689696,1429
2018-10-22,17.39677279762938,1429
2018-10-23,7.360404386437264,1429
2018-10-24,-14.98714412600982,1429
2018-10-25,-7.517297831747262,1429
2018-10-26,0.8562679114078446,1429
2018-10-27,10.494845936402141,1429
2018-10-28,2.753858034113704,1429
2018-10-29,-62.65907545762478,1429
2018-10-30,9.446471728775347,1429
2018-10-31,13.119878374085234,1429
2018-11-01,27.16157535379432,1429
2018-11-02,14.623546371553992,1429
2018-11-03,7.169173251995985,1429
2018-11-04,2.8352777766779287,1429
2018-11-05,-45.82130767497455,1429
2018-11-06,25.744965351496568,1429
2018-11-07,41.752568517322544,1429
2018-11-08,5.248833176812714,1429
2018-11-09,-54.150029386142855,1429
2018-11-10,18.774035051197167,1429
2018-11-11,13.582249683971034,1429
2018-11-12,-21.763603705055957,1429
2018-11-13,19.113009535472056,1429
2018-11-14,10.184406355611781,1429
2018-11-15,-739.213044417107,1429
2018-11-16,311.3064766714973,1429
2018-11-17,-37.54594120206029,1429
2018-11-18,49.66966657075853,1429
2018-11-19,131.91493432165421,1429
2018-11-20,-207.89016789555558,1429
2018-11-21,-82.25652445417903,1429
2018-11-22,53.18700194435537,1425
2018-11-23,-16.255752483301315,1429
2018-11-24,-12.607323503693937,1429
2018-11-25,-216.8048890735483,1429
2018-11-26,-10.423629731402757,1429
2018-11-27,173.24313890136636,1429
2018-11-28,-275.80102377437305,1429
2018-11-29,-103.46926543600868,1425
2018-11-30,89.42265173900783,1429
2018-12-01,47.922363386601624,1429
2018-12-02,-107.35387151075072,1429
2018-12-03,-11.961267559271027,1429
2018-12-04,-48.57344134508873,1429
2018-12-05,80.85017319485581,1429
2018-12-06,144.9385094450215,1429
2018-12-07,86.50276522677298,1424
2018-12-08,-4.004871776462572,1428
2018-12-09,-43.096942786228674,1429
2018-12-10,-66.96078095947631,1429
2018-12-11,64.41044035074638,1091
2018-12-12,45.731791866388015,1429
2018-12-13,98.76811011188326,1429
2018-12-14,138.75520430255972,1429
2018-12-15,-78.66076861740729,1428
2018-12-16,29.336837458462725,1429
2018-12-17,-129.77780199015487,1429
2018-12-18,-117.49030993114208,1421
2018-12-19,-88.01771128644549,1421
2018-12-20,-108.12868825362503,1428
2018-12-21,82.04967101652156,1428
2018-12-22,68.58790505642972,1429
2018-12-23,110.464601606084,1429
2018-12-24,-135.9305899933678,1429
2018-12-25,-155.57193311475797,1429
2018-12-26,112.6579357682904,1429
2018-12-27,100.02335602982996,1429
2018-12-28,4.7043379833558765,1429
2018-12-29,-95.82574808027657,1427
2018-12-30,138.97814607141615,1429
2018-12-31,28.21069722166733,1429
2019-01-01,56.93158350196653,1429
2019-01-02,-125.15388114072432,1429
2019-01-03,48.17449698081238,1429
2019-01-04,18.927519734004385,1429
2019-01-05,34.246934111344586,1427
2019-01-06,50.62695912899367,1429
2019-01-07,-147.49382763827248,1429
2019-01-08,29.431223568048924,1429
2019-01-09,45.93362493549956,1429
2019-01-10,-275.8680014222218,1429
2019-01-11,7.2348810918111495,1429
2019-01-12,58.890108044224135,1429
2019-01-13,57.2465186188986,1429
2019-01-14,7.55976379033143,1429
2019-01-15,-111.55974516770398,1429
2019-01-16,31.159763911999928,1429
2019-01-17,33.85411333736012,1429
2019-01-18,-2.868613271866125,1429
2019-01-19,19.217838840870677,1429
2019-01-20,-74.02158046978656,1429
2019-01-21,50.935485751767274,1429
2019-01-22,45.92703604788081,1428
2019-01-23,44.05171414837283,1428
2019-01-24,7.92697208137444,1429
2019-01-25,-20.820282784757158,1429
2019-01-26,9.534799163010149,1429
2019-01-27,30.475162728574073,1428
2019-01-28,-36.79317413824696,1429
2019-01-29,-24.70891292066307,1429
2019-01-30,34.08761395275332,1429
2019-01-31,20.324164716844574,1428
2019-02-01,-5.607034589162031,1429
2019-02-02,18.48362689851117,1429
2019-02-03,11.654013716269366,1429
2019-02-04,-4.3805870468110255,1429
2019-02-05,1.7315017272537634,1429
2019-02-06,36.418448810729295,1429
2019-02-07,21.651909086385352,1429
2019-02-08,15.618144407444198,1424
2019-02-09,-331.99818671578885,1429
2019-02-10,27.251074614228504,1429
2019-02-11,7.22241820755421,1429
2019-02-12,3.0209361934993155,1429
2019-02-13,20.12113783958776,1428
2019-02-14,35.95884262340059,1429
2019-02-15,82.65321485514808,1429
2019-02-16,23.499057961211076,1429
2019-02-17,18.818289446582593,1429
2019-02-18,-72.28595548534149,1429
2019-02-19,-64.34655812280006,1428
2019-02-20,37.84925516750008,1429
2019-02-21,89.33839137572848,1429
2019-02-22,12.6269281414442,1426
2019-02-23,23.541690419652166,1429
2019-02-24,-503.1597013812299,1425
2019-02-25,24.746006162851284,1429
2019-02-26,-1.9700110813522134,1429
2019-02-27,46.943990941885744,1429
2019-02-28,-87.71000475977102,1429
2019-03-01,40.58299477789758,1429
2019-03-02,16.539365267022987,1429
2019-03-03,29.256724840888815,1429
2019-03-04,-15.37959471628255,1429
2019-03-05,-27.75587451744954,1429
2019-03-06,40.79830877394446,1429
2019-03-07,26.472185395198384,1429
2019-03-08,68.48321142942439,1429
2019-03-09,-174.6204761175725,1429
2019-03-10,-2.7929751505617886,1429
2019-03-11,-0.3246015583232659,1319
2019-03-12,27.68969968453358,1429
2019-03-13,-19.806747692792584,1429
2019-03-14,112.39272413458612,1429
2019-03-15,43.22336248965623,1429
2019-03-16,-58.328192869442674,1429
2019-03-17,10.114148157976329,1429
2019-03-18,17.634723416346684,1429
2019-03-19,3.2315432390219097,1418
2019-03-20,10.46840323364564,1429
2019-03-21,-22.890459199745564,1429
2019-03-22,92.28134318813973,1429
2019-03-23,10.408088705394146,1429
2019-03-24,32.481497738895236,1429
2019-03-25,-2.547511176917032,1429
2019-03-26,-40.13059822288788,1429
2019-03-27,8.001792925999489,1429
2019-03-28,13.367103935505591,1429
2019-03-29,6.055753675321402,1429
2019-03-30,-61.887371686134586,1429
2019-03-31,49.3816193761821,1429
2019-04-01,17.693250404622653,1429
2019-04-02,-607.6859784703538,1429
2019-04-03,11.21762436439354,1429
2019-04-04,132.04947151088857,1429
2019-04-05,85.63301498786964,1429
2019-04-06,91.80606666179527,1429
2019-04-07,-56.02525413425647,1429
2019-04-08,60.936049330506265,1429
2019-04-09,93.41005953330334,1429
2019-04-10,66.33488595957766,1429
2019-04-11,-19.797833999393514,1429
2019-04-12,-9.068059463432588,1428
2019-04-13,46.966372341760696,1429
2019-04-14,32.93245361630798,1429
2019-04-15,32.034648158439445,1429
2019-04-16,-23.09860438106879,1429
2019-04-17,-27.063706703252254,1429
2019-04-18,36.15256787409516,1429
2019-04-19,83.87006679335151,1428
2019-04-20,-5.122964631234632,1429
2019-04-21,-21.05322067160331,1429
2019-04-22,51.40829878234837,1311
2019-04-23,-111.72893332709039,1429
2019-04-24,-52.647207195653976,1429
2019-04-25,48.88180862726079,1429
2019-04-26,-461.69825999171314,1429
2019-04-27,14.591346903554463,1429
2019-04-28,74.50292192128607,1428
2019-04-29,9.467160738417487,1429
2019-04-30,52.93993190719576,1429
2019-05-01,-5.613996661936194,1429
2019-05-02,52.41494086126016,1429
2019-05-03,-83.34590522499907,1268
2019-05-04,-95.86712744290337,1429
2019-05-05,-49.53498278701684,1429
2019-05-06,-21.433746053901924,1429
2019-05-07,-25.28900285999158,1429
2019-05-08,81.60752658783886,1426
2019-05-09,15.017559394980662,1429
2019-05-10,36.74989029508721,1429
2019-05-11,-138.5397071532724,1429
2019-05-12,-423.08839077182665,1403
2019-05-13,-189.18726556973013,1429
2019-05-14,219.42591279847213,1429
2019-05-15,51.73998646743096,1429
2019-05-16,-118.97087699784139,1429
2019-05-17,-25.20418733220806,1429
2019-05-18,33.752757911452086,1429
2019-05-19,-53.617879674642865,1429
2019-05-20,-143.83017305284915,1429
2019-05-21,21.520578602612186,1429
2019-05-22,109.69704517230856,1429
2019-05-23,83.20652431361444,1429
2019-05-24,78.07091050479508,1428
2019-05-25,9.232118118129703,1429
2019-05-26,77.73613332361214,1429
2019-05-27,-252.66552733724947,1429
2019-05-28,88.51173639195972,1311
2019-05-29,-39.43643656046768,1429
2019-05-30,53.04555713537177,1429
2019-05-31,-42.60687443601414,1429
2019-06-01,74.21902672832259,1428
2019-06-02,76.48103688389286,1429
2019-06-03,53.98498941834338,1429
2019-06-04,3.5698716008853686,1429
2019-06-05,-52.023917823792054,1429
2019-06-06,146.84959451675306,1429
2019-06-07,-10.195049718652701,1429
2019-06-08,-72.56782085161109,1429
2019-06-09,2.7642088790110697,1429
2019-06-10,-30.917171599813795,1429
2019-06-11,113.43312801888109,1429
2019-06-12,133.08275011527428,1429
2019-06-13,40.72477525804834,1428
2019-06-14,53.73193253034318,1427
2019-06-15,71.87365193572387,1429
2019-06-16,-172.09291419692804,1429
2019-06-17,16.9331200630277,1429
2019-06-18,-13.370008588273116,1429
2019-06-19,2.853279354339611,1429
2019-06-20,89.27435743491945,1429
2019-06-21,54.87325051132408,1429
2019-06-22,-89.8484608078993,1428
2019-06-23,192.48098217740198,1429
2019-06-24,29.7758435292913,1429
2019-06-25,12.698450310570811,1429
2019-06-26,-190.28390580401145,1429
2019-06-27,-347.20826275546483,1429
2019-06-28,267.47298255285335,1427
2019-06-29,18.562009787758516,1429
2019-06-30,58.02275436744676,1429
2019-07-01,43.150550771036635,1429
2019-07-02,-183.3225412989832,1428
2019-07-03,96.15723840488911,1429
2019-07-04,-79.54964810774037,1429
2019-07-05,-111.92376294915273,1429
2019-07-06,171.46905342139414,1428
2019-07-07,28.11424859175188,1429
2019-07-08,125.83079490230152,1429
2019-07-09,-20.204775267240482,1429
2019-07-10,-34.47342264854958,1428
2019-07-11,-39.02646125615963,1429
2019-07-12,-123.73998209265051,1429
2019-07-13,31.496589079007975,1429
2019-07-14,16.026884763003444,1429
2019-07-15,-89.35032982963607,1429
2019-07-16,246.13335184206474,1429
2019-07-17,119.62798441364764,1429
2019-07-18,-368.9039673971582,1429
2019-07-19,278.978015202268,1429
2019-07-20,124.34852560868885,1429
2019-07-21,-19.753440626662165,1429
2019-07-22,37.057606626423684,1429
2019-07-23,163.35588947855894,1429
2019-07-24,-119.494635762965,1428
2019-07-25,-28.347132912052043,1429
2019-07-26,113.61274210182451,1425
2019-07-27,-139.85059803937517,1429
2019-07-28,99.9318779392091,1429
2019-07-29,-25.470260650239656,1429
2019-07-30,53.63288434187718,1340
2019-07-31,-13.696318911820006,1429
2019-08-01,-16.610097184147314,1428
2019-08-02,-13.415737620812466,1429
2019-08-03,85.18383148057886,1429
2019-08-04,-0.9376568118909311,1429
2019-08-05,-101.37441293484343,1429
2019-08-06,-116.92273983057872,1429
2019-08-07,-52.882751201538895,1429
2019-08-08,104.81961073974264,1429
2019-08-09,36.17841711177644,1429
2019-08-10,-50.265544716777406,1429
2019-08-11,84.21782651968877,1429
2019-08-12,38.76369985256953,1429
2019-08-13,78.6494614565444,1428
2019-08-14,-48.29138198622004,1429
2019-08-15,-87.37549770524424,1428
2019-08-16,33.51172661900141,1429
2019-08-17,46.437528138534475,1429
2019-08-18,-10.122761183398396,1429
2019-08-19,103.94252474404234,1429
2019-08-20,39.72439261997895,1429
2019-08-21,-59.47524296191205,1429
2019-08-22,79.78697912640592,1429
2019-08-23,89.42162391660706,1425
2019-08-24,56.03841266197388,1429
2019-08-25,-83.40119145943349,1429
2019-08-26,-16.754371236784507,1429
2019-08-27,5.30967002693712,1429
2019-08-28,135.2337828003109,1427
2019-08-29,-325.5066476331388,1429
2019-08-30,23.458805608936537,1429
2019-08-31,22.914568588443522,1429
2019-09-01,-34.09577833979152,1428
2019-09-02,-34.474725009850616,1429
2019-09-03,-160.12131110638072,1429
2019-09-04,91.83638864726163,1429
2019-09-05,61.25017804951828,1422
2019-09-06,50.30521158885482,1429
2019-09-07,-94.54783042538313,1429
2019-09-08,56.2236797711041,1429
2019-09-09,-173.11914283431219,1429
2019-09-10,93.82532025160478,1429
2019-09-11,-95.42448593878783,1429
2019-09-12,58.70860265842088,1429
2019-09-13,27.06350442873501,1424
2019-09-14,-14.842339177221996,1429
2019-09-15,53.078376599813275,1429
2019-09-16,-11.52610496665411,1429
2019-09-17,-77.91335452219977,1429
2019-09-18,87.60603537182992,1429
2019-09-19,26.72787367681536,1429
2019-09-20,-121.62850627681145,1428
2019-09-21,43.829059854648015,1429
2019-09-22,-41.1785252247686,1429
2019-09-23,40.10376544084527,1429
2019-09-24,21.091734327317496,1428
2019-09-25,-613.0353321216598,1429
2019-09-26,29.92955584222493,1251
2019-09-27,11.089873075629018,1425
2019-09-28,9.786732648576294,1429
2019-09-29,67.5521003984058,1429
2019-09-30,-113.00110627986749,1429
2019-10-01,39.027105548570425,1429
2019-10-02,35.61896500076355,1429
2019-10-03,-57.14187785823939,1427
2019-10-04,22.207630995329474,1429
2019-10-05,48.86857532805875,1428
2019-10-06,11.102501499507301,1429
2019-10-07,-25.07074291236012,1420
2019-10-08,-47.13902516771057,1429
2019-10-09,-73.34850588056807,1429
2019-10-10,99.39449849946354,1429
2019-10-11,173.26935352902245,1428
2019-10-12,18.70323339220865,1429
2019-10-13,55.270646733892434,1429
2019-10-14,-50.273805047025675,1429
2019-10-15,90.78278612786394,1429
2019-10-16,3.888088372545438,1429
2019-10-17,62.73109927224484,1428
2019-10-18,-45.871640910277506,1309
2019-10-19,37.70469892724785,1429
2019-10-20,59.623308944129356,1429
2019-10-21,5.664508887935094,1429
2019-10-22,43.54691847034869,1429
2019-10-23,-91.32673895278673,1429
2019-10-24,67.00958579194734,1429
2019-10-25,-4.208390093204856,1429
2019-10-26,-695.1487381530295,1429
2019-10-27,158.73015331874225,1429
2019-10-28,187.61909267618574,1428
2019-10-29,25.330134690895648,1429
2019-10-30,146.55545255180277,1429
2019-10-31,-0.14615787963714963,1413
2019-11-01,142.42030814171093,1429
2019-11-02,71.83663913845173,1428
2019-11-03,21.5858706051164,1428
2019-11-04,8.678174800446246,1429
2019-11-05,-105.62022212892029,1429
2019-11-06,71.27928592949367,1429
2019-11-07,17.230603280041606,1428
2019-11-08,-16.317213310647375,1309
2019-11-09,14.993324138648909,1428
2019-11-10,19.330473953500235,1429
2019-11-11,75.53409029863957,1428
2019-11-12,63.93156589843059,1309
2019-11-13,82.05217501892686,1429
2019-11-14,-0.6468687729776783,1429
2019-11-15,-95.83601970634061,1309
2019-11-16,46.10177426968728,1429
2019-11-17,45.78073331641891,1429
2019-11-18,56.96165860035311,1429
2019-11-19,-31.45611242575139,1308
2019-11-20,-12.981326666189037,1429
2019-11-21,-71.2051865401859,1429
2019-11-22,-355.7044489922621,1429
2019-11-23,-74.66007522403805,1429
2019-11-24,118.11060570333443,1429
2019-11-25,-254.95976385173648,1413
2019-11-26,32.56681767332872,1311
2019-11-27,-70.63573945416209,1428
2019-11-28,-0.4631019022854369,1429
2019-11-29,10.875746891383189,1429
2019-11-30,20.68472714341642,1429
2019-12-01,-76.55015475411624,1429
2019-12-02,69.72960110131156,1428
2019-12-03,13.923947730137995,1429
2019-12-04,44.1618592851624,1429
2019-12-05,-126.1717610457156,1428
2019-12-06,63.20668872575708,1429
2019-12-07,97.71453680947322,1429
2019-12-08,43.06864886860268,1428
2019-12-09,26.132329433924927,1429
2019-12-10,5.334014824438874,1429
2019-12-11,25.970519848908275,1429
2019-12-12,34.75421440169419,1413
2019-12-13,17.61452055267262,1429
2019-12-14,12.699213182827544,1429
2019-12-15,-32.93605926042423,1429
2019-12-16,80.00920288636713,1428
2019-12-17,-13.404246526887658,1413
2019-12-18,19.352620372264475,1428
2019-12-19,-74.28719110095655,1429
2019-12-20,62.846002741776786,1429
2019-12-21,64.51401056496367,1429
2019-12-22,27.501047640017905,1429
2019-12-23,-69.39865960395967,1429
2019-12-24,44.04299765330046,1429
2019-12-25,82.76470160573773,1428
2019-12-26,-2.784904306400678,1428
2019-12-27,-99.48141747874604,1429
2019-12-28,37.329372701850865,1429
2019-12-29,21.12840247918008,1428
2019-12-30,-76.78413212989362,1429
2019-12-31,3.820500969719819,1429
2020-01-01,-5.183320542148421,1429
2020-01-02,9.885242662055466,1429
2020-01-03,-150.7479748164617,1428
2020-01-04,30.316095881117548,1421
2020-01-05,35.44412789219229,1429
2020-01-06,-56.13599498363912,1429
2020-01-07,-84.84968116790463,1429
2020-01-08,-111.48775313608274,1429
2020-01-09,-49.97759232643617,1428
2020-01-10,18.018907766360336,1429
2020-01-11,-0.1640972064109688,1424
2020-01-12,101.53504625359535,1429
2020-01-13,107.72104604024996,1429
2020-01-14,-145.48357058641244,1429
2020-01-15,77.85327029765595,1429
2020-01-16,46.907355966094805,1429
2020-01-17,38.52185193785786,1429
2020-01-18,48.488332982557615,1429
2020-01-19,-119.27286644279292,1429
2020-01-20,77.41109507149079,1429
2020-01-21,90.03943527075872,1429
2020-01-22,97.39763112980012,1428
2020-01-23,-34.77315614980318,1429
2020-01-24,-67.89051100868089,1429
2020-01-25,20.825736662204438,1429
2020-01-26,-40.082855827395356,1429
2020-01-27,-67.55681124693312,1429
2020-01-28,32.53642346899549,1309
2020-01-29,74.34676243523039,1397
2020-01-30,77.10829048579178,1429
2020-01-31,72.31356769178716,1429
2020-02-01,5.953761375252797,1428
2020-02-02,27.25215148726162,1429
2020-02-03,-24.145718765653168,1412
2020-02-04,49.30083644081407,1429
2020-02-05,-31.145955601005184,1429
2020-02-06,-87.94657846597322,1429
2020-02-07,71.78650683238831,1429
2020-02-08,55.19316636033942,1429
2020-02-09,10.386253016728851,1429
2020-02-10,58.506983062660154,1429
2020-02-11,-0.07633393789127796,1429
2020-02-12,-49.892474540882525,1429
2020-02-13,17.17450791474791,1429
2020-02-14,36.91652861108387,1428
2020-02-15,50.36905783134863,1429
2020-02-16,-7.434000327320504,1429
2020-02-17,-34.88978718778052,1429
2020-02-18,28.979184285522514,1428
2020-02-19,-62.883179432656824,1429
2020-02-20,-152.8658698729883,1429
2020-02-21,86.17724890581938,1428
2020-02-22,-0.49471827838240434,1428
2020-02-23,-20.440195440843652,1429
2020-02-24,20.521491978513033,1429
2020-02-25,-138.0884883716863,1429
2020-02-26,-23.915496896998494,1412
2020-02-27,-49.93360328680395,1429
2020-02-28,-107.35099131537186,1429
2020-02-29,121.73336862279233,1428
2020-03-01,70.1999944784207,1429
2020-03-02,23.608623983027353,1429
2020-03-03,0.6642886497206479,1429
2020-03-04,104.02424254097981,1429
2020-03-05,21.849869395594524,1429
2020-03-06,92.92931544538006,1429
2020-03-07,33.00294826812288,1429
2020-03-08,-17.611015489778417,1428
2020-03-09,-28.618095756097226,1429
2020-03-10,-28.631524646345245,1429
2020-03-11,31.06715349840027,1429
2020-03-12,-935.0758068191917,1424
2020-03-13,206.5147011345567,1406
2020-03-14,650.1992414963624,1429
2020-03-15,102.70912837621206,1428
2020-03-16,-153.20844293878477,1429
2020-03-17,384.3022134273441,1429
2020-03-18,223.56446800802757,1413
2020-03-19,114.26174113864673,1429
2020-03-20,-196.85984358126598,1429
2020-03-21,111.79145912371854,1429
2020-03-22,-41.94792151240194,1429
2020-03-23,-39.04970777775255,1429
2020-03-24,196.58578973518817,1337
2020-03-25,46.36671885807169,1429
2020-03-26,186.20748318652878,1165
2020-03-27,39.667802665780044,1429
2020-03-28,-371.3027017159565,1429
2020-03-29,-17.083761870670553,1429
2020-03-30,11.89298036115833,1429
2020-03-31,106.94786967664757,1429
2020-04-01,96.63665777223451,1429
2020-04-02,-184.98896108917822,1429
2020-04-03,-204.2114181843415,1428
2020-04-04,-28.628981440846253,1428
2020-04-05,114.65393161974649,1428
2020-04-06,-35.0831402666628,1429
2020-04-07,-8.057063090264059,1429
2020-04-08,-139.08185413344464,1429
2020-04-09,42.50772342786989,1429
2020-04-10,24.222573556303047,1429
2020-04-11,70.20707854790582,1429
2020-04-12,-11.908985324738953,1429
2020-04-13,-102.5007071340289,1429
2020-04-14,75.73865417862844,1429
2020-04-15,-23.109497544102002,1429
2020-04-16,-106.80815583561233,1428
2020-04-17,173.79463285238552,1428
2020-04-18,84.49095646797784,1428
2020-04-19,-46.3667308077602,1429
2020-04-20,-27.934378128535915,1429
2020-04-21,79.39707799801978,1429
2020-04-22,-73.00928853997672,1429
2020-04-23,-99.1115551484487,1429
2020-04-24,48.42056572498963,1425
2020-04-25,73.58361158121349,1429
2020-04-26,6.117223658856136,1429
2020-04-27,-125.13443904271588,1429
2020-04-28,28.075151635913297,1429
2020-04-29,-113.6106525612057,1429
2020-04-30,-302.76003064387106,1429
2020-05-01,-55.180370357603955,1397
2020-05-02,55.1890106766815,1429
2020-05-03,-36.385557433276105,1429
2020-05-04,49.36406393904902,1429
2020-05-05,176.8659892256154,1429
2020-05-06,149.9726861800051,1429
2020-05-07,44.0758174814516,1429
2020-05-08,67.17081901831983,1429
2020-05-09,99.77584401412862,1429
2020-05-10,-688.1562561547281,1429
2020-05-11,83.21270735036323,1429
2020-05-12,278.04429851791394,1429
2020-05-13,107.65959195052702,1429
2020-05-14,-55.07519051312998,1429
2020-05-15,11.495953770097827,1228
2020-05-16,-14.04697663490515,1429
2020-05-17,-18.909542106074174,1428
2020-05-18,33.132818851106265,1429
2020-05-19,58.941320221524734,1428
2020-05-20,71.47887532029664,1429
2020-05-21,-102.00558991394672,1408
2020-05-22,164.77570611637526,1429
2020-05-23,63.6548760127059,1429
2020-05-24,-27.023009204161653,1429
2020-05-25,-3.8596554891489667,1429
2020-05-26,49.22717430415062,1429
2020-05-27,-73.4325935527236,1428
2020-05-28,-78.78428961918311,1429
2020-05-29,37.1548223053066,1429
2020-05-30,-25.867433226615915,1429
2020-05-31,37.15608628859092,1429
2020-06-01,37.06742985150345,1429
2020-06-02,12.68010178260509,1429
2020-06-03,40.45052385788597,1429
2020-06-04,24.619141754185623,1429
2020-06-05,112.9323618202865,1429
2020-06-06,14.31344103752481,1429
2020-06-07,-39.040342104018805,1429
2020-06-08,-186.54584340517448,1429
2020-06-09,99.04699431210814,1429
2020-06-10,80.68338145078512,1429
2020-06-11,134.64056300162062,1429
2020-06-12,-159.66913024222555,1426
2020-06-13,76.15368749977982,1428
2020-06-14,-18.846213304150368,1428
2020-06-15,7.46979899717725,1429
2020-06-16,0.9880428678218491,1429
2020-06-17,-0.35250504280087247,1428
2020-06-18,-10.622300296081173,1367
2020-06-19,-16.98043929456047,1428
2020-06-20,47.54711452492354,1429
2020-06-21,-3.163837645558477,1429
2020-06-22,-5.003543641763284,1429
2020-06-23,23.869904871583223,1429
2020-06-24,-67.42444429078039,1429
2020-06-25,-5.400804634397549,1424
2020-06-26,-29.30169079651571,1429
2020-06-27,43.7507443634303,1429
2020-06-28,-33.38348054588139,1429
2020-06-29,41.25649269506123,1429
2020-06-30,-22.83008516309423,1428
2020-07-01,47.96671460797281,1429
2020-07-02,14.92128203882952,1429
2020-07-03,19.202340106892056,1428
2020-07-04,44.73777611525076,1429
2020-07-05,-21.31500078635261,1429
2020-07-06,20.381227472237622,1425
2020-07-07,-57.03912295801628,1428
2020-07-08,39.819463155021054,1429
2020-07-09,26.949412937292248,1429
2020-07-10,-20.339018179011124,1428
2020-07-11,16.35192558467081,1428
2020-07-12,38.784586081505054,1429
2020-07-13,14.95611722268514,1429
2020-07-14,-8.802110191498947,1429
2020-07-15,-1.3112765092875576,1429
2020-07-16,14.476135690868652,1429
2020-07-17,-11.805319430806845,1427
2020-07-18,11.273841149798765,1429
2020-07-19,33.132947585397105,1429
2020-07-20,25.91569615946613,1429
2020-07-21,-25.753603885948333,1429
2020-07-22,14.121075681662628,1429
2020-07-23,-40.23743336511,1429
2020-07-24,-32.60660460773632,1228
2020-07-25,63.33364438137259,1429
2020-07-26,-2.8559898124358156,1429
2020-07-27,107.98043055935928,1429
2020-07-28,-175.30830359647751,1429
2020-07-29,94.08762347464227,1429
2020-07-30,114.7480090807147,1429
2020-07-31,9.474945160509302,1429
2020-08-01,14.070321524473052,1429
2020-08-02,38.3681479969584,1429
2020-08-03,9.311241007843442,1428
2020-08-04,88.28651416545206,1407
2020-08-05,57.294784354898894,1429
2020-08-06,66.00367234843758,1428
2020-08-07,64.54328749348983,1429
2020-08-08,46.95018824111561,1429
2020-08-09,3.044569188898084,1428
2020-08-10,2.8791756585813353,1428
2020-08-11,63.364982431778515,1429
2020-08-12,-9.367402596581925,1429
2020-08-13,-35.569644832040986,1429
2020-08-14,55.22413917042768,1429
2020-08-15,36.053221338149434,1429
2020-08-16,33.032816052470636,1429
2020-08-17,86.20133568490448,1429
2020-08-18,36.99895699310852,1429
2020-08-19,78.53833699578809,1429
2020-08-20,53.76153489435917,1429
2020-08-21,54.41797762068788,1428
2020-08-22,-2.273847597555746,1429
2020-08-23,14.574665429756271,1424
2020-08-24,17.349357928267963,1429
2020-08-25,-59.284129679358145,1429
2020-08-26,-33.24513130159356,1429
2020-08-27,-36.39551455683317,569
2020-08-28,65.518935145872,1429
2020-08-29,-9.984480649535737,1429
2020-08-30,23.140474768304546,1429
2020-08-31,20.181123118712645,1410
2020-09-01,-9.541534555411701,1428
2020-09-02,-94.8526548221998,1429
2020-09-03,-102.99652446791731,1429
2020-09-04,0.9062502266589973,1429
2020-09-05,40.298559060946054,1429
2020-09-06,225.70932488308193,1429
2020-09-07,-34.83193716528576,1429
2020-09-08,-67.55238260687017,1407
2020-09-09,97.00755723086371,1429
2020-09-10,16.393864777635834,1429
2020-09-11,39.789598651805186,1429
2020-09-12,-6.841710850731296,1429
2020-09-13,-73.46449531986973,1428
2020-09-14,-54.90176696036677,1429
2020-09-15,-0.365706240952135,1429
2020-09-16,57.702485039841335,1429
2020-09-17,14.959336232058016,1408
2020-09-18,20.774748772730234,1428
2020-09-19,26.346440378645546,1429
2020-09-20,34.17487273408648,1428
2020-09-21,-99.05978928812144,1429
2020-09-22,122.22325147822495,1429
2020-09-23,60.16361315180442,1429
2020-09-24,28.58827635355593,1429
2020-09-25,-45.21980134549195,1429
2020-09-26,73.57385334210302,1429
2020-09-27,-28.29983343246561,1429
2020-09-28,69.7424144891649,1427
2020-09-29,-2.259772335662571,1429
2020-09-30,-8.246691356713624,1429
2020-10-01,41.58439785993433,1429
2020-10-02,-106.71534942307403,1429
2020-10-03,40.12363317043167,1429
2020-10-04,26.427068449513808,1429
2020-10-05,-29.212482519244755,1429
2020-10-06,24.86170122267296,1429
2020-10-07,33.766814596934786,1429
2020-10-08,-53.46982550022702,1428
2020-10-09,36.68112356395808,1429
2020-10-10,-29.96903324019311,1429
2020-10-11,65.15849211099885,1429
2020-10-12,-39.26231094523982,1429
2020-10-13,-44.2641988947035,1428
2020-10-14,54.2448393213854,1429
2020-10-15,45.813948878532216,1429
2020-10-16,-19.694148435729996,1429
2020-10-17,42.55052949662854,1428
2020-10-18,20.956490522101426,1429
2020-10-19,17.381412854776897,1428
2020-10-20,16.878756112832992,1429
2020-10-21,27.78175310015102,1429
2020-10-22,-1.8697858964305545,1429
2020-10-23,22.25807046618126,1429
2020-10-24,-8.356600272885833,1429
2020-10-25,-5.822237745509854,1429
2020-10-26,14.712430036232425,1429
2020-10-27,-21.746653618636742,1428
2020-10-28,-57.1105436311871,1428
2020-10-29,8.939775606636006,1429
2020-10-30,6.536501062521469,1429
2020-10-31,18.630492988010037,1429
2020-11-01,100.70716100815194,1429
2020-11-02,1.2126633045848687,1429
2020-11-03,20.007463957884934,1429
2020-11-04,39.56677658591268,1429
2020-11-05,-48.712803902370176,1429
2020-11-06,-9.406953880076092,1428
2020-11-07,33.570685412229345,1429
2020-11-08,-48.86457889225295,1429
2020-11-09,4.8331419378751885,1429
2020-11-10,49.29266807864162,1429
2020-11-11,63.3523689848676,1310
2020-11-12,28.49175587018486,1017
2020-11-13,44.37942277200828,1428
2020-11-14,50.96978971993667,1428
2020-11-15,45.55853868088684,1429
2020-11-16,61.186311017105616,1429
2020-11-17,31.454368208944736,1429
2020-11-18,-80.76089364077026,1429
2020-11-19,79.32719920643262,1429
2020-11-20,36.88473125082553,1428
2020-11-21,122.50729362387047,1429
2020-11-22,13.761219398115733,1429
2020-11-23,-42.11438352634745,1429
2020-11-24,17.903767816569335,1429
2020-11-25,154.4415257060872,1429
2020-11-26,-113.30702830671076,1429
2020-11-27,-31.818212542044833,1429
2020-11-28,-5.5868576969002905,1429
2020-11-29,124.59540003583143,1429
2020-11-30,-62.26425018284071,1429
2020-12-01,50.45870467422337,1429
2020-12-02,-29.319895991406085,1429
2020-12-03,164.1472864171923,1429
2020-12-04,-9.965069830266827,1429
2020-12-05,89.60516730158244,1429
2020-12-06,33.274220299681765,1429
2020-12-07,126.36726849293103,1429
2020-12-08,64.00205095378055,1429
2020-12-09,-10.731361825638544,1429
2020-12-10,38.39799174980263,1429
2020-12-11,68.56905595960917,1429
2020-12-12,69.10602541360845,1428
2020-12-13,14.3049827699001,1429
2020-12-14,-29.020577049842174,1429
2020-12-15,25.659501499473794,1429
2020-12-16,-59.71058328163675,1406
2020-12-17,20.269212434813486,1429
2020-12-18,51.73099346643023,1424
2020-12-19,45.500433638504404,1428
2020-12-20,39.371111519601236,1429
2020-12-21,-109.99751387153003,1429
2020-12-22,18.433210519962504,1429
2020-12-23,16.489130913308806,1429
2020-12-24,110.85433763884971,1428
2020-12-25,0.9047469386446959,1429
2020-12-26,86.7034711233509,1429
2020-12-27,-143.22854584627123,1429
2020-12-28,-15.265304894036756,1429
2020-12-29,91.18404990600617,1429
2020-12-30,65.6588921586796,1078
2020-12-31,-63.496021345979436,1428
2021-01-01,52.80660107467527,1429
2021-01-02,-93.38920784096682,1429
2021-01-03,-69.38307621632161,1429
2021-01-04,-364.17286265824,1424
2021-01-05,21.756477260476487,1429
2021-01-06,-96.46356108601239,1242
2021-01-07,173.07043656633186,1429
2021-01-08,81.64997616668053,1429
2021-01-09,233.4612928903496,1429
2021-01-10,209.4823594517286,1428
2021-01-11,-305.73160632708124,1429
2021-01-12,331.8333836235679,1424
2021-01-13,242.43492807107592,1429
2021-01-14,58.89702551906118,1429
2021-01-15,176.55202207624095,1414
2021-01-16,133.70930322496164,1429
2021-01-17,159.10592543587018,1429
2021-01-18,-49.38811879026849,1429
2021-01-19,166.8361608301863,1429
2021-01-20,77.97933860760807,1429
2021-01-21,5.004155547246038,1429
2021-01-22,-104.39826672828099,1429
2021-01-23,153.90700298052738,1429
2021-01-24,107.95064995724378,1429
2021-01-25,-30.304888750624727,1429
2021-01-26,7.116507613347313,1429
2021-01-27,-57.7916556760588,1429
2021-01-28,99.20175444024856,1429
2021-01-29,12.049803176238196,1428
2021-01-30,-43.48627319066035,1429
2021-01-31,48.83886758212971,1429
2021-02-01,2.844199037474061,1429
2021-02-02,44.420041882152304,1429
2021-02-03,-13.525406297477963,1429
2021-02-04,91.45352847310453,1429
2021-02-05,151.74394879311697,1429
2021-02-06,116.50752484846105,1429
2021-02-07,-55.80186728994431,1418
2021-02-08,-16.711499660898525,1429
2021-02-09,-94.5013206632826,1429
2021-02-10,112.7146222244947,1428
2021-02-11,66.60239495418217,1429
2021-02-12,69.57911221192285,1429
2021-02-13,-10.156939984450172,1262
2021-02-14,-50.30261186334338,1429
2021-02-15,24.1645857724493,1429
2021-02-16,125.76653343611652,1429
2021-02-17,41.197724631842775,1368
2021-02-18,62.12381944225984,1429
2021-02-19,131.76082661984384,1408
2021-02-20,85.7482668522136,1429
2021-02-21,-21.662649155612677,1429
2021-02-22,-78.9864321968459,1429
2021-02-23,350.8085983349534,1429
2021-02-24,301.71494552647357,1429
2021-02-25,-24.57042263356581,1429
2021-02-26,129.88906278231187,1406
2021-02-27,269.12681636830115,1429
2021-02-28,152.74073139639393,1429
2021-03-01,115.29805469199277,1429
2021-03-02,31.86821251258746,1429
2021-03-03,-27.200537829518066,1428
2021-03-04,-73.23034726563884,1429
2021-03-05,138.99938812508833,1429
2021-03-06,38.81343992144045,1429
2021-03-07,40.452574823272904,1429
2021-03-08,-61.75737641260473,1429
2021-03-09,-95.87932325702513,1429
2021-03-10,-166.4567829593579,1429
2021-03-11,85.5053769356418,1429
2021-03-12,163.65265648161318,1429
2021-03-13,134.5245038249978,1429
2021-03-14,-34.85025375405897,1429
2021-03-15,56.57292804214019,1428
2021-03-16,75.98331740856624,1429
2021-03-17,71.30641109206228,1424
2021-03-18,16.377339146442463,1428
2021-03-19,-175.75880381637396,1428
2021-03-20,84.1538560225155,1425
2021-03-21,-40.66518363075018,1429
2021-03-22,-34.443343704455124,1422
2021-03-23,30.579817011964035,1428
2021-03-24,35.07789832642585,1425
2021-03-25,-318.70054772312653,1429
2021-03-26,-74.15129937050214,1428
2021-03-27,8.916655869404417,1428
2021-03-28,-29.80547737486315,1428
2021-03-29,-112.79075744930203,1428
2021-03-30,117.7332110093638,1426
2021-03-31,-105.73548993706835,1420
2021-04-01,36.95121341213461,1299
2021-04-02,-94.04051410261397,1425
2021-04-03,14.501890255992187,1420
2021-04-04,80.24248198354074,1428
2021-04-05,8.290586396031577,1423
2021-04-06,96.63848045595364,1424
2021-04-07,57.273612338306236,1428
2021-04-08,-96.30159550570856,1428
2021-04-09,44.04110785113803,1427
2021-04-10,-29.206101814615177,1421
2021-04-11,122.4888437530612,1428
2021-04-12,10.019501678916171,1425
2021-04-13,37.46393513876716,1422
2021-04-14,-0.7069981949877795,1376
2021-04-15,61.32398455230643,1425
2021-04-16,71.66129076634577,1405
2021-04-17,69.66957659838704,1411
2021-04-18,-187.6378076646533,1416
2021-04-19,-40.537250215663306,1420
2021-04-20,27.535686728536326,1425
2021-04-21,-6.425731692541367,1340
2021-04-22,-86.41441602730211,1427
2021-04-23,-37.57246115157186,1428
2021-04-24,83.81732762087714,1428
2021-04-25,-64.32516733540155,1416
2021-04-26,-99.49083950959715,1426
2021-04-27,5.548041832822221,1427
2021-04-28,24.947096814296714,1422
2021-04-29,-24.770615366539076,1421
2021-04-30,-11.197819643814832,1428
2021-05-01,27.186649120557938,1427
2021-05-02,-3.5979836089870654,1418
2021-05-03,-79.89740159840238,1423
2021-05-04,-32.97267397569908,1427
2021-05-05,51.416780733822755,1427
2021-05-06,45.169959920205926,1427
2021-05-07,126.97126947879542,1427
2021-05-08,-3.204351178409768,1426
2021-05-09,35.23570397461433,1426
2021-05-10,123.92273830564761,1425
2021-05-11,23.379604687794416,1429
2021-05-12,130.70600848013837,1427
2021-05-13,-162.0718695668012,1428
2021-05-14,129.17067602044776,1428
2021-05-15,31.940792772928155,1429
2021-05-16,-41.46006906331221,1428
2021-05-17,319.91237324882655,1429
2021-05-18,37.39751472023982,1428
2021-05-19,-855.425036632741,1320
2021-05-20,51.39607053364812,1383
2021-05-21,1.423841284862256,1428
2021-05-22,762.3037075101965,1429
2021-05-23,28.133871254183937,1429
2021-05-24,289.1218491012046,1429
2021-05-25,145.91084504433604,1429
2021-05-26,41.65124335670461,1428
2021-05-27,153.94642188492062,1429
2021-05-28,34.5807356047369,1429
2021-05-29,110.84099883824722,1428
2021-05-30,175.66623849956605,1429
2021-05-31,32.06710507440278,1428
2021-06-01,29.26011364561655,1429
2021-06-02,55.54563023494258,1429
2021-06-03,27.863952196992436,1429
2021-06-04,-31.8212559583302,1429
2021-06-05,-173.36966033381034,1428
2021-06-06,-25.532433989569043,1428
2021-06-07,-63.84843126948772,1429
2021-06-08,-188.33218687958183,1429
2021-06-09,-86.38162153549311,1429
2021-06-10,-47.10119931395814,1429
2021-06-11,114.00129077253588,1429
2021-06-12,156.92943482389418,1428
2021-06-13,-8.605243522086889,1429
2021-06-14,-117.8333822462614,1429
2021-06-15,49.0790704297002,1429
2021-06-16,-38.40750383450914,1429
2021-06-17,61.138355856845926,1429
2021-06-18,36.05187108627813,1428
2021-06-19,111.82065313553102,1429
2021-06-20,-103.39892891567591,1429
2021-06-21,138.1129558249292,1429
2021-06-22,-176.48866854264355,1429
2021-06-23,109.20904595376325,1429
2021-06-24,176.43206923936356,1429
2021-06-25,99.78691053504784,1428
2021-06-26,34.508814392766425,1429
2021-06-27,12.689050080403371,1429
2021-06-28,-77.06910336699157,1429
2021-06-29,3.77772417764472,1429
2021-06-30,147.71926973095592,1429
2021-07-01,-15.724666762894039,1429
2021-07-02,-4.32754801947359,1429
2021-07-03,-3.7040648956808147,1429
2021-07-04,45.36257823817636,1429
2021-07-05,-30.71613870462873,1428
2021-07-06,40.940510533396804,1429
2021-07-07,158.54580338516718,1429
2021-07-08,-47.96718084697972,1429
2021-07-09,1.5482824839090898,1429
2021-07-10,82.52444796583079,1429
2021-07-11,26.251840272636535,1429
2021-07-12,30.45195483754958,1429
2021-07-13,8.157254481277432,1429
2021-07-14,50.85309217508769,1429
2021-07-15,124.06940818591715,1368
2021-07-16,35.041520696491126,1429
2021-07-17,103.5064012273661,1429
2021-07-18,-35.831586053694735,1429
2021-07-19,-59.98992648588659,1428
2021-07-20,66.54717146887086,1429
2021-07-21,-38.442178616665984,1429
2021-07-22,68.65343472446384,1428
2021-07-23,81.23914427609638,1322
2021-07-24,-42.27630098054703,1429
2021-07-25,-31.338276668531208,1429
2021-07-26,-165.83581664083673,1429
2021-07-27,-11.343699420623448,1429
2021-07-28,14.44318660971101,1414
2021-07-29,37.39389982253274,1429
2021-07-30,-33.835124719155274,1428
2021-07-31,128.5145070104634,1429
2021-08-01,-28.650562297670085,1428
2021-08-02,-25.03354456663355,1429
2021-08-03,-114.05913626595861,1283
2021-08-04,-12.482960176103743,1429
2021-08-05,77.86060101648916,1429
2021-08-06,109.124208441507,1429
2021-08-07,-17.52175340513888,1428
2021-08-08,-22.96624935509864,1429
2021-08-09,134.07039168071628,1429
2021-08-10,50.90039759464773,1428
2021-08-11,75.58750876844616,1429
2021-08-12,-16.044415506994298,1429
2021-08-13,11.219053789775101,1428
2021-08-14,32.63417315789054,1429
2021-08-15,111.02004922856463,1428
2021-08-16,12.748491585935687,1429
2021-08-17,-26.64651037806969,1429
2021-08-18,95.1624237281211,1428
2021-08-19,-40.72380253965154,1429
2021-08-20,-121.2583002969318,1429
2021-08-21,-0.28715416916973036,1414
2021-08-22,40.24164664772642,1429
2021-08-23,81.60154474118919,1429
2021-08-24,32.72205779287979,1429
2021-08-25,28.01418163409553,1428
2021-08-26,14.753454175591553,1429
2021-08-27,-59.039517403598325,1429
2021-08-28,35.70452966474751,1368
2021-08-29,-49.219961910039004,1429
2021-08-30,52.92061561935975,1429
2021-08-31,-81.97458245025409,1428
2021-09-01,37.32036564058893,1429
2021-09-02,15.044255376687383,1429
2021-09-03,-8.037617678466829,1429
2021-09-04,43.782776021378126,1429
2021-09-05,42.49724520126128,1429
2021-09-06,-23.585672665599972,1428
2021-09-07,-201.07162656268565,1429
2021-09-08,284.38405257384784,1429
2021-09-09,102.28515709822206,1428
2021-09-10,-52.10431456746281,1429
2021-09-11,-31.177328929775967,1429
2021-09-12,-62.52775437726079,1428
2021-09-13,102.2668492367986,1428
2021-09-14,95.61276163600539,1429
2021-09-15,-5.199900576948307,1429
2021-09-16,-40.02072458064788,1429
2021-09-17,-53.99732613286298,1423
2021-09-18,9.480250999327282,1429
2021-09-19,99.31719639419197,1428
2021-09-20,-108.03417158847573,1429
2021-09-21,215.1135453131257,1429
2021-09-22,83.16418776290091,1429
2021-09-23,91.08061002539452,1429
2021-09-24,-302.743020024022,1429
2021-09-25,-31.87027258181847,1429
2021-09-26,-53.93685539725577,1429
2021-09-27,55.83029442250559,1428
2021-09-28,94.29122616226417,1415
2021-09-29,50.8801854058765,1429
2021-09-30,10.849714577042056,1428
2021-10-01,7.6378838859179226,1429
2021-10-02,100.44249032047914,1429
2021-10-03,-20.94416338345672,1428
2021-10-04,36.70028890509253,1428
2021-10-05,56.70881787523998,1429
2021-10-06,-199.85349007507352,1429
2021-10-07,-33.82766103551941,1429
2021-10-08,-53.15716387011367,1428
2021-10-09,34.72784238498335,1428
2021-10-10,55.65942068801034,1429
2021-10-11,-29.48213275959191,1429
2021-10-12,45.00825237674936,1429
2021-10-13,-155.1413335898758,1368
2021-10-14,-85.37211418867598,1429
2021-10-15,78.26019940938328,1429
2021-10-16,10.55004721090245,1428
2021-10-17,46.92255501581067,1416
2021-10-18,18.13056883777074,1423
2021-10-19,188.48198438250324,1429
2021-10-20,-100.4447163440476,1429
2021-10-21,-35.086231550963696,1429
2021-10-22,-96.02642667178986,1428
2021-10-23,-13.662965678307916,1409
2021-10-24,65.61088083423343,1370
2021-10-25,-102.84962686693201,1424
2021-10-26,43.27741210780675,1389
2021-10-27,-150.97505857694676,1412
2021-10-28,105.77849223651026,1411
2021-10-29,-60.695261892595404,1422
2021-10-30,-44.35714829256314,1402
2021-10-31,56.65288601901767,1401
2021-11-01,-28.077258591689503,1419
2021-11-02,-4.199910453664212,1414
2021-11-03,85.2899504920577,1409
2021-11-04,25.310682719563808,1413
2021-11-05,40.6090595295491,1409
2021-11-06,16.614268657534026,1395
2021-11-07,10.7059958204963,1364
2021-11-08,-32.08203120043569,1360
2021-11-09,-116.66248373023572,1420
2021-11-10,-61.887758114193005,1406
2021-11-11,65.33346140429205,1417
2021-11-12,-33.55149595865267,1354
2021-11-13,-33.550261080585365,1358
2021-11-14,18.87121277392225,1275
2021-11-15,-5.62171570782975,1279
2021-11-16,-27.982228535924563,1405
2021-11-17,99.98294339509735,1426
2021-11-18,147.55670086492685,1396
2021-11-19,-77.27903832991043,1419
2021-11-20,89.69939406812668,1402
2021-11-21,-20.81094212079678,1404
2021-11-22,-35.115220932295394,1408
2021-11-23,87.43297475914954,1422
2021-11-24,158.4319753326643,1404
2021-11-25,-108.11875979075909,1398
2021-11-26,-150.1120028145191,1393
2021-11-27,-37.00543886274614,1428
2021-11-28,53.72390616359889,1428
2021-11-29,-58.0008564433913,1425
2021-11-30,-71.331480561757,1424
2021-12-01,16.216551392854058,1416
2021-12-02,20.102829043193562,1427
2021-12-03,1.6924180878952084,1428
2021-12-04,-287.82506304617885,1423
2021-12-05,117.87592173513953,1429
2021-12-06,18.167122949554166,1429
2021-12-07,-78.56267110328366,1429
2021-12-08,23.50974258753048,1428
2021-12-09,59.592504215639,1428
2021-12-10,48.70597633786969,1429
2021-12-11,46.221073467303775,1428
2021-12-12,-16.111310227443006,1429
2021-12-13,-126.20686322990481,1429
2021-12-14,44.587232671564124,1429
2021-12-15,20.411445500115313,1428
2021-12-16,-33.675085050117254,1429
2021-12-17,70.90580598884627,1428
2021-12-18,5.885925379974541,1428
2021-12-19,-51.62876903078489,1429
2021-12-20,41.8977334412655,1429
2021-12-21,-116.36000361984568,1429
2021-12-22,-30.02122126532199,1429
2021-12-23,32.40350730772632,1428
2021-12-24,-0.8074553370145279,1429
2021-12-25,-4.431905421631466,1429
2021-12-26,3.2698431780134563,1428
2021-12-27,8.0554354027524,1428
2021-12-28,19.77605576213575,1429
2021-12-29,31.332051421797143,1429
2021-12-30,-0.6704071434730967,1429
2021-12-31,-54.084268292465275,1429
2022-01-01,16.565389840086826,1427
2022-01-02,64.98395147178346,1428
2022-01-03,90.11407093048115,1429
2022-01-04,30.80648930307688,1429
2022-01-05,-23.807542666693497,1428
2022-01-06,74.42118230661322,1428
2022-01-07,-39.8098808541675,1429
2022-01-08,49.48348283427619,1429
2022-01-09,-40.912022105835085,1428
2022-01-10,-288.47949110391414,1428
2022-01-11,48.272015076481615,1428
2022-01-12,0.48291857756788303,1429
2022-01-13,50.99502316532739,1428
2022-01-14,-38.767334249562126,1428
2022-01-15,42.13534259261805,1428
2022-01-16,11.428132980547497,1428
2022-01-17,44.97848759457483,1428
2022-01-18,49.22812353034962,1429
2022-01-19,-54.31002422495196,1429
2022-01-20,-23.226601389861237,1428
2022-01-21,-171.88662061242235,1429
2022-01-22,88.22592110193644,1429
2022-01-23,128.31343805093059,1429
2022-01-24,-87.35775179418891,1429
2022-01-25,19.41608233326521,1428
2022-01-26,57.01408145291354,1429
2022-01-27,22.45109607154614,1368
2022-01-28,-25.708452811352377,1429
2022-01-29,67.62923134556065,1428
2022-01-30,65.49126922078254,1428
2022-01-31,-33.526703092738884,1429
2022-02-01,50.727707822738424,1429
2022-02-02,-33.4213643769402,1428
2022-02-03,-25.897177958327475,1429
2022-02-04,31.77216919845768,1428
2022-02-05,-100.84475883531398,1429
2022-02-06,34.43690942841884,1428
2022-02-07,-71.67441473941474,1429
2022-02-08,9.665813840591822,1428
2022-02-09,-75.35601221045398,1429
2022-02-10,-0.6045957307092742,1428
2022-02-11,110.35532011450353,1429
2022-02-12,-11.735124339302551,1429
2022-02-13,-19.437286818366506,1429
2022-02-14,-26.07468433944266,1428
2022-02-15,-97.43453971740878,1428
2022-02-16,-22.830764343873312,1428
2022-02-17,-170.41684782127714,1429
2022-02-18,176.35082504038314,1429
2022-02-19,134.64615371270904,1429
2022-02-20,-47.858380838240066,1428
2022-02-21,-220.2776633836848,1429
2022-02-22,-6.033538719451488,1429
2022-02-23,41.88090398537935,1429
2022-02-24,-196.4720065282004,1429
2022-02-25,-181.8060831338939,1429
2022-02-26,12.996200791965318,1428
2022-02-27,-21.29547182652949,1429
2022-02-28,-139.36104888053157,1429
2022-03-01,-106.73686771458762,1429
2022-03-02,-43.71777665153182,1428
2022-03-03,60.19684115767684,1429
2022-03-04,115.07991501746234,1429
2022-03-05,1.5754934897623392,1429
2022-03-06,-48.1730075512793,1429
2022-03-07,-84.576119317454,1428
2022-03-08,189.27493373929462,1429
2022-03-09,-141.99226297286742,1429
2022-03-10,-38.043148253703265,1429
2022-03-11,-60.347973068199444,1429
2022-03-12,62.553948865848845,1429
2022-03-13,29.917292159900825,1429
2022-03-14,7.3274611823447,1428
2022-03-15,-40.829274654942346,1429
2022-03-16,-258.94172381759967,1428
2022-03-17,125.63290130678251,1429
2022-03-18,24.72567694647143,1428
2022-03-19,9.802203370713348,1429
2022-03-20,3.4664372186535566,1429
2022-03-21,14.304894782447585,1429
2022-03-22,-181.38374053977435,1429
2022-03-23,52.275486622224015,1429
2022-03-24,29.900782913649934,1429
2022-03-25,-21.6417561296302,1429
2022-03-26,26.55142222221635,1429
2022-03-27,14.205627979833835,1429
2022-03-28,-1.7803397874427145,1428
2022-03-29,-33.45836112003283,1429
2022-03-30,41.99927531562918,1429
2022-03-31,49.22418792751156,1429
2022-04-01,-85.5087840460204,1429
2022-04-02,13.74786744252955,1429
2022-04-03,-20.381330125638343,1428
2022-04-04,9.160409324780044,1428
2022-04-05,-17.510185364748796,1429
2022-04-06,11.812171317730233,1427
2022-04-07,20.263378219730985,1429
2022-04-08,47.256457659757835,1428
2022-04-09,-31.640043091818477,1428
2022-04-10,2.6495099404179636,1427
2022-04-11,-48.84620666691786,1428
2022-04-12,60.37363403641768,1367
2022-04-13,-50.06831807230596,1429
2022-04-14,41.28144196051011,1428
2022-04-15,72.7551236594043,1428
2022-04-16,26.96376183653145,1427
2022-04-17,6.673298608697174,1424
2022-04-18,-46.090656614623356,1429
2022-04-19,-96.47335260568923,1429
2022-04-20,-48.62695902466829,1428
2022-04-21,-39.38734775296251,1429
2022-04-22,113.11638452109015,1429
2022-04-23,73.91108169037265,1429
2022-04-24,10.176873370809384,1424
2022-04-25,-73.60508611195311,1428
2022-04-26,-123.43254010069258,1429
2022-04-27,75.1028700916398,1429
2022-04-28,-16.70124921405427,1428
2022-04-29,-22.758220717327017,1429
2022-04-30,47.90540489264015,1428
2022-05-01,47.88565311540182,1428
2022-05-02,13.740237096573953,1429
2022-05-03,36.2222989928085,1429
2022-05-04,-20.946704975665764,1421
2022-05-05,-78.46675597195159,1429
2022-05-06,-37.314442849497944,1429
2022-05-07,9.114438559812037,1428
2022-05-08,-22.62053397356441,1429
2022-05-09,6.890252000341423,1429
2022-05-10,-161.8566562661806,1415
2022-05-11,-119.257738649725,1429
2022-05-12,275.9871697177345,1429
2022-05-13,68.127338797081,1428
2022-05-14,-60.76062049324308,1429
2022-05-15,7.180416452141956,1429
2022-05-16,-191.90280551545231,1429
2022-05-17,-123.34975723355168,1429
2022-05-18,47.31113915294612,1429
2022-05-19,56.29503639517086,1429
2022-05-20,-126.75988886215882,1425
2022-05-21,91.64281317350711,1427
2022-05-22,15.932128458705925,1428
2022-05-23,86.12701176137989,1428
2022-05-24,-20.27825745029832,1429
2022-05-25,-17.655262418939994,1429
2022-05-26,-28.395311374652618,1429
2022-05-27,49.59741094636892,1429
2022-05-28,73.65595609358664,1429
2022-05-29,64.1468795978133,1428
2022-05-30,-30.857111533619797,1429
2022-05-31,72.71367481061876,1429
2022-06-01,50.31254237152542,1429
2022-06-02,-85.30546476117884,1429
2022-06-03,19.102449164129435,1428
2022-06-04,33.09517825846019,1429
2022-06-05,22.92444571486191,1428
2022-06-06,-51.67949195398456,1428
2022-06-07,-80.49630748396987,1428
2022-06-08,-29.560746803141523,1367
2022-06-09,128.90882437618524,1428
2022-06-10,115.50534250422058,1429
2022-06-11,-5.985743471668487,1429
2022-06-12,-30.07009097377801,1429
2022-06-13,-176.30657673675083,1429
2022-06-14,-251.1923094370318,1429
2022-06-15,48.15344902559395,1429
2022-06-16,213.18181525776674,1429
2022-06-17,279.9953985096373,1429
2022-06-18,10.685139717087509,1429
2022-06-19,-153.1975835987953,1429
2022-06-20,50.110844875039916,1429
2022-06-21,2.1345163792618482,1349
2022-06-22,150.03775493421628,1428
2022-06-23,86.11488754960165,1429
2022-06-24,-52.73370617794234,1429
2022-06-25,-52.31168642067214,1428
2022-06-26,0.2468162764095692,1429
2022-06-27,-36.0644484000202,1429
2022-06-28,40.735980298543595,1429
2022-06-29,60.71927059957059,1429
2022-06-30,-38.37135918915397,1428
2022-07-01,-129.29353210371917,1429
2022-07-02,118.29468452566768,1429
2022-07-03,71.82156621998578,1429
2022-07-04,-48.34561495094174,1429
2022-07-05,-154.99638552024035,1429
2022-07-06,-94.7896827516897,1429
2022-07-07,20.135279750902093,1429
2022-07-08,12.16342837452545,1429
2022-07-09,97.1745766561037,1429
2022-07-10,2.2099784262357463,1429
2022-07-11,34.93324403398839,1429
2022-07-12,18.73341368268615,1429
2022-07-13,98.08848743362252,1367
2022-07-14,-62.68271734164832,1428
2022-07-15,-117.56482062047084,1426
2022-07-16,38.34246094407276,1429
2022-07-17,-12.861935342634332,1429
2022-07-18,-66.32440246140578,1428
2022-07-19,-57.564177878766124,1429
2022-07-20,10.224354805915244,1428
2022-07-21,-16.281392617461165,1429
2022-07-22,77.2020841741696,1428
2022-07-23,79.01884394638661,1428
2022-07-24,70.69735512492404,1428
2022-07-25,149.08631449994232,1428
2022-07-26,-171.6506741102508,1429
2022-07-27,71.36278808587889,1429
2022-07-28,-51.64190339932985,1429
2022-07-29,-48.61442696813138,1428
2022-07-30,65.32873670077755,1429
2022-07-31,53.51065147147415,1429
2022-08-01,14.293639066803818,1429
2022-08-02,-35.46464518805672,1428
2022-08-03,-6.306750877326287,1428
2022-08-04,81.3259491900876,1429
2022-08-05,-86.76225134850266,1419
2022-08-06,58.84845078562036,1428
2022-08-07,89.66973446499142,1427
2022-08-08,-32.33938864128133,1428
2022-08-09,34.82916972193074,1428
2022-08-10,33.29039187825559,1428
2022-08-11,-18.168291645398295,1429
2022-08-12,76.83086862386249,1429
2022-08-13,-0.5508768043757496,1429
2022-08-14,32.151454241282494,1428
2022-08-15,-31.947739929372432,1428
2022-08-16,38.50880346507522,1428
2022-08-17,-34.00030808394851,1429
2022-08-18,70.77034081235914,1429
2022-08-19,-67.37406399660291,1429
2022-08-20,69.0387184213232,1429
2022-08-21,4.7962107323365775,1429
2022-08-22,138.21576048326563,1429
2022-08-23,-80.0607722314212,1429
2022-08-24,37.56728740252099,1429
2022-08-25,24.584556772254686,1428
2022-08-26,-58.19155833997349,1429
2022-08-27,-63.65760885369141,1429
2022-08-28,51.664969743578986,1428
2022-08-29,34.3520250577127,1428
2022-08-30,5.6775400099870135,1428
2022-08-31,-1.0106301243254676,1429
2022-09-01,103.51797659156617,1428
2022-09-02,30.691204159449185,1429
2022-09-03,-3.3174527872831305,1428
2022-09-04,33.74978352296325,1429
2022-09-05,27.41858241099784,1428
2022-09-06,-76.58064630932986,1429
2022-09-07,-54.62648592994053,1428
2022-09-08,34.183999232827574,1428
2022-09-09,62.38261520469318,1429
2022-09-10,-32.943332214740266,1428
2022-09-11,32.317146430959525,1429
2022-09-12,27.238905315850793,1429
2022-09-13,42.36524741819931,1429
2022-09-14,-67.354091683183,1429
2022-09-15,74.94449746062502,1428
2022-09-16,94.66448973505048,1429
2022-09-17,-12.263725090901413,1428
2022-09-18,30.1175290708241,1429
2022-09-19,-63.00129292118523,1428
2022-09-20,76.58546031349492,1368
2022-09-21,45.172736922140295,1428
2022-09-22,221.76459058947083,1429
2022-09-23,70.55561823932656,1428
2022-09-24,32.388338830057045,1428
2022-09-25,22.299348635541442,1429
2022-09-26,-58.85004477490982,1429
2022-09-27,-14.180296089573716,1429
2022-09-28,-116.27965779962983,1368
2022-09-29,89.34052843127036,1429
2022-09-30,-17.72752374111965,1429
2022-10-01,66.78133792210532,1429
2022-10-02,6.23701108030419,1429
2022-10-03,-35.47507995531391,1429
2022-10-04,52.57110429550749,1429
2022-10-05,64.46515486765813,1429
2022-10-06,19.687498374148085,1426
2022-10-07,61.49187955972207,1429
2022-10-08,31.84278908350619,1429
2022-10-09,17.834842018033964,1429
2022-10-10,46.82265314570378,1428
2022-10-11,13.619919922983566,1429
2022-10-12,41.2262774688762,1429
2022-10-13,-24.545013008735463,1428
2022-10-14,-166.1740922622177,1428
2022-10-15,36.27527756522337,1429
2022-10-16,41.6147358277603,1429
2022-10-17,-1.9951563071195064,1428
2022-10-18,51.41118460548634,1429
2022-10-19,-10.123324251548286,1428
2022-10-20,3.1895388400047957,1429
2022-10-21,-41.06533208793917,1429
2022-10-22,-39.16748963869179,1429
2022-10-23,8.189950236198968,1429
2022-10-24,35.89801599900222,1429
2022-10-25,47.7188646688233,1429
2022-10-26,35.21101922625478,1429
2022-10-27,102.8079525329613,1429
2022-10-28,-10.858696309019281,1429
2022-10-29,4.890304177452308,1429
2022-10-30,37.30252189507448,1428
2022-10-31,-91.14926196503347,1429
2022-11-01,105.61934932465955,1429
2022-11-02,68.5067795407114,1428
2022-11-03,69.98663761228282,1429
2022-11-04,11.354608674602257,1429
2022-11-05,-24.52982952464426,1429
2022-11-06,44.07006957527196,1428
2022-11-07,4.122339449152989,1429
2022-11-08,-232.67053822875775,1429
2022-11-09,-324.60398075546686,1429
2022-11-10,115.61161633181054,1429
2022-11-11,-70.207349145746,1428
2022-11-12,77.16794479087639,1429
2022-11-13,56.55762827457553,1429
2022-11-14,126.25294446892022,1367
2022-11-15,0.4651512086415499,1429
2022-11-16,26.62054070870135,1429
2022-11-17,25.8624536521351,1429
2022-11-18,11.162255662286368,1427
2022-11-19,-1.0973591072755624,1429
2022-11-20,-1.0197442782436874,1428
2022-11-21,-73.5407804584294,1429
2022-11-22,71.67280458374579,1428
2022-11-23,-10.1554459084038,1429
2022-11-24,-91.55102619867503,1428
2022-11-25,10.816100780468238,1429
2022-11-26,15.408254260354767,1428
2022-11-27,-3.49124524322187,1429
2022-11-28,-56.5618315835541,1429
2022-11-29,-36.97669866192968,1429
2022-11-30,-84.11127587341626,1429
2022-12-01,39.34907831214323,1429
2022-12-02,5.265846486172606,1428
2022-12-03,15.305212547285068,1429
2022-12-04,6.610459132985826,1428
2022-12-05,-30.200920269678015,1428
2022-12-06,4.921040953878787,1429
2022-12-07,26.129293617686805,1429
2022-12-08,47.53664025680021,1428
2022-12-09,-67.47079924318491,1429
2022-12-10,6.850618906024041,1429
2022-12-11,17.30710950269317,1429
2022-12-12,18.691867654696402,1429
2022-12-13,33.656932361206316,1428
2022-12-14,16.650613544973663,1429
2022-12-15,-116.50693676232787,1429
2022-12-16,-0.3781683420158113,1429
2022-12-17,2.2706458508513077,1429
2022-12-18,30.285219185551835,1428
2022-12-19,43.9662666295691,1429
2022-12-20,26.616594025460522,1428
2022-12-21,-33.356819893828664,1429
2022-12-22,29.868415926281582,1428
2022-12-23,12.870123938542683,1429
2022-12-24,7.360482475232229,1428
2022-12-25,14.492258384173484,1424
2022-12-26,-8.678156410240708,1428
2022-12-27,-36.35851569172309,1426
2022-12-28,-0.7502471669794062,1429
2022-12-29,-28.89155120668812,1428
2022-12-30,-20.710392458814297,1428
2022-12-31,-30.4807644290997,1428
2023-01-01,20.239765493915733,1426
2023-01-02,-20.472522391843537,1426
2023-01-03,-19.711188069721274,1427
2023-01-04,34.982440069217176,1429
2023-01-05,-34.02268295748718,1429
2023-01-06,-9.88151050947482,1429
2023-01-07,30.412389414139962,1424
2023-01-08,9.811874669000147,1418
2023-01-09,-4.593269589120728,1424
2023-01-10,10.645046988623712,1367
2023-01-11,4.230203563589275,1429
2023-01-12,27.043479884404245,1429
2023-01-13,-106.99402686935031,1429
2023-01-14,-152.0562464168985,1425
2023-01-15,-6.250162430600718,1429
2023-01-16,99.77516278669422,1428
2023-01-17,51.69089132704159,1429
2023-01-18,104.69603306452143,1429
2023-01-19,-44.398673142151544,1429
2023-01-20,-17.316209446085757,1429
2023-01-21,-17.622877183135202,1429
2023-01-22,45.30457912532905,1429
2023-01-23,133.6703007365315,1429
2023-01-24,43.43517857603943,1429
2023-01-25,12.9170850699292,1425
2023-01-26,25.30324161563397,1429
2023-01-27,21.148763879275478,1428
2023-01-28,76.11265247728655,1429
2023-01-29,8.446792263360487,1429
2023-01-30,19.633290626463076,1428
2023-01-31,83.40290646545193,1429
2023-02-01,41.06098222170759,1429
2023-02-02,-4.183633038737599,1429
2023-02-03,23.11705116501766,1429
2023-02-04,19.99345676628147,1429
2023-02-05,-2.0966602760321,1427
2023-02-06,-40.7012941165129,1429
2023-02-07,40.33660488078611,1429
2023-02-08,73.44961646229467,1429
2023-02-09,-35.51750305210906,1368
2023-02-10,-28.73694684077556,1429
2023-02-11,20.736730639216855,1428
2023-02-12,-32.83025562293446,1429
2023-02-13,12.777202686965952,1429
2023-02-14,-97.89497968760067,1429
2023-02-15,9.691860201342509,1428
2023-02-16,-146.01904296888858,1428
2023-02-17,-25.351839274296786,1429
2023-02-18,-106.09532147722697,1429
2023-02-19,55.08115481079158,1428
2023-02-20,-7.105540230790972,1428
2023-02-21,115.73644252244034,1428
2023-02-22,-52.274628310313716,1428
2023-02-23,-142.88437582401738,1429
2023-02-24,38.00849801979273,1429
2023-02-25,-21.05728989838981,1429
2023-02-26,27.95454876305501,1429
2023-02-27,-57.77480416690191,1429
2023-02-28,29.987893844162056,1429
2023-03-01,-8.107646667426806,1429
2023-03-02,60.297856040794116,1428
2023-03-03,-27.451647552647263,1429
2023-03-04,3.3431890519827268,1428
2023-03-05,24.614814113377466,1429
2023-03-06,60.397066889739406,1429
2023-03-07,22.20516853937934,1429
2023-03-08,3.985444594051372,1429
2023-03-09,-23.51587255462028,1428
2023-03-10,-80.38380927181822,1428
2023-03-11,-79.35088781825803,1428
2023-03-12,60.05131145612996,1429
2023-03-13,-252.21121139909476,1429
2023-03-14,-152.3233103785641,1428
2023-03-15,-14.479913642988672,1429
2023-03-16,202.69585872591227,1428
2023-03-17,115.62670888862579,1427
2023-03-18,55.866699861556754,1429
2023-03-19,66.15518096941514,1428
2023-03-20,72.0787201582925,1429
2023-03-21,-51.96997126393343,1429
2023-03-22,-37.123427222137806,1429
2023-03-23,-219.74792549820407,1429
2023-03-24,32.024054398850396,1426
2023-03-25,-166.64173383066122,1423
2023-03-26,19.966597338417913,1396
2023-03-27,10.440190251082242,1329
2023-03-28,27.71173641194017,1404
2023-03-29,45.824381300013194,1393
2023-03-30,-6.4036461060858185,1384
2023-03-31,-31.758168457184485,1388
2023-04-01,-9.05931415937738,1292
2023-04-02,3.3839936544157165,1222
2023-04-03,-81.66180341235382,1348
2023-04-04,-17.317835490600647,1361
2023-04-05,27.9372377158187,1274
2023-04-06,31.947101100006897,1209
2023-04-07,-3.3024683873858054,1021
2023-04-08,-8.750747465340321,808
2023-04-09,0.4939801159423578,767
2023-04-10,-40.252698912819035,1152
2023-04-11,-180.58031118927687,1362
2023-04-12,35.79289938855937,1211
2023-04-13,10.042771283957764,1188
2023-04-14,-14.576690629747612,1292
2023-04-15,27.82158235758891,1052
2023-04-16,7.568976093193276,885
2023-04-17,-112.19196711671053,1143
2023-04-18,-62.43241845661435,1198
2023-04-19,45.09148746148178,1219
2023-04-20,-40.61640718352662,1296
2023-04-21,-97.19650083853968,1379
2023-04-22,-191.14984419229205,1319
2023-04-23,-26.64154261697231,1239
2023-04-24,-58.877832930708415,1232
2023-04-25,81.09925894158326,1256
2023-04-26,-72.79947102858982,1307
2023-04-27,-291.9259621742078,1299
2023-04-28,66.82850838202381,1300
2023-04-29,22.768613647746925,1110
2023-04-30,37.3515564855109,1012
2023-05-01,-69.71594727646928,1270
2023-05-02,118.01272144269062,1283
2023-05-03,67.34258865348637,1160
2023-05-04,-17.462418186284815,1216
2023-05-05,106.21371785652067,1140
2023-05-06,42.61980021024067,1165
2023-05-07,-23.339439462637333,1246
2023-05-08,114.87350143187541,1302
2023-05-09,36.59847330369024,1277
2023-05-10,-13.923516355829175,1116
2023-05-11,-157.53794705563172,1241
2023-05-12,-10.257402393346148,1295
2023-05-13,-5.619389099699161,1190
2023-05-14,1.1511504562037125,1077
2023-05-15,-17.487526329357582,1183
2023-05-16,58.08512683358548,1192
2023-05-17,34.10415892164438,1186
2023-05-18,9.986610191739786,1198
2023-05-19,-52.47133216654669,1175
2023-05-20,63.14401092735608,830
2023-05-21,-5.853390801198337,943
2023-05-22,9.838942213035635,1061
2023-05-23,5.600786913249719,1119
2023-05-24,-45.39363570750131,1079
2023-05-25,40.86638319815579,1249
2023-05-26,8.93228521993139,1390
2023-05-27,-3.435333247997356,1369
2023-05-28,-102.1649539677481,1367
2023-05-29,-22.52280300847247,1419
2023-05-30,17.581044384352367,1407
2023-05-31,10.091216814108098,1409
2023-06-01,12.169902028930087,1420
2023-06-02,29.13350655911837,1411
2023-06-03,-2.0626790046418577,1370
2023-06-04,-11.513381883369675,1361
2023-06-05,33.945377274832175,1402
2023-06-06,-77.58919866012126,1425
2023-06-07,-59.52436838634047,1428
2023-06-08,108.68797973264995,1422
2023-06-09,17.993553840883063,1420
2023-06-10,45.23337541969097,1421
2023-06-11,36.00230665035325,1427
2023-06-12,81.85440828079773,1412
2023-06-13,64.58459267577145,1421
2023-06-14,42.07688559230641,1403
2023-06-15,-27.666268816967293,1422
2023-06-16,29.207104114147445,1420
2023-06-17,-53.082577004418326,1399
2023-06-18,67.22529623107638,1385
2023-06-19,18.139842586916153,1396
2023-06-20,-45.82824966412254,1416
2023-06-21,-98.69803068339449,1428
2023-06-22,-79.32218653332117,1426
2023-06-23,86.38257737434172,1418
2023-06-24,-50.731316860708795,1425
2023-06-25,21.700865253491433,1410
2023-06-26,50.7001952117022,1421
2023-06-27,20.627763653443157,1421
2023-06-28,20.87208324722517,1415
2023-06-29,2.781067316617354,1421
2023-06-30,5.087114106016519,1420
2023-07-01,18.063256147367348,1399
2023-07-02,32.5590714362264,1325
2023-07-03,19.407030016802675,1414
2023-07-04,-73.11595679644218,1398
2023-07-05,2.3964581502988733,1272
2023-07-06,-79.02088088818421,1179
2023-07-07,27.350956041308933,1259
2023-07-08,6.465636369898776,1172
2023-07-09,-13.339479159609288,962
2023-07-10,32.57740296311678,1056
2023-07-11,-11.891625036533556,1143
2023-07-12,54.12145352124815,1060
2023-07-13,5.889791740044469,1065
2023-07-14,-0.03665460751910299,1214
2023-07-15,-28.422443280718863,1027
2023-07-16,6.326551194442784,765
2023-07-17,-23.533104596909098,927
2023-07-18,-51.55474701851415,1125
2023-07-19,-27.99536225300482,1129
2023-07-20,-12.13923136951469,1132
2023-07-21,7.80998848953724,955
2023-07-22,-10.53047794604467,749
2023-07-23,13.562633340011539,783
2023-07-24,-82.9249990124944,1072
2023-07-25,-62.382744415355575,1342
2023-07-26,10.561803386242003,1207
2023-07-27,11.290942204472362,1114
2023-07-28,-11.337581630595125,1198
2023-07-29,-0.4994644801226192,1097
2023-07-30,-5.95908764950827,780
2023-07-31,-5.506312467355674,1216
2023-08-01,-12.364911904081826,1373
2023-08-02,-90.44792406734958,1393
2023-08-03,62.42505308791251,1394
2023-08-04,62.51049608146576,1343
2023-08-05,-33.16785396509131,1245
2023-08-06,1.506215710749273,1100
2023-08-07,-15.23896213861811,1340
2023-08-08,-38.54162977993212,1362
2023-08-09,42.223210166787446,1384
2023-08-10,-20.87532445896673,1351
2023-08-11,-1.179924061024718,1263
2023-08-12,34.96430115695731,864
2023-08-13,-32.232370698932314,833
2023-08-14,-4.936999575853029,1055
2023-08-15,41.73393782372355,1147
2023-08-16,-10.74320453471349,1270
2023-08-17,-62.28678600406221,1398
2023-08-18,-134.83507016478288,1426
2023-08-19,47.1883787987327,1372
2023-08-20,50.65671561114669,1115
2023-08-21,55.19836965528937,1394
2023-08-22,33.49848234910575,1340
2023-08-23,-53.06166359119134,1389
2023-08-24,-62.7310153314234,1411
2023-08-25,5.925895281382793,1360
2023-08-26,1.390877730101295,1176
2023-08-27,-14.061220614965952,1100
2023-08-28,0.6376103570421895,1302
2023-08-29,-113.78317114823288,1348
2023-08-30,23.906755197586733,1198
2023-08-31,19.623511075125304,995
2023-09-01,-15.118124178720443,1356
2023-09-02,-51.383483660348745,1386
2023-09-03,27.566161154008025,1228
2023-09-04,-21.489031593585178,1289
2023-09-05,-17.750721464590303,1326
2023-09-06,31.96524181218785,1303
2023-09-07,71.999395485729,1331
2023-09-08,-24.94478147737332,1380
2023-09-09,20.94008070029465,1214
2023-09-10,14.419203109365473,1064
2023-09-11,-77.3209998462508,1388
2023-09-12,-133.3771322940301,1414
2023-09-13,41.11726267614614,1389
2023-09-14,-51.43538664207453,1348
2023-09-15,-79.86002311445971,1388
2023-09-16,12.219218788627028,1352
2023-09-17,65.26176931814932,1128
2023-09-18,13.353250112882693,1275
2023-09-19,-41.37658970580486,1372
2023-09-20,62.414612817311436,1366
2023-09-21,-96.75015345445145,1398
2023-09-22,51.98422596702825,1367
2023-09-23,13.70201377915705,1091
2023-09-24,3.2971452917423263,974
2023-09-25,-20.22837592483062,1318
2023-09-26,40.66320701332812,1310
2023-09-27,-62.784843231402974,1096
2023-09-28,20.270382114314657,1117
2023-09-29,-36.90347221839604,1355
2023-09-30,-15.669068168194004,1274
2023-10-01,50.32247756025743,1224
2023-10-02,-69.376458098878,1357
2023-10-03,41.26999660408634,1391
2023-10-04,68.81533968442587,1365
2023-10-05,50.01420586900693,1350
2023-10-06,-49.641016264168215,1343
2023-10-07,50.45080878437311,1321
2023-10-08,35.016263489926644,1268
2023-10-09,18.17071133856476,1322
2023-10-10,21.737130247296847,1334
2023-10-11,13.374315651801783,1388
2023-10-12,-3.0622019779624523,1414
2023-10-13,33.22173254286915,1383
2023-10-14,-29.731737728664132,1358
2023-10-15,36.837421106125284,1289
2023-10-16,-72.6135771552634,1363
2023-10-17,35.38586618583224,1408
2023-10-18,38.14770199696464,1405
2023-10-19,52.36175013667767,1369
2023-10-20,27.918320283479304,1413
2023-10-21,29.604340084867143,1368
2023-10-22,19.081760289287615,1386
2023-10-23,68.21090295520409,1399
2023-10-24,-172.91831564439954,1429
2023-10-25,124.46551318219112,1419
2023-10-26,53.67659943145809,1413
2023-10-27,-6.253451965598631,1382
2023-10-28,-12.976170560492362,1358
2023-10-29,0.05631425056750469,1277
2023-10-30,-23.861515512406644,1385
2023-10-31,20.74047776399725,1380
2023-11-01,-76.55688278242702,1390
2023-11-02,24.023255055085297,1422
2023-11-03,-24.94556573861347,1340
2023-11-04,9.129376013178431,1134
2023-11-05,27.11396371695693,1108
2023-11-06,-26.94481040577218,1184
2023-11-07,57.96921738519379,1172
2023-11-08,61.56529617294736,1338
2023-11-09,-4.680355952027099,1410
2023-11-10,26.071309615503132,1304
2023-11-11,-8.750571853939515,1246
2023-11-12,43.65587261492841,1007
2023-11-13,37.511932504573174,1115
2023-11-14,-11.120985826474586,1376
2023-11-15,-171.2796030634052,1410
2023-11-16,-62.91801611526046,1402
2023-11-17,-10.677824308996325,1382
2023-11-18,83.12867922361254,1293
2023-11-19,17.626381137018853,1159
2023-11-20,5.5134043884816,1253
2023-11-21,-22.79119176252785,1287
2023-11-22,-61.92238699232261,1376
2023-11-23,-19.5816627768137,1379
2023-11-24,59.956515457424615,1307
2023-11-25,-30.66985735025462,1244
2023-11-26,11.260090608793726,1058
2023-11-27,-63.40631695012972,1366
2023-11-28,41.987124742988854,1339
2023-11-29,21.88497599606898,1396
2023-11-30,39.8278768547145,1333
2023-12-01,-27.48509285920869,1365
2023-12-02,45.16294904473253,1260
2023-12-03,-1.8725341730017637,1358
2023-12-04,-55.4832072167326,1399
2023-12-05,-4.959815371148305,1420
2023-12-06,-19.42563710982861,1395
2023-12-07,99.8197799271888,1242
2023-12-08,-65.30233842038784,1260
2023-12-09,32.93042415898782,1082
2023-12-10,14.996574016919515,926
2023-12-11,-45.308817715866255,1141
2023-12-12,-1.694686802184017,1347
2023-12-13,71.01748301064231,1314
2023-12-14,44.806694859960146,1302
2023-12-15,6.661495601721928,1176
2023-12-16,76.80594594812806,1110
2023-12-17,26.82518625301988,1047
