パス	行番号	元の分類	数の出所	抜き書き
docs/AUDITOR/ACTION_LOG.md	9507	記録	計画の後の測り・読み	2 回目(逐語): [聞く] 4. 本値の期間を全期間の表を見た後で選んだ(no_trend_body は全期間 −2.4 [−9.6, 5.0]、2017-08-18 以降 +8.9 [0.6, 17.8])。リード単独で決めてよいか、オーナーに見せるか。5. 静観の門の反証の量「一方向の状態の足を除いた損益」を出さずに通してよいか、後の単位で出す約束を記録するか。
docs/AUDITOR/ACTION_LOG.md	9519	記録	計画の後の測り・読み	5. [直す] 報告 (C) — 5 分・15 分だけを挙げている。DESIGN.md:22 の足は 5・15・30・60。TABLES.md:494 の 30 分 (b) 高は [-0.96, +10.68]、:553 の 60 分 (b) 高は [-4.17, +12.64] で 0 を跨ぐ。(a) も 30 分 :493 の高は [-3.96, +10.98]、60 分 :552 の高は [-1.46, +15.24] で跨ぐ。30・60 分をなぜ主張から外したか。K1
docs/AUDITOR/ACTION_LOG.md	9538	記録	計画の後の測り・読み	1. [止める] RESULTS.md:206・185・983、README_TOOL_A.md:113、liq_cascade_v2.py:367-395・822-848 — 対照 (ii) は「勢いを合わせた」と書かれているが、合わせているのは mat15(m10÷m60 の比)と mat9(向き×5 秒の成行の偏り)だけで、直前の値動きの大きさ(水準)は合わせていない。無作為に選んだ 50 日の (ii) 対照の中央値 |m10| 1.57bp・|m60| 3.73bp
docs/AUDITOR/ACTION_LOG.md	9539	記録	計画の後の測り・読み	2. [直す] t0・t2 — 対照 (ii) が取れなかった 5,359 件(10%)は無作為ではない(取れなかった群 |m60| 中央値 29.0bp・連鎖の中 74%・react_3600 −20.2bp、取れた群 17.2bp・57%・−3.4bp。2024-08-05 が 199 件、2024-02-28 が 187 件)。t1 と t2 は別の母集団。(P3、P4)
docs/AUDITOR/ACTION_LOG.md	9541	記録	計画の後の測り・読み	4. [直す] 「全部逆張りの日等重み平均は測る期間で正、上位 10 日を除くと総和も正」— 日等重み +0.275、プールした平均 −0.054、総和 −694.9bp、正の日 55.5%。上位 10 日の除き方を片側にしか当てていない(正の日の上位 10 日を除くと −3,844)。g×遅れ 6 組のうちプールした平均・総和が負は 5 組。(P4 / KA-08)
docs/AUDITOR/ACTION_LOG.md	9574	記録	計画の後の測り・読み	8. [直す] run_a/RESULTS.md:413-423(t2bal)・517 — 「(iv) の候補とプリントは大きさがそろっている」の根拠が中央値 2 組だけ。(a) 帯の中の残差が出ていない。監査役の再計算では、最小の帯(|m10| が 2.0bp 未満、取れた 4722 件 = 28%)でプリントの中央値 1.13 に対し候補 0.86。(b) 「実 (ii) が取れたプリント 47878」は t1・t2 の 48039 ではなく流し直しの集合(t0 の再現:
docs/AUDITOR/ACTION_LOG.md	9575	記録	計画の後の測り・読み	9. [直す] run_a/RESULTS.md:517-521・1376 — (iv) の「0 の近く」「近い」に検出力(MDE)が付いていない。t6f にはあるが t2・t2s には無い。60 分の対の差 se_day_eq 1.048 なら 2.8×SE = 2.9bp で、実の取れた群の 60 分 react の day_eq_mean −2.77(t2s)より大きい。「清算の分が 0」と「清算の分が react のほぼ全部」を区別できない大きさの SE ではないか。
docs/AUDITOR/ACTION_LOG.md	9583	記録	計画の後の測り・読み	17. [直す] run_a/RESULTS.md:954-957(t10b) — 「基準率を跨ぐ帯」が未定義。連鎖の中は基準率 0.688 に対し [0.7, 0.72](基準率を含む帯は「わからない」の [0.68, 0.7])。コード上は区別できる帯が無いときの代わり(liq_cascade_v2.py:766)としか使わない値で、読みの 3 択の帯とは別。語の意味が書かれていない。(P2)
docs/AUDITOR/ACTION_LOG.md	9624	記録	計画の後の測り・読み	- 25・26 行の「(c) = 上限」「差 = 前もって狙えなかった分」の前提が残っている。結果は逆で、(c 同年) の高は (b) の高より低い(5 分 +2.04 対 +8.78。6 つの足すべてで同じ向き)。(P2、O-7)
docs/AUDITOR/ACTION_LOG.md	9630	記録	計画の後の測り・読み	- 60 分で (i) を成り立たせる 4 年のうち、2023 は高 n=47、2021 は低 n=42。30 分の 2023 は高 n=52。5 分の 2023 は高 n=60 で +54.86 bp。
docs/AUDITOR/ACTION_LOG.md	9638	記録	計画の後の測り・読み	- 30・60 分は区間が広い(30 分 [−9.74, +12.86]、60 分 [−15.39, +15.52])。高の取引数は 873・556 で、検出力の記載が無い。これは「不明」に近い。
docs/AUDITOR/ACTION_LOG.md	9684	記録	計画の後の測り・読み	- (iv) 60 分は差 −0.43±1.05 で、「実の全部(−2.87)」からは 2.3 SE 離れている。「区別できない」は検出力の話で、差の推定そのものの読みではない。
docs/AUDITOR/ACTION_LOG.md	9696	記録	計画の後の測り・読み	- (2) は版 A だけの読みではないか。5 秒・10 秒の符号が版で入れ替わることは本文のどこで読めるのか。(P3, P2)
docs/AUDITOR/ACTION_LOG.md	9753	記録	計画の後の測り・読み	1. [止める] REPORT_v3.md:168-180 — §5.3 の「陰性/不明」は機械の区分ではありません。`criteria.class`(台本 705-713)の文字列にも TABLES §4.0.3 にも「陰性」「不明」の語は無く、報告者が付けた語です(§4 冒頭は「機械が数えた」と書き、§5.3 は `criteria.class` を出所に挙げている)。次の 3 点を答えてください。(a) 「不明 = (基) が成り立つが高 < 最小検出差」の規則を 20
docs/AUDITOR/ACTION_LOG.md	9756	記録	計画の後の測り・読み	4. [直す] REPORT_v3.md:228-231 — 無作為の時刻の対照の【事実】は 5・15 分の 2018〜2023 だけを挙げています。json にある他の数が書かれていません。(i) 2020・2021 を除いた期間は 5 分 +4.50 [−2.01, +10.92]、15 分 +7.03 [−2.98, +18.36] で、どちらも区間が 0 を跨ぎます。(ii) 他の足は 1 分 −0.75、3 分 +1.74、30 分 +5.54、60 分 +4.98
docs/AUDITOR/ACTION_LOG.md	9762	記録	計画の後の測り・読み	10. [直す] REPORT_v3.md:155-164,206-209,242-246 — (c 同年) の「6 つの足すべてで低 > 高」は点推定だけです。5 分は低 +5.53 [+2.43, +8.79]、高 +2.04 [−2.79, +6.35] で区間が重なります。15 分は +2.10 対 +1.65 で差が 0.45 bp です。差の区間が無いまま 245 行の「実際に荒れた取引ほど成績が悪い」を出してよいか。【推定】(244)「保有の混入だけでは説明され
docs/AUDITOR/ACTION_LOG.md	9828	記録	計画の後の測り・読み	1. [止める] REPORT_v4.md:62,143-167,289-296 と TABLES.md:416,432-433、measure_vol_gate.py:771-776 — 3 回目の止める 1 の直しは半分しか届いていません。最小検出差と区間は「高 − 低」「高 − 全」(4.0.3)に付け直されました。しかし言葉を決める (iii) は、(b) の高の平均の区間の下端 > 0 を見るだけで、この 2 つの差を見ていません。5 分の 2020・2021 を除
docs/AUDITOR/ACTION_LOG.md	9832	記録	計画の後の測り・読み	5. [直す] REPORT_v4.md:295-296 — 「そのときの最小検出差は、観測された差より大きい値です」は、区間が 0 を含めば必ず成り立つ文です(|差| < 1.96×SE < 2.8×SE)。検出力の主張になっていません。情報があるのは、除いた期間の最小検出差が 9.8〜22.7 bp という大きさそのものです。これを、全期間で観測した 5 分 +7.88 などと並べて何が言えるかが書かれていません。「検出力を添えた」と言えるのは、この文でですか、大きさの比
docs/AUDITOR/ACTION_LOG.md	9837	記録	計画の後の測り・読み	10. [直す] REPORT_v4.md:290-292,298 と §5.6・§9 — なぜの節が引く升が、表の範囲より狭くなっていませんか。無作為の対照は、区間が 0 を含まない 2 升(5 分 +8.54、15 分 +9.71)だけを引いています。同じ節に、2020・2021 年を除いた 5 分 +3.49 [−3.65, +10.68] と、残り 10 升が 0 を含むことが書かれていません(§5.4 の末尾にだけあります)。5 分の「8(種によって 4)」も、20
docs/AUDITOR/ACTION_LOG.md	9888	記録	計画の後の測り・読み	1. [止める] REPORT_v5.md:96-103,111,118,191 と vol_gate.json `q2.feet.5.criteria.components.iii_year` — 5 分の「前もって分けられた」4 読みは、すべて (iii-年)(塊 4 つ)だけで出ています。(iii-年) を除くと 0(`counts.without_iii_year_8` = 0)。(iii-日) は 2 つの差とも 0 を含みます(高 − 低 [−2.27, +11.
docs/AUDITOR/ACTION_LOG.md	9894	記録	計画の後の測り・読み	7. [直す] REPORT_v5.md:222-233,240 — 無作為の対照の表に n(高・低の件数)がありません。2020・2021 年を除く列は母数が約 4 割に減ります。12 升のうち区間が 0 を含まないのは 2 升(5 分・15 分の全期間)だけです。240 行の「5・15 分の全期間は高の側に差が残る」はその 2 升に依っていて、12 升の中の 2 升という数が同じ文にありません。(P4, P16)
docs/AUDITOR/ACTION_LOG.md	9901	記録	計画の後の測り・読み	14. [聞く] REPORT_v5.md:188,141 — 年の塊の差の区間は、全期間の 1 分 高 − 全が [−3.43, −0.29] で、負の側で 0 を外れます。言葉の規則は正の側の下端 > 0 だけを見ます。負の側(高の方が悪い)が区間で見えているときに「分けられたと言えない」と同じ語で扱うのは、リードが決めてよいことですか。本文は 5 分の正の側だけを書いています。(P16, A-18)
docs/AUDITOR/ACTION_LOG.md	9902	記録	計画の後の測り・読み	確認の記録(指摘ではない): 止める 2 は直っている(両方の重み付けを 6 足に並べた。+10.66/7.88 = 135%、+5.44/7.88 = 69%、層の内の差の和も 6 足とも実際の差に合う。2020・2021 を除いた 5 分の +0.51 / +0.43 も json と一致。「多くは」「大半」は 76 行の否定文だけ)。止める 1 は (iii) の量を差に替える部分(2 つの差の下端、同じ量の最小検出差)は直っている(上の 1 は年の塊の経路の残り)。直
docs/AUDITOR/KNOWN_ANSWERS_ADDENDUM.md	569	記録	計画の前の測りの数・文を含む(K1・EXEC・NEWENV。2026-09-09〜10-01)	**判定の仕方**: 測り方・族を決める前に、(a) 同じ案を前に測った記録(`docs/PHASE2/`・`docs/DISCUSSIONS/`)の測り方(粒度・期間・単位・対照)を読む(結果は全捨てで使わないが、測り方は使える)。(b) 手元の測定器の形に合わせて材料(秒の記録・期間)を捨てていないか。(c) 族の軸が、オーナーの意図の文(何を知りたいか: 強み弱み・どこで負けるか・過去の値に依らずロジックが効くか)から出ているか。
docs/AUDITOR/KNOWN_ANSWERS_ADDENDUM.md	587	記録	計画の後の測り・読み	**何が起きたか**: カード 4(マチルダ)の静観の門の診断で、門の無いカードの損益を「門が閉じている分 / 開いている分」の分ごとに分け、「レンジで入る部分そのものが負けている」と言い切った(L-575)。マチルダは「レンジでの小さな勝ちの積み上げ」と「ブレイクでの大きな負け」の差で決まる戦略で、ブレイクの負けは門が閉じる前の分(門が開いている分)にも乗るので、分で切ると大負けがレンジの側に数えられる。取引ごとに分けると、門の無いカードは取引の 90.9% が勝ち(平均 
docs/AUDITOR/KNOWN_ANSWERS_ADDENDUM.md	590	記録	計画の後の測り・読み	**監査役が出すべき問い**: 「この戦略の損益は何と何の差で決まるか。その 2 つを分けて数えているか。測定器の約定の仕方は、原典の注文の出し方を表せるか。」
docs/AUDITOR/KNOWN_ANSWERS_ADDENDUM.md	617	記録	計画の後の測り・読み	## KA-62 【提案・未承認】統合する前提の単体の戦略を最終目標(月 10 万円)で測る / 測った結果を後の段に使える知見として溜めない(2026-10-03、L-603)
docs/AUDITOR/KNOWN_ANSWERS_ADDENDUM.md	619	記録	計画の後の測り・読み	**何が起きたか**: 単体のカードの結果を「月 10 万円(建玉 60 万円で 1 日約 55bp)を超えたか」で並べた(`W4_first3_RESULTS.md` 9 行・`W4_overnight_RESULTS.md` 94〜96 行)。計画では単体のカードは段 4 で統合する材料で、月 10 万円は統合した後の基盤の目標。あわせて、測った結果は各カードの結果の文書に閉じ、場面ごとの効き・なぜ・他のカードとの関係など、段 3・4・5 で使う知見をカードをまたいで溜め
docs/AUDITOR/KNOWN_ANSWERS_ADDENDUM.md	622	記録	計画の後の測り・読み	**監査役が出すべき問い**: 「この単体の結果は、何の物差しで測られているか。この測定で後の段に渡せる知見は何で、どこに溜めたか。」
docs/AUDITOR/VERDICTS/2026-10-03_c2_limit_read.md	9	記録	計画の後の測り・読み	1. [止める] RESULTS.md:12・RESULTS.md:19 — §0 は「新しく測ったのは入り方だけ」「参照 = 同じ規則を足の終値で約定」と書き、1-1 は「指値で入ると参照より悪くなる」と読んでいる。しかし弱い合図の指値 24 本は、降りも 4 本の注文(指値・ストップ指値 2 本・ストップ成行。SPEC §3-2・§9)で執行している。`read.json` の `exit_reasons` で確認すると、`weak_f5_close_a` は 終値 18
docs/AUDITOR/VERDICTS/2026-10-03_c2_limit_read.md	22	記録	計画の後の測り・読み	- (i) 参照 strong_f1_close_a は −12.77 bp/日。SPEC §8-2 は K1 の「1 分だけ符号が逆(強いが正)」と並べて読むと決めたが、RESULTS には並べた記述が無い。
docs/AUDITOR/VERDICTS/2026-10-03_c2_limit_read.md	31	記録	計画の後の測り・読み	8. [聞く] RESULTS.md:11 — SPEC §9-1 は「入り方 a・門なし・良い側の再現の検め(2019-01 で 104 取引・−1605.33 対 −1605.35bp)は作業者の報告。批評家が別の月・5 分でも確かめる」と書く。この RESULTS はその批評家の確認が済んだかに触れていない。表 2・表 6 はすべてこの実装に依存する。確認の記録はあるか。(P3)
docs/AUDITOR/VERDICTS/2026-10-03_c2_limit_read.md	48	記録	計画の前の測りの数・文を含む(K1・EXEC・NEWENV。2026-09-09〜10-01)	1. [止める] RESULTS.md:16・RESULTS.md:62 — §0 は参照 close_a を「K1 で選んだ設計を、選んだ期間の中で再現したもの」と書いています。一方、批評家の記録(`VERDICTS/2026-10-03_c2_limit_sim_critic.md` 2)では、2021-05 の 15 分で K1 が 415 取引・+250.93bp、再現が 404 取引・−4772.67bp と大きく食い違いました。原因は 3 つ挙がっています。(a)
docs/AUDITOR/VERDICTS/2026-10-03_c2_limit_read.md	53	記録	計画の後の測り・読み	- weak_f5 b は 3,841 件 × +6.69 で約 25,700bp(約 11 bp/日)で、差 −11.05 とほぼ同じ大きさです。
docs/AUDITOR/VERDICTS/2026-10-03_c2_limit_read.md	54	記録	計画の後の測り・読み	- weak_f15 b も 3,356 件 × +4.27 で約 6 bp/日で、差 −7.45 と同じ桁です。
docs/AUDITOR/VERDICTS/2026-10-03_c2_limit_read.md	56	記録	計画の後の測り・読み	- 33 行目は「置かなかった側に偏りは無い」と書きます。しかし 12 組中 9 組が +5〜+12.7bp/取引です。参照の全取引は −0.34〜+2.92 でした。この「偏りなし」の基準は何でしょうか。(P4)
docs/AUDITOR/VERDICTS/2026-10-03_c2_limit_read.md	69	記録	計画の後の測り・読み	2. 直した(RESULTS 1-2): 置かなかった側の和を台本の表 6 に出し(weak_f5 b 11.11、f15 b 6.19 bp/日 など)、差を 3 つの部分の和として書き直した。「偏りは無い」を消し、12 組中 9 組が +5〜+12.7bp で参照より高いと書いた。
docs/AUDITOR/VERDICTS/2026-10-03_c2_limit_sim_critic.md	6	記録	計画の後の測り・読み	1. [止める] 足の頭でストップ成行が窓を開けて越えられても、引き金の値段で約定させている(katsuo_limit_sim.py 529〜532・590〜591 行)。前の足の終値から次の足の始値までに約定は無いので、最初に約定できるのは始値。頭は 2 通りの道に共通なので悪い側も良すぎる。大きさ: 2021-05 の 15 分でストップ成行 139 本のうち頭で窓越え 122 本、始値で約定した場合との差の合計 −314.28bp(1 取引あたり約 0.8bp 良く見え
docs/AUDITOR/VERDICTS/2026-10-03_c4_families_r2_read.md	21	記録	計画の後の測り・読み	3. [直す] RESULTS.md:17、:20 — v37 の損益の水準(良 −82.4 / 悪 −244.0 bp/日)が本文のどこにも出ていません。表 1 では、両側とも正になる変種が 41 本中 1 本もありません。2-2 は「損益が上がる」とだけ書いています。たとえば A1_v37_entry5 は 良 +5.6 / 悪 −87.7 で、悪い側は負けたままです。オーナーが「どの変種も両側でプラスにならない」と読めるようになっていますか。(P-4、都合のよい行だけを
docs/AUDITOR/VERDICTS/2026-10-03_c4_families_r2_read.md	32	記録	計画の後の測り・読み	6. [直す] RESULTS.md:40 — 2-6 は B1_delay0 について「ブレイクで閉じること自体は、閉じないより良い」と【事実: 表 2】で書いています。ただし、この変種は閉じる動作だけでなく、ブレイク判定に依存する静観(動きの間は持ち高 0 から入らない)も同時になくします。取引は +88/日になっています。良い側の損益(−21.8)は年の一致が 4/8 です。閉じる効果だけを分けて測りましたか。【推定】に下げなくてよいですか。(P-6、O-3)
docs/AUDITOR/VERDICTS/2026-10-03_c4_families_r2_read.md	44	記録	計画の後の測り・読み	9. [直す] RESULTS.md:38 — 2-6 は A4_nogate(幅の門を外す)を「ほとんど効かない」【事実: 表 2】とします。取引の差は +0.2/日で、門が閉じる足がほぼ無かったことを意味します。門の水準は、2019 年の 150 円を基にした値です。2015〜2023 年のほぼ全期間で一度も働かなかったなら、「門が効かない」のではなく「この値の門が実装上働いていない」だけではありませんか。INTENT_MAP P-3 の「動かなければ効いていないと書く」
docs/AUDITOR/VERDICTS/2026-10-03_c4_limit_sim_critic.md	11	記録	計画の後の測り・読み	- 効き方: 両方の道で利確する足だけ悪い側を「もう一方の実際にありうる道(止めない)」に替えると、1 か月で bad_alt 8634 取引 / −4685.0bp / −151.1bp/日 / 決まらない足 7877(今の bad は 7959 / −4755.7 / −153.4 / 7476)。向きは変わらない。
docs/AUDITOR/VERDICTS/2026-10-03_overlap_read.md	8	記録	計画の後の測り・読み	1. [止める] /home/user/trade/docs/RESEARCH/cards/OVERLAP/TABLES.md:14(台本 overlap_daily.py:77-84、K-011)— 「カツオ 強い1分 半値」の「1 日あたり」が 9.02 bp と出ているが、同じ走らせ(`strong_f1_limit_b_good`)の `summary.json` と READ/TABLES.md の表 1 は +5.10 bp/日である。私が `daily_from
docs/AUDITOR/VERDICTS/2026-10-03_overlap_read.md	12	記録	計画の後の測り・読み	- 他の取引系列で落ちたのは −98.3bp(K1 の 2 本)、−5.5bp、−0.2bp。
docs/AUDITOR/VERDICTS/2026-10-03_overlap_read.md	40	記録	計画の後の測り・読み	- 系列表では、マチルダ v37 が −82.40 bp/日、平均回帰が −7.65、週末ギャップが 0.88、バリアレースが 2.05 と、平均が負か 0 近い系列が多い。
docs/AUDITOR/VERDICTS/2026-10-03_overlap_read.md	54	記録	計画の後の測り・読み	- K-007 によると、v37 の良い側と悪い側の差は 161.6bp/日である。
docs/AUDITOR/VERDICTS/2026-10-03_overlap_read.md	86	記録	計画の後の測り・読み	4. [直す] RESULTS.md:39-41(K-030 の渡す先 467 行)— 1-6 と台帳は、重なりが側で変わらない中心 5:1 を「1 分足のあいまいさに強い形」「組み合わせの材料にするなら読める方」としている。系列の表では、中心 5:1 の 1 日あたりは良い側 +13.22 [7.62, 18.99]、悪い側 −10.20 [−15.43, −4.85] で、符号が側で入れ替わる。側で変わらないのは重なりだけで、効きは側で変わる。この違いは文に出ているか。(
docs/AUDITOR/VERDICTS/2026-10-03_q4_funding_read.md	3	記録	計画の後の測り・読み	- 成果物: `docs/RESEARCH/cards/VOLSPLIT/Q4/RESULTS.md`・`TABLES.md`・台帳 K-036(コミット b1609652 の時点)
docs/AUDITOR/VERDICTS/2026-10-03_q4_funding_read.md	8	記録	計画の後の測り・読み	1. [止める] RESULTS.md:18-24(§1-3 の見出しと表 3)、FINDINGS_LEDGER K-036「観察」「大きさ」 — §1-3 の見出しは「前の日のボラの区分の中でも、資金調達率が高い日ほど…割合が上がる【事実】」と全区分に当てはめている。しかし表 3 では、中の行が 0.126→0.286→0.209 で上がっておらず、低の行は 0.015〜0.044 でほぼ平らだった。K-036 の観察と大きさは「高」の行(0.74→0.85)だけを載せ、中
docs/AUDITOR/VERDICTS/2026-10-03_q4_funding_read.md	10	記録	計画の後の測り・読み	2. [止める] RESULTS.md:6 — 「2019 年以前はアーカイブに無い(2019-10〜12 は 404、DATA_REACH S07)」。DATA_REACH の S07 は清算の自前の記録で、資金調達率ではない。資金調達率のアーカイブは S02 で、そこに書かれた 404 は 2019-11 と 2019-12 の HEAD だけで、2019-10 の記載は無い。2019-09 以前にいたっては試した記録が無いまま、「2019 年以前に無い」と一般化している
docs/AUDITOR/VERDICTS/2026-10-03_volsplit_cross_read.md	10	記録	計画の後の測り・読み	- 平均回帰: 約 +13.3 bp/日。低の平均 −33.88 × 997 日 ÷ 2542 日。
docs/AUDITOR/VERDICTS/2026-10-03_volsplit_cross_read.md	11	記録	計画の後の測り・読み	- 東京仲値(前の日が荒れていた日は入らない): 約 +4.6 bp/日。避ける高の平均 −13.03 は区間が 0 を含みます。
docs/AUDITOR/VERDICTS/2026-10-03_volsplit_cross_read.md	17	記録	計画の後の測り・読み	- 13 本のうち、どちらかの区間が 0 を含むのは 8 本あります(カツオ原典 1 分、マチルダ v37 悪、中心 5:1 良い側など)。
docs/AUDITOR/VERDICTS/2026-10-03_volsplit_cross_read.md	20	記録	計画の後の測り・読み	- 見出しは【事実】ですが、「別に残る」「2 つの効き」は R9 の読みの言葉で、13/16 の符号の数えは R7〜R9 に書いた読みではありません。
docs/AUDITOR/VERDICTS/2026-10-03_volsplit_cross_read.md	27	記録	計画の後の測り・読み	4. [直す] RESULTS.md:43 の「両方の区間が 0 を含まない 5 本」と、TABLES.md の表 3 の区間 — 区間の作り方が書かれていません。(P3)
docs/AUDITOR/VERDICTS/2026-10-03_volsplit_cross_read.md	38	記録	計画の後の測り・読み	7. [直す] RESULTS.md:46・:58 と、バッチ §5「分かったことからの次の問い」 — 「上がった/下がった」は実際のボラの変化ではなく、三分位の区分の移りです(低 → 中は上がった、など)。その日のボラは先読みで、門にも使えない量です。
docs/AUDITOR/VERDICTS/2026-10-03_volsplit_cross_read.md	52	記録	計画の後の測り・読み	1. 直した(RESULTS 1-6 を新設・§3 の 1、台帳 K-032・K-033 の次の問い、判断の束 5): 門の取り分を「避ける区分の日の損益の和 ÷ 全部の日数」で書いた。平均回帰 +13.29・東京仲値 +4.61 bp/日(volsplit.json から再計算して監査役の値と一致)。経費の前・見つけたデータの中・東京仲値の避ける日の平均は区間が 0 を含む、を添えた。高 − 低 や表 3 の値は門の取り分ではないと書いた。
docs/AUDITOR/VERDICTS/2026-10-03_volsplit_cross_read.md	53	記録	計画の後の測り・読み	2. 直した(RESULTS 1-5、台帳 K-035 の題・観察): 3-1 の中と 3-2 の中はどちらも区分が上がった升と下がった升の比べで、符号が逆になるのは作りから来るので「2 つの別の効き」の証拠にしないと書いた。13/16 は R7〜R9 の外の数えとし、どちらかの区間が 0 を含むのが 8 本・同じ日を共有する系列があることを書いた。対角が平らなことは、前の日の水準ではなく区分の移りの読みと合うと書き、RESULTS §3 の「前の日の量そのもの」を消した。見
docs/AUDITOR/VERDICTS/2026-10-03_volsplit_cross_read.md	71	記録	計画の後の測り・読み	- 経費の前であること、見つけたデータの中の値であること、東京仲値の避ける日の区間が 0 を含むことも書かれています。
docs/AUDITOR/VERDICTS/2026-10-03_volsplit_cross_read.md	73	記録	計画の後の測り・読み	- 符号が逆の 13 本、そのうち両方の区間が 0 を含まない 5 本、含む 8 本。
docs/AUDITOR/VERDICTS/2026-10-03_volsplit_read.md	8	記録	計画の後の測り・読み	1. [止める] RESULTS.md:19(K-032 観察、FINDINGS_LEDGER K-032 も同じ)— 「全体では −7.65(重なりの表の系列の表)」を低 −33.88・中 +1.84・高 +36.00 と並べ、K-032 は「全体の負けは低い日から来ている」と書いている。−7.65 は 2015-11-29〜2023-12-17 の 2941 日の平均(OVERLAP/TABLES.md)。三分位に分けたのは 2017-01-01〜2023-12-17 の
docs/AUDITOR/VERDICTS/2026-10-03_volsplit_read.md	10	記録	計画の後の測り・読み	2. [直す] RESULTS.md:15 — 「区間が 0 を含む行も、カツオの残り・週末ギャップ・バリアレースは点の値が正」とあるが、「カツオ K1 指値a 5分 悪」は高 − 低 = −9.96(TABLES.md:18)で負。「今の paper bot」(−13.03)は RESULTS.md にも K-031 にも出てこない。16 本のうち高 − 低が負なのは 5 本(paper bot・v37 良・v37 悪・指値a 悪・東京仲値)で、1-1 と K-031 の観
docs/AUDITOR/VERDICTS/2026-10-03_volsplit_read.md	14	記録	計画の後の測り・読み	4. [直す] RESULTS.md:18・24、K-032・K-033 の題 — 「だけ勝ち」「負ける」「高い日に負ける」は、低・中・高それぞれの水準についての断定。区間があるのは 高 − 低 の差だけで、水準ごとの区間は無い。「だけ」と言いながら中は +1.84 で、勝ちか 0 かの判断が表にない。一方で【事実: 表】の印が付いている。(P6)
docs/AUDITOR/VERDICTS/2026-10-03_volsplit_read.md	16	記録	計画の後の測り・読み	5. [直す] RESULTS.md:34(限界)と台本 R5 — 塊の長さ 5 日の根拠が書かれていない。分ける量は前の日のボラで、K-012 は荒れ具合が前から続くことを示している(分類ラベルが自己相関を持つ)。5 日で足りるかを検めた記録がない。「区間が 0 を含まない」が【事実】の見出しの根拠になっているので、塊の長さを変えたときに 0 を含む/含まないが入れ替わる行(+21.79 や +22.34、+8.04 に近い行)がないかを聞く。(A-12・O-6)
docs/AUDITOR/VERDICTS/2026-10-03_volsplit_read.md	29	記録	計画の後の測り・読み	4. 直した(台本の表 2、RESULTS 1-2・1-3、台帳 K-032・K-033 の題): 区分ごとの区間を出し、題を「負け、勝つ側」「勝つ」に変え、区間が 0 を含むかを区分ごとに書いた。
docs/AUDITOR/VERDICTS/2026-10-03_volsplit_read.md	44	記録	計画の後の測り・読み	1. 直した(コミット 98037765): `classify_same_day` は v(d) を d − 1 の鍵に置くようにし、日 d がその日の v(d) で分かれることを試験 `test_classify_same_day_uses_that_day` で固めた。走らせ直した表 2 の右端で、16 本のうち 11 本は前の日と同じ向き、5 本は逆の向き(今の paper bot・カツオ K1 指値 a 5 分・東京仲値・バリアレース・平均回帰)。(a)(c) は誤
docs/AUDITOR/VERDICTS/2026-10-04_c2_ablation_read.md	13	記録	計画の後の測り・読み	- 入り方 c は残りが +1.1〜+3.1 bp/日あり、5 分 c は入りの分 −10.12 に対し取り逃し −12.74 で、約 26% が説明できていない。「近い」の一語で済ませてよいか。
docs/AUDITOR/VERDICTS/2026-10-04_c2_ablation_read.md	19	記録	計画の後の測り・読み	- 決まらない足を含まない取引(約 9,230 本)は、良い側でも悪い側でも参照より −5.43 bp/日。順序が分からないことと無関係な損で、良い側の降りの損 −5.74 のほぼ全部にあたる。
docs/AUDITOR/VERDICTS/2026-10-04_c2_ablation_read.md	34	記録	計画の後の測り・読み	- 「だけ」は、置かなかった 377 本(平均 +9.7 bp、負け 155 本)も取り逃しに含まれる事実と合わない。
docs/AUDITOR/VERDICTS/2026-10-04_c2_ablation_read.md	73	記録	計画の後の測り・読み	2. [直す] RESULTS.md 1-4 末尾から 2 項目目(「取り逃した取引の中身(MISSED.md、入り方 a)」) — 「指値を置かなかった取引は平均 −17.0〜+17.0 bp」は、見出しが入り方 a なのに表と合わない。
docs/AUDITOR/VERDICTS/2026-10-04_c2_exits_read.md	28	記録	計画の後の測り・読み	3. [直す] RESULTS.md:27 — 「入り直しは差の主因ではない【事実: 表 1】」は、15 分の stop2・stop3 では表 1 と合いません。(P5)
docs/AUDITOR/VERDICTS/2026-10-04_c2_exits_read.md	36	記録	計画の後の測り・読み	- 5 分の降り方なしは 23.87 bp/日で、15 分 N=6 の 22.94 を上回ります。この比べも書かれていません。
docs/AUDITOR/VERDICTS/2026-10-04_c2_exits_read.md	62	記録	計画の後の測り・読み	- 5 → オーナーに聞く(「ボラ」の意味を、合図の足の前 100 本の 1 本あたりの平均の動きとしてよいか)。読みの結論は「この幅の単位で測った結果に限る」と限定した。
docs/AUDITOR/VERDICTS/2026-10-04_c2_gated_read.md	11	記録	計画の後の測り・読み	2. [直す] RESULTS.md:26-27 — 「なぜ」(§1-4)が、低ボラだけが切られるという誤った前提に載っているのではないか。実際には mid も切られる。ungated の 15 分 limit_a_good(全期間)は low −14,853 bp・mid −4,834 bp・high +11,317 bp。5 分の mid は K-010 で +1.96 bp/取引と正。5 分の説明は「低も正だから切ると和が減る」だが、実際に切られているのは正の mid 
docs/AUDITOR/VERDICTS/2026-10-04_c2_gated_read.md	17	記録	計画の前の測りの数・文を含む(K1・EXEC・NEWENV。2026-09-09〜10-01)	2020・2021 年は K1 で判定の区間として開けた年で、§2 で新しい証拠ではないと認めている。この年を除いた 2022〜2023 年だけでの大きさ(例: close_a は +1,080 −1,604 = −524 bp)が出ていない。見出しの「+12〜+18 bp/日」はほぼ 2021 年の量を読ませる。(P4)
docs/AUDITOR/VERDICTS/2026-10-04_c2_gated_read.md	39	記録	計画の後の測り・読み	4. 答え(RESULTS 冒頭): 門ありの出力は決まりのコミットより前にコミットしていた。リードは決まりを書く前に、5 分の門ありの入り方 a・良い側の 1 本の `run_record.json` の年ごとの区切りの取引の数と、`summary.json` の欄の名前・`params` を画面に出した(損益の値は出していない)。16 本の損益は決まりの後に初めて表で見た。これを冒頭に書いた。
docs/AUDITOR/VERDICTS/2026-10-04_c2_gated_read.md	45	記録	計画の後の測り・読み	1. [直す] RESULTS.md:19, 28, 42 / K-038 観察・射程 — 「2022〜2023 年でも指値 6 本とも正」は「2 年だけ」と書かれているが、門ありの 2023 年の取引は 16〜18 本しかない。門なしの 2023 年は 743 本(15 分の a・良い側)。門ありの 15 分 a・良い側は 2022 年が 301 本・+1,293 bp、2023 年が 18 本・+105 bp。門なしは 2022 年 −428 bp、2023 年 −304
docs/AUDITOR/VERDICTS/2026-10-04_c2_k1_cause_read.md	9	記録	計画の後の測り・読み	- 8 升で実際に効いたのは (a) と (c) だけである。(b) の対象行は n_trades==0 が 76・50・89・0 行(CAUSE_TABLES1.md 表 0)で、2022 年の 2 升は 0 行なので (b) を試せない。(d)・(e) は範囲内で 0 件である。したがって「(b) は変わらなかった」と「(a) だけでほぼ全部」は、他の差が出る機会がほぼ無かった結果でもある。この行数が本文の (b) の文(l.10)の隣に出ていない。
docs/AUDITOR/VERDICTS/2026-10-04_c2_k1_cause_read.md	11	記録	計画の後の測り・読み	- (c) の例(5 分 2021-01-11)では、K1 の約定値 3,699,377 と参照の 3,745,076 が約 1.2% 離れていて、これだけで +125.44 bp になっている。K1 側の約定値が約 4 分古い値であることは「誤りではない」と言い切れる根拠があるか。
docs/AUDITOR/VERDICTS/2026-10-04_c2_k1_cause_read.md	30	記録	計画の後の測り・読み	- 寄りを示すなら、この調査の出力から言える数がある。出の違う 17 本で −1,379 bp、1 本あたり約 81 bp に対し全取引の平均は約 2.5 bp、という数である。それを示さずに別の台帳項目を根拠にしているのはなぜか。
docs/AUDITOR/VERDICTS/2026-10-04_c2_k1_cause_read.md	48	記録	計画の後の測り・読み	- 4 → 直した。道がずれた取引を 4.5〜8.3% に直し、寄りの根拠は K-039 ではなく、この調べの出力(出の違う 17 本で −1,379.1 bp)にした。
docs/AUDITOR/VERDICTS/2026-10-04_c2_k1_cause_read.md	50	記録	計画の後の測り・読み	- 6 → 困る大きさ(最大 2,818.9 bp・K1 の約 34%、15 分 2022 年は約 70% 低い、向きは年で変わる)を答えに書いた。進め方はリードが決めた: 変種どうしの比べは参照の扱いのまま(同じ扱いの中の比べ)、水準を本番の見込みとして読む前に、bitFlyer に足が無い間の扱いを本番に合わせた形を決めて測る。データの扱いの選択で、A-13 の枠組み 3 つ(問いの立て方・族の切り方・検定単位)には当たらないと判断したが、オーナーへの報告にこの決めを書く
docs/AUDITOR/VERDICTS/2026-10-04_c2_k1_cause_read.md	57	記録	計画の後の測り・読み	- (a) の効きは、参照 − K1 の年の損益差で最大 2,818.9 bp である(1 日あたり約 8 bp)。向きも年で変わる。
docs/AUDITOR/VERDICTS/2026-10-04_c2_k1_cause_read.md	58	記録	計画の後の測り・読み	- 一方、参照の扱いで測った変種どうしの差(K-039 の入りの分は −0.80〜−14.06 bp/日、K-038 の門は 2022〜2023 年で −1.63〜−6.24 bp/日など)は、同じ桁の大きさである。
docs/AUDITOR/VERDICTS/2026-10-04_c2_k1_cause_read.md	65	記録	計画の後の測り・読み	- **17 本の数字**: 17 本の差の和 −1,379.1 bp と、1 本あたり約 −81 bp は合っている。K1 の 2,208 本 +8,336.8 bp から出した約 +3.8 bp も合っている。
docs/AUDITOR/VERDICTS/2026-10-04_c2_k1_cause_read.md	66	記録	計画の後の測り・読み	- **困る大きさ**: 最大 2,818.9 bp は K1 の約 34%、15 分 2022 年は +955.0 と +3,141 で参照が約 70% 低い。5 分の 4 年分の符号と値も表と合っている。
docs/AUDITOR/VERDICTS/2026-10-04_c2_k1_year_read.md	12	記録	計画の前の測りの数・文を含む(K1・EXEC・NEWENV。2026-09-09〜10-01)	3. [直す] RESULTS.md:24 — 【推定】「結合で落ちる分に合図のヒゲが入ると、参照にだけ合図が出る。これが取引の多さと損益の低さを作る」について、表 2 から次の 2 点が読めます。(a) 5 分 2018 は、参照のほうが 32 本多く、損益の和は −4,888.79 bp 低い。1 本あたり約 −153 bp で、段階 G の 1 取引平均(約 +2.3 bp)と桁が違います。(b) 5 分 2021 は 51 本多いのに +1,011.23 bp で、向
docs/AUDITOR/VERDICTS/2026-10-04_c2_k1_year_read.md	18	記録	計画の前の測りの数・文を含む(K1・EXEC・NEWENV。2026-09-09〜10-01)	6. [直す] RESULTS.md:30 — 「指値と参照の差は、同じ足の作り方の中の比べなので、この違いでは崩れない」と断定し、次の文で「同じように扱われているかは分けていない」と書いています。5 分の参照 − 段階 G(2018〜2022 の合計 −10,259 bp ÷ 1,826 日 ≒ −5.6 bp/日)は、READ の a の差(f60 −5.69、f30 −10.62 bp/日。READ/RESULTS.md:25-33)と同じ桁です。作り方の違いが指値と参
docs/AUDITOR/VERDICTS/2026-10-04_c2_k1_year_read.md	60	記録	計画の前の測りの数・文を含む(K1・EXEC・NEWENV。2026-09-09〜10-01)	3. [直す] RESULTS.md:21 — 「参照にだけある数十本の取引の損益だけでは説明できない大きさと向き【事実: 表 2 からの割り算】」について。割り算は 1 本あたり約 −153 bp を段階 G の平均 +2.3 bp と並べるだけです。これは取引 1 本の大きさの分布を使っていません。(P3 / P10)
docs/AUDITOR/VERDICTS/2026-10-04_c2_ref_g_match_read.md	16	記録	計画の前の測りの数・文を含む(K1・EXEC・NEWENV。2026-09-09〜10-01)	5. [直す] RESULTS.md:62 — 「参照と K1 の違いは、少数の取引の出入りの差」という文は、突き合わせの範囲を越えている。突き合わせは段階 G とだけで、5・15 分の 2019〜2022 年に限る。K1 には取引ごとの出力が無く、30・60 分と 2018 年は対象外である。5 分 2018 年の −4,888.79 bp(32 本多い)は、§1-2 で差が最も大きい年だが、この表に入っていない。§6 はこの範囲の限定を書かずに「参照と K1」へ一般化して
docs/AUDITOR/VERDICTS/2026-10-04_c2_rgated_read.md	35	記録	計画の後の測り・読み	- 1 → 直した。取引 1 本ずつの突き合わせ(`scripts/w4_measure/c2_read_gated_decomp.py` → `DECOMP.md`)を足し、1-3b を新しく書いた。リードの突き合わせでは、両方にある取引の損益は門あり・門なしでほぼ同じ(差 0〜10 bp)で、差は「門ありにだけある取引 − 門で切った取引」で決まる(監査役の「門ありの取引の合計 +1,208」は門ありにだけある取引を含んだ和で、同じ数を別の割り方で見たもの)。前の版の根拠
docs/AUDITOR/VERDICTS/2026-10-04_c2_rgated_read.md	48	記録	計画の後の測り・読み	2. [直す] RESULTS.md:27(1-4 の 15 分) — 「2022〜2023 年は負け取引を切る形で効いた(1-3b)」は、15 分の指値 6 本すべてには当てはまらない。(P6)
docs/AUDITOR/VERDICTS/2026-10-04_c2_rgated_read.md	60	記録	計画の後の測り・読み	- 共通の取引の損益は 2022〜2023 年で差 0〜10 bp なので、リードの分け方のほうが正しい。1 回目の指摘 1 の「根拠が表と合わない」は残るが、その先の私の根拠は取り下げる。5 分(4,709 対 2,373)も同じ取り違えだった。
docs/AUDITOR/VERDICTS/2026-10-04_c2_round2_read.md	8	記録	計画の後の測り・読み	- 門だけ G の年の差の和は +12,471 bp(約 +6.8 bp/日)。全期間の −0.71 bp/日は、基準 B が最も勝った 2018 年(+15,493)を G が +1,838 に削った分(−13,655)で決まっている。
docs/AUDITOR/VERDICTS/2026-10-04_c2_round2_read.md	15	記録	計画の後の測り・読み	2. [直す] RESULTS.md 33 行・37 行、K-048 の見出し — 「組むと時間で降りる分の効きがほとんど残らない」の根拠は、組んだ形の差の点推定が 0 付近であることと、区間が 0 を含むことだけである。組んだ形 C と時間だけ T の差(dC−dT)、C と G の差の区間は出ていない(「重なりの分は区間なし」とある)。MDE は 15.4〜16.1 bp/日で、時間だけの差 +7.7〜+12.0 より大きい。C の区間(N=9 で [−9.47, +12
docs/AUDITOR/VERDICTS/2026-10-04_c4_breakout_critic.md	8	記録	計画の後の測り・読み	2. [止める] 手前の止め(c = −0.5)が入りの値段より手前にあると、付かない値段で閉じる。例: S1 = P+500・pb = P+550・L = P+450 で、上りの脚で P+500 で売り P+450 で閉じて勝ち(probe_stop_below_entry.py)。全期間 c = −0.5 で「同じ足で入って止めで閉じて勝ち」18 件・計 +6.26bp、c = 0 では 0 件。原因: `_leg` が脚の中で値段の進んだ位置を持たず、毎回「ext を越
docs/AUDITOR/VERDICTS/2026-10-04_c4_breakout_critic.md	26	記録	計画の後の測り・読み	2. 既定の結果: dd34297 と 400 通り(一括の既存 50 本の引数 × 両側 × 足の並び 4 本、うち 2 本は窓開けを多く含む)で差 0。既定・follow・entry = 1・c = +0.5 では、進んだ位置が効いた回数 0。
docs/AUDITOR/VERDICTS/2026-10-04_c4_breakout_critic.md	27	記録	計画の後の測り・読み	3. 「同じ値段の入りを選ばない」: 外すと試験が終わらない。効くのは止めで閉じた値段と同じ値段への同じ向きの入り直しだけ。2019 年の実データで効いた回数 0。
docs/AUDITOR/VERDICTS/2026-10-04_c4_breakout_critic.md	31	記録	計画の後の測り・読み	その他: c = −0.5 の全期間で「反対のブレイク」は 0 件。族 D の読みでは既定の closed_by_break と族 D の closed_by_bcl を並べて比べる必要がある。
docs/AUDITOR/VERDICTS/2026-10-04_c4_combo_read.md	8	記録	計画の後の測り・読み	1. [直す] RESULTS.md:19-23(1-3 の見出しと「取り合う」) — 見出しは「2 つの直しは同じ負け(ブレイクの大負け)を取り合う」を【事実: 表】としている。しかし TABLES.md の大負けの「重なりの分」は 2:0.8 の 4 行(良 +81.74・+69.61、悪 +35.02・+30.71)で正で、負なのは 16 のうち 12 に留まる(P3、research-protocol §0.2)。
docs/AUDITOR/VERDICTS/2026-10-04_c4_combo_read.md	18	記録	計画の後の測り・読み	- 悪い側の両方の損益(絶対値)は 8 組すべて負(−2.01〜−23.23 bp/日)。「+242.00 がいちばん大きい」は v37(−244.01)との差で、黒字ではない。読みのどこにも書かれていない。
docs/AUDITOR/VERDICTS/2026-10-04_c4_famd_read.md	12	記録	計画の後の測り・読み	- 1 本あたり: v37 は −21.96 / −24.31 bp、手前の止めは −17.95 / −19.47 bp で、手前の方が小さい。
docs/AUDITOR/VERDICTS/2026-10-04_c4_famd_read.md	17	記録	計画の後の測り・読み	3. [直す] RESULTS.md:27 — 1-3 のなぜは「レンジの縁まで届かないうちにブレイクに移ることが多く、入った持ち高がブレイクの負けになりやすい」で、「比の区分ごとの内訳は確かめていない」とも書く。v37 の analysis.json には `ratio_deciles` と `ratio_fixed_bins` が既にあり、読んでいないのは出力を自分で見られるのに見ていないことにならないか(A-2)。また、v37 と比の門の analysis.json の
docs/AUDITOR/VERDICTS/2026-10-04_c4_famd_read.md	34	記録	計画の後の測り・読み	- 3 → 直した。ratio_deciles と、外れた取引の中身(ブレイクで閉じた 4,570 本・1 本あたり −32.5 bp)を書き、「なりやすい」を損の大きさの方に書き直した。
docs/AUDITOR/VERDICTS/2026-10-04_c4_round2_read.md	7	記録	計画の後の測り・読み	1. [止める] RESULTS.md:32 — 「良い側と悪い側の差(約 120 bp/日)が、どの改良の効きよりも大きい」は、同じ表と合うか。表では利確 4:3 の v37 との差が +174.64 / +201.24 で、120 より大きい。良い側と悪い側の水準の差も形ごとに違う(v37 約 162、利確だけ約 135、固定の門だけ約 163、固定の門 × 利確と過去だけの門 × 利確は約 120)。「約 120」は 2 つの組み合わせだけの値である。さらに設計の段の判
docs/AUDITOR/VERDICTS/2026-10-04_c4_round2_read.md	13	記録	計画の後の測り・読み	3. [止める] RESULTS.md:23・44、FINDINGS_LEDGER.md:695・700・705 — 「良い側で両方 < 利確だけ」「悪い側で正」「悪い側でだけ足しになる」「重ねても利確だけより良くならない」の根拠になる「両方 − 利確だけ」(−2.51 / −10.46 / +12.87 / +4.59)に、区間も検出力(MDE)も付いているか。R6 の区間は v37 との差にしか付いておらず、同じ表の MDE は 11〜15 bp/日で、−2.51 や +
docs/AUDITOR/VERDICTS/2026-10-04_c4_round2_read.md	18	記録	計画の後の測り・読み	- R5 の「門だけ」4,838 本の損益の和は 1 日あたり約 −62.8 bp で、単独の門の大負けの効き +57.03 と近い。両方の中で門の効きが縮むこととは整合しない。
docs/AUDITOR/VERDICTS/2026-10-04_c4_round2_read.md	22	記録	計画の後の測り・読み	5. [直す] RESULTS.md:31 — 「過去だけの門の効きが小さい分(約 11 bp/日)」の原因が、前半では「固定の境を全期間から選んだ楽観」と 【推定】 で書かれ、後半では「2016・2017・2023 年の境の高さから来る」と印なしで書かれている。2 つは別の説明で、後者は年ごとに分けて測っていない。他の候補は 2015〜2016 年の門なしの 180 日(全日数の約 6%)と、2018〜2022 年に境が 12.96 より低いこと(門が強く掛かる向き)。「年
docs/AUDITOR/VERDICTS/2026-10-04_volgate_improved_read.md	7	記録	計画の後の測り・読み	1. [止める] RESULTS.md:24(なぜ 4)、FINDINGS_LEDGER.md の K-049「渡す先」 — 段 4 に残す理由が「荒れた日ほど 2 枚とも大きい = 同じ日にそろう」になっているが、マチルダは良い側の行だけを読んでいないか。悪い側は荒れた日ほど損が大きい(低 −19.77、中 −25.06、高 −38.64。高 − 低 −18.87 [−30.68, −7.13])。良い側と悪い側のどちらが当たるかは、RESULTS.md:23 と K-04
docs/AUDITOR/VERDICTS/2026-10-04_volgate_improved_read.md	12	記録	計画の後の測り・読み	- 高 − 低はカツオ N = 6 [+0.59, +71.61]、門 × N = 9 [+6.42, +62.52]、マチルダ良 [+93.01, +126.53] で 0 を含まない。場面で損益は分かれている。
docs/AUDITOR/VERDICTS/2026-10-04_volgate_improved_read.md	24	記録	計画の後の測り・読み	- 時間で降りる N = 9 の高 − 低は [−0.41, +74.45]、基準は [−1.17, +75.36] で 0 を含む。
docs/AUDITOR/VERDICTS/2026-10-04_volgate_improved_read.md	54	記録	計画の後の測り・読み	- 同じ 29 行目の参考の事実によれば、「区間が 0 を含む区分も避ける」を採ると、カツオは低の日(門 × N = 9 は低と中)を避ける。25 行目の「足さない」はこの決まりでは変わる。
docs/AUDITOR/VERDICTS/2026-10-04_window1_prereg.md	7	記録	計画の前の測りの数・文を含む(K1・EXEC・NEWENV。2026-09-09〜10-01)	1. [止める] /home/user/trade/docs/RESEARCH/WINDOW1/PREREG.md:16 — 「すでに見た窓の値」に挙がっているのは L-615 の K1 2023 年の約 2 週間だけである。しかし `docs/RESEARCH/cards/c2_owner_xvenue_wick/limit_sim/SPEC.md:85` には、K1 第 17 部(Binance の合図 × bitFlyer の値段、5 分・弱い)の「2022〜2026 
docs/AUDITOR/VERDICTS/2026-10-04_window1_prereg.md	8	記録	計画の後の測り・読み	- **応答: 直した**(§1 に K1 のフレッシュ確認・第 16〜18 部・第 17 部の合算・K1 の設計の in-sample・L-615 を開示。読みでは「見ていない期間での確かめ」と呼ばず「改良した形の、元のデータの外での測り」と呼ぶ。マチルダは未確認と書いた。§6 に判定の期間も読まれていること、使い方はオーナーの判断(計画 第 5 版 §3 段 6 の (a)/(b)、未回答)と書いた)
docs/AUDITOR/VERDICTS/2026-10-04_window1_prereg.md	41	記録	計画の後の測り・読み	- 区間が 0 を含み、MDE が元の差以下で、上端が元の差以上のときは、どの言葉にも当たらない。
docs/AUDITOR/VERDICTS/2026-10-04_window1_reader_critic.md	12	記録	計画の後の測り・読み	| 日の門の当て方が §2 の文と同じかを見る(区間が 0 を含む区分も避ける) | L-629「**ア**」(日の門の決まり) |
docs/AUDITOR/VERDICTS/2026-10-04_window1_reader_critic.md	74	記録	計画の後の測り・読み	| K-A − K-0 の区間と MDE(台本) | [+3.55, +20.42]、MDE 12.25 |
docs/AUDITOR/VERDICTS/2026-10-04_window1_reader_critic.md	75	記録	計画の後の測り・読み	| K-A − K-0 の区間と MDE(R10) | [+3.66, +20.35]、MDE 12.22 |
docs/AUDITOR/VERDICTS/2026-10-04_window1_reader_critic.md	77	記録	計画の後の測り・読み	- 平均と d0 は変わりません。W9 は窓の区間と d0 の点値を比べるので、言葉は変わりません。区間と MDE は端が約 0.1bp ずれます。
docs/AUDITOR/VERDICTS/2026-10-04_window1_reader_critic.md	82	記録	計画の後の測り・読み	- 元の区間(R10 の規約)と窓の区間(b の規約)は、端が約 0.1bp ずれます。W3 の並べでは元の d0 は点値だけなので問題ありませんが、元の区間を並べるなら規約が違うと書いてください。
docs/AUDITOR/VERDICTS/2026-10-06_c8_binance_gate_read_audit1.md	14	記録	計画の後の測り・読み	2. [直す] 2026-10-06_card8_binance_gate.md:216・424 — 区分の高 − 低(bp/日、+105.47)が、前提の「荒れた日の後ほど平均へ戻る」を支える向きの証拠と読めるのは、何を根拠にしているか。(P6)
docs/AUDITOR/VERDICTS/2026-10-06_c8_binance_gate_read_audit1.md	15	記録	計画の後の測り・読み	- 損益は bp/日で、前の日が荒れた日はその日の値幅も大きい。符号が正の形なら、値幅の違いだけで高 − 低 は正になる。
docs/AUDITOR/VERDICTS/2026-10-06_c8_binance_gate_read_audit1.md	20	記録	計画の後の測り・読み	- K-032 の次の問いにある取り分 +13.29 bp/日は、Binance の B − 門なしの区間 [−1.95, +13.75] の内側にある。
docs/AUDITOR/VERDICTS/2026-10-06_c8_binance_gate_read_audit1.md	41	記録	計画の後の測り・読み	- A − 門なしの区間 [−18.02, +3.63] は、欲しい効果 15.3 を除いている。
docs/AUDITOR/VERDICTS/2026-10-06_c8_binance_gate_read_audit1.md	66	記録	計画の後の測り・読み	- 指摘 2: 直した: 前の日の v(区分を作った量)で割った 高 − 低 を計算した(`docs/RESEARCH/cards/c8_session_mean_revert/binance_gate/read/audit1_checks.py` → `audit1_checks.md`)。始値 全期間 +17.04 [+10.28, +24.22]・前半 +9.77 [−0.22, +20.03]・後半 +21.86 [+13.17, +31.77]。割る前(+105.4
docs/AUDITOR/VERDICTS/2026-10-06_c8_binance_gate_read_audit1.md	67	記録	計画の後の測り・読み	- 指摘 3: 直した: D9 の表と K-032 の追記を「門の取り分は区別がつかない(B の区間 [−1.95, +13.75] は K-032 の取り分 +13.29 を含む)」に直した
docs/AUDITOR/VERDICTS/2026-10-06_c8_binance_gate_read_audit1.md	69	記録	計画の後の測り・読み	- 指摘 5: 直した: 一番不利な組み合わせ 4 通りを計算した(`audit1_checks.md`)。A −8.49 [−18.77, +3.17]・−10.85 [−21.88, +0.00]、B +5.07 [−3.39, +14.27]・+1.79 [−6.33, +11.15]、4 通りとも 0 を含む。D7 に表を写し、結論を数で書いた
docs/AUDITOR/VERDICTS/2026-10-06_c8_binance_gate_read_audit2.md	8	記録	計画の後の測り・読み	1. [直す] 2026-10-06_card8_binance_gate.md:434(同趣旨が 169 行・157 行) — 知見文 1 は A について「下かどうかは約定の側次第」と書いている。しかし主の約定(始値)でも、A − 門なしの前半は −17.007 [−31.194, −2.401] で 0 より下である(GATE_READ の G3 表)。後半は +2.533 [−12.262, +17.515] で 0 を含む。この前半の符号は、D8 の表の A 行(全
docs/AUDITOR/VERDICTS/2026-10-06_c8_binance_gate_read_audit2.md	10	記録	計画の後の測り・読み	2. [直す] 2026-10-06_card8_binance_gate.md:435(同趣旨が 375 行) — 「高 − 低 +105.47 のその大部分は値幅の違い」は、何を分解した結果か。割った後の +17.04 は「損益 ÷ 前の日の v」という別の単位の量で、bp/日の +105.47 と大きさを比べる式は文書に無い。割った後も全期間は 0 より上([+10.28, +24.22])で、後半は 0 より上([+13.17, +31.77])。0 を含むのは前半だ
docs/AUDITOR/VERDICTS/2026-10-06_c8_binance_gate_read_audit2.md	12	記録	計画の後の測り・読み	3. [直す] 2026-10-06_card8_binance_gate.md:329・373・405 — 「区分の効きは年の違いだけでは作られていない」の根拠が G10b(年ごとに同じ日数を 5 日の塊でばらまく対照)になっている。事前登録は、5 日の塊のばらまきを「効いたと言い過ぎる側」とした。作り物の損益では、効いたと出る割合が名目 5% から 18〜20% に膨らむとして、そのために主の対照を G10a に替えた(PREREG.md:102)。G10a は循環ずらし
docs/AUDITOR/VERDICTS/2026-10-06_c8_binance_gate_read_audit2.md	14	記録	計画の後の測り・読み	4. [直す] 2026-10-06_card8_binance_gate.md:436 — 知見文 3 の「B が出ないのは…Binance の低の日が bitFlyer ほど負けないため」は、何を比べているか。比べている相手は K-032 の低 −33.88 [−50.41, −17.82] で、2017-01〜の 2,542 日である。文書自身が D2(219 行)で「期間が違う」と書いている。同じ 1,812 日で並べたのは全体(+1.04 対 +33.49)だけで、
docs/AUDITOR/VERDICTS/2026-10-06_c8_binance_gate_read_audit2.md	16	記録	計画の後の測り・読み	5. [直す] 2026-10-06_card8_binance_gate.md:339 — 一番不利な組み合わせの結論は「4 通りとも区間が 0 を含む【事実】」である。ところが A の「始値 − 門なし 中ほど」の区間は [−21.88, +0.00] で、上端が丸めで 0 に触れている。「含む」と「下」のどちらかは、丸めた 2 桁では決まらない。「A は約定の置き方で 0 を含む側にも下の側にも出る」と書かず、【事実】で「含む」と言い切ってよいか。(P2)
docs/AUDITOR/VERDICTS/2026-10-06_c8_binance_gate_read_audit2.md	30	記録	計画の後の測り・読み	- 指摘 1: 直した: D1 の主の読みと D10 の知見の文 1 に、A の全期間の印(始値 0 を含む・中ほど 0 より下)と、前半(境 2021-06-25 の前)は始値でも 0 より下(−17.007 [−31.194, −2.401])・後半は 0 を含む(+2.533)を並べた。「下かどうかは約定の側次第」の言い方を外し、結論は「門なしより上ではない」にした
docs/AUDITOR/VERDICTS/2026-10-06_c9_rerun_critic1.md	34	記録	計画の後の測り・読み	- 気配の幅は中央 0.0328 bp、99% の点で 0.033 bp(呼び値 1 つ分)でした。
docs/AUDITOR/VERDICTS/2026-10-06_c9_rerun_critic1.md	45	記録	計画の後の測り・読み	- **誤差が目的の差と同じ大きさ**: 上の 7 のとおり、(b) は気配に比べて平均 −0.7 bp、逆張りで −1.0 bp、古い約定では −3.3 bp ずれます。D10 の次の手 2 が決着させたい差は、D5 (b) の約 0.6 bp、D5 (d) の −1.1〜+0.9 bp、s 秒の曲線の +0.2〜+0.7 bp です。誤差のほうが大きいか同じ大きさです。
docs/AUDITOR/VERDICTS/2026-10-06_c9_rerun_critic1.md	48	記録	計画の後の測り・読み	- **REPORT_C §6 の読みとの食い違い**: 報告は差を「板を叩く分のコストと、古い値段を使う分」と読んでいます。この日は気配の幅が 0.033 bp なので、差のほとんどは古い値段の分です【事実: 1 日】。
docs/AUDITOR/VERDICTS/2026-10-06_c9_rerun_critic1.md	62	記録	計画の後の測り・読み	- **[止める](問 0 と同じ件)** (b) に先読みはありません。目標の時刻以前の約定だけを使っています(L95-97、v2 L330-339)。代わりに、古い値を使う寄りが向き別に入ります(上の 7)。(a) は待つ分 +0.62 bp 寄ります。
docs/AUDITOR/VERDICTS/2026-10-06_c9_rerun_critic2.md	54	記録	計画の後の測り・読み	- **[情報] 経路の値段**: 経路の起点 p0 は気配で、経路の値段は両側の約定です。リードが決めたのは p0 だけです。07-01 の気配の幅は中央 0.033 bp です。
docs/AUDITOR/VERDICTS/2026-10-06_d1b11_quiet_read_audit1.md	11	記録	計画の後の測り・読み	2. [直す] docs/ANALYSIS/2026-10-06_d1b11_cards578_quiet.md:134・150-152・155・204・346 — 都合のよい行だけが出ていないか。「1 週の線の逆向きは、流れを抜いても、年で層に分けても残る」は、2 つを別々に当てた値だけで言っている。c7_records.md §4 の 1 週で、流れを抜いて層に分けた値は −0.037(区間なし)、後半は +0.032 に反転する。D1 の層の表の 1 日の行は「流れを抜
docs/AUDITOR/VERDICTS/2026-10-06_d1b11_quiet_read_audit1.md	24	記録	計画の後の測り・読み	2. 直した: D1 の層の表の 1 週の行に、流れを抜いた値(−0.077)と、流れを抜いて層にも分けた値(−0.037、前半 −0.101・後半 +0.032、区間なし)を足した。1 日の行に 2017 年を除いた層の値(+0.026 [−0.015, +0.070]、流れを抜くと +0.035 [−0.002, +0.076])を足した(読み口 `c7_records.py` §7。結果を見た後の選び = 探索)。D3 に 2017 年の流れを抜いた値 −0.029 を
docs/AUDITOR/VERDICTS/2026-10-06_d1b11_quiet_read_audit1.md	33	記録	計画の後の測り・読み	1. [直す] docs/ANALYSIS/2026-10-06_d1b11_cards578_quiet.md:254 — 「流れの効きは小さい【事実: 表】」は、挙げた 3 行(1 日 +0.009→+0.013、1 週 −0.083→−0.077、層に分けた 1 日 +0.037→+0.027)だけで言っていないか。同じ文書の別の行は、流れを抜くと大きく動くことを示している。
docs/AUDITOR/VERDICTS/2026-10-06_d1b11_quiet_read_audit1.md	47	記録	計画の後の測り・読み	1. 直した(D5 の (1)): 「流れの効きは小さい【事実: 表】」を、「全期間で層に分けない比べでは小さく見える【事実: この 3 行】。年ごと・層に分けた形では流れを抜くと大きく動く(1 週の層 −0.088 → −0.037・後半 +0.032、1 日の 2017 年 +0.116 → −0.029・2021 年 +0.203 → −0.050)」に直した。直しは監査役が確かめていない(上限の 2 回を使い切った)。
docs/AUDITOR/VERDICTS/2026-10-06_d1b1_venue_read_audit1.md	14	記録	計画の後の測り・読み	- 2017 年は対照を引くと区間が 0 を含む(行 381 は自分で認めている)。
docs/AUDITOR/VERDICTS/2026-10-06_d1b1_venue_read_audit1.md	15	記録	計画の後の測り・読み	- 2020 年は +28.46 [−0.85, +57.78]、2022 年は +6.54 [−4.02, +17.10] で、引く前は 0 の外だった区間が引いた後は 0 を含む。
docs/AUDITOR/VERDICTS/2026-10-06_d1b1_venue_read_audit1.md	16	記録	計画の後の測り・読み	- 2018 年の 24 時間後の対照は +27.89 [+0.02, +65.60]。答えの根拠の年なのに、24 時間前は −12.49 と符号が逆。
docs/AUDITOR/VERDICTS/2026-10-06_d1b1_venue_read_audit1.md	20	記録	計画の後の測り・読み	- 2021 年の bitFlyer は −66.13 [−120.20, −20.96] で 0 を含まない。「2019 年以降」は表と合わない。
docs/AUDITOR/VERDICTS/2026-10-06_d1b1_venue_read_audit1.md	21	記録	計画の後の測り・読み	- 区間が 0 を含むのは「後半」(2020-10-17 以降)で、2019 年以降ではない。
docs/AUDITOR/VERDICTS/2026-10-06_d1b1_venue_read_audit1.md	25	記録	計画の後の測り・読み	4. [直す] :307(D9)— 「2018 年までの稼ぎは取引所の間の遅れ(差)で、Binance で持っても稼げなかった」は、D1(行 162)・D10(行 381)・K-200 の見出しの「区別がつかない(MDE 251・44)」より強い断定になっている。2018 年の Binance は +2.24 [−28.83, +33.19] で、上の端は bitFlyer の点の約 3 割にあたる。この行だけ直し漏れていないか。(P16・P2。同じ主張が箇所ごとに強さが違う
docs/AUDITOR/VERDICTS/2026-10-06_d1b1_venue_read_audit1.md	27	記録	計画の後の測り・読み	5. [直す] :166 — 「差は縮み、Binance で持った分が後半に負になって、bitFlyer で持った損益は後半に 0 を含む」は、表の分解と合っているか。bitFlyer の後半−前半 −69.65 の内訳は、差が −56.25 [−86.31, −26.19](0 の外)、Binance が −13.40 [−45.93, +19.14](0 を含む)で、点では約 8 割が差の縮みである。Binance の前半は [−50.87, +0.01] で、すでに負に
docs/AUDITOR/VERDICTS/2026-10-06_d1b1_venue_read_audit1.md	33	記録	計画の後の測り・読み	- D8 は「成行の約定の側は毎回確かめる」(第 6 版)だが「中ほどの変種は台本に無い(見送り)」で、仮定を振った走らせが無いのに「止める = False」と書いている。未確認のまま False にしてよいのか。差の +9〜+49 bp/日の残りに効きうる変数である(回答者 1 が bitFlyer の始値は幅が広いと指摘)。
docs/AUDITOR/VERDICTS/2026-10-06_d1b2_wick_read_audit1.md	13	記録	計画の後の測り・読み	2. [直す] /home/user/trade/docs/ANALYSIS/2026-10-06_d1b2_card2_wick.md:420 — 観察 9 の「表 12 枚の中で前提の向き(戻る)に区間が 0 を含まないのはこの行だけ」は、`read/contrast.md` の現物 §3「強い・bitFlyer・5 分・有利の深い点・全期間」+3.12 [+0.23, +6.01] と合わない(戻る側で 0 を含まない行)。269 行の「有利の側は対照と区別がつかない」
docs/AUDITOR/VERDICTS/2026-10-06_d1b2_wick_read_audit1.md	15	記録	計画の後の測り・読み	3. [直す] /home/user/trade/docs/ANALYSIS/2026-10-06_d1b2_card2_wick.md:133(450 行、412 行) — 約定の側の偏りの上限「刻み 0.1 USDT ÷ 値段 約 1〜6 万 USDT ≈ 0.02〜0.1 bp」は、誰の仮定で、出所は何か(P2)。(a) 書かれた「板の刻みの半分程度」と、示した数(0.1 ÷ 値段 × 1 万。これは刻み 1 本分)が合わない。(b) 値段の範囲 1〜6 万は、この出所
docs/AUDITOR/VERDICTS/2026-10-06_d1b2_wick_read_audit1.md	17	記録	計画の後の測り・読み	4. [直す] /home/user/trade/docs/ANALYSIS/2026-10-06_d1b2_card2_wick.md:352(371・419 行も) — 「60 分 − 15 分(カードが T + 15 分で建てた後に近い量)は 0 を含む。K-054 の戻りは見えない」に MDE が付いていない。bitFlyer −1.12 [−5.52, +3.28] は区間の半幅 4.4 bp(MDE は約 6 bp)で、探している効き目(1〜2 bp)より広い。カ
docs/AUDITOR/VERDICTS/2026-10-06_d1b2_wick_read_audit1.md	24	記録	計画の後の測り・読み	2. **直した**(D4・D9b の観察 9・型に当たらなかったもの、K-206)。§1・§3 の全行と年ごとの表を機械で拾い、前提の向き(戻る)に区間が 0 を含まない行は 2 つ(USD-M の強い・bitFlyer・5 分の後半、現物の強い・bitFlyer・5 分の有利の側の一番深い点 +3.12 [+0.23, +6.01])と書いた。D4 の「有利の側は区別がつかない」は全部の合図の行に限ると書いた。
docs/AUDITOR/VERDICTS/2026-10-06_d1b2_wick_read_audit1.md	26	記録	計画の後の測り・読み	4. **直した**(D7・D9 の K-054・D9b の観察 8、K-205 の見出し)。60 分 − 15 分は MDE 約 6.3 bp で「区別がつかない(不明)」と書き、K-054 の戻りを見分ける幅は無いとした。K-205 の見出しを「閉じてから 15 分は戻らず続く。カードが建てる T + 15 分より後の窓で戻るかは区別がつかない」に直した。
docs/AUDITOR/VERDICTS/2026-10-06_d1b2_wick_read_audit1.md	35	記録	計画の後の測り・読み	- 根拠の §3 には、現物の強い・bitFlyer・5 分の有利の側 +3.12 [+0.23, +6.01](contrast.md 265 行)があります。見出しは全部の合図の行だけを根拠にしていませんか。(P5)
docs/AUDITOR/VERDICTS/2026-10-06_d1b2_wick_read_audit1.md	41	記録	計画の後の測り・読み	4. [聞く] /home/user/trade/docs/ANALYSIS/2026-10-06_d1b2_card2_wick.md:466 — 次の手 1(合図ごとの行を残す走らせ直し)は、カードが建てた後の窓(60 分 − 15 分、MDE 約 6.3 bp で不明)をどう狭めるのかが書かれていません。
docs/AUDITOR/VERDICTS/2026-10-06_d1b2_wick_read_audit1.md	54	記録	計画の後の測り・読み	4. **答えた(聞く)**: 次の手 1 の分かることの先頭に「カードが建てた後の窓(T + 15 → T + 60 分)を合図ごとの対の差で出せる。今は 2 つの表の se の和で MDE 約 6.3 bp、対の差ならずっと狭い【推定】。狭くなっても決まらなければ、その窓を測る次の手は別に要る」を書いた。
docs/AUDITOR/VERDICTS/2026-10-06_d1b3_premium_read_audit1.md	15	記録	計画の後の測り・読み	3. [直す] 2026-10-06_d1b3_card3_premium.md:329・423・432 — 「2018 年からは主に bitFlyer が受け持つ」の根拠は点の大きさだけ。contrast.md §5 の原因 全部・1 分では 2019 年が bitFlyer +2.83 [+1.10, +4.57] 対 Binance +2.70 [+1.49, +3.91] で、ほぼ同じ。2020 年は +2.35 対 +0.95、2021 年は +2.68 対 +1.
docs/AUDITOR/VERDICTS/2026-10-06_d1b3_premium_read_audit1.md	29	記録	計画の後の測り・読み	1. **直した**(D7 の原因 Binance・D9b の観察 10・D10 の問いへの答え、K-209)。bitFlyer の脚の跳ねの戻りの分と追い付きの分は分けていない。「反証に当たる」を「反証の側に寄る【推定】」にし、但し書きに「bitFlyer の脚には端に選ぶ選びの跳ねの戻りも入り、追い付きの分と分けていない」「1 分目を除いた原因 Binance の bitFlyer の脚(60 分 − 1 分)は全期間 +9.61 [+3.39, +15.83]・後半 +
docs/AUDITOR/VERDICTS/2026-10-06_d1b4_card4_read_audit1.md	14	記録	計画の後の測り・読み	4. [直す] /home/user/trade/docs/ANALYSIS/2026-10-06_d1b4_card4_revert.md:338 — 「戻る前の不利な点(同じ先まで)は差が無い(+0.05 bp [−2.56, +2.66])」は、区間が ±2.6 bp あり MDE(保守)も +3.73 bp ある(diff_bounds.md:8)ので、「差が無い」とは言えず「区別がつかない(MDE)」の型の読みになるはずである。206 行の「とは言えない」や台帳 K
docs/AUDITOR/VERDICTS/2026-10-06_d1b4_card4_read_audit1.md	20	記録	計画の後の測り・読み	7. [直す] /home/user/trade/docs/ANALYSIS/2026-10-06_d1b4_card4_revert.md:340 — 知見の文 3 の「戻る前に中央 13.6 bp・99% 点で 292 bp 逆へ振れる」の母数は、戻らなかった離れ 34% を含む(台本は戻らなかった離れを 40 分の全部の足で取る。g2_item4.py:24-25)。D4(205 行)は【推定】で注記しているが、知見の文には注記が無く、【事実】の印で書かれている。この 
docs/AUDITOR/VERDICTS/2026-10-06_d1b4_card4_read_audit1.md	45	記録	計画の後の測り・読み	- 指摘 4([直す]、不利 B の「差が無い」): 直した。知見の文 2・D4・台帳 K-164 の大きさの欄を「区別がつかない(+0.05 bp [−2.56, +2.66]、MDE 3.73 bp)」にした。
docs/AUDITOR/VERDICTS/2026-10-06_d1b4_card4_read_audit2.md	14	記録	計画の後の測り・読み	4. [直す] /home/user/trade/docs/ANALYSIS/2026-10-06_d1b4_card4_revert.md:280,205 — D9 の組み合わせの案は「戻る前に中央 13.6 bp 逆へ振れる」を根拠に、入りを 13.6 bp 待った位置に置く案を書く。この 13.6 は、戻らなかった離れ 34% の 40 分の全部の足を含む分布の中央値である(知見の文 4 で注記された母数)。D9 の 280 行にも D4 の 205 行の頭の文「戻るま
docs/AUDITOR/VERDICTS/2026-10-06_d1b4_card4_read_audit2.md	42	記録	計画の後の測り・読み	- 指摘 4(直す、13.6 bp の母数が D9・D4 に届いていない): 直した。D9 の組み合わせの案と D4 の読みに「戻らなかった離れ 33.7% の 40 分の全部の足を含む分布の値」を書いた。
docs/AUDITOR/VERDICTS/2026-10-06_d1b5_card5_read_audit1.md	3	記録	計画の後の測り・読み	対象: `docs/ANALYSIS/2026-10-06_d1b5_card5_morning.md`(コミット f1e4630e の版)。jev: 未到達(402)。
docs/AUDITOR/VERDICTS/2026-10-06_d1b5_card5_read_audit1.md	7	記録	計画の後の測り・読み	1. [止める] docs/ANALYSIS/2026-10-06_d1b5_card5_morning.md:72, 376(+ K-173 のなぜの仮説) — 代替回答者 2 が「合わせていない」とした変数のうち、時間帯のボラ・流れの信号対雑音・bitFlyer の保守の時間の 3 つは、本文のどこにも扱いも見送りの理由も書かれていない。72 行目が「扱った」と書くのは重なりと跳ね返りだけである。保守について本文は何も書いていない。ところが COUNTS.md の「窓ごと
docs/AUDITOR/VERDICTS/2026-10-06_d1b5_card5_read_audit1.md	10	記録	計画の後の測り・読み	2. [直す] docs/ANALYSIS/2026-10-06_d1b5_card5_morning.md:69, 125, 363, 365 — 主の量と 5 窓の区間は「差の se の平均」で作った保守の幅で、事前登録の区間(日の塊の再抽出)ではない。この幅は広く出る側に偏るので、結論が「区別がつかない」「0 を含む」へ寄る(A-18)。5 窓の全期間の上端は +0.0001 で、正確な区間なら 0 を外れうる。365 行目は「0 を含む」と【事実】の印で書いている。台
docs/AUDITOR/VERDICTS/2026-10-06_d1b5_card5_read_audit2.md	7	記録	計画の後の測り・読み	1. [止める] docs/ANALYSIS/2026-10-06_d1b5_card5_morning.md:32, 72, 126 — 前回の止める 1 のうち、保守の時間は D2 の 170 行目で直っている。しかし時間帯のボラと流れの信号対雑音は、本文にまだ扱いも見送りの理由も無い。
docs/AUDITOR/VERDICTS/2026-10-06_d1b5_card5_read_audit2.md	15	記録	計画の後の測り・読み	2. [直す] docs/ANALYSIS/2026-10-06_d1b5_card5_morning.md:129, 365 — 「区別がつかない(MDE 2.4 pt)」の MDE は、主の量の統計的な精度を指す。対照 23 窓のうち 18 窓が朝の窓と分を共有し、朝の効果が対照にも入るので、MDE は前提 (ii) の効果の検出力ではない。
docs/AUDITOR/VERDICTS/2026-10-06_d1b5_card5_read_audit2.md	21	記録	計画の後の測り・読み	3. [聞く] docs/ANALYSIS/2026-10-06_d1b5_card5_morning.md:367, 378 — 367 行目は、5 窓との比べを「次の手の対照の根拠には使わない」と書く。一方、378 行目の次の手 1 は「朝の窓と分を共有しない窓を対照に」と決めている。
docs/AUDITOR/VERDICTS/2026-10-06_d1b6_card6_read_audit1.md	11	記録	計画の後の測り・読み	3. [直す] 2026-10-06_d1b6_card6_weekend.md:98, 207-208 — 「区間の作り方が違うので端は数千分の 1 ずれる」とあるが、usdjpy 後半の本体 − 対照は、台本の区間が [−0.005, +0.546]、読み口の区間が [+0.010, +0.533] で、0 を含むかどうかが変わる。208 行は台本の区間で「正 → 含む = 決まらない」とだけ書いている。同じ量が読み口の区間では「正 → 正」になる。この状態の食い違いは開
docs/AUDITOR/VERDICTS/2026-10-06_d1b6_card6_read_audit1.md	13	記録	計画の後の測り・読み	4. [直す] 2026-10-06_d1b6_card6_weekend.md:252, 262, 405 — 「戻りの点は下げた週に集まる」の根拠は、下げた週の区間は 0 を含まず、上げた週の区間は 0 を含む、という差にとどまっていないか。g の符号ごとの差の区間は出ていない。後半は上げ週 +0.065 [−0.011, +0.136]、下げ週 +0.110 [+0.053, +0.179] で大きく重なる。そのうえで 405 行は「下げた週の方が大きく出る見込み」と案
docs/AUDITOR/VERDICTS/2026-10-06_d1b6_card6_read_audit1.md	28	記録	計画の後の測り・読み	- 結果: 後半の下げた週の傾きだけ 0 より上(+0.063 [+0.008, +0.152])。差はどの期間も 0 を含む。切片もどの期間も 0 を含む。
docs/AUDITOR/VERDICTS/2026-10-06_d1b6_card6_read_audit1.md	33	記録	計画の後の測り・読み	- D1 の usdjpy の行に、区間の作り方で後半の状態が変わる(台本 [−0.005, +0.546] / 読み口 [+0.010, +0.533])ことを開示した。
docs/AUDITOR/VERDICTS/2026-10-06_d1b6_card6_read_audit1.md	36	記録	計画の後の測り・読み	- 下げた週 − 上げた週 の区間を出した(全期間 +0.105 [+0.008, +0.228]、半分ではどちらも 0 を含む)。
docs/AUDITOR/VERDICTS/2026-10-06_d1b6_card6_read_audit2.md	9	記録	計画の後の測り・読み	2. [直す] /home/user/trade/docs/ANALYSIS/2026-10-06_d1b6_card6_weekend.md:264, 437, 494 — 「下げた週 − 上げた週」の差は、2 つの比(分子 N1/分母 S1 と N2/S2)の差である。定義から nD に等しいのは分子の差 N1 − N2 だけで、分母(上げた週と下げた週の Σ|g|)は等しくない。「そのため D と別の証拠にはならない」「D の言い換え」は、差そのものが D で決まると読
docs/AUDITOR/VERDICTS/2026-10-06_d1b6_card6_read_audit2.md	21	記録	計画の後の測り・読み	- 合わせて +0.105。N1 − N2 = 3,839.2 bp で、週の数 × (D 本体 − 対照)と一致した。
docs/AUDITOR/VERDICTS/2026-10-06_d1b7_card7_read_audit1.md	7	記録	計画の後の測り・読み	1. [直す] /home/user/trade/docs/ANALYSIS/2026-10-06_d1b7_card7_race.md:372-376 — D9 の「組み合わせ」は「静かな時期(K-135)…に前半だけ続く」「2019 年以降は 0.5 と区別がつかない」と書いている。しかし台帳 K-135 の観察は「1 日の下の帯は後半も 0.5 より下(継続)」で、K-183 の次の問い・D9 の K-135 行も後半 続き 0.554 を認めている。この組み合わせの 
docs/AUDITOR/VERDICTS/2026-10-06_d1b7_card7_read_audit1.md	10	記録	計画の後の測り・読み	2. [直す] 同:88,152,442,458 — 「崩れた」は後半 − 前半の上の端 −0.012 が 0 に近いことに依っている。この区間は事前登録の「日の塊で選び直した差」ではなく、前半・後半の se から作った近似である。それなのに知見の文で【事実】の印が付いている。
docs/AUDITOR/VERDICTS/2026-10-06_d1b7_card7_read_audit1.md	19	記録	計画の後の測り・読み	5. [直す] 同:222,411,160-161(台帳 K-183) — D2 は「帯は並べる量なので判定の語は付けない」と書いている。ところが D9b の観察 1 は同じ帯について「後半 − 前半は 0 より下(この帯で崩れた)」と判定語を使っている。
docs/AUDITOR/VERDICTS/2026-10-06_d1b7_card7_read_audit1.md	20	記録	計画の後の測り・読み	- 中の帯は、3 帯 × 半分から結果を見て選んだ 1 行で、上の端が −0.011 と 0 に近い。「崩れた」の語は D2 の決まりと合っているか。多重性の調整をしていないことは、観察の文に出ているか。(P2 / 用語)
docs/AUDITOR/VERDICTS/2026-10-06_d1b7_card7_read_audit1.md	23	記録	計画の後の測り・読み	- 窓 1 週は区間が 0.5 を含み、窓 1 日は後半が含む。この「0.5 以上」は、D1 の「崩れた」と同じ文書の中で両立するか。
docs/AUDITOR/VERDICTS/2026-10-06_d1b7_card7_read_audit1.md	31	記録	計画の後の測り・読み	9. [聞く] 同:37,149-150,439-446(`/home/user/trade/docs/RESEARCH/d1b/PREREG.md`:29,77) — 事前登録は # 7 の「前提を支える向き」を「正 = 続く」と置いた。カード 7 の前提は「戻る」で、向きが逆である。文書はこれを開示し、2 つの読みを並べている(事前登録の語は「崩れた」、カードの前提の向きでは「決まらない」)。
docs/AUDITOR/VERDICTS/2026-10-06_d1b7_card7_read_audit1.md	45	記録	計画の後の測り・読み	- 日の塊 5 日が、窓 1 日のレースの依存(90 % 点 3.9 日 + 前の窓 1 日)を取りきれているとは言えないこと、se が 1.47 倍に届かない根拠は無い(未確認)ことを、D0・D1・D10 に書いた。「崩れた」は近似の区間の上での読みで、台本の区間で作り直すまで確定しないとした。
docs/AUDITOR/VERDICTS/2026-10-06_d1b7_card7_read_audit1.md	51	記録	計画の後の測り・読み	- 流れを抜いた値の 低 − 高 を読み口に足した。2 つの帯は同じ日を使うので、se の上限 se_低 + se_高 で保守の区間を作った。結果は窓 1 日 全期間 +0.016 [−0.026, +0.059]、窓 1 時間 前半 +0.013 [−0.005, +0.031] で、どれも 0 を含む。
docs/AUDITOR/VERDICTS/2026-10-06_d1b7_card7_read_audit1.md	53	記録	計画の後の測り・読み	5. [直す] → **直した**。D9b の観察 1 から「(この帯で崩れた)」を外した。代わりに、3 帯 × 半分から結果を見て挙げた 1 行であること、上の端 −0.011 が 0 に近いこと、多重性の調整なしを書いた。台帳 K-183 の観察にも足した。
docs/AUDITOR/VERDICTS/2026-10-06_d1b8_card8_read_audit1.md	16	記録	計画の後の測り・読み	4. [直す] /home/user/trade/docs/ANALYSIS/2026-10-06_d1b8_card8_meanrev.md:373、台帳 K-191 の見出し — 「向きでは戻り、大きさでは戻らない」という否定の言い方に MDE が付いているか。根拠は 1 分の相関が全期間・前半で 0 を含むこと(全期間 −0.0045 [−0.0083, +0.0018])で、se は約 0.0026、MDE は約 0.007。これは「区別がつかない(MDE ≈ 0.0
docs/AUDITOR/VERDICTS/2026-10-06_d1b9_liq_read_audit1.md	10	記録	計画の後の測り・読み	直さないと、「+5.41 / +3.60 bp は清算に特有の分」という読みと、それに基づく次の手 2(清算の次の分の始値で入る形の測り)の枠組み案(:385)を、出所と逆向きの外れ方の表で判断することになる。
docs/AUDITOR/VERDICTS/2026-10-06_d1b9_liq_read_audit1.md	16	記録	計画の後の測り・読み	4. [直す] docs/ANALYSIS/2026-10-06_d1b9_card9_liq.md:345 — D9b 観察 1 は型を「(a)・(b) 片方(前半)」とし、上乗せの開き(15 分 +7.38・60 分 +9.70)を同じ行に載せている。contrast.md の数字では、差(bitFlyer − Binance)の 15 分と 60 分は、前半・後半の両方で区間が 0 より上である。COIN-M は 15 分が前半 +14.02 [+6.41, +21.6
docs/AUDITOR/VERDICTS/2026-10-06_d1b9_liq_read_audit1.md	20	記録	計画の後の測り・読み	6. [直す] docs/ANALYSIS/2026-10-06_d1b9_card9_liq.md:284 — 「差は 60 分まで増える(COIN-M が戻り続けるため)」と書いている。差は 15 分が +10.16 [+5.71, +14.62]、60 分が +12.73 [+6.31, +19.15] で、区間は大きく重なる。COIN-M の 15 分の点(−2.65 [−6.63, +1.34])は 0 を含み、60 分(−5.73 [−11.04, −0.42])
docs/AUDITOR/VERDICTS/2026-10-06_d1b9_liq_read_audit1.md	47	記録	計画の後の測り・読み	前回の「直す」で直した箇所の数字も確かめた。結果は次のとおり。
docs/AUDITOR/VERDICTS/2026-10-06_d1b_g2_critic2.md	19	記録	計画の後の測り・読み	- # 6 の週明けは 1 週(r = 2020-01-12T22:00Z)でした。`adv_usdjpy_bp = 1.82595`、`g_usdjpy = +6.48bp`、対照は 2 本です。
docs/AUDITOR/VERDICTS/2026-10-06_d1b_g3_critic1.md	56	記録	計画の後の測り・読み	- 行 10 の問いは「1 分足の損益は…**どれだけ動くか**」です。
docs/AUDITOR/VERDICTS/2026-10-06_d1b_g3_critic1.md	83	記録	計画の後の測り・読み	- [情報] 日の損益は、出の時刻で日に割り振っています(`g3_run.py:165`)。日をまたぐ取引は片側だけが入ります。
docs/AUDITOR/VERDICTS/2026-10-06_d1b_g3_critic2.md	59	記録	計画の後の測り・読み	| 1 秒未満 | 74 | +0.31bp |
docs/AUDITOR/VERDICTS/2026-10-06_d1b_g3_critic2.md	60	記録	計画の後の測り・読み	| 1〜10 秒 | 194 | +0.30bp |
docs/AUDITOR/VERDICTS/2026-10-06_d1b_g3_critic2.md	61	記録	計画の後の測り・読み	| 10 秒以上 | 193 | −0.27bp |
docs/AUDITOR/VERDICTS/2026-10-06_d1b_g3_critic2.md	63	記録	計画の後の測り・読み	- 合わせた平均は 0.026bp です。「側の差」と「その後の値動き」が打ち消し合って出ている【推定】ので、表の平均だけで「どれだけ動くか」を読むと読み違えます。
docs/AUDITOR/VERDICTS/2026-10-06_d1b_g3_critic2.md	69	記録	計画の後の測り・読み	- [情報] `--short` の 07-01 では、カード 4 の replay の 1 日の損益が、良い側から流しても悪い側から流しても 46.18bp で同じでした。この日は、反対の入りの後に入り直すか(fill_side のまま残した仕様 3-2)が効いた取引は無かった、と読みます【推定】。
docs/DISCUSSIONS/2026-10-04_analysis_skill/BRIEF.md	26	記録	計画の後の測り・読み	- リードは全期間の平均 +24.8 bp/日で「効果が見えた」とし、前の日が荒れた日に入らない門を改良の候補にしていた。
docs/DISCUSSIONS/2026-10-04_analysis_skill/BRIEF.md	27	記録	計画の後の測り・読み	- 年ごとでは 2018 年まで +127.4、2019 年から −3.5 [−18.3, +11.9] bp/日。オーナー: L-639「**測定して年毎の推移みたらこのカードはそもそもの論理が時間経過とともに破綻してるってことじゃないの？**」、L-640「**このカードで得られた知見は ・1分足単位での取引所間の遅れはない(バイナンスとビットフライヤーに関して) これに尽きるんじゃないですか？この知見を基に深掘る(秒単位でみたらどうか)かどう活かすかを考えるべきではない
docs/DISCUSSIONS/2026-10-04_analysis_skill/BRIEF.md	38	記録	計画の後の測り・読み	- `summarize_trade_behavior.py`: 取引の数・建玉している時間の割合・平均/最大保有本数・勝率・平均損益・平均勝ち・平均負け。
docs/DISCUSSIONS/2026-10-04_analysis_skill/BRIEF.md	41	記録	計画の後の測り・読み	- 経路の型(建てから 24 本の終値の経路): immediate_rebound(6 本以内に頂点・最小 ≥ −0.2%)/ dip_then_rebound(谷が頂点より先・最小 ≤ −1%・最大 ≥ +1%)/ noisy_oscillation(符号の反転 2 回以上・±0.3%)/ immediate_failure(終わりが負・最大 ≤ 0.3%)/ mixed。
docs/DISCUSSIONS/2026-10-04_analysis_skill/BRIEF.md	45	記録	計画の後の測り・読み	- `analyze_trade_clustering.py`: 前の出から次の建てまでの本数、20 本の窓の中で何回目の入りか(平らから最初 / 2 回目 / 3 回目以降)、間隔の帯(0-5・6-10・11-20・21+)ごとの平均損益・勝率、「入り直しほど悪いか」の判定。
docs/DISCUSSIONS/2026-10-04_owner_decisions_batch1.md	36	記録	計画の後の測り・読み	- **どう使いたいか**: 日ごとの結果は、いくつもの戦略を組み合わせるときに「今日はどの戦略に重みを置くか」を決める材料に使う。カツオの「荒れた時だけ入る」門は取引ごとに掛けるので、取引ごとで測り直す。
docs/DISCUSSIONS/2026-10-04_owner_decisions_batch1.md	120	記録	計画の後の測り・読み	**門で取れる大きさ**(関門 ② の表 3 の監査で止めるを受けて直した): 門は避ける日の損益を 0 にするだけなので、取り分は全部の日に均して、平均回帰 +13.29 bp/日・東京仲値 +4.61 bp/日(経費の前、門を見つけたのと同じデータの中。東京仲値の避ける日の平均は区間が 0 を含む)。区分どうしの差(+69.88・−30.92)や表 3 の値(+271.12 など)は、門の取り分ではない(`docs/RESEARCH/cards/VOLSPLIT/RESU
docs/DISCUSSIONS/2026-10-04_owner_decisions_batch1.md	122	記録	計画の後の測り・読み	**監査で分かったこと(10-03 夜)**:
docs/DISCUSSIONS/2026-10-04_owner_decisions_batch1.md	123	記録	計画の後の測り・読み	- 同じ 2 本を「その日のボラ」で分けると、向きが前の日と逆になる(平均回帰 −48.00・東京仲値 +23.95 bp/日の差)。門の効きは「荒れた日が続くから」では説明できない【推定】。
docs/DISCUSSIONS/2026-10-04_owner_decisions_batch1.md	139	記録	計画の後の測り・読み	**理由(ア)**: 見つけた門を、見つけたデータで確かめても新しい証拠にならない(研究手順 §8-1)。探索の窓は、判定の期間を残したまま使える。段 3 は窓が無いと始められない。門の取り分は経費の前で +13.29・+4.61 bp/日と小さく、門だけのために窓を開ける価値は大きくない【推定】ので、段 3 と一緒に 1 つの単位にする。
docs/DISCUSSIONS/2026-10-04_owner_decisions_batch1.md	149	記録	計画の後の測り・読み	**分かったこと**:
docs/DISCUSSIONS/2026-10-04_owner_decisions_batch1.md	150	記録	計画の後の測り・読み	- 問い 3(日の版): 前の日のボラで日を分けると、16 本のうち 11 本で荒れた日に損益が大きい。門の取り分は平均回帰 +13.29・東京仲値 +4.61 bp/日(5 を参照)。
docs/DISCUSSIONS/2026-10-05_analysis_mechanism/PROPOSAL.md	66	記録	計画の後の測り・読み	- 試して分かったこと(2026-10-05、K-135 で W1〜W3 まで): W4 の最初の段「保存済みの出力の読み」は、全カードの分析を終えた後は空になる(今日の分析で読んだ出力は「見つけるのに使ったデータ」の側に入る。K-135 をカード 6 で確かめようとしたが、カード 6 の場面の表は分析で見ていた)。他の候補も同じ壁に当たる見込み【推定】。確かめは新しい台本の測りが既定になり、問いの立て方・族・検定単位をオーナーに見せる段が必ず入る。スキルの「考え方 5」と 
docs/DISCUSSIONS/2026-10-05_analysis_mechanism/PROPOSAL.md	67	記録	計画の後の測り・読み	- 試して分かったこと(2026-10-06、K-135 の確かめまで): (a) 「同じ規則」を別の市場に当てると、取引時間の違い(ドル円の週末の空白)で暦の窓が縮む測りの癖が入った(批評家が見つけた)。W4 に「別の市場に当てる前に、データの時間の構造(取引時間・空白)が規則の前提と同じかを書く」段が要る。(b) 「批評家の検めの後に測る」の順は委任文に書いただけで、作業者は台本づくりと測りを続けて行った。機械では止まらない。予言を先に押し出していたので事前登録は崩れなか
docs/DISCUSSIONS/2026-10-05_analysis_mechanism/PROPOSAL.md	68	記録	計画の後の測り・読み	- 試して分かったこと(2026-10-06、L-711 の本物の試し): 新しく作った相方の定義ファイル(`.claude/agents/analysis-partner.md`)は、作った会話の中では Agent の道具の一覧に出なかった。定義ファイルは会話の始まりに読み込まれる【推定】。新しい会話で一覧に出るかが、空の会話の試しの最初の確かめ項目。
docs/DISCUSSIONS/2026-10-06_held_batches/D1B_FRAMINGS.md	22	記録	計画の後の測り・読み	| 11 | カード 5・7・8 をまたいで | 「静かな時期は続く」を同じ物差しで並べると、3 つの形で同じ向きか | 前の日の荒れ具合の区分 3 × 続き・戻りの割合。3 つの形(朝の向きの続き・一定幅の線・平均からの離れ) | 1 日 × 窓 | bitFlyer FX の 1 分足 | 区分の間の比べ(K-135 の物差し) | 測定用セッション |
docs/DISCUSSIONS/2026-10-06_held_batches/d1b/REPORT_G1.md	86	記録	計画の後の測り・読み	- **# 1**(2023-07-01T15:00Z〜07-04T15:00Z): 件数 13.8 秒、本体 11.6 秒。全期間の 1 日あたりは bitFlyer +6.71、Binance −13.86、差 +20.57 bp。戻るまでの分は 2 合図で平均 41.5 分。
docs/DISCUSSIONS/2026-10-06_held_batches/d1b/REPORT_G1.md	87	記録	計画の後の測り・読み	- **# 2 USD-M**: 件数 25 秒、本体 32 秒。例として、強い合図・海外・5 分の終点は 9 件で +4.52 bp。
docs/DISCUSSIONS/2026-10-06_held_batches/d1b/REPORT_G1.md	88	記録	計画の後の測り・読み	- **# 3**(2022-07-01〜04、候補 onset): 件数 34 秒、本体 67 秒。例として、窓 1h・60 分の脚は bitFlyer +11.58、Binance −7.08、USDJPY −0.29、合計 +4.21 bp。
docs/DISCUSSIONS/2026-10-06_held_batches/d1b/REPORT_G1.md	89	記録	計画の後の測り・読み	- **# 9**: 件数 2 秒、本体は spot 35 秒・coinm 14 秒。例として coinm、15 分の差(bitFlyer − Binance)は 153 件で +8.99 bp。相関が一番大きい遅れは 166 件中 159 件が 0 分。
docs/DISCUSSIONS/2026-10-06_held_batches/d1b/REPORT_G1.md	182	記録	計画の後の測り・読み	| # 2 USD-M | 38 秒 | 強い合図・bitFlyer・60 分で NaN 2 件、2 件とも as-of の値が古い件。海外・5 分の終点は +4.52 bp(9 件) |
docs/DISCUSSIONS/2026-10-06_held_batches/d1b/REPORT_G1.md	183	記録	計画の後の測り・読み	| # 3 | 60 秒 | 頭に「**2023 年は含まない**」と出る。窓 1h・60 分の脚は bitFlyer +11.58、Binance −7.08、USDJPY −0.29、合計 +4.21 bp(250 件) |
docs/DISCUSSIONS/2026-10-06_held_batches/d1b/REPORT_G1.md	184	記録	計画の後の測り・読み	| # 9 | 両方で 41 秒 | 15 分の差(bitFlyer − Binance)は COIN-M で +8.99 bp、現物で +8.17 bp(153 件) |
docs/DISCUSSIONS/2026-10-06_held_batches/d1b/REPORT_G2_fix2.md	17	記録	計画の後の測り・読み	- 7 日の確かめでは、窓 1 との差は一致の割合 +0.092 [−0.037, +0.207]、r̄ +0.191 [−0.223, +0.432] でした【事実】。
docs/DISCUSSIONS/2026-10-06_held_batches/d1b/REPORT_G3.md	37	記録	計画の後の測り・読み	| 「6 日で決められるのは割合まで」 | カード 3・5・8・9 の bp の量は作らない(決め 7)。カード 4 の 1 日の損益は日ごとと平均だけ(`mean_stats`) |
docs/DISCUSSIONS/2026-10-06_held_batches/d1b/REPORT_G3.md	49	記録	計画の後の測り・読み	`/home/user/trade/docs/RESEARCH/d1b/10_cards34589/COUNTS.md` です。数は前の `--counts`(終了 0、1,558 秒)の `counts.json` のままで、表を種類ごとの行に直しました(`--render-counts`)。【事実: 出力】
docs/DISCUSSIONS/2026-10-06_held_batches/d1b/REPORT_G3.md	96	記録	計画の後の測り・読み	| c3_1h・all・same_side | 650 / 1241 | 0.524 | 0.024 | [0.496, 0.551] |
docs/DISCUSSIONS/2026-10-06_held_batches/d1b/REPORT_G3.md	97	記録	計画の後の測り・読み	| c3_1h・all・dir_first | 572 / 1103 | 0.519 | 0.019 | [0.489, 0.548] |
docs/DISCUSSIONS/2026-10-06_held_batches/d1b/REPORT_G3.md	98	記録	計画の後の測り・読み	| c3_1h・flip・same_side | 96 / 174 | 0.552 | 0.052 | [0.478, 0.624] |
docs/DISCUSSIONS/2026-10-06_held_batches/d1b/REPORT_G3.md	99	記録	計画の後の測り・読み	| c3_1h・flip・dir_first | 78 / 157 | 0.497 | -0.003 | [0.420, 0.574] |
docs/DISCUSSIONS/2026-10-06_held_batches/d1b/REPORT_G3.md	100	記録	計画の後の測り・読み	| c3_1h・resize・same_side | 544 / 1047 | 0.520 | 0.020 | [0.489, 0.550] |
docs/DISCUSSIONS/2026-10-06_held_batches/d1b/REPORT_G3.md	101	記録	計画の後の測り・読み	| c3_1h・resize・dir_first | 480 / 927 | 0.518 | 0.018 | [0.486, 0.550] |
docs/DISCUSSIONS/2026-10-06_held_batches/d1b/REPORT_G3.md	102	記録	計画の後の測り・読み	| c3_1h・open・same_side / dir_first | 5/10・8/9 | 0.500・0.889 | 0.000・0.389 | [0.237, 0.763]・[0.565, 0.980] |
docs/DISCUSSIONS/2026-10-06_held_batches/d1b/REPORT_G3.md	103	記録	計画の後の測り・読み	| c3_1h・close・same_side / dir_first | 5/10・6/10 | 0.500・0.600 | 0.000・0.100 | [0.237, 0.763]・[0.313, 0.832] |
docs/DISCUSSIONS/2026-10-06_held_batches/d1b/REPORT_G3.md	104	記録	計画の後の測り・読み	| c3_1d・all・same_side / dir_first | 700/1319・611/1170 | 0.531・0.522 | 0.031・0.022 | [0.504, 0.558]・[0.494, 0.551] |
docs/DISCUSSIONS/2026-10-06_held_batches/d1b/REPORT_G3.md	105	記録	計画の後の測り・読み	| c3_1d・flip・same_side / dir_first | 9/16・9/15 | 0.562・0.600 | 0.062・0.100 | [0.332, 0.769]・[0.357, 0.802] |
docs/DISCUSSIONS/2026-10-06_held_batches/d1b/REPORT_G3.md	106	記録	計画の後の測り・読み	| c3_1d・resize・same_side / dir_first | 691/1303・602/1155 | 0.530・0.521 | 0.030・0.021 | [0.503, 0.557]・[0.492, 0.550] |
docs/DISCUSSIONS/2026-10-06_held_batches/d1b/REPORT_G3.md	107	記録	計画の後の測り・読み	| c3_1w・all = resize・same_side / dir_first | 702/1325・618/1174 | 0.530・0.526 | 0.030・0.026 | [0.503, 0.557]・[0.498, 0.555] |
docs/DISCUSSIONS/2026-10-06_held_batches/d1b/REPORT_G3.md	109	記録	計画の後の測り・読み	| c8_jst_day・flip・same_side / dir_first | 45/89・42/79 | 0.506・0.532 | 0.006・0.032 | [0.404, 0.607]・[0.423, 0.638] |
docs/DISCUSSIONS/2026-10-06_held_batches/d1b/REPORT_G3.md	110	記録	計画の後の測り・読み	| c8_bf_maint・flip・same_side / dir_first | 35/70・24/63 | 0.500・0.381 | 0.000・-0.119 | [0.386, 0.614]・[0.271, 0.504] |
docs/DISCUSSIONS/2026-10-06_held_batches/d1b/REPORT_G3.md	111	記録	計画の後の測り・読み	| c9・sec(主)・same_side / dir_first | 8/12・3/11 | 0.667・0.273 | 0.167・-0.227 | [0.391, 0.862]・[0.097, 0.566] |
docs/DISCUSSIONS/2026-10-06_held_batches/d1b/REPORT_G3.md	112	記録	計画の後の測り・読み	| c9・one_min・same_side / dir_first | 8/12・6/12 | 0.667・0.500 | 0.167・0.000 | [0.391, 0.862]・[0.254, 0.746] |
docs/DISCUSSIONS/2026-10-06_held_batches/d1b/REPORT_G3.md	120	記録	計画の後の測り・読み	| 良い側 | 110 | 52 | 53 | 5 | 0.473 | [0.382, 0.565] | −46.52 |
docs/DISCUSSIONS/2026-10-06_held_batches/d1b/REPORT_G3.md	121	記録	計画の後の測り・読み	| 悪い側 | 98 | 45 | 48 | 5 | 0.459 | [0.364, 0.558] | 3.13 |
docs/DISCUSSIONS/2026-10-06_held_batches/rerun/REPORT_C.md	75	記録	計画の後の測り・読み	- **(b) の数字**【事実: 出力】
docs/DISCUSSIONS/2026-10-06_held_batches/rerun/REPORT_C.md	79	記録	計画の後の測り・読み	- 1 連鎖あたり (b) − どちらの側でも の平均は、全部順張り −0.33 bp、全部逆張り −1.75 bp で、鏡の両方とも負でした。待つ形 (a) は +0.91 / +1.40 bp で、前回と同じ値です。
docs/DISCUSSIONS/2026-10-06_held_batches/rerun/REPORT_C.md	80	記録	計画の後の測り・読み	- レグごとの (b) − どちらの側でも は、古い約定ほど負に大きくなりました: −0.1〜0 秒 +0.03、−1〜−0.1 秒 −0.66、−10〜−1 秒 −1.30、−60〜−10 秒 −2.10 bp。
docs/DISCUSSIONS/2026-10-06_held_batches/rerun/REPORT_C_fix2.md	16	記録	計画の後の測り・読み	| 取得の台本は `scripts/` の下、結果は `data/` に置く | リード「取得の台本は scripts の下に置き、取った日の結果は git の外の data/ に置く」 |
docs/DISCUSSIONS/2026-10-06_held_batches/rerun/REPORT_C_fix2.md	88	記録	計画の後の測り・読み	- **気配の数字**【事実: 出力】
docs/OWNER_LOG.md	586	記録	計画の後の測り・読み	| L-577 | 2026-10-03 | 指摘 | 「**レンジの部分では必勝になるロジックでなはず。小勝ちを積み上げとブレイク時の大負けの差が勝負の分かれ目になるから、どういう時に動かしてどういう時に止めるのか判断が大事な戦略なのに、一体どういう設計してる？？**」 | 調べた: 取引ごとに分けると、門の無いカードは勝ち 90.9%(平均 +1.96bp)、負け平均 −19.84bp、最悪 1% の取引で −531,809bp(負けの 71%)。L-575 の「レンジで
docs/OWNER_LOG.md	595	記録	計画の後の測り・読み	| L-586 | 2026-10-03 | 問い | 「**カツオについてなんですけど、前の測定の知見は活かさない感じ？**」 | 活かす。指示書の進め方が原典の 15 分だけから始めていて、前の成行の測定(短い足だけプラス・年ごとの縮み・勝率 50% 未満で大勝ち頼み)を使っていなかった。SPEC §8 を直した: 最初の走らせを 1・3・15 分にし、大勝ちを指値で取れたか・負けの中央値・2022〜23 年の縮みを、同じ合図の成行の取引と突き合わせて見る |
docs/OWNER_LOG.md	603	記録	計画の後の測り・読み	| L-D01 | 2026-10-03 | 指示(バックテストのタブの改善)+ 指摘 | 「**まずバックテストのタブについて ・なんのテスト結果か名前や中身を見ても全くわからない ・同じような一覧が多すぎて違いがわからない ・チャート表示がない など、全く意味のないタブになっています。 ・添付画像のようなチャート付きの視覚的にわかりやすい見た目 ・研究のテーマ毎のカテゴリ分け ・タイトルをわかりやすく ・どういう戦略か説明をつける ・同じ戦略の族違いの結果はプルダウンなど
docs/OWNER_LOG.md	627	記録	計画の後の測り・読み	| L-608 | 2026-10-03 | 指示 | 「**整理ができたなら、やるべきことをリストアップしてください。この議論の初めに出してたサマリーを使ってください。くれぐれも目標を忘れずに**」 | 計画の要約(9 段階・現在地)と計画 第 5 版の W4 の完了の形(カードごとに場面ごとの効果・対照・検出力・なぜ・bitFlyer で効くかが台帳にあり、効果が見えたものは改良の 1 回が済んでいる)から、やることの一覧を作り `docs/OWNER_STATUS.md
docs/OWNER_LOG.md	637	記録	計画の後の測り・読み	| L-612 結果(案の供給 第 1 周) | 2026-10-03 | (L-612 の結果) | — | 案の供給のセッションの第 1 周(23:16〜23:39 JST)を受け取り、作業ブランチに取り込んだ(15357fea)。251 案を 99 組に(消していない)・データの到達確認 165 行(届いた 121・届かなかった 23・鍵が要る 9・叩いていない 12)・出所の取り直し 22 行・英語の引用に訳 236 件。**決まりから外れたこと**: 下位モデルがオ
docs/OWNER_LOG.md	645	記録	計画の後の測り・読み	| L-617 | 2026-10-04 | 問い | 「**夜に済んだことについて質問 1.結局効いたの？どういう測り方したの？ 3.よくわからん 4.k1と合わなくて何か困ることはある？**」 | 夜の報告の 1(前の日のボラの門)・3(カツオの門)・4(K1 との食い違い)について、平易な言葉で答えた(報告が内部の言葉のままだった。KA-63 と同じ型)。 |
docs/OWNER_LOG.md	648	記録	計画の後の測り・読み	| L-620 | 2026-10-04 | 決定 | 「**1〜3はそれですすめて 5と6はさっきの返答でわかるよね？**」 | 判断の束(書き直し版)の 1〜3 = 書いた中身で進める(マチルダの組み合わせ 12 通り・マチルダのブレイクの負けを直接減らす約 12 通り・カツオの長い保有の降り方 12 通り)。5・6 は L-619 から: 5 = 封印の探索の窓は今は開けない。戦略の改良が終わってから、改良した戦略と前の日の荒れ具合の門をまとめて見ていない期間で試す(段
docs/OWNER_LOG.md	653	記録	計画の後の測り・読み	| L-625 | 2026-10-04 | 決定 | 「**Aだが、結果的に問題がなかったのなら改良の土台に使わない方がもったいない**」 | (A) = 今日の 6 つの読みは探索の観察として残し、次の測りから設計の段の判定を事前登録に入れる。あわせて、抜けで結果的に問題が出ていないかを確かめ、問題が無ければ族 D を含む今日の結果を改良の土台に使う(リードが「答えをいただくまで使わない」と書いたのを改める)。確かめ方 = 設計の段の判定(jev_design)を今から当
docs/OWNER_LOG.md	657	記録	計画の後の測り・読み	| L-629 | 2026-10-04 | 決定 | 「**ア**」 | L-628 の後の判断が要る項目への答え = (ア)。L-619「損やほぼ得をしない取引を避ける」を「1 日あたりの平均の 95% 区間が 0 を含む区分も避ける」(得が確かでない日は入らない)に写す。この表(`VOLSPLIT/IMPROVED/`)では、カツオの時間で降りる形は前の日が静かな日を、門 × 時間で降りる N = 9 は静かな日と中の日を避け、マチルダ良い側は避けず、悪い側は全部を避け
docs/OWNER_LOG.md	659	記録	計画の後の測り・読み	| L-631 | 2026-10-04 | 質問・指摘(結果への違和感) | 「**W6b ってなに？**」「**理屈がわかってないんですけど、どういう調べ方した？その結果は違和感しかない**」 | リードが番号 W6b を説明なしで使っていた(O-6)。呼び名の表に「1 分足の中の順序の確かめ」を足した。調べ方を説明し、結果が悪い側に寄る理由を事後の診断(封印の前の 6 日だけ)で確かめた: 全部の分の 83% で本当の順序は「始値に近い端が先」、良い側の仮定は決まらない
docs/OWNER_LOG.md	664	記録	計画の後の測り・読み	| L-636 | 2026-10-04 | 指摘 + 質問 | 「**この計画はマチルダのことじゃない、全体のこと 今私が聞きたいのは、マチルダだけにかかわらず封印内のデータを無駄にする測定を他にもやってる可能性がないか確認するためにお前がどんな考え方でやってるかです。この計画と聞いて局所的な話出してきた時点で察しはついてる。お前ゴールと計画全体のこと読んでないな？**」 | 認める: 返答の前にゴールの文書と計画 第 5 版を読み直していなかった(この回の返答の前に読み直
docs/OWNER_LOG.md	665	記録	計画の後の測り・読み	| L-637 | 2026-10-04 | 指示 | 「**いますぐ測定のセッションとめてそいつらのコミット全部消せ**」 | 実行: 窓の測定用セッション 3 つ(session_01DQK5pECkHCtDs3pGqckNKv・session_014LYhDaDyWAVkQi99F4ZdaN・session_01RzxbLCkNLcsAQxjDtabzKS)を中断し、保存状態にして容器を手放した。確認の予約(trig_01M1jdMf4M1En9KwsNy8iEmy)を
docs/OWNER_LOG.md	667	記録	計画の後の測り・読み	| L-639 | 2026-10-04 | 指摘 + 問い | 「**その表も単位ないしなんの数字が意味わからん。んで測定して年毎の推移みたらこのカードはそもそもの論理が時間経過とともに破綻してるってことじゃないの？**」 | 表の数は「片方の良い 5% の日のうち、もう片方でも良い 5% の日だった割合」(関係が無ければ 0.05)。リードが確かめた(今の paper bot の日ごとの損益、経費前、持ち高 1 単位、日の塊 5 日の区間): 2017-08〜2018 年
docs/OWNER_LOG.md	668	記録	計画の後の測り・読み	| L-640 | 2026-10-04 | 指摘 + 方針 | 「**取引所間の遅れを狙う論理の稼ぎが年々悪くなった＝エッジがなくなった＝取引所間の遅れがなくなったという証明じゃないんですか？だからこのカードで得られた知見は ・1分足単位での取引所間の遅れはない(バイナンスとビットフライヤーに関して) これに尽きるんじゃないですか？この知見を基に深掘る(秒単位でみたらどうか)かどう活かすかを考えるべきではないんですか？**」 | 同意。カード 1 の知見 = 「Binanc
docs/OWNER_LOG.md	669	記録	計画の後の測り・読み	| L-641 | 2026-10-04 | 経緯の説明 | 「**このカードに関してはpaperの結果か既にエッジが切れていることを確認して、それからは今botでただ動かしているだけで損益もなにも観察していません。にも関わらずカードに入っていることを黙認した理由は、この結末に新しい測定器と計画ならたどり着くと思ったからであり、実際にデータはそれを示しました。封印を使った測定を始める際に見当違いな行動が見られたのも含めて、問題は分析にあると思い、今こうやって一つずつ分析を確か
docs/OWNER_LOG.md	670	記録	計画の後の測り・読み	| L-642 | 2026-10-04 | 指示 | 「**とりあえず知見台帳はこの分析を基に書き直してください。そしてこの全作業停止と全分析確認の目的はもう一つあります。それは正しい分析方法の確立です。これからも私が全ての分析をチェックしてやり直させることは労力的に不可能です。したがってこのやり直しを通して私の観点を持った汎用的な分析スキルの構築をひたいです。**」 | 実行: 知見台帳にカード 1 の知見 K-050(1 分足単位の遅れは 2019 年から稼げる形では残
docs/OWNER_LOG.md	671	記録	計画の後の測り・読み	| L-643 | 2026-10-04 | 指摘 | 「**草案がどれも局所的で汎用的でない。やり直し**」 | 第 1 版は出来事ごとの規則(カード 1・マチルダ・窓の話)で、一般の考え方になっていなかった。第 2 版に書き直した: 問いは目的から下ろす / 仮説は仕組みの主張 / まとめる前に分ける / 結果は世界についての知見 / 崩れた前提に継ぎ当てしない / 測りの忠実さ / データを資産として使う順 / 知見どうしの矛盾 / 伝え方 の 9 節と、どの分析でも同
docs/OWNER_LOG.md	674	記録	計画の後の測り・読み	| L-646 | 2026-10-04 | 質問 | 「**第 4 版の決まりでは許していない読み方 →この決まりの目的は？**」 | 目的: 結果を見てから区切りの時点を選ぶと、偶然の上下でも変わったように見え、前後の差が大きく出る。だから「崩れたか」の判定は見る前に決めた区切りで行う。「いつから」を年ごとの表で記述することは目的に反しない。リードは決まりを目的から離れて当て、K-050 の「2019 年から」(年ごとの値の記述)まで許さないと書き、不要な判断の項目を出し
docs/OWNER_LOG.md	678	記録	計画の後の測り・読み	| L-650 | 2026-10-04 | 指摘 | 「**おいどっちがホンマやねん真逆のこと言ってるぞ**」(D5 の「合図から建てまでの 15 分は逆向き −1.80」と「建ててから 15 分は +1.69」について) | 両方とも測った値で、測った区間が違う(合図の時刻 T → T+15 と、建ての時刻 T+15 → T+30)。別の書き方で計算し直して確かめた(T→T+15 −1.71、T+15→T+30 +1.68、通しの T→T+30 −0.04 bp、21,1
docs/OWNER_LOG.md	681	記録	計画の後の測り・読み	| L-653 | 2026-10-04 | 指示 + 案 | 「**とりあえず台帳の仕分けを終わらせて。 そして少し話は逸れますが、一つ知見から導けるかもしれない気づきがあったので共有します。 「指値にすると悪くなる」と「合図が出てから15分は逆に動く」を組み合わせたら、「合図の価格より良い位置の指値が通りやすく、15分待って建てる測定より期待値があがるのではないか？」です。どう思いますか？**」 | 台帳を L-652 の仕分けで書き直した(K-052〜K-055 を足し
docs/OWNER_LOG.md	682	記録	計画の後の測り・読み	| L-654 | 2026-10-04 | 指摘 | 「**ヒゲの先までの半分の位置 これが根拠ないから意味のない測定になってない？ ヒゲの向きに続く動きは平均 1.7 bp ほど すぐ上でこう言ってるやん**」 | そのとおり。入り方 b の深さ(ヒゲの先までの半分 = 少なくとも約 10 bp)は原典の 2 本目(増し玉)から取ったもので、15 分の続きの幅から決めた値ではない。オーナーの案の確かめにはならず、L-653 で「半分確かめた」と書いたのはリードの誤り。1.
docs/OWNER_LOG.md	683	記録	計画の後の測り・読み	| L-655 | 2026-10-04 | 質問 | 「**こういうのをあなたが導けるように分析スキル構築してるんですけど、効果なさそうですか？**」 | 今の版では導けていない、と答えた。足りない段 3 つ: (1) 知見を組み合わせて案を出す段が無い(第 1 部 §8 は矛盾を見るだけ)(2) 比べに使った走らせの水準の出所を問いに照らす段が無い(入り方 b の深さ。K-008・K-039 も置き場所を書かずに「指値は悪い」と一般化していた → 射程を直した)(3) 経
docs/OWNER_LOG.md	692	記録	計画の後の測り・読み	| L-664 | 2026-10-04 | 質問 | 「**理解しました。1点確認です。基となるUSD/JPYの動きも観測すべきではないですか？ドル円の変化とBTC/USDの変化とBTC/JPYの変化のズレを狙うというのがこの戦略の基ならば、大元のドル円の動きとの相関を考慮にいれるべきと思うが、どうですか？**」 | 同意。今の測りで分かっているのは合図の後の動きの分け方だけ(1h の持ち高 1 あたり: bitFlyer の脚 +0.354・Binance の脚 −0.5
docs/OWNER_LOG.md	696	記録	計画の後の測り・読み	| L-668 | 2026-10-04 | 質問 | 「**勝ち負けの分解は？**」 | 4 つの形 × 良い側・悪い側で、勝ち・負け・利確・ブレイク・時間の内訳(1 日あたり)を出した(既存の summary.json・analysis.json・trades.json.gz から)。ブレイクで閉じる取引はどの形も 1 日 13〜15 本でほぼ同じ。利確 4:3 の改良は、1 回の勝ちが +0.65 → +2.25 bp に大きくなり、ブレイク 1 回の損が小さくなった分
docs/OWNER_LOG.md	699	記録	計画の後の測り・読み	| L-671 | 2026-10-04 | 指摘 | 「**は？？？分析をやり直すターンで分析を基にした判断してたの？**」 | はい。カード 2〜4 の読み直しで、前の分析の判断を材料に使っていた: 下位モデルへの材料集めの依頼で「文書の読み・結論」を集めさせた / カード 4 の知見の文を昼の試しから写した / カード 3 で前の分析の実効スプレッド 2.0 bp(L-361)と監査役の遅らせた表を判断の根拠にした / 台帳の行(前の分析の結論)を枠に使った。直し: 読
docs/OWNER_LOG.md	701	記録	計画の後の測り・読み	| L-673 | 2026-10-04 | 指摘 | 「**比の十分位 1 → 10 で次のとおりです。 良い側: +0.302 → −1.151 bp/取引 悪い側: −0.517 → −1.940 bp/取引 これすら間省略してない？頭おかしなるわ**」 | そのとおり、十分位 2〜9 を省いていた。10 段 × 両側の全部の列(比の範囲・取引・勝率・和・1 取引あたり)を出した。card4/REVIEW.md にも足した。 |
docs/OWNER_LOG.md	703	記録	計画の後の測り・読み	| L-675 | 2026-10-04 | 指摘 | 「**お前さ、やってることわかってんの？「分析結果は全部出します！あなたにやり直しはさせません」て言った次のターンで省略した値出して、意味不明なこと言って、勝手に測定始めて俺を待たせて 何がしたいの？俺を困らせたいだけ？**」 | 困らせる意図は無いが、起きたことはオーナーの言うとおり。「全部出す」と約束した直後に、約束を守る仕組み(全部の表を出す道具)を作らずに手で表を作り、両端だけ書いた。確かめずに「列が無い」と書い
docs/OWNER_LOG.md	707	記録	計画の後の測り・読み	| L-677 結果 | 2026-10-05 01:3x JST | 結果 | (L-677「**全部って言ったやろ**」に対して) | カード 2〜4 を、測った走らせの全部で 5〜9 と同じ表に出し直した(新しい走らせなし、保存済みの出力だけ): カード 2 = 指値の再現 134 本 + カードの成行の形 18 本(`docs/DISCUSSIONS/2026-10-04_analysis_skill/card2/REVIEW_ALL.md`)、カード 3 = 6 本
docs/OWNER_LOG.md	719	記録	計画の後の測り・読み	| L-689 | 2026-10-05 09:1x JST | 質問 | 「**規則や後の検査を増やさずに仕組みで解決する方法はない？**」 | 答えた(返答): ある。スキルを「リードが参照する文書」から「分析をする唯一の道具」に変える。分析の入口を 1 本の台本にし、(1) 前提の 1 文と合図の有効期間を入力として受け取るまで結果を 1 つも出さない (2) スキルの順(D0 → D8 → D1 → D2〜D7 → D9 → D10)で台本が自分で表を出し、分かれ道(
docs/OWNER_LOG.md	729	記録	計画の後の測り・読み	| L-696 進み | 2026-10-05 10:3x JST | 進み(カード 1) | (L-676 の完了の形「**測定したカード全部の分析と残作業整理を、オーナーが納得できる形まで整理すること**」のやり直し) | カード 1(今の paper bot)を分析のスキルの骨組みで読み直した: `docs/ANALYSIS/2026-10-05_card1_paper_bot.md`(コミット 055ea53f と直し)。知見の文: この形の経費の前の損益は、前半(2
docs/OWNER_LOG.md	731	記録	計画の前の測りの数・文を含む(K1・EXEC・NEWENV。2026-09-09〜10-01)	| L-696 進み(カード 2) | 2026-10-05 11:3x JST | 進み | (L-676 の完了の形のやり直し) | カード 2(カツオ)を骨組みで読み直した: `docs/ANALYSIS/2026-10-05_card2_katsuo.md`(コミット 63c7c30e と直し)。保存済みの走らせ 152 本の全部に試験のある読み口を当てた(新しい走らせなし)。分かったこと: 原典の 15 分(成行)は全期間 −19.70 [−35.81, −4.42
docs/OWNER_LOG.md	732	記録	計画の後の測り・読み	| L-696 進み(カード 3) | 2026-10-05 11:5x JST | 進み | (L-676 の完了の形のやり直し) | カード 3(円の上乗せの戻り)を骨組みで読み直した: `docs/ANALYSIS/2026-10-05_card3_yen_premium.md`(コミット 18e433f2 と直し)。保存済みの 6 本(成行 3・指値の模型 3)に読み口を当てた(新しい走らせなし)。分かったこと: 成行の形(次の足の始値で全量約定)は 3 つの窓とも全
docs/OWNER_LOG.md	733	記録	計画の後の測り・読み	| L-696 進み(カード 4) | 2026-10-05 12:5x JST | 進み | (L-676 の完了の形のやり直し) | カード 4(マチルダ)を骨組みで読み直した: `docs/ANALYSIS/2026-10-05_card4_matilda.md`(コミット 4ac04c1d まで)。保存済みの指値の再現 56 組(良い側・悪い側)とカードの形 20 本に読み口を当てた(新しい走らせなし。前の会話の走らせ直し c4rerun の v37 も読んだ)。分か
docs/OWNER_LOG.md	734	記録	計画の後の測り・読み	| L-696 進み(カード 5) | 2026-10-05 13:2x JST | 進み | (L-676 の完了の形のやり直し) | カード 5(東京仲値)を骨組みで読み直した: `docs/ANALYSIS/2026-10-05_card5_tokyo_fix.md`(コミット 163f3202 まで)。保存済みの 1 本(成行)の run.npz から取引の行を作り直し(本数・和が測定の記録と一致)、試験のある読み口と道具を当てた(新しい走らせなし)。祝日は内閣府の一
docs/OWNER_LOG.md	735	記録	計画の後の測り・読み	| L-696 進み(カード 6) | 2026-10-05 13:5x JST | 進み | (L-676 の完了の形のやり直し) | カード 6(週末ギャップ)を骨組みで読み直した: `docs/ANALYSIS/2026-10-05_card6_weekend_gap.md`(コミット 7913a9b4 まで)。保存済みの 2 本(btc・usdjpy、成行)の run.npz から取引の行を作り直し(282 本ずつ、測定の記録と一致)、btc のギャップの大きさをカー
docs/OWNER_LOG.md	736	記録	計画の後の測り・読み	| L-696 進み(カード 7) | 2026-10-05 15:5x JST | 進み | (L-676 の完了の形のやり直し) | カード 7(バリアレース逆張り)を骨組みで読み直した: `docs/ANALYSIS/2026-10-05_card7_barrier_race.md`(コミット 8e3bd598 まで)。保存済みの 3 本(窓 1 時間・1 日・1 週、成行)の足の上でカードの決まりをなぞり、測定の出力に残っていなかった「継続」の当たりを含む全部の当たり
docs/OWNER_LOG.md	737	記録	計画の後の測り・読み	| L-696 進み(カード 8) | 2026-10-05 16:1x JST | 進み | (L-676 の完了の形のやり直し) | カード 8(セッション内の平均回帰)を骨組みで読み直した: `docs/ANALYSIS/2026-10-05_card8_session_mean_revert.md`。保存済みの 2 本(セッションの区切り = 日本時間 0 時 / bitFlyer の保守の時刻 UTC 19 時)の決定の記録から取引の行を作り直した(本数・和・買いの
docs/OWNER_LOG.md	738	記録	計画の後の測り・読み	| L-696 進み(カード 9) | 2026-10-05 16:5x JST | 進み | (L-676 の完了の形のやり直し) | カード 9(清算の連鎖)を骨組みで読み直した: `docs/ANALYSIS/2026-10-05_card9_liquidation_cascade.md`。測ってあるのは作り直しの走らせ (a)(Binance COIN-M の清算と約定だけ、2023-06〜2024-10、472 日)で、bitFlyer に同じ動きが移るか((b))
docs/OWNER_LOG.md	739	記録	計画の後の測り・読み	| L-696 進み(まとめ) | 2026-10-05 17:xx JST | 進み | (L-676 の完了の形のやり直し。上限 L-698「c」= 9 枚全部) | 9 枚全部の分析のやり直しが済んだ。まとめと残作業 = `docs/DISCUSSIONS/2026-10-05_analysis_redo2/SUMMARY.md`: 9 枚の結論(仮定に左右されずに前半・後半の両方で 0 より上と言える形は無い。後半だけ正がカード 6 の btc、仮定次第がカード 3・
docs/OWNER_LOG.md	742	記録	計画の後の測り・読み	| L-701 | 2026-10-05 18:xx JST | 指摘・問い | 「**分析はカードの前提となる問いに答えてはいるように感じます。しかし、これでは新たな問いや知見を生むことはできないんじゃないですか？**」 | 分析のスキル(第 5 版 + 骨組み)の作りへの指摘。答え: その通り。手順は前提を確かめる作りで、前提の外で見えたものを新しい問い・部品にする手順が無い。直し方の案を出す(着手はオーナーの指示の後)。 |
docs/OWNER_LOG.md	743	記録	計画の後の測り・読み	| L-702 | 2026-10-05 18:xx JST | 指示 | 「**分析スキルの変更、なぜと予言のスキル作り、知見台帳に欄を足す案 全て行ってください。これらが最優先なので他の残作業はまだ保留してください**」 | (1) 分析のスキルに、前提の外で見えた観察を挙げて候補として台帳に書く節を足す(入口は分析の中)(2) 「なぜと予言」のスキルを新しく作る(候補 1 つずつ、なぜの仮説・複数の予言・安いデータからの確かめ・試した数を数える)(3) 知見台帳を 1 
docs/OWNER_LOG.md	765	記録	計画の後の測り・読み	| L-709 (2) の結果 | 2026-10-06 JST | 結果 | (L-709「**2件目　y**」) | 「静かな時期の動きは続きやすい」(K-135)を Binance のビットコインとドル円の 1 分足で確かめた(台本は c8770922、カード 7 の bitFlyer の数を全部再現。批評家の検め済み)。登録した 4 つの予言は全体として 4 つとも外れ(どれも 1 週の幅で区間が 0.5 を含んだ。1 週の静かな帯は 81・79 本で、見分けるには約
docs/OWNER_LOG.md	766	記録	計画の後の測り・読み	| L-710 | 2026-10-06 JST | 決定 | 「**yes**」 | 1 時間の幅の表(オーナーの合意 L-709 の外で作った)を記述として残し、そこから見えたもの(静かな帯ほど戻りやすい)を新しい候補として台帳に書く = yes。K-151 を「開いている」で足した。 |
docs/OWNER_LOG.md	772	記録	計画の後の測り・読み	| L-712 結果 | 2026-10-06 01:4x JST | 結果 | (L-712 の完了の形 = L-713) | カード 8 の D10 を相方 01 の指摘 5 件で直した(2afe9384。指摘 1〜4 を直し、指摘 5 は D9b と台帳が境の外なので持ち越し)。直した版に `analysis-partner` を当て、指摘 4 件(記録 `docs/RESEARCH/partner/2026-10-05_card8_session_mean_rever
docs/OWNER_LOG.md	782	記録	計画の後の測り・読み	| L-723 | 2026-10-06 JST | 決定 | 「**1.no 2.no これは改良の方針を探るための探索という位置付けで、なぜや予言の材料という位置付け 3.yes 4.指摘を直して、直っていれば監査済としてください**」 | 判断が要る項目への答え: (1) カード 4 の走らせ直しの残り 54 本は走らせない (2) カード 8 の門を Binance で確かめた結果は「改良の周」に数えない。位置付け = 改良の方針を探るための探索で、なぜと予言の材料 
docs/OWNER_STATUS.md	29	記録	計画の後の測り・読み	**進み(10-06 夜)**: 前提の直接の測り = # 4(マチルダ)は読み終え関門 ② を 2 回通した(止める 1 → 直した、2 回目は止める 0・直す 7 を直した。2 回目の直しは監査役が確かめていない)。**# 4 は 2 つの読みを並べてオーナーに見せる**: 事前登録どおりなら「成り立たない(逆向き)」(中心へ戻る割合 離れ − 離れていない足 −15.7 pt、両半分)、リードの読みは「対照が中心に近く主の量が前提に答えないので判定の語を付けない」(設計
docs/OWNER_STATUS.md	30	記録	計画の後の測り・読み	**開示(10-06)**: (1) 走らせ直しの担当 C が前回の作業で、境(2023-12-17)より後の COIN-M の資金調達率の月次 zip を読み込み、約定ファイルの数を数え、元の走らせのログ末尾(2024-10-14)を表示した(`docs/DISCUSSIONS/2026-10-06_held_batches/rerun/REPORT_C.md` の 7 の 4)。直した版は境より前だけの置き場で走る。(2) G3 が `data/tardis/` の 20
docs/OWNER_STATUS.md	47	記録	計画の後の測り・読み	**L-754(10-06)**: 計算のツール(口座 `account.py` の上に、1 段の量・取引の区切り(往復、ドテン、途中)・約定ごとと取引ごとの表を足す)と、必ず使われる仕組み(結果は約定の列だけを残し、数は検査がツールで約定から計算し直して突き合わせる。約定の時刻と値段を 1 分足と突き合わせる)。確かめの場面 5 つ(5 段の一括決済・ドテン・一部決済・量の切り捨て・終わりで途中)。L-755: 押し出しの関門と分析のフックにつなぐ(オーナーの指示、A-16
docs/OWNER_STATUS.md	51	記録	計画の後の測り・読み	前提の直接の測り # 9(清算の連鎖)を読み終え、関門 ② に出した。事前登録の量(bitFlyer − Binance の差)では、Binance の清算の後 5 分、bitFlyer は Binance より清算の向きに動く(清算の無い同じ勢いの時刻を引いて COIN-M で +5.4 bp・現物で +3.6 bp、前半・後半とも = 続いている)。前提に直に当たる bitFlyer 単独の動きは前半だけ 0 より上で後半は区別がつかない(決まらない)。2 つの読みを並べ
docs/OWNER_STATUS.md	52	記録	計画の後の測り・読み	**進み(10-06 夜 3)**: 前提の直接の測り # 1(今の paper bot の稼ぎの出所)を読み終え、関門 ② を 1 回通した(止める 0・直す 8・聞く 1 → 全部直した・答えた。直しは監査役が確かめていない。記録 `docs/AUDITOR/VERDICTS/2026-10-06_d1b1_venue_read_audit1.md`、文書 `docs/ANALYSIS/2026-10-06_d1b1_card1_venue.md`)。読み: 2018 年
docs/OWNER_STATUS.md	54	記録	計画の後の測り・読み	**進み(10-06 夜 4)**: 前提の直接の測り # 2(カツオ)を読み終え、関門 ② を 2 回通した(1 回目 止める 1・直す 4、2 回目 止める 0・直す 3・聞く 1 → 全部直した。2 回目の直しは監査役が確かめていない。記録 `docs/AUDITOR/VERDICTS/2026-10-06_d1b2_wick_read_audit1.md`、文書 `docs/ANALYSIS/2026-10-06_d1b2_card2_wick.md`)。読み: Bi
docs/OWNER_STATUS.md	58	記録	計画の後の測り・読み	**進み(10-06 夜 6)**: 前提の直接の測り # 3(円の上乗せの戻り)を読み終え、関門 ② を 1 回通した(止める 0・直す 6・聞く 1 → 全部直した・答えた。直しは監査役が確かめていない。記録 `docs/AUDITOR/VERDICTS/2026-10-06_d1b3_premium_read_audit1.md`、文書 `docs/ANALYSIS/2026-10-06_d1b3_card3_premium.md`)。読み: 上乗せが窓 1 日の端に寄
docs/OWNER_STATUS.md	68	記録	計画の後の測り・読み	- 何を 1 件と数えるか: 日本時間の 1 日の損益の和(bp/日、経費の前。約定は次の足の始値と中ほどの値の両方)。区間は日の塊(5 日・1,000 回)。見るのは (1) 門あり − 門なし の差 (2) 門ありの、全部の日に均した 1 日あたり。前半・後半にも分ける。
docs/OWNER_STATUS.md	72	記録	計画の後の測り・読み	| データ | 見分けられる最小の大きさ(bp/日) | 見つけたデータでの点(bp/日) | 代償 |
docs/OWNER_STATUS.md	78	記録	計画の後の測り・読み	- 門の形の決め方の注意【事実】: L-629「区間が 0 を含む区分も避ける」を当てると、分析の文書 D2 の区間では荒れた日だけ(+36.00 [+1.46, +70.49])が残り A になるが、台帳 K-032 の区間(+36.00 [−0.16, +69.82]、同じ日・別の作り方)では荒れた日も 0 を含み、入る日が無くなる。区間の作り方で答えが変わる。
docs/OWNER_STATUS.md	83	記録	計画の後の測り・読み	- 決めること: 戦略を 1 つずつ測る段(W4)の完了の形「効果が見えたものは改良の 1 回が済んでいる」に対して、このカードを「効果が見えた → 改良を 1 回する」側に置くか、「効果が見えなかった」で閉じるか。門を作ることや採用は、この問いでは決まらない。
docs/OWNER_STATUS.md	86	記録	計画の後の測り・読み	- 両論: 測った値では、前の日が静かな日は 2 つの区切りとも前半・後半とも 1 日あたり負で区間が 0 より下(日本時間の日 −49.66 / −24.65 bp/日)= 分析のスキルの文面では「場面で効く」形。一方、戦略全体は保守の時刻の区切りで前半・後半とも負(成り立たない)、日本時間の日の区切りで区別がつかない。1 分ごとの平均では平均へ戻る動きが見えない。台帳の値は 16 本の系列を同時に見ていて、多重性の調整はしていない。門が残す日(中・高)は、日本時間の日の区
docs/OWNER_STATUS.md	93	記録	計画の後の測り・読み	**L-696(10-05 11:0x JST)**: 順の検め(L-695)はフックに入れない(「**そこはもう私達で気をつけるしかないですね**」)。会話をクリアして分析のやり直しのやり直しをする。引き継ぎのプロンプト = `docs/DISCUSSIONS/2026-10-04_analysis_skill/HANDOFF_REDO2.md`(上限はオーナーが書く)。L-697 で直した: アドバイザーと 2 人で進めること(L-676 の逐語)を足し、夜の分析から出た
docs/OWNER_STATUS.md	97	記録	計画の後の測り・読み	**L-628(10-04 12:55 JST)**: オーナー「**ア では進めてください 測定ができるものが出来次第、測定用セッションを起こしてください。**」= L-627 の判断は (ア)(1〜3 が済んだら窓へ)。段取り 1〜5・7 に着手。測定は設計と実装ができたものから測定用セッション(下位モデル)で走らせる。判断が要る項目: 無し。 **進み(13:05 JST)**: 段取り 1(カツオの改良の周 2)= 事前登録・走らせの一覧 16 本・読み方の決まりと試
docs/OWNER_STATUS.md	99	記録	計画の後の測り・読み	**L-630(10-04 15:4x JST)**: 窓を開けるか =「**ア**」(この事前登録で開ける)。承認ファイル `backtest_data/phase2_sealed/P2-08/EXPLORE_WINDOW_APPROVED` に写した。走らせは窓を読む口(データ層の 2 段目、実装中)が批評家を通ってから。W6b(順序の確かめ)を封印の前の 6 日で並行。判断が要る項目: 無し。 **進み(16:40 JST)**: 窓を読む口(データ層の 2 段目 97
docs/OWNER_STATUS.md	104	記録	計画の後の測り・読み	- **開示【事実】**: 窓の期間も判定の期間も、カツオの祖先 K1(全捨て前の研究)が読んでいる(フレッシュ確認・第 16〜18 部。第 17 部の 2022〜2026 年の 1 取引 +2.20bp が文書にある)。カツオの窓の結果は「見ていない期間での確かめ」ではなく「改良した形の、元のデータの外での測り」と呼ぶ。マチルダの形では窓を測っていない。判定の期間を何にどう使うか(計画 第 5 版 §3 段 6 の (a)/(b))は未回答のまま。
docs/OWNER_STATUS.md	108	記録	計画の後の測り・読み	**L-629(10-04)**: 下の判断が要る項目の答え =「**ア**」(区間が 0 を含む区分も避ける)。判断が要る項目: 無し。次 = 窓で試す形と事前登録を作って見せる(開けるのはその後)。
docs/OWNER_STATUS.md	112	記録	計画の後の測り・読み	- 段取り 2(マチルダ 改良の周 2)= 済み・関門 ② 2 回(K-047 監査済)。比の門と利確 4:3 は大負けの一部を取り合う。過去だけから決める門を既定に。1 分足の中の順序の仮定の幅(約 120〜165 bp/日)が一番大きく効く。
docs/OWNER_STATUS.md	115	記録	計画の後の測り・読み	- **判断が要る項目**: L-619「**損やほぼ得をしない取引を避けることができそう**」を、どの決まりに写すか。(ア) 1 日あたりの平均の 95% 区間が 0 を含む区分も避ける(得が確かでない日は入らない。リードの推し: 根拠の無い値を置かない A-12)。この表では、カツオの時間で降りる形は前の日が静かな日を、門 × N = 9 は静かな日と中の日を避け、マチルダ良い側は避けない / (イ) 区間の上端が最低の値 m 以下の区分を避ける(m はオーナーが決める)
docs/OWNER_STATUS.md	119	記録	計画の後の測り・読み	- いまの位置【事実】: 段 2(W4)。完了の形(計画 第 5 版 §4-2 W4、逐語)=「カードごとに、場面ごとの効果・対照・検出力・なぜ・bitFlyer で効くか、が台帳にあり、効果が見えたものは改良の 1 回が済んでいる」。
docs/OWNER_STATUS.md	120	記録	計画の後の測り・読み	- 完了の形との差【事実: `docs/RESEARCH/FINDINGS_LEDGER.md` のカードの節】: 改良の周 1 = カツオ・マチルダ。改良の周 0 = 今の paper bot・円の上乗せの戻り・東京仲値・週末ギャップ・バリアレース・セッション内の平均回帰の 6 枚。清算の連鎖は観察の行(K-015〜K-017)があるがカードの節が無い。「bitFlyer で効くか」は 9 枚とも「未」(測った期間は 2023-12-17 までの Lightning FX。
docs/OWNER_STATUS.md	127	記録	計画の後の測り・読み	| 4 | 改良の周 0 の 6 枚: 効果が見えたかを観察の行(区間の両端と MDE)から 1 枚ずつ書き、見えたものは「次に打てる手」で改良を 1 回(東京仲値 = 前の日が低・中ボラの日だけの門 K-033、平均回帰 = 前の日が高ボラの日だけの門 K-032 など。※ 2026-10-06 注記(L-717 の台帳の直しの束): 平均回帰の門は L-714〜L-716 で A(荒れた日だけ)・B(静かな日は入らない)の両方を Binance の 1 分足で確かめる中)
docs/OWNER_STATUS.md	141	記録	計画の後の測り・読み	**案の供給の欄(案の供給のセッションが書く。番号は L-S01 から)**: 第 1 周(10-03 土 23:16〜)を終えた。結果 `docs/RESEARCH/ideas/prep1/README.md`。**オーナーに知らせること【事実】**: 下位モデルが問い合わせの User-Agent にオーナーのメールアドレスを入れて SEC(5 回)と Wikimedia(2 回)へ送った(委任文に禁止が無かった。リードの不備)。途中で止め、ファイルには残していない。下位
docs/OWNER_STATUS.md	143	記録	計画の後の測り・読み	**L-620(10-04)**: 判断の束の 1〜3 = 進める。5 = 窓は改良が終わってから(今は開けない)。6 = 日ごとの結果は改良後の戦略に当てる。判断が要る項目: 無し。 **進み**: 1(マチルダの組み合わせ 16 本)は読み方の決まりをコミットし、カツオの走らせの後に自動で走る並びに入れた。2(マチルダのブレイクの負け)と 3(カツオの降り方)は、走らせ中のコードに触らないよう、コードだけの写しで下位モデルが実装中(走らせはリードがメインの側で)。
docs/OWNER_STATUS.md	149	記録	計画の後の測り・読み	**L-615(10-04 01:46〜07:00 JST、オーナー就寝中)**: 07:00 で止めた。結果は `docs/OWNER_LOG.md` の L-615 結果。持ち越し = 入りと降りを分ける走らせの残り 13 本・案の供給の第 3 周の送り。**(L-616 で決まり: 残す)** 封印の境の後の約 2 週間を含む K1 の 2023 年の値が、表の最初の版(コミット b7e69a6c)に入っていた(リードと監査役が見た。読みには使っていない。今の表と監査の
docs/OWNER_STATUS.md	156	記録	計画の後の測り・読み	**L-608(10-03)やることの一覧**(目標 = bitFlyer で、組み合わせた全体で月 10 万円・永続・全自動。いまは段 2「長い過去で効くか・なぜ効くかを理解する」。段 2 の完了の形 = 計画 第 5 版 W4「カードごとに、場面ごとの効果・対照・検出力・なぜ・bitFlyer で効くか、が台帳にあり、効果が見えたものは改良の 1 回が済んでいる」):
docs/OWNER_STATUS.md	166	記録	計画の後の測り・読み	| 8 | 荒れた相場の見分けをほかのカードに当てる(門の問い 3)・値動き以外で当てる(問い 4)・円の上乗せの戻りの判断材料 | 段 4 の場面の変数 | 測定と台帳 | 問い 3(日の版)は測った(`docs/RESEARCH/cards/VOLSPLIT/`、台帳 K-031〜K-034)。関門 ② 2 回、2 回目の止める 1 件(その日のボラの診断が 2 日前のボラで分けていた)は直したが監査役は確かめていない(未監査のまま)。直した後、平均回帰と東京仲値はその日
docs/OWNER_STATUS.md	168	記録	計画の後の測り・読み	| 10 | 効いたカードを bitFlyer で確かめる(段 3) | 段 3 | カードごとに bitFlyer で効くか | まだ。測ったカードはどれも 2023-12-17 までの Lightning FX の期間で、今の商品(2024-03-28 からの CFD)の期間は封印の中にしか無い【事実】。探索の窓を開けるかをオーナーの判断の束 5 に入れた |
docs/OWNER_STATUS.md	207	記録	計画の後の測り・読み	**L-546(2026-10-02)計画の精査と Workflow での並列着手**: 精査で、9/21 以降に作ったもの(バックテスト環境・ダッシュボードのバックテストの表示)が PC のブランチに一つも届いていないことが分かった(バックテストがダッシュボードで見られない原因)。作業ブランチに PC のブランチを取り込んだ(PC の側にしか無いコミット 0)。計画に W6(ダッシュボード)・W7(PC への統合)を足し、Workflow で並列に着手。判断が要る項目: P
docs/RESEARCH/DESIGN_JUDGMENT_W4_2026-10-04.md	21	記録	計画の後の測り・読み	| 1 マチルダの組み合わせ C(K-042) | 小勝ちの和・大負けの和・重なりの分 | 使った(表 1・小勝ち・大負けの表) | 1 分足の中の約定の仮定 | 合わせた(良い側・悪い側を同じ仮定で両方出した) | 決まらない足に当たった取引の割合(組み合わせ C の表には出していない) |
docs/RESEARCH/DESIGN_JUDGMENT_W4_2026-10-04.md	22	記録	計画の後の測り・読み	| 2 マチルダの族 D(K-043) | 負けを閉じた取引の損益(R8)・ブレイクで閉じた取引 1 本あたりの損 | 使った(R8 の主の軸。1 本あたりは監査の後に足した) | 約定の仮定 | 合わせた | 境を選ばなかった年での結果(12.96 は全期間から選んだので、そういう年が無い。限界に書いた) |
docs/RESEARCH/DESIGN_JUDGMENT_W4_2026-10-04.md	23	記録	計画の後の測り・読み	| 3 カツオの入りと降り(K-039) | 入りだけの差・降りだけの差・重なりの分 | 使った(R1〜R2) | 約定の仮定・足の長さ・入り方 | 合わせた | なし(取り逃した取引・共通の取引の差は DECOMP.md で出した) |
docs/RESEARCH/DESIGN_JUDGMENT_W4_2026-10-04.md	24	記録	計画の後の測り・読み	| 4 カツオの長い保有の降り方(K-041) | 降り方なしとの 1 日あたりの差(2 名とも)・勝ちと負けの和(1 名)・保有の帯・新しい降り方で閉じた取引・共通の取引の差(1 名) | 使った(表 1・表 2、共通の取引の差は DECOMP.md) | 足の長さ | 合わせた | なし |
docs/RESEARCH/DESIGN_JUDGMENT_W4_2026-10-04.md	25	記録	計画の後の測り・読み	| 5 カツオの門 直前 365 日(K-044) | 境目を決めるのに使っていない年での差・門あり − 門なし・年ごとの向き | 使った(R3・表 3・年の一致。直前 365 日の門は先の年を使わない) | (1 名は年を「合わせる」) | 合わせた(同じ年どうし) | その年の荒れ具合の水準(出していない) |
docs/RESEARCH/DESIGN_JUDGMENT_W4_2026-10-04.md	26	記録	計画の後の測り・読み	| 6 K1 の原因(K-040) | 片方を合わせた走らせ直しの差・片側だけの取引の帰属・共通の取引の差 | 使った(CAUSE.md 1・2) | 足の長さ | 合わせた | なし |
docs/RESEARCH/cards/c2_owner_xvenue_wick/CARD.md	52	カード	計画の後の測り・読み	## 前の測定(2026-10-03、L-589 で追記。このカードを作ったときに見落としていた)
docs/RESEARCH/cards/c2_owner_xvenue_wick/CARD.md	54	カード	計画の前の測りの数・文を含む(K1・EXEC・NEWENV。2026-09-09〜10-01)	1. K1 第 1〜15 部(2026-09-09〜10): BitMEX 1 秒足 2017〜2019(封印 2020〜2021 も L-085 で開けて判定)と Binance 現物 2017〜2026。強い・弱いの向き、改良 H1〜H5、オーナーの選んだ設計 H1+H2a+H3・弱いだけ(`docs/PHASE2/K1/RESULT.md`・`HANDOFF.md`)。
docs/RESEARCH/cards/c2_owner_xvenue_wick/CARD.md	55	カード	計画の前の測りの数・文を含む(K1・EXEC・NEWENV。2026-09-09〜10-01)	2. K1 第 16〜18 部(09-10〜11): bitFlyer 同一取引所、Binance → bitFlyer、Bybit → bitFlyer(`NEGATIVE_FACTS.md` N-011)。
docs/RESEARCH/cards/c2_owner_xvenue_wick/CARD.md	56	カード	計画の前の測りの数・文を含む(K1・EXEC・NEWENV。2026-09-09〜10-01)	3. バックテスト環境の確かめ: 段階 A(09-27、K1 第 1〜2 部を新しい環境で 234 / 234 一致、`docs/PHASE2/K1/NEWENV_A/REPORT.md`)、段階 G(10-01、第 17〜18 部を封印の前の期間で。一致 118 / 当時の誤り 12、`NEWENV_G/`)。
docs/RESEARCH/cards/c2_owner_xvenue_wick/CARD.md	57	カード	計画の前の測りの数・文を含む(K1・EXEC・NEWENV。2026-09-09〜10-01)	4. 執行の経費(Phase 2 ④-1、09-11、`docs/PHASE2/EXEC/RESULT.md` §1): 指値を最良気配に置くと 60 秒で触れられるのは約 69%、触れられた後の mid は −1.23bp(逆選択)。「指値は床を消さない」。K1 の合図の直後の分の往復 2.50〜2.63bp。
docs/RESEARCH/cards/c2_owner_xvenue_wick/CARD.md	206	カード	計画の後の測り・読み	**2026-10-03 オーナーの決定(L-570)**: 変種 (c) SERIES_BITMEX は、BitMEX の閉鎖(2026-09-23)で運用できないので、以後は測らない。測った結果は参考として残す。
docs/RESEARCH/cards/c2_owner_xvenue_wick/limit_sim/SPEC.md	69	記録	計画の後の測り・読み	- 1 日あたり(Binance 現物): 1 分 +48.5bp・3 分 +37.7・5 分 +9.6・15 分 −19.7・30 分 −14.9・60 分 −16.4。短い足だけプラス、原典の 15 分はマイナス。
docs/RESEARCH/cards/c2_owner_xvenue_wick/limit_sim/SPEC.md	71	記録	計画の後の測り・読み	- 取引の形: どの年も勝率 50% 未満、1 取引の中央値は 2019 年以降 −15〜−22bp。少ない大勝ちが多い負けを埋めて平均だけプラス。
docs/RESEARCH/cards/c2_owner_xvenue_wick/limit_sim/SPEC.md	83	記録	計画の前の測りの数・文を含む(K1・EXEC・NEWENV。2026-09-09〜10-01)	- 【事実(K1)】1 分足だけ符号が逆(強いが正、弱いが負)。
docs/RESEARCH/cards/c2_owner_xvenue_wick/limit_sim/SPEC.md	84	記録	計画の前の測りの数・文を含む(K1・EXEC・NEWENV。2026-09-09〜10-01)	- 【事実(K1)】ヒゲ先端の損切りが戻る前に閉じていて、機構を通すとシグナル単体より 1.7〜2.5bp 悪い(その 2/3 が決済の規則。第 7 部)。
docs/RESEARCH/cards/c2_owner_xvenue_wick/limit_sim/SPEC.md	85	記録	計画の前の測りの数・文を含む(K1・EXEC・NEWENV。2026-09-09〜10-01)	- 【事実(K1)】残った形は H1+H2a+H3・弱いだけ(第 14 部)。取引所横断(Binance の合図 × bitFlyer の値段、第 17 部)5 分・弱い 2022〜2026 で 1 取引 +2.20bp [−1.58, +5.67]。この期間は今の封印(2023-12-18 以降)を含む。
docs/RESEARCH/cards/c2_owner_xvenue_wick/limit_sim/SPEC.md	86	記録	計画の前の測りの数・文を含む(K1・EXEC・NEWENV。2026-09-09〜10-01)	- 【事実(K1)】K1 は板・指値を見ていない(RESULT.md 126・464 行。増し玉・2 本目の指値・ドルの階段を外した)。約定は足の終値。指値の形は K1 で測っていない部分。
docs/RESEARCH/cards/c2_owner_xvenue_wick/limit_sim/runs/READ_R2/PREREG.md	4	記録	計画の後の測り・読み	- 意図の地図: `docs/RESEARCH/cards/c2_owner_xvenue_wick/INTENT_MAP.md`(変えていない)。この周は意図の項を足さない。足すのは改良(降り方・門・空きの扱い)で、改良の周 1 の測り(K-039・K-041・K-044・K-040)と同じ実装の切り替え(`KatsuoLimitSim` の `k1_time_exit_bars`・`vol_gate_mode="rolling"`、`c2_limit_run.py` の 
docs/RESEARCH/cards/c2_owner_xvenue_wick/limit_sim/runs/READ_R2/PREREG.md	9	記録	計画の後の測り・読み	時間で降りる(15 分で N 本)は、降り方なしで 480 分より長く持った負けの取引を切って効いた(K-041)。直前 365 日の門は、合図の時点のボラが低い場面の取引を外して効いた(K-044、15 分)。**2 つは別の取引に効くので、組むと足し算に近くなる。**
docs/RESEARCH/cards/c2_owner_xvenue_wick/limit_sim/runs/READ_R2/PREREG.md	38	記録	計画の後の測り・読み	| N = 6〜12 | 段取り 1 の語(リードが K-041 から書いた) |
docs/RESEARCH/cards/c2_owner_xvenue_wick/limit_sim/runs/READ_R2/PREREG.md	39	記録	計画の後の測り・読み	| 門の 365 日・合図 100 以上 | K-044 の門(`c2_limit_run.py` の rolling の既定、L-619) |
docs/RESEARCH/cards/c2_owner_xvenue_wick/vol_gate/DESIGN.md	16	記録	計画の前の測りの数・文を含む(K1・EXEC・NEWENV。2026-09-09〜10-01)	- K1 第 17.2 部: Binance の合図 × bitFlyer の値段でも同じ形(5 分・自前の境目: 2020 +26.1、2022 +2.8、2024 +8.4。低ボラ 2021 −5.85、2023 −3.41)。第 18 部(Bybit)の 5 分では崩れた。
docs/RESEARCH/cards/c2_owner_xvenue_wick/vol_gate/DESIGN.md	38	記録	計画の後の測り・読み	経緯: 1 回目の測定(コミット済みの vol_gate.json・TABLES.md)に、関門 ② の監査役が止める 3 件・直す 10 件・聞く 3 件を出した(`docs/AUDITOR/ACTION_LOG.md`「W4-c2-vol-gate/結果」)。止める 3 件を直してから測り直し、監査をやり直す。1 回目の結果は結論に使わない。
docs/RESEARCH/cards/c4_owner_matilda_range/CARD.md	3	カード	計画の後の測り・読み	W4 の準備(`docs/DISCUSSIONS/2026-10-02_W4_spec.md` §2 のカードにする関所)。状態: **第 4 稿。部品の 14 本を測った(2026-10-03、`measure/README_components.md`)。地図の 120 本は測定中**(2026-10-03、下位モデル。第 4 稿: 第 3 稿の報告の「原典と違った点」を、リードが v37 の動きにそろえると決めた(オーナー L-564・L-566): 一方向の動きの間の
docs/RESEARCH/cards/c4_owner_matilda_range/CARD.md	226	カード	計画の後の測り・読み	**期間の変更(2026-10-03、関門 ② の 1 回目の止める 1。上の開始の行を変えた)**: 第 4 稿までは 2017-08-17T15:00Z からと登録していたが、部品の 14 本は 2015-11-28T15:00Z から走らせていた(走らせの台本の既定。リードの誤り)。決め直し: カード 5〜8(`W4_batch2_LEAD_REVIEW.md`「段 2 は封印の外の全期間、A-10 で縮めない」)と同じ理由で、このカード(bitFlyer だけを使う)
docs/RESEARCH/cards/c4_owner_matilda_range/CARD.md	245	カード	計画の後・合成の足での試しの出力(市場の測定ではない)	【事実: 下の作業者の小さな探し方の出力】既定の関数(比の門 10 あり)で、上がる陽線(230〜400 円)と押し戻しの往復の組 400 通りのうち、届いた最大は 6 段。7 段に届くかは確かめていない(届かないとは言えない)。実行したコマンド(2026-10-03、リポジトリの直下で): `PYTHONPATH=src python <scratchpad>/c4_seven.py`。中身:
docs/RESEARCH/cards/c4_owner_matilda_range/CARD.md	266	カード	計画の後・合成の足での試しの出力(市場の測定ではない)	print("max levels reached (sell side, default card):", best)
docs/RESEARCH/cards/c4_owner_matilda_range/CARD.md	272	カード	計画の後・合成の足での試しの出力(市場の測定ではない)	max levels reached (sell side, default card): (6, (260, 200, 900))
docs/RESEARCH/cards/c4_owner_matilda_range/CARD.md	288	カード	計画の後の測り・読み	窓 10・20・80・160 分(40 の 4 分の 1・半分・倍・4 倍)、足 5 分、入りの距離 1・3(2 の前後)、利確の距離 0(中心ちょうど)を水準の表に足した。どの組を測るかは `docs/RESEARCH/cards/c4_owner_matilda_range/MAP_PLAN.md`(リードが書く)。v52 の 5 秒足は、封印の外の bitFlyer に 1 分より細かい足が無いので作れない【事実: 置き場は 1 分足】。1 週の試し(2019-03-0
docs/RESEARCH/cards/c4_owner_matilda_range/INTENT_MAP.md	197	カード	計画の後の測り・読み	**族の記録(2026-10-03、関門 ② の 1 回目の直す 8。測る前はリードのオーナーへの返答にしか無かった)**: (1) 部品ごとの効果 14 本 = 全部入り(既定)/ 小さすぎの門を外す(width_gate=False)/ 静観と再開を外す(trend_gate=False)/ 時間で出るを外す(time_exit=False)/ 段を外す(levels=False)/ 逆転順張り(on_trend='follow')/ 核だけ(4 つとも False)の 
docs/RESEARCH/cards/c4_owner_matilda_range/INTENT_MAP.md	281	カード	計画の後の測り・読み	| # | 前の測定で分かったこと(出所) | 指値の再現での問い | 出す鍵 |
docs/RESEARCH/cards/c4_owner_matilda_range/INTENT_MAP.md	284	カード	計画の後の測り・読み	| P-2 | 比(窓の幅 ÷ 平均実体)の十分位で損益の形が変わった(同じ README の十分位の表。境 7.51・8.52・9.34・10.14・10.96・11.87・12.96・14.40・16.77) | 同じ境で切ると、指値の再現でも同じ形か。走らせごとの十分位(`ratio_deciles`)は走らせで境が変わるので、84 本を同じ境で並べる表を別に出す | `ratio_fixed_bins` |
docs/RESEARCH/cards/c4_owner_matilda_range/INTENT_MAP.md	285	カード	計画の後の測り・読み	| P-3 | 幅の門(150 円 ÷ 2019-09-04 の値段)と時間で出る(40 分)は、持ち高がほとんど変わらなかった(`measure/README_components.md`「分かっている限り」1 つ目。持ち高が違う足 55 本・52 本) | A4_nogate と A5 で取引の数・損益が v37 からどれだけ動くか。動かないなら A4・A5 の族は効いていないと書き、族の数を増やさない理由にする(族を減らす理由にはしない、A-10) | summary.
docs/RESEARCH/cards/c4_owner_matilda_range/INTENT_MAP.md	286	カード	計画の後の測り・読み	| P-4 | 保有の中央値は 2 分(同じ「分かっている限り」1 つ目)。指値の再現でも、良い側の取引の多くは同じ足の中の入り → 利確で、良い側と悪い側の差はほぼその足で決まる(批評家の走らせの出力、`docs/AUDITOR/VERDICTS/2026-10-03_c4_limit_sim_critic.md` 25 行) | 保有の長さで分けると、小勝ちと大負けはどこに出るか。決まらない足に当たった取引を除いても同じ向きか | `by_hold`・`decided_o
docs/RESEARCH/cards/c4_owner_matilda_range/INTENT_MAP.md	288	カード	計画の後の測り・読み	- P-1 の分け方: 初めは「入った時点の brk の符号 × 入りの向き」にしたが、v37 は持ち高 0 からブレイクの間に入らないので、入った時点の brk は全部 0 になった【事実: 2019 年の 1 か月の再現の出力で brk≠0 の入りは 0 件。2026-10-03 の試しの集計】。そこで「ブレイクで閉じた取引(終わり方 = 反対のブレイク・ブレイク)」を逆らう向きの持ち高とした。v37 のブレイクは再現の中の状態(`matilda_limit_sim.py
docs/RESEARCH/cards/c4_owner_matilda_range/limit_sim/families_r2/R2/PREREG.md	9	記録	計画の後の測り・読み	比の門(レンジの幅 ÷ 平均の実体が大きいときは入らない)は、ブレイクで閉じた大負けを外して効いた(K-043)。中心から測る利確 4:3 は、1 回の勝ちを大きくして効いた(K-003・K-042)。**比の門はブレイクの大負けに、利確は勝ちの形に効くので、重ねると両方の効きが残る。**
docs/RESEARCH/cards/c4_owner_matilda_range/limit_sim/families_r2/R2/PREREG.md	10	記録	計画の後の測り・読み	確かめ方: 重なりの分(R2)と、取引で見た重なり(R5。v37 の大負けを、門で外れたものと利確で大負けでなくなったものに分ける)。組み合わせ C(K-042)では利確と物差しが同じ大負けを取り合ったので、同じことが起きるかを見る。
docs/RESEARCH/cards/c4_owner_matilda_range/limit_sim/families_r2/R2/PREREG.md	31	記録	計画の後の測り・読み	| 12.96 | 門の診断の十分位の 7 番目の境(K-043、標本の中) |
docs/RESEARCH/cards/c4_owner_matilda_range/limit_sim/families_r2/R2/PREREG.md	32	記録	計画の後の測り・読み	| 利確 4:3 | 段取り 2 の語(K-042 の良い側の最良、リードが書いた) |
docs/RESEARCH/cards/c8_session_mean_revert/binance_gate/PREREG.md	6	記録	計画の後の測り・読み	- 門はどこから来たか: bitFlyer FX_BTC_JPY の 2017〜2023 年の表(台帳 K-032、分析の文書 `docs/ANALYSIS/2026-10-05_card8_session_mean_revert.md` の D2)。**Binance の足は門を見つけるのに使っていない**。分かるのは「同じ仕組みが別の市場でも出るか」で、bitFlyer で効くかではない。市場の違い(通貨・現物と証拠金・取引所)は束になっていて、違いの原因を 1 つに名指
docs/RESEARCH/cards/c8_session_mean_revert/binance_gate/PREREG.md	10	記録	計画の後の測り・読み	前の日が静かだった日は、その日の値動きがセッションの平均へ戻らずに続く側に寄る(台帳 K-135「静かな時期は続く」と同じ向き)ので、平均へ戻る向きに毎分持つ形が負ける。前の日が荒れていた日は戻る側に寄る。
docs/RESEARCH/cards/c8_session_mean_revert/binance_gate/PREREG.md	38	記録	計画の後の測り・読み	| 量 | 見分けられる最小の大きさ(bp/日) | 欲しい効果の目安(bp/日) |
docs/RESEARCH/cards/c8_session_mean_revert/binance_gate/PREREG.md	40	記録	計画の後の測り・読み	| A − 門なし | 16.5 | 15.3 |
docs/RESEARCH/cards/c8_session_mean_revert/binance_gate/PREREG.md	41	記録	計画の後の測り・読み	| B − 門なし | 11.9 | 15.7 |
docs/RESEARCH/cards/c8_session_mean_revert/binance_gate/PREREG.md	42	記録	計画の後の測り・読み	| A の入った日だけ | 65.7 | 36.00 |
docs/RESEARCH/cards/c8_session_mean_revert/binance_gate/PREREG.md	43	記録	計画の後の測り・読み	| B の入った日だけ | 40.4 | — |
docs/RESEARCH/cards/c8_session_mean_revert/binance_gate/PREREG.md	45	記録	計画の後の測り・読み	- 出所: **仮定(リードの計算)**。日ごとの損益のばらつきは bitFlyer と同じと置き、分析の文書 D2 (1) の jst_day の低・中・高の全期間の区間の幅から逆算した(半幅 ÷ 1.96 × √日数。低 265・中 342・高 528)。日数は上の Binance の区分の数。欲しい効果の目安 = bitFlyer の区分の点(低 −33.88・中 +1.84・高 +36.00)を Binance の区分の日数で重みづけした差。bitFlyer の点は門
docs/RESEARCH/cards/c8_session_mean_revert/binance_gate/PREREG.md	81	記録	計画の後の測り・読み	- MDE: その日数とばらつきで、5% 両側・検出力 80% で 0 と見分けられる最小の大きさ(2.8 × 標準誤差)。
docs/RESEARCH/design_substitute/w4_2026-10-04_record.md	12	記録	計画の後の測り・読み	| 1 マチルダの組み合わせ C(K-042) | 小勝ちの和・大負けの和・重なりの分 | 使った(表 1・小勝ち・大負けの表) | 1 分足の中の約定の仮定 | 合わせた(良い側・悪い側を同じ仮定で両方出した) | 決まらない足に当たった取引の割合(組み合わせ C の表には出していない) |
docs/RESEARCH/design_substitute/w4_2026-10-04_record.md	13	記録	計画の後の測り・読み	| 2 マチルダの族 D(K-043) | 負けを閉じた取引の損益(R8)・ブレイクで閉じた取引 1 本あたりの損 | 使った(R8 の主の軸。1 本あたりは監査の後に足した) | 約定の仮定 | 合わせた | 境を選ばなかった年での結果(12.96 は全期間から選んだので、そういう年が無い。限界に書いた) |
docs/RESEARCH/design_substitute/w4_2026-10-04_record.md	14	記録	計画の後の測り・読み	| 3 カツオの入りと降り(K-039) | 入りだけの差・降りだけの差・重なりの分 | 使った(R1〜R2) | 約定の仮定・足の長さ・入り方 | 合わせた | なし(取り逃した取引・共通の取引の差は DECOMP.md で出した) |
docs/RESEARCH/design_substitute/w4_2026-10-04_record.md	15	記録	計画の後の測り・読み	| 4 カツオの長い保有の降り方(K-041) | 降り方なしとの 1 日あたりの差(2 名とも)・勝ちと負けの和(1 名)・保有の帯・新しい降り方で閉じた取引・共通の取引の差(1 名) | 使った(表 1・表 2、共通の取引の差は DECOMP.md) | 足の長さ | 合わせた | なし |
docs/RESEARCH/design_substitute/w4_2026-10-04_record.md	16	記録	計画の後の測り・読み	| 5 カツオの門 直前 365 日(K-044) | 境目を決めるのに使っていない年での差・門あり − 門なし・年ごとの向き | 使った(R3・表 3・年の一致。直前 365 日の門は先の年を使わない) | (1 名は年を「合わせる」) | 合わせた(同じ年どうし) | その年の荒れ具合の水準(出していない) |
docs/RESEARCH/design_substitute/w4_2026-10-04_record.md	17	記録	計画の後の測り・読み	| 6 K1 の原因(K-040) | 片方を合わせた走らせ直しの差・片側だけの取引の帰属・共通の取引の差 | 使った(CAUSE.md 1・2) | 足の長さ | 合わせた | なし |
docs/RESEARCH/ideas/from_ledger2/README.md	10	記録	計画の後の測り・読み	| 測った観察(知見台帳の行)から、次の案を出す | L-019「**片っ端から検証し知見を深め、最強の戦略へブラッシュアップしていく**」/ L-603「**測定した結果からあとの段に活かせる知見を溜める行動をしていない**」 |
docs/RESEARCH/ideas/from_ledger2/README.md	53	記録	計画の後の測り・読み	4. L2-088・L2-091(LC-32・LC-35)は、測った結果の符号を見て場面を限り向きを逆にした案。反証の欄に「別の期間で測る」とあるが、その期間が封印に当たるか、案として残すかはリードが決める。
docs/RESEARCH/ideas/from_ledger2/IDEAS_L2.md	40	知見から生まれた仮説	計画の後の測り・読み	- 観察(逐語): 「v37 の再現では、ブレイクに逆らう持ち高をブレイクで閉じた取引が全取引の 3〜6% で、それ以外の取引の勝ちの合計より大きく負けている」。次の問い(逐語): 「閉じる値段(ブレイクの判定値の手前・判定値・先)を動かすと、捨てる小勝ちと避ける損がどう動くか」。
docs/RESEARCH/ideas/from_ledger2/IDEAS_L2.md	48	知見から生まれた仮説	計画の後の測り・読み	- 原文: 「v37 の再現では、ブレイクに逆らう持ち高をブレイクで閉じた取引が全取引の 3〜6% で、それ以外の取引の勝ちの合計より大きく負けている」(`docs/RESEARCH/FINDINGS_LEDGER.md` K-001)
docs/RESEARCH/ideas/from_ledger2/IDEAS_L2.md	63	知見から生まれた仮説	計画の後の測り・読み	- 原文: 「v37 の再現では、ブレイクに逆らう持ち高をブレイクで閉じた取引が全取引の 3〜6% で、それ以外の取引の勝ちの合計より大きく負けている」(`docs/RESEARCH/FINDINGS_LEDGER.md` K-001)
docs/RESEARCH/ideas/from_ledger2/IDEAS_L2.md	78	知見から生まれた仮説	計画の後の測り・読み	- 原文: 「v37 の再現では、ブレイクに逆らう持ち高をブレイクで閉じた取引が全取引の 3〜6% で、それ以外の取引の勝ちの合計より大きく負けている」(`docs/RESEARCH/FINDINGS_LEDGER.md` K-001)
docs/RESEARCH/ideas/from_ledger2/IDEAS_L2.md	105	知見から生まれた仮説	計画の後の測り・読み	- 観察(逐語): 「入りの距離 3〜5 と 5 分足の物差しの変種は、小勝ちが減り大負けがそれ以上に減って、損益が両側で上がる」。次の問い(逐語): 「入りの距離を円で揃えて 1 分足と 5 分足の物差しを比べると、差は消えるか(同じ機構か)」。
docs/RESEARCH/ideas/from_ledger2/IDEAS_L2.md	113	知見から生まれた仮説	計画の後の測り・読み	- 原文: 「入りの距離 3〜5 と 5 分足の物差しの変種は、小勝ちが減り大負けがそれ以上に減って、損益が両側で上がる」(`docs/RESEARCH/FINDINGS_LEDGER.md` K-002)
docs/RESEARCH/ideas/from_ledger2/IDEAS_L2.md	128	知見から生まれた仮説	計画の後の測り・読み	- 原文: 「入りの距離 3〜5 と 5 分足の物差しの変種は、小勝ちが減り大負けがそれ以上に減って、損益が両側で上がる」(`docs/RESEARCH/FINDINGS_LEDGER.md` K-002)
docs/RESEARCH/ideas/from_ledger2/IDEAS_L2.md	140	知見から生まれた仮説	計画の後の測り・読み	- 観察(逐語): 「中心から測る利確(A1_center)は 2:0.8・2:1・3:2・4:3 で小勝ちが両側とも増える(5:1 は側で割れ、良い側では減る)。5:1 では平均の勝ちが v37 の約 11 倍、決まらない足に当たった取引の割合が約 5 分の 1 になる」。次の問い(逐語): 「中心 3:2・4:3・5:1 を 5 分足の物差しと組んだとき、小勝ちと大負けはどう動くか」。
docs/RESEARCH/ideas/from_ledger2/IDEAS_L2.md	148	知見から生まれた仮説	計画の後の測り・読み	- 原文: 「中心から測る利確(A1_center)は 2:0.8・2:1・3:2・4:3 で小勝ちが両側とも増える」(`docs/RESEARCH/FINDINGS_LEDGER.md` K-003)
docs/RESEARCH/ideas/from_ledger2/IDEAS_L2.md	163	知見から生まれた仮説	計画の後の測り・読み	- 原文: 「中心から測る利確(A1_center)は 2:0.8・2:1・3:2・4:3 で小勝ちが両側とも増える」(`docs/RESEARCH/FINDINGS_LEDGER.md` K-003)
docs/RESEARCH/ideas/from_ledger2/IDEAS_L2.md	178	知見から生まれた仮説	計画の後の測り・読み	- 原文: 「5:1 では平均の勝ちが v37 の約 11 倍、決まらない足に当たった取引の割合が約 5 分の 1 になる」(`docs/RESEARCH/FINDINGS_LEDGER.md` K-003)
docs/RESEARCH/ideas/from_ledger2/IDEAS_L2.md	190	知見から生まれた仮説	計画の後の測り・読み	- 観察(逐語): 「保有 2 分以上の取引に負けが集まるのに、2 分で成行で閉じる変種は損益が大きく悪くなった。保有の長さは負けの原因ではなく結果に見える【推定】」。次の問い(逐語): 「カツオで、長く持ったときに時間で切る形と値段で切る形を並べると、どちらが損を減らすか」。
docs/RESEARCH/ideas/from_ledger2/IDEAS_L2.md	198	知見から生まれた仮説	計画の後の測り・読み	- 原文: 「保有 2 分以上の取引に負けが集まるのに、2 分で成行で閉じる変種は損益が大きく悪くなった」(`docs/RESEARCH/FINDINGS_LEDGER.md` K-004)
docs/RESEARCH/ideas/from_ledger2/IDEAS_L2.md	213	知見から生まれた仮説	計画の後の測り・読み	- 原文: 「保有 2 分以上の取引に負けが集まるのに、2 分で成行で閉じる変種は損益が大きく悪くなった」(`docs/RESEARCH/FINDINGS_LEDGER.md` K-004)
docs/RESEARCH/ideas/from_ledger2/IDEAS_L2.md	225	知見から生まれた仮説	計画の後の測り・読み	- 観察(逐語): 「比の固定の境の区分 1→10 で、1 取引あたりの損益が両側ともほぼ単調に下がる」。次の問い(逐語): 「比の上位の区分で入らない門を足すと、捨てる小勝ちと避ける大負けはどう動くか(取引の道が変わるので表 6 の引き算では出ない)」。
docs/RESEARCH/ideas/from_ledger2/IDEAS_L2.md	233	知見から生まれた仮説	計画の後の測り・読み	- 原文: 「比の固定の境の区分 1→10 で、1 取引あたりの損益が両側ともほぼ単調に下がる」(`docs/RESEARCH/FINDINGS_LEDGER.md` K-005)
docs/RESEARCH/ideas/from_ledger2/IDEAS_L2.md	248	知見から生まれた仮説	計画の後の測り・読み	- 原文: 「比の固定の境の区分 1→10 で、1 取引あたりの損益が両側ともほぼ単調に下がる」(`docs/RESEARCH/FINDINGS_LEDGER.md` K-005)
docs/RESEARCH/ideas/from_ledger2/IDEAS_L2.md	263	知見から生まれた仮説	計画の後の測り・読み	- 原文: 「比の固定の境の区分 1→10 で、1 取引あたりの損益が両側ともほぼ単調に下がる」(`docs/RESEARCH/FINDINGS_LEDGER.md` K-005)
docs/RESEARCH/ideas/from_ledger2/IDEAS_L2.md	275	知見から生まれた仮説	計画の後の測り・読み	- 観察(逐語): 「幅の門を外す・ブレイクと同じ向きの持ち高を閉じる・ブレイクの向きに入る、はどれも損益をほとんど動かさない。この値の幅の門はほぼ一度も閉じていない。再現はブレイクに逆らう持ち高を元から閉じていて、B2 はそこに触らない」。次の問い(逐語): 「損の本体(ブレイクに逆らう持ち高を閉じる値段・比の門・持ち高の量)を動かす族に切り直すと何が動くか」。
docs/RESEARCH/ideas/from_ledger2/IDEAS_L2.md	283	知見から生まれた仮説	計画の後の測り・読み	- 原文: 「幅の門を外す・ブレイクと同じ向きの持ち高を閉じる・ブレイクの向きに入る、はどれも損益をほとんど動かさない。この値の幅の門はほぼ一度も閉じていない」(`docs/RESEARCH/FINDINGS_LEDGER.md` K-006)。オーナーに見せた問い 4 の動き方 C「別の決め方をしていた(例えば手数料や板の厚さから決めていた)」(`INTENT_MAP.md` §7)
docs/RESEARCH/ideas/from_ledger2/IDEAS_L2.md	298	知見から生まれた仮説	計画の後の測り・読み	- 原文: 「再現はブレイクに逆らう持ち高を元から閉じていて、B2 はそこに触らない」(`docs/RESEARCH/FINDINGS_LEDGER.md` K-006)
docs/RESEARCH/ideas/from_ledger2/IDEAS_L2.md	310	知見から生まれた仮説	計画の後の測り・読み	- 観察(逐語): 「良い側と悪い側の差は変種の効きと同じ桁だが、損益の向きは 41 変種のうち 39 で両側そろう。両側は同じ道の 2 つの仮定で独立ではなく、41 には効きがほぼ 0 の変種と同じ走らせの 2 本が入る」。次の問い(逐語): 「秒の再現(段 2)で、水準の差(1 分の中の往復の取り逃し)がどれだけ埋まるか」。
docs/RESEARCH/ideas/from_ledger2/IDEAS_L2.md	318	知見から生まれた仮説	計画の後の測り・読み	- 原文: 「良い側と悪い側の差は変種の効きと同じ桁だが、損益の向きは 41 変種のうち 39 で両側そろう」(`docs/RESEARCH/FINDINGS_LEDGER.md` K-007)
docs/RESEARCH/ideas/from_ledger2/IDEAS_L2.md	330	知見から生まれた仮説	計画の後の測り・読み	- 観察(逐語): 「置いた入りの指値に値段が来ずに取り逃した取引は、1 件あたり大きく勝っている(入りだけの話)。入りと降りを注文で執行する形は、弱い合図の 4 つの足のどれでも足の終値の参照より損益が下がるが、その差は入りと降りに分けていない」。次の問い(逐語): 「指値の入り + 足の終値の降り、足の終値の入り + 4 本の注文の降り、を足すと、参照との差は入りと降りにどう分かれるか」。
docs/RESEARCH/ideas/from_ledger2/IDEAS_L2.md	338	知見から生まれた仮説	計画の後の測り・読み	- 原文: 「置いた入りの指値に値段が来ずに取り逃した取引は、1 件あたり大きく勝っている(入りだけの話)」(`docs/RESEARCH/FINDINGS_LEDGER.md` K-008)
docs/RESEARCH/ideas/from_ledger2/IDEAS_L2.md	353	知見から生まれた仮説	計画の後の測り・読み	- 原文: 「置いた入りの指値に値段が来ずに取り逃した取引は、1 件あたり大きく勝っている(入りだけの話)」(`docs/RESEARCH/FINDINGS_LEDGER.md` K-008)
docs/RESEARCH/ideas/from_ledger2/IDEAS_L2.md	365	知見から生まれた仮説	計画の後の測り・読み	- 観察(逐語): 「参照の取引を保有の分で分けると、4 つの足とも短めの保有で稼ぎ、長い保有で負ける…降りるのは反対の弱い合図だけなので、長い保有は反対の合図が来ないまま離れた取引【推定】」。次の問い(逐語): 「反対の合図を待つ間に、値段で降りる形(先端・建値・vola の倍数)と時間で降りる形を並べると、長い保有の負けはどれだけ減り、短い保有の勝ちはどれだけ削れるか」。
docs/RESEARCH/ideas/from_ledger2/IDEAS_L2.md	373	知見から生まれた仮説	計画の後の測り・読み	- 原文: 「降りるのは反対の弱い合図だけなので、長い保有は反対の合図が来ないまま離れた取引【推定】」(`docs/RESEARCH/FINDINGS_LEDGER.md` K-009)
docs/RESEARCH/ideas/from_ledger2/IDEAS_L2.md	388	知見から生まれた仮説	計画の後の測り・読み	- 原文: 「参照の取引を保有の分で分けると、4 つの足とも短めの保有で稼ぎ、長い保有で負ける」(`docs/RESEARCH/FINDINGS_LEDGER.md` K-009)
docs/RESEARCH/ideas/from_ledger2/IDEAS_L2.md	403	知見から生まれた仮説	計画の後の測り・読み	- 原文: 「稼ぐ区間は足の本数で 5 分足 1〜5 本・15 分足 2〜7 本・30 分足 1〜3 本・60 分足 2〜7 本で、境は揃っていない」(`docs/RESEARCH/FINDINGS_LEDGER.md` K-009)
docs/RESEARCH/ideas/from_ledger2/IDEAS_L2.md	415	知見から生まれた仮説	計画の後の測り・読み	- 観察(逐語): 「参照でも指値の変種でも、ボラの三分位が高いほど 1 取引あたりの損益が高い」。次の問い(逐語): 「30・60 分の門の境の決め方(固定 / 毎年決め直す)が決まったら、門ありで指値と参照を並べるとどうなるか」。
docs/RESEARCH/ideas/from_ledger2/IDEAS_L2.md	423	知見から生まれた仮説	計画の後の測り・読み	- 原文: 「参照でも指値の変種でも、ボラの三分位が高いほど 1 取引あたりの損益が高い」(`docs/RESEARCH/FINDINGS_LEDGER.md` K-010)
docs/RESEARCH/ideas/from_ledger2/IDEAS_L2.md	438	知見から生まれた仮説	計画の後の測り・読み	- 原文: 「参照でも指値の変種でも、ボラの三分位が高いほど 1 取引あたりの損益が高い」(`docs/RESEARCH/FINDINGS_LEDGER.md` K-010)
docs/RESEARCH/ideas/from_ledger2/IDEAS_L2.md	450	知見から生まれた仮説	計画の後の測り・読み	- 観察(逐語): 「強い 1 分は参照が負だが、合図の時点で先端までの半値に置く指値(b)では正になる。取引は参照の約 15 分の 1。注文はほぼ全部約定するが、一部は何日も残ってから約定し、その間の同じ向きの合図では注文を出さない。指値の 30 本のうち両側とも正はこの 1 本だけ(選んで取り上げた)」。次の問い(逐語): 「日の塊の区間で偶然の幅を出すと 0 と区別できるか。約定までの待ち時間で分けると、正の損益はどこから来ているか」。
docs/RESEARCH/ideas/from_ledger2/IDEAS_L2.md	458	知見から生まれた仮説	計画の後の測り・読み	- 原文: 「注文はほぼ全部約定するが、一部は何日も残ってから約定し、その間の同じ向きの合図では注文を出さない」(`docs/RESEARCH/FINDINGS_LEDGER.md` K-011)
docs/RESEARCH/ideas/from_ledger2/IDEAS_L2.md	473	知見から生まれた仮説	計画の後の測り・読み	- 原文: 「強い 1 分は参照が負だが、合図の時点で先端までの半値に置く指値(b)では正になる」(`docs/RESEARCH/FINDINGS_LEDGER.md` K-011)
docs/RESEARCH/ideas/from_ledger2/IDEAS_L2.md	488	知見から生まれた仮説	計画の後の測り・読み	- 原文: 「強い 1 分は参照が負だが、合図の時点で先端までの半値に置く指値(b)では正になる。取引は参照の約 15 分の 1」(`docs/RESEARCH/FINDINGS_LEDGER.md` K-011)
docs/RESEARCH/ideas/from_ledger2/IDEAS_L2.md	572	知見から生まれた仮説	計画の後の測り・読み	- 観察(逐語): 「直前 100 本のボラと次の 100 本のボラの順位相関は、6 つの足 × Binance・bitFlyer × 2018〜2023 年の 72 升すべてで正で、日の塊の区間はどれも 0 を含まない。年ごとの値は動く(5 分 Binance 0.859 → 0.527、単調ではない)」
docs/RESEARCH/ideas/from_ledger2/IDEAS_L2.md	581	知見から生まれた仮説	計画の後の測り・読み	- 原文: 「直前 100 本のボラと次の 100 本のボラの順位相関は、6 つの足 × Binance・bitFlyer × 2018〜2023 年の 72 升すべてで正」(`docs/RESEARCH/FINDINGS_LEDGER.md` K-012。出所 `docs/RESEARCH/cards/c2_owner_xvenue_wick/vol_gate/REPORT_v5.md` §5.1)
docs/RESEARCH/ideas/from_ledger2/IDEAS_L2.md	596	知見から生まれた仮説	計画の後の測り・読み	- 原文: 「直前 100 本のボラと次の 100 本のボラの順位相関は、…72 升すべてで正」(K-012)/ 渡す先「マチルダ(K-005 の比)の門」(K-012)
docs/RESEARCH/ideas/from_ledger2/IDEAS_L2.md	611	知見から生まれた仮説	計画の後の測り・読み	- 原文: 「直前 100 本のボラと次の 100 本のボラの順位相関は、6 つの足 × Binance・bitFlyer × 2018〜2023 年の 72 升すべてで正」「60 分 bitFlyer 2023 0.324」(K-012)
docs/RESEARCH/ideas/from_ledger2/IDEAS_L2.md	625	知見から生まれた仮説	計画の後の測り・読み	- 観察(逐語): 「取引を保有の層で分けると、高ボラの取引は中くらいの短い保有の層で低ボラより大きく勝ち、長い保有の層で低ボラより大きく負ける(多くの足で)」
docs/RESEARCH/ideas/from_ledger2/IDEAS_L2.md	634	知見から生まれた仮説	計画の後の測り・読み	- 原文: 「5 分 層 2(2〜7 本)高 +26.03 / 低 +10.83、層 3(8〜21 本)高 −25.79 / 低 +2.15 bp/取引」(K-013 の大きさ。出所 `docs/RESEARCH/cards/c2_owner_xvenue_wick/vol_gate/REPORT_v5.md` §6 の 2「全部の層」)
docs/RESEARCH/ideas/from_ledger2/IDEAS_L2.md	649	知見から生まれた仮説	計画の後の測り・読み	- 原文: 「高ボラの取引は中くらいの短い保有の層で低ボラより大きく勝ち、長い保有の層で低ボラより大きく負ける」(K-013)/ c2 INTENT_MAP I-12「ロスカットや利確によるそれ以上の値動きの燃料が無くなり、逆に突っ込みすぎたポジションが不利になるトレンド転換のサインとして機能」
docs/RESEARCH/ideas/from_ledger2/IDEAS_L2.md	664	知見から生まれた仮説	計画の後の測り・読み	- 原文: 「長い保有の層で低ボラより大きく負ける」(K-013)/ 「清算の連鎖が大きい日は、戻らずに清算の向きに進む」(K-016 の見出し)
docs/RESEARCH/ideas/from_ledger2/IDEAS_L2.md	678	知見から生まれた仮説	計画の後の測り・読み	- 観察(逐語): 「保有の構成をそろえた比べ(5 分以外は層の中の差が負)と、無作為の時刻の入りの対照(5・15 分の全期間で高の側に差が残る)は違う向きを指す。どちらも保有(結果)で条件づけていて、前もって当てた分は分けられない」
docs/RESEARCH/ideas/from_ledger2/IDEAS_L2.md	687	知見から生まれた仮説	計画の後の測り・読み	- 原文: 「どちらも保有(結果)で条件づけていて、前もって当てた分は分けられない」(K-014)/ `vol_gate/DESIGN.md` 第 2 版 3「入口の足の次から固定 100 本の Binance の足の実際のボラ(問い 1 の vol_next と同じ式・同じ取引所・同じ窓の長さ)」
docs/RESEARCH/ideas/from_ledger2/IDEAS_L2.md	701	知見から生まれた仮説	計画の後の測り・読み	- 観察(逐語): 「清算 1 件の後、5 秒〜240 分では値段は清算の向きと逆へ動いた側が多い。同じ大きさの直前の動きを持つ清算の無い時刻(対照)と比べても、中央値では 15〜240 分で戻りが大きい。平均では正の側に出るが、両端の少数の組を落とすと小さくなる」
docs/RESEARCH/ideas/from_ledger2/IDEAS_L2.md	710	知見から生まれた仮説	計画の後の測り・読み	- 原文: 「清算 1 件の後、5 秒〜240 分では値段は清算の向きと逆へ動いた側が多い」(K-015。出所 `docs/RESEARCH/cards/c9_liquidation_cascade/run_a/RESULTS.md` §7)
docs/RESEARCH/ideas/from_ledger2/IDEAS_L2.md	740	知見から生まれた仮説	計画の後の測り・読み	- 原文: 「清算 1 件の後、5 秒〜240 分では値段は清算の向きと逆へ動いた側が多い」(K-015)/ L-559(オーナー)「**最後の約定が得な方向で起こってるなら経費が掛からない指値が通るってことやし、逆なら経費を支払う側ってことちゃうの？？**」
docs/RESEARCH/ideas/from_ledger2/IDEAS_L2.md	755	知見から生まれた仮説	計画の後の測り・読み	- 原文: 「中央値では 15〜240 分で戻りが大きい」(K-015)
docs/RESEARCH/ideas/from_ledger2/IDEAS_L2.md	769	知見から生まれた仮説	計画の後の測り・読み	- 観察(逐語): 「事後の総量が一番大きい 3 分位の連鎖と、少数の大きな日では、連鎖の最初から終わりまで値段が清算の向きに進み、全部に逆張りした総和の符号が日ごとの平均と逆になる」
docs/RESEARCH/ideas/from_ledger2/IDEAS_L2.md	778	知見から生まれた仮説	計画の後の測り・読み	- 原文: 「連鎖の最初から終わりまで値段が清算の向きに進み、全部に逆張りした総和の符号が日ごとの平均と逆になる」(K-016。出所 `docs/RESEARCH/cards/c9_liquidation_cascade/run_a/RESULTS.md` §7)
docs/RESEARCH/ideas/from_ledger2/IDEAS_L2.md	793	知見から生まれた仮説	計画の後の測り・読み	- 原文: 「少数の大きな日では、連鎖の最初から終わりまで値段が清算の向きに進み」「上位 10 日を除くと、全部逆張りの総和の符号が入れ替わる(t6e)」(K-016)
docs/RESEARCH/ideas/from_ledger2/IDEAS_L2.md	808	知見から生まれた仮説	計画の後の測り・読み	- 原文: 「事後の総量が一番大きい 3 分位の連鎖と、少数の大きな日では、連鎖の最初から終わりまで値段が清算の向きに進み」(K-016)/ 射程「Binance COIN-M BTCUSD_PERP」(K-016)
docs/RESEARCH/ideas/from_ledger2/IDEAS_L2.md	823	知見から生まれた仮説	計画の後の測り・読み	- 原文: 「清算の連鎖が大きい日は、戻らずに清算の向きに進む」(K-016 の見出し)/ 渡す先「マチルダのブレイク(K-001)」(K-016)
docs/RESEARCH/ideas/from_ledger2/IDEAS_L2.md	837	知見から生まれた仮説	計画の後の測り・読み	- 観察(逐語): 「対照 (iv) は直前に大きく動いた後のプリントに取りにくく、清算があることの分は小さく動いた側でしか比べられていない。日の幅が効くかも、同じ日に対照が取れた集合に偏っていて測れていない」
docs/RESEARCH/ideas/from_ledger2/IDEAS_L2.md	846	知見から生まれた仮説	計画の後の測り・読み	- 原文: 「清算があることの分は小さく動いた側でしか比べられていない」(K-017)/ c2 INTENT_MAP I-11b「ヒゲの形だけで判定(清算の量・向きは読まない)」・I-15「OI・出来高・清算履歴」
docs/RESEARCH/ideas/from_ledger2/IDEAS_L2.md	860	知見から生まれた仮説	計画の後の測り・読み	- 観察(逐語): 「原典の形(成行・ヒゲ先端の損切り)のカツオは、ヒゲを見る市場を Binance 現物・USD-M・BitMEX のどれにしても、1・3 分足は正、15〜60 分足は負」
docs/RESEARCH/ideas/from_ledger2/IDEAS_L2.md	869	知見から生まれた仮説	計画の後の測り・読み	- 原文: 「1・3 分足は正、15〜60 分足は負」(K-018)/ 「現物 1 分 +48.5・3 分 +37.7・15 分 −19.7・60 分 −16.4 bp/日」(K-018 の大きさ)
docs/RESEARCH/ideas/from_ledger2/IDEAS_L2.md	884	知見から生まれた仮説	計画の後の測り・読み	- 原文: 「1・3 分足は正、15〜60 分足は負」(K-018)
docs/RESEARCH/ideas/from_ledger2/IDEAS_L2.md	898	知見から生まれた仮説	計画の後の測り・読み	- 観察(逐語): 「原典の形の短い足(1・3 分)のプラスは年とともに小さくなり、2022〜2023 年は 0 付近」
docs/RESEARCH/ideas/from_ledger2/IDEAS_L2.md	907	知見から生まれた仮説	計画の後の測り・読み	- 原文: 「原典の形の短い足(1・3 分)のプラスは年とともに小さくなり、2022〜2023 年は 0 付近」(K-019)/ 渡す先「段 3(bitFlyer が海外に追いつく速さ)」(K-019)
docs/RESEARCH/ideas/from_ledger2/IDEAS_L2.md	922	知見から生まれた仮説	計画の後の測り・読み	- 原文: 「原典の形の短い足(1・3 分)のプラスは年とともに小さくなり」(K-019)/ c5 INTENT_MAP I-5「日本の時間帯と海外の時間帯で動きの性質が違う」(計画 第 5 版 178 行の写し)
docs/RESEARCH/ideas/from_ledger2/IDEAS_L2.md	936	知見から生まれた仮説	計画の後の測り・読み	- 観察(逐語): 「今の paper bot の戦略(カード 1)の 1 日あたりは区間が 0 を含まないが、年ごとでは 2017・2018 年に偏り、2019 年以降は小さく 2021 年は負け」
docs/RESEARCH/ideas/from_ledger2/IDEAS_L2.md	938	知見から生まれた仮説	計画の後の測り・読み	- 元の機構: c1 INTENT_MAP I-3「Binance の k 本前からの値動き(対数)mom」、I-6「mom > 0.8% で「買い」」、I-7「mom < −0.8% で「売り」」、I-8「|mom| ≤ 0.05% で「決済」」、I-17「損切り(含み損 0.5%)は bot の守りで、版の判断より先」、I-4「k = 30」。
docs/RESEARCH/ideas/from_ledger2/IDEAS_L2.md	945	知見から生まれた仮説	計画の後の測り・読み	- 原文: 「年ごとでは 2017・2018 年に偏り、2019 年以降は小さく 2021 年は負け」(K-020)/ 「直前 100 本のボラと次の 100 本のボラの順位相関は、…72 升すべてで正」(K-012)
docs/RESEARCH/ideas/from_ledger2/IDEAS_L2.md	960	知見から生まれた仮説	計画の後の測り・読み	- 原文: 「今の paper bot の戦略(カード 1)の 1 日あたりは区間が 0 を含まないが、年ごとでは 2017・2018 年に偏り」(K-020)/ c1 INTENT_MAP I-1 の出所「follow Binance BTCUSDT moves on bitFlyer FX_BTC_JPY, long AND short.」(訳: Binance BTCUSDT の動きに bitFlyer FX_BTC_JPY で付いていく、買いと売りの両方)
docs/RESEARCH/ideas/from_ledger2/IDEAS_L2.md	975	知見から生まれた仮説	計画の後の測り・読み	- 原文: 「年ごとでは 2017・2018 年に偏り、2019 年以降は小さく 2021 年は負け」(K-020)/ c1 INTENT_MAP I-2 の出所「Leader market feed for xborder_momentum (public Binance data, read-only)」(訳: xborder_momentum のための先行市場の入力。Binance の公開データ、読むだけ)
docs/RESEARCH/ideas/from_ledger2/IDEAS_L2.md	976	知見から生まれた仮説	計画の後の測り・読み	- 意図の地図: 入る条件 = USD-M の 30 分の mom > 0.8% / < −0.8% / 出る条件 = カード 1 のまま / 保有中の判断 = カード 1 のまま / 強弱の付け方 = ±1
docs/RESEARCH/ideas/from_ledger2/IDEAS_L2.md	989	知見から生まれた仮説	計画の後の測り・読み	- 観察(逐語): 「円の上乗せの戻り(カード 3)の成行の値は大きく正だが、1 取引 1.4〜2.9bp・保有 2 分で、記録された約定の値段で売買できた前提。最後の約定が売り値側か買い値側かで結果がひっくり返りうる」
docs/RESEARCH/ideas/from_ledger2/IDEAS_L2.md	999	知見から生まれた仮説	計画の後の測り・読み	- 原文: 「1 取引 1.4〜2.9bp・保有 2 分で、記録された約定の値段で売買できた前提」(K-021。出所 `docs/RESEARCH/cards/W4_first3_RESULTS.md` 表 1・「注意」)
docs/RESEARCH/ideas/from_ledger2/IDEAS_L2.md	1014	知見から生まれた仮説	計画の後の測り・読み	- 原文: 「最後の約定が売り値側か買い値側かで結果がひっくり返りうる」(K-021)/ c3 INTENT_MAP I-3b「入る条件 = 円の上乗せが直近の分布から外れて開いたとき」(D1-D-21 意図の地図の逐語)
docs/RESEARCH/ideas/from_ledger2/IDEAS_L2.md	1029	知見から生まれた仮説	計画の後の測り・読み	- 原文: 「円の上乗せの戻り(カード 3)の成行の値は大きく正だが、1 取引 1.4〜2.9bp」(K-021)/ c3 INTENT_MAP I-1b の備考「(1) BTCUSD ではなく BTCUSDT(USDT と USD の差が上乗せに混ざる)(2) D1-D-21 の使うデータの Coinbase ではなく Binance」
docs/RESEARCH/ideas/from_ledger2/IDEAS_L2.md	1043	知見から生まれた仮説	計画の後の測り・読み	- 観察(逐語): 「カード 5 は勝ちが 12.8% で平均 +84.5bp、負けが 86.7% で平均 −11.6bp。年では 2015・2022 年に偏る」
docs/RESEARCH/ideas/from_ledger2/IDEAS_L2.md	1053	知見から生まれた仮説	計画の後の測り・読み	- 原文: 「勝ちが 12.8% で平均 +84.5bp、負けが 86.7% で平均 −11.6bp」(K-022。出所 `docs/RESEARCH/cards/W4_overnight_RESULTS.md` 表 1・勝ち負けの形)
docs/RESEARCH/ideas/from_ledger2/IDEAS_L2.md	1068	知見から生まれた仮説	計画の後の測り・読み	- 原文: 「少ない大勝ちで多い小負けを埋める形」(K-022 の見出し)
docs/RESEARCH/ideas/from_ledger2/IDEAS_L2.md	1083	知見から生まれた仮説	計画の後の測り・読み	- 原文: 「年では 2015・2022 年に偏る」(K-022)/ c5 INTENT_MAP I-6「仲値は、ボラでなく暦と流れで動く」(第 3 版 54 行の写し)
docs/RESEARCH/ideas/from_ledger2/IDEAS_L2.md	1199	知見から生まれた仮説	計画の後の測り・読み	- 観察・次の問い: 「カード 6 の BTC の窓は週 1 回ほどの取引で、1 日あたりは小さいが区間が 0 を含まない。1 取引あたり 16.5bp」。次の問い「週末の窓の損益は、ほかのカードの日ごとの損益とどれだけ重なるか(一覧の 9)」。
docs/RESEARCH/ideas/from_ledger2/IDEAS_L2.md	1207	知見から生まれた仮説	計画の後の測り・読み	- 原文: 「カード 6 の BTC の窓は週 1 回ほどの取引で、1 日あたりは小さいが区間が 0 を含まない。1 取引あたり 16.5bp」(`docs/RESEARCH/FINDINGS_LEDGER.md` K-023)。カード 6 の CARD.md「手元の置き場で、週末に閉まる系列は USDJPY(Dukascopy の 1 分足)【事実: …】と、日経 225 先物(`backtest_data/n225f_225labo_20260828/`。期間は未確認)」
docs/RESEARCH/ideas/from_ledger2/IDEAS_L2.md	1222	知見から生まれた仮説	計画の後の測り・読み	- 原文: 「カード 6 の BTC の窓は週 1 回ほどの取引で、1 日あたりは小さいが区間が 0 を含まない。1 取引あたり 16.5bp」(`docs/RESEARCH/FINDINGS_LEDGER.md` K-023)。第 3 版 54 行の逐語(カード 6 の CARD.md が引く)「例: 8 時間ごとの資金調達の決済(#39、F7)、週末(#45)、仲値(#46)は、ボラではなく暦と流れで動く。」
docs/RESEARCH/ideas/from_ledger2/IDEAS_L2.md	1237	知見から生まれた仮説	計画の後の測り・読み	- 原文: 「カード 6 の BTC の窓は週 1 回ほどの取引で、1 日あたりは小さいが区間が 0 を含まない。1 取引あたり 16.5bp」(`docs/RESEARCH/FINDINGS_LEDGER.md` K-023)。原文 #45「週明けの価格ギャップが、最初の1時間で平均的に縮小(回帰)する」
docs/RESEARCH/ideas/from_ledger2/IDEAS_L2.md	1252	知見から生まれた仮説	計画の後の測り・読み	- 原文: 「カード 6 の BTC の窓は週 1 回ほどの取引で、1 日あたりは小さいが区間が 0 を含まない。1 取引あたり 16.5bp」(`docs/RESEARCH/FINDINGS_LEDGER.md` K-023)
docs/RESEARCH/ideas/from_ledger2/IDEAS_L2.md	1267	知見から生まれた仮説	計画の後の測り・読み	- 原文: 「カード 6 の BTC の窓は週 1 回ほどの取引で、1 日あたりは小さいが区間が 0 を含まない。1 取引あたり 16.5bp」(`docs/RESEARCH/FINDINGS_LEDGER.md` K-023)。カード 6 の CARD.md「"usdjpy" では、USDJPY の窓が戻っても BTCUSD の動きが大きければ FX_BTC_JPY の損益には出ない(恒等式の 1 項にすぎない)。」
docs/RESEARCH/ideas/from_ledger2/IDEAS_L2.md	1282	知見から生まれた仮説	計画の後の測り・読み	- 原文: 「カード 6 の BTC の窓は週 1 回ほどの取引で、1 日あたりは小さいが区間が 0 を含まない。1 取引あたり 16.5bp」(`docs/RESEARCH/FINDINGS_LEDGER.md` K-023)
docs/RESEARCH/ideas/from_ledger2/IDEAS_L2.md	1296	知見から生まれた仮説	計画の後の測り・読み	- 観察・次の問い: 「カード 8 は勝ち 82.0% で平均 +9.4bp、負け 17.5% で平均 −44.9bp。保守の区切りの形ははっきり負」。次の問い「マチルダの止め方の候補(ブレイクの判定・比の門 K-005)をカード 8 に当てると、大負けはどれだけ減るか」。
docs/RESEARCH/ideas/from_ledger2/IDEAS_L2.md	1305	知見から生まれた仮説	計画の後の測り・読み	- 原文: 「カード 8 は勝ち 82.0% で平均 +9.4bp、負け 17.5% で平均 −44.9bp。保守の区切りの形ははっきり負」(`docs/RESEARCH/FINDINGS_LEDGER.md` K-024)。K-016「事後の総量が一番大きい 3 分位の連鎖と、少数の大きな日では、連鎖の最初から終わりまで値段が清算の向きに進み、全部に逆張りした総和の符号が日ごとの平均と逆になる」(同 K-016)
docs/RESEARCH/ideas/from_ledger2/IDEAS_L2.md	1320	知見から生まれた仮説	計画の後の測り・読み	- 原文: 「カード 8 は勝ち 82.0% で平均 +9.4bp、負け 17.5% で平均 −44.9bp。保守の区切りの形ははっきり負」(`docs/RESEARCH/FINDINGS_LEDGER.md` K-024)
docs/RESEARCH/ideas/from_ledger2/IDEAS_L2.md	1335	知見から生まれた仮説	計画の後の測り・読み	- 原文: 「カード 8 は勝ち 82.0% で平均 +9.4bp、負け 17.5% で平均 −44.9bp。保守の区切りの形ははっきり負」(`docs/RESEARCH/FINDINGS_LEDGER.md` K-024)。W4_overnight_RESULTS の表 1 の カード 8 の行の「保有(中央)」は 3 分(`docs/RESEARCH/cards/W4_overnight_RESULTS.md` 表 1)
docs/RESEARCH/ideas/from_ledger2/IDEAS_L2.md	1350	知見から生まれた仮説	計画の後の測り・読み	- 原文: 「カード 8 は勝ち 82.0% で平均 +9.4bp、負け 17.5% で平均 −44.9bp。保守の区切りの形ははっきり負」(`docs/RESEARCH/FINDINGS_LEDGER.md` K-024)。マチルダの意図の地図 I-9「大きく動いた後は静観」(`docs/RESEARCH/cards/c4_owner_matilda_range/CARD.md`)
docs/RESEARCH/ideas/from_ledger2/IDEAS_L2.md	1373	知見から生まれた仮説	計画の後の測り・読み	- 原文: 「カード 7 は窓 1h・1d・1w とも 1 日あたりの区間が 0 を含む。起点と「優勢」の測り方が代理のままで、意図どおりの形ではまだ測っていない」(`docs/RESEARCH/FINDINGS_LEDGER.md` K-025)
docs/RESEARCH/ideas/from_ledger2/IDEAS_L2.md	1388	知見から生まれた仮説	計画の後の測り・読み	- 原文: 「カード 7 は窓 1h・1d・1w とも 1 日あたりの区間が 0 を含む。起点と「優勢」の測り方が代理のままで、意図どおりの形ではまだ測っていない」(`docs/RESEARCH/FINDINGS_LEDGER.md` K-025)
docs/RESEARCH/ideas/from_ledger2/IDEAS_L2.md	1403	知見から生まれた仮説	計画の後の測り・読み	- 原文: 「カード 7 は窓 1h・1d・1w とも 1 日あたりの区間が 0 を含む。起点と「優勢」の測り方が代理のままで、意図どおりの形ではまだ測っていない」(`docs/RESEARCH/FINDINGS_LEDGER.md` K-025)。W4_overnight_RESULTS 表 1 のカード 7 の「保有(中央)」は 1h 114 分・1d 1863 分・1w 4352 分(`docs/RESEARCH/cards/W4_overnight_RESULTS.m
docs/RESEARCH/ideas/from_ledger2/IDEAS_L2.md	1418	知見から生まれた仮説	計画の後の測り・読み	- 原文: 「カード 7 は窓 1h・1d・1w とも 1 日あたりの区間が 0 を含む。起点と「優勢」の測り方が代理のままで、意図どおりの形ではまだ測っていない」(`docs/RESEARCH/FINDINGS_LEDGER.md` K-025)。K-031「前の日のボラが高い日の損益から低い日の損益を引いた差は、16 本のうち 11 本で正、5 本で負」(同 K-031)
docs/RESEARCH/ideas/from_ledger2/IDEAS_L2.md	1441	知見から生まれた仮説	計画の後の測り・読み	- 原文: 「同じカードの変種どうしを除くと、日ごとの損益の相関は多くの組で絶対値 0.2 以下。一方、損益の絶対値が大きい 5% の日の重なりは平均 0.304 で、良い日どうし 0.206・悪い日どうし 0.171・片方の悪い日が他方の良い日 0.151 と、どれも無関係のとき(0.05 前後)より大きい」(`docs/RESEARCH/FINDINGS_LEDGER.md` K-026)。K-032 の大きさの欄「その日のボラで分けた診断(先読みあり)では向きが逆: 高
docs/RESEARCH/ideas/from_ledger2/IDEAS_L2.md	1456	知見から生まれた仮説	計画の後の測り・読み	- 原文: 「同じカードの変種どうしを除くと、日ごとの損益の相関は多くの組で絶対値 0.2 以下。一方、損益の絶対値が大きい 5% の日の重なりは平均 0.304 …」(`docs/RESEARCH/FINDINGS_LEDGER.md` K-026)。K-027「今の paper bot・カツオ原典 1 分・円の上乗せ 1h の 3 組は、相関 0.20〜0.33、良い 5% の日の重なり 0.34〜0.37、悪い 5% の日の重なり 0.07〜0.16」(同 K-027)
docs/RESEARCH/ideas/from_ledger2/IDEAS_L2.md	1471	知見から生まれた仮説	計画の後の測り・読み	- 元のカードの機構(今の paper bot、カード 1): 意図の地図「信号 = Binance の k 本前からの値動き(対数)」「k = 30」「mom > 0.8% で買い」「mom < −0.8% で売り」「|mom| ≤ 0.05% で決済」、持つのは bitFlyer FX_BTC_JPY(`docs/RESEARCH/cards/c1_xborder_mom/CARD.md`)。円の上乗せの戻り(カード 3)は「上乗せは「bitFlyer の価格」と「海外の
docs/RESEARCH/ideas/from_ledger2/IDEAS_L2.md	1478	知見から生まれた仮説	計画の後の測り・読み	- 原文: 「今の paper bot・カツオ原典 1 分・円の上乗せ 1h の 3 組は、相関 0.20〜0.33、良い 5% の日の重なり 0.34〜0.37、悪い 5% の日の重なり 0.07〜0.16」(`docs/RESEARCH/FINDINGS_LEDGER.md` K-027)
docs/RESEARCH/ideas/from_ledger2/IDEAS_L2.md	1479	知見から生まれた仮説	計画の後の測り・読み	- 意図の地図: 入る条件 = 元のまま(mom > 0.8% で買い、< −0.8% で売り) / 出る条件 = 元のまま(|mom| ≤ 0.05%) / 保有中の判断 = 毎分、上乗せの位置で大きさを決め直す / 強弱の付け方 = 上乗せの分布の中の位置(写しの形は未定)
docs/RESEARCH/ideas/from_ledger2/IDEAS_L2.md	1493	知見から生まれた仮説	計画の後の測り・読み	- 原文: 「今の paper bot・カツオ原典 1 分・円の上乗せ 1h の 3 組は、相関 0.20〜0.33、良い 5% の日の重なり 0.34〜0.37、悪い 5% の日の重なり 0.07〜0.16」(`docs/RESEARCH/FINDINGS_LEDGER.md` K-027)
docs/RESEARCH/ideas/from_ledger2/IDEAS_L2.md	1508	知見から生まれた仮説	計画の後の測り・読み	- 原文: 「今の paper bot・カツオ原典 1 分・円の上乗せ 1h の 3 組は、相関 0.20〜0.33、良い 5% の日の重なり 0.34〜0.37、悪い 5% の日の重なり 0.07〜0.16」(`docs/RESEARCH/FINDINGS_LEDGER.md` K-027)。K-018「原典の形(成行・ヒゲ先端の損切り)のカツオは、ヒゲを見る市場を Binance 現物・USD-M・BitMEX のどれにしても、1・3 分足は正、15〜60 分足は負」(同
docs/RESEARCH/ideas/from_ledger2/IDEAS_L2.md	1509	知見から生まれた仮説	計画の後の測り・読み	- 意図の地図: 入る条件 = USD-M の mom > 0.8% で買い、< −0.8% で売り / 出る条件 = USD-M の |mom| ≤ 0.05% / 保有中の判断 = 元のまま / 強弱の付け方 = 元のまま
docs/RESEARCH/ideas/from_ledger2/IDEAS_L2.md	1531	知見から生まれた仮説	計画の後の測り・読み	- 原文: 「案の名前と機構が逆張り・回帰の 4 枚(カツオ・マチルダ・バリアレース逆張り・セッション内平均回帰)の 9 系列(良い側)は、別のカードどうしの組の悪い 5% の日の重なりが 0.03〜0.41。下端は取引の疎い強い 1 分の半値」(`docs/RESEARCH/FINDINGS_LEDGER.md` K-028)。K-029「東京仲値(朝の動きに付いていく形)と平均回帰(日本時間の日の中の戻り)の日ごとの損益の相関は −0.36」(同 K-029)
docs/RESEARCH/ideas/from_ledger2/IDEAS_L2.md	1546	知見から生まれた仮説	計画の後の測り・読み	- 原文: 「案の名前と機構が逆張り・回帰の 4 枚(…)の 9 系列(良い側)は、別のカードどうしの組の悪い 5% の日の重なりが 0.03〜0.41。…」(`docs/RESEARCH/FINDINGS_LEDGER.md` K-028)。K-016「事後の総量が一番大きい 3 分位の連鎖と、少数の大きな日では、連鎖の最初から終わりまで値段が清算の向きに進み…」(同 K-016)
docs/RESEARCH/ideas/from_ledger2/IDEAS_L2.md	1561	知見から生まれた仮説	計画の後の測り・読み	- 原文: 「案の名前と機構が逆張り・回帰の 4 枚(…)の 9 系列(良い側)は、別のカードどうしの組の悪い 5% の日の重なりが 0.03〜0.41。…」(`docs/RESEARCH/FINDINGS_LEDGER.md` K-028)。K-028 の大きさ「バリアレースと平均回帰 0.41」(同)
docs/RESEARCH/ideas/from_ledger2/IDEAS_L2.md	1583	知見から生まれた仮説	計画の後の測り・読み	- 原文: 「東京仲値(朝の動きに付いていく形)と平均回帰(日本時間の日の中の戻り)の日ごとの損益の相関は −0.36。今の paper bot とバリアレース 1h も −0.32」(`docs/RESEARCH/FINDINGS_LEDGER.md` K-029)
docs/RESEARCH/ideas/from_ledger2/IDEAS_L2.md	1598	知見から生まれた仮説	計画の後の測り・読み	- 原文: 「東京仲値(朝の動きに付いていく形)と平均回帰(日本時間の日の中の戻り)の日ごとの損益の相関は −0.36。今の paper bot とバリアレース 1h も −0.32」(`docs/RESEARCH/FINDINGS_LEDGER.md` K-029)
docs/RESEARCH/ideas/from_ledger2/IDEAS_L2.md	1613	知見から生まれた仮説	計画の後の測り・読み	- 原文: 「東京仲値(朝の動きに付いていく形)と平均回帰(日本時間の日の中の戻り)の日ごとの損益の相関は −0.36。今の paper bot とバリアレース 1h も −0.32」(`docs/RESEARCH/FINDINGS_LEDGER.md` K-029)
docs/RESEARCH/ideas/from_ledger2/IDEAS_L2.md	1635	知見から生まれた仮説	計画の後の測り・読み	- 原文: 「マチルダ v37 とほかのカードの相関は、良い側と悪い側で大きく違う。中心 5:1 とカツオ K1 指値 a は、重なりは側でほとんど変わらないが、効き(1 日あたり)は側で変わる(中心 5:1 は符号が入れ替わる)」(`docs/RESEARCH/FINDINGS_LEDGER.md` K-030)
docs/RESEARCH/ideas/from_ledger2/IDEAS_L2.md	1650	知見から生まれた仮説	計画の後の測り・読み	- 原文: 「マチルダ v37 とほかのカードの相関は、良い側と悪い側で大きく違う。…」(`docs/RESEARCH/FINDINGS_LEDGER.md` K-030)。K-003「5:1 では平均の勝ちが v37 の約 11 倍、決まらない足に当たった取引の割合が約 5 分の 1 になる」(同 K-003)
docs/RESEARCH/ideas/from_ledger2/IDEAS_L2.md	1672	知見から生まれた仮説	計画の後の測り・読み	- 原文: 「前の日のボラが高い日の損益から低い日の損益を引いた差は、16 本のうち 11 本で正、5 本で負(今の paper bot・マチルダ v37 の両側・カツオ K1 指値 a の悪い側・東京仲値)」(`docs/RESEARCH/FINDINGS_LEDGER.md` K-031)
docs/RESEARCH/ideas/from_ledger2/IDEAS_L2.md	1687	知見から生まれた仮説	計画の後の測り・読み	- 原文: 「前の日のボラが高い日の損益から低い日の損益を引いた差は、16 本のうち 11 本で正、5 本で負(今の paper bot・マチルダ v37 の両側・カツオ K1 指値 a の悪い側・東京仲値)」(`docs/RESEARCH/FINDINGS_LEDGER.md` K-031)
docs/RESEARCH/ideas/from_ledger2/IDEAS_L2.md	1702	知見から生まれた仮説	計画の後の測り・読み	- 原文: 「前の日のボラが高い日の損益から低い日の損益を引いた差は、16 本のうち 11 本で正、5 本で負(…)」(`docs/RESEARCH/FINDINGS_LEDGER.md` K-031)。K-012「直前 100 本のボラと次の 100 本のボラの順位相関は、6 つの足 × Binance・bitFlyer × 2018〜2023 年の 72 升すべてで正で、日の塊の区間はどれも 0 を含まない」(同 K-012)
docs/RESEARCH/ideas/from_ledger2/IDEAS_L2.md	1725	知見から生まれた仮説	計画の後の測り・読み	- 原文: 「セッション内の平均回帰(日本時間の日)は、分けた日の全体ではほぼ 0 で、前の日のボラが低い日に負け(区間が 0 より下)、高い日は勝つ側(区間の下端がほぼ 0)」(`docs/RESEARCH/FINDINGS_LEDGER.md` K-032)
docs/RESEARCH/ideas/from_ledger2/IDEAS_L2.md	1740	知見から生まれた仮説	計画の後の測り・読み	- 原文: 「セッション内の平均回帰(日本時間の日)は、分けた日の全体ではほぼ 0 で、前の日のボラが低い日に負け(区間が 0 より下)、高い日は勝つ側(区間の下端がほぼ 0)」(`docs/RESEARCH/FINDINGS_LEDGER.md` K-032)。W4_overnight_RESULTS の「向きを逆にした変種は、この結果を見た後に作る案なので、別の期間で測る新しいカードとして扱う」(`docs/RESEARCH/cards/W4_overnight_RESU
docs/RESEARCH/ideas/from_ledger2/IDEAS_L2.md	1763	知見から生まれた仮説	計画の後の測り・読み	- 原文: 「東京仲値(朝の動きに付いていく形)は、前の日のボラが低い日に勝ち(区間が 0 より上)、高い日は負ける側(区間は 0 を含む)」(`docs/RESEARCH/FINDINGS_LEDGER.md` K-033)。カード 5 の CARD.md「仲値で円とドルを替える顧客の注文を、銀行が仲値の前に市場で手当てするとき、その手当ての向きに先回りされる側」
docs/RESEARCH/ideas/from_ledger2/IDEAS_L2.md	1778	知見から生まれた仮説	計画の後の測り・読み	- 原文: 「東京仲値(朝の動きに付いていく形)は、前の日のボラが低い日に勝ち(区間が 0 より上)、高い日は負ける側(区間は 0 を含む)」(`docs/RESEARCH/FINDINGS_LEDGER.md` K-033)
docs/RESEARCH/ideas/from_ledger2/IDEAS_L2.md	1793	知見から生まれた仮説	計画の後の測り・読み	- 原文: 「東京仲値(朝の動きに付いていく形)は、前の日のボラが低い日に勝ち(区間が 0 より上)、高い日は負ける側(区間は 0 を含む)」(`docs/RESEARCH/FINDINGS_LEDGER.md` K-033)。K-032「前の日のボラが低い日に負け(区間が 0 より下)、高い日は勝つ側(区間の下端がほぼ 0)」(同 K-032)
docs/RESEARCH/ideas/from_ledger2/IDEAS_L2.md	1816	知見から生まれた仮説	計画の後の測り・読み	- 原文: 「v37 の 高 − 低 は両側とも負だが、悪い側は良い側の約 12 倍」(`docs/RESEARCH/FINDINGS_LEDGER.md` K-034)
docs/RESEARCH/ideas/from_ledger2/IDEAS_L2.md	1831	知見から生まれた仮説	計画の後の測り・読み	- 原文: 「v37 の 高 − 低 は両側とも負だが、悪い側は良い側の約 12 倍」(`docs/RESEARCH/FINDINGS_LEDGER.md` K-034)。K-001「ブレイクに逆らう持ち高をブレイクで閉じた取引が全取引の 3〜6% で、それ以外の取引の勝ちの合計より大きく負けている」(同 K-001)
scripts/why_predict/k135_race_confirm.py	3	コード・道具	計画の後の測り・読み	## K-135 の予言(docs/RESEARCH/FINDINGS_LEDGER.md の ### K-135 の「予言」の欄の逐語。データを見る前にコミット 36e3e615 で押し出した)
scripts/why_predict/k135_race_confirm.py	5	コード・道具	計画の後の測り・読み	①-a Binance BTCUSDT 現物の 1 分足で同じ規則のレース(窓 1 日・1 週、帯の境はそのデータの w の 3 分位)を数えると、下の帯の反転の割合の
scripts/why_predict/k135_race_confirm.py	7	コード・道具	計画の後の測り・読み	①-b USDJPY の 1 分足で同じく、下の帯の反転の割合の区間が 0.5 より下(外れ = 区間が 0.5 を含むか上。④ 偶然と ① の一般性を分ける。
scripts/why_predict/k135_race_confirm.py	9	コード・道具	計画の後の測り・読み	①-c ①-a・①-b のそれぞれで、反転の割合の下の帯の区間が上の帯の区間より下にあり重ならない(外れ = 重なる。量に比例)→ 未
scripts/why_predict/k135_race_confirm.py	10	コード・道具	計画の後の測り・読み	②-a ①-a と同じ Binance のレースを、終値ではなく 1 分の高値・安値で当たりを決めて数え直しても、下の帯の区間が 0.5 より下に残る
tests/research/test_k135_race_confirm.py	145	コード・道具	計画の後の測り・読み	# 窓: (当たり, 反転, 継続, 最初の当たりの日, 帯の境 bp, {(帯, 期間): (数, 割合, 区間)})。RACE_REPLAY.md から写した
tests/research/test_k135_race_confirm.py	146	コード・道具	計画の後の測り・読み	EXPECT = {
tests/research/test_k135_race_confirm.py	148	コード・道具	計画の後の測り・読み	("全部", "全期間"): (31605, "0.514", "[0.509, 0.520]"), ("全部", "前半"): (13943, "0.507", "[0.499, 0.516]"),
tests/research/test_k135_race_confirm.py	149	コード・道具	計画の後の測り・読み	("全部", "後半"): (17662, "0.520", "[0.513, 0.527]"),
tests/research/test_k135_race_confirm.py	150	コード・道具	計画の後の測り・読み	("下", "全期間"): (10535, "0.516", "[0.507, 0.526]"), ("下", "前半"): (4702, "0.507", "[0.493, 0.522]"),
tests/research/test_k135_race_confirm.py	151	コード・道具	計画の後の測り・読み	("下", "後半"): (5833, "0.523", "[0.510, 0.536]"),
tests/research/test_k135_race_confirm.py	152	コード・道具	計画の後の測り・読み	("中", "全期間"): (10535, "0.512", "[0.503, 0.522]"), ("中", "前半"): (3853, "0.508", "[0.493, 0.524]"),
tests/research/test_k135_race_confirm.py	153	コード・道具	計画の後の測り・読み	("中", "後半"): (6682, "0.515", "[0.503, 0.527]"),
tests/research/test_k135_race_confirm.py	154	コード・道具	計画の後の測り・読み	("上", "全期間"): (10535, "0.515", "[0.505, 0.524]"), ("上", "前半"): (5388, "0.506", "[0.493, 0.520]"),
tests/research/test_k135_race_confirm.py	155	コード・道具	計画の後の測り・読み	("上", "後半"): (5147, "0.523", "[0.510, 0.537]")}),
scripts/w4_measure/c2_k1_year_compare.py	324	コード・道具	計画の前の測りの数・文を含む(K1・EXEC・NEWENV。2026-09-09〜10-01)	w("批評家の数(指摘 2 の写し): K1 415 取引 +250.93bp、再現 404 取引 −4772.67bp。下は台本が数えた値。"
scripts/w4_measure/window1_read.py	77	コード・道具	計画の後の測り・読み	# W3 の d0(bp/日。PREREG §3 の表。走らせる前に固定。変えない)
scripts/w4_measure/window1_read.py	78	コード・道具	計画の後の測り・読み	D0 = {
scripts/w4_measure/window1_read.py	79	コード・道具	計画の後の測り・読み	"K-A − K-0": 12.00,
scripts/w4_measure/window1_read.py	80	コード・道具	計画の後の測り・読み	"K-B − K-0": 1.13,
scripts/w4_measure/window1_read.py	81	コード・道具	計画の後の測り・読み	"K-B − K-A": -10.87,
scripts/w4_measure/window1_read.py	84	コード・道具	計画の後の測り・読み	"M-A − M-0 良": 164.13,
scripts/w4_measure/window1_read.py	85	コード・道具	計画の後の測り・読み	"M-A − M-0 悪": 205.76,
scripts/w4_measure/window1_read.py	390	コード・道具	計画の後の測り・読み	# K-B − K-A の d0 は事前登録で「表 1b の 2 つの平均の差(+1.13 − +12.00)」= 小数 2 桁に丸めた 2 項の差と決めてある。
tests/research/test_c8_binance.py	725	コード・道具	計画の後の測り・読み	_R1 = "「Binance でも、前の日の区分で外したことが効いた」(予言 P2・P3 が当たった)"
tests/research/test_c8_binance.py	727	コード・道具	計画の後の測り・読み	"予言は当たったと書かない")
tests/research/test_c8_binance.py	728	コード・道具	計画の後の測り・読み	_R3 = "「区分の効きの向きは対照より上だが、日ごとの区間では 0 と区別がつかない(MDE と並べる)」。予言は当たったと書かない"
tests/research/test_c8_binance.py	730	コード・道具	計画の後の測り・読み	_R5 = "「門で外すと下がった(予言と逆向き)」"
tests/research/test_analysis_tools.py	51	コード・道具	計画の後の測り・読み	- 大きさ: +3.2bp / 取引
tests/research/test_analysis_tools.py	77	コード・道具	計画の後の測り・読み	"`docs/RESEARCH/FINDINGS_LEDGER.md` の表 2", "土 +33.09 bp/日", "いいえ", "段 4 の場面の変数",
tests/test_findings_ledger.py	23	コード・道具	計画の後の測り・読み	- 大きさ: +3.2bp / 取引
