timestamp,best_bid,best_ask,ltp
1787201902.737,11001155.0,11002559.0,10998710.0
1787201907.925,10998853.0,11001393.0,11000950.0
1787201913.084,10998710.0,11001138.0,10998710.0
1787201918.149,11000540.0,11001154.0,11001133.0
1787201923.197,11000570.0,11002295.0,11000552.0
1787201928.268,11000570.0,11002295.0,11000552.0
1787201933.358,11000660.0,11002916.0,11000552.0
1787201938.478,11001110.0,11002726.0,11001110.0
1787201943.558,11000814.0,11003212.0,11001612.0
1787201948.641,11000726.0,11003245.0,11000814.0
1787201953.731,10999684.0,11002121.0,10999681.0
1787201958.825,10999522.0,11002070.0,10999681.0
1787201963.921,10998722.0,11001609.0,10999681.0
1787201969.016,10998819.0,11001065.0,10998818.0
1787201974.158,10998711.0,11000908.0,11000908.0
1787201979.307,10998710.0,11000354.0,10998710.0
1787201984.446,10998757.0,10999204.0,11002562.0
1787201989.515,10998710.0,11000030.0,10999204.0
1787201994.577,10998710.0,10998912.0,11000000.0
1787201999.659,10998710.0,11000619.0,11000000.0
1787202004.700,11000000.0,11001415.0,11000000.0
1787202009.778,10999500.0,11001354.0,11001380.0
1787202014.852,11000433.0,11002563.0,11001875.0
1787202019.893,11000481.0,11002556.0,11002563.0
1787202025.001,11000772.0,11002556.0,11002555.0
1787202030.064,10999845.0,11002555.0,11002555.0
1787202035.118,10999405.0,11002009.0,11002512.0
1787202040.198,10999477.0,11001543.0,10999404.0
1787202045.269,10998812.0,11001499.0,11001499.0
1787202050.343,10999982.0,11001443.0,11001499.0
1787202055.392,11000173.0,11001443.0,11001499.0
1787202060.483,10999576.0,11001443.0,11001443.0
1787202065.552,11001666.0,11003523.0,11002796.0
1787202070.646,11003589.0,11004903.0,11003527.0
1787202075.740,11001605.0,11004569.0,11002094.0
1787202080.784,11000346.0,11003548.0,11002094.0
1787202085.900,11002059.0,11004035.0,11002094.0
1787202091.003,11000717.0,11004039.0,11002094.0
1787202096.076,11000417.0,11003209.0,11002094.0
1787202101.170,10999890.0,11001975.0,11002014.0
1787202106.236,11000240.0,11001938.0,11001940.0
1787202111.281,10999740.0,11000375.0,11000375.0
1787202116.340,10999747.0,10999996.0,10999996.0
1787202121.397,11000231.0,11002326.0,11002363.0
1787202126.454,11001492.0,11003805.0,11001894.0
1787202131.535,11000266.0,11003786.0,11004479.0
1787202136.582,11000521.0,11001992.0,11004479.0
1787202141.626,11000570.0,11001991.0,11004479.0
1787202146.706,11000577.0,11001991.0,11004479.0
1787202151.755,11001991.0,11003044.0,11001991.0
1787202156.819,11001461.0,11003741.0,11001991.0
1787202161.901,11002029.0,11004250.0,11003741.0
1787202166.980,11001166.0,11003994.0,11000929.0
1787202172.051,11000171.0,11003989.0,11000929.0
1787202177.117,11000407.0,11003626.0,11000929.0
1787202182.225,11000495.0,11003791.0,11000929.0
1787202187.298,11000459.0,11003599.0,11000929.0
1787202192.372,11000459.0,11003220.0,11000929.0
1787202197.419,10999948.0,11001318.0,11000929.0
1787202202.478,10998710.0,11001386.0,10999347.0
1787202207.533,10998710.0,11000157.0,10999347.0
1787202212.574,10998763.0,11000010.0,10999347.0
1787202217.689,10998710.0,10999990.0,10999347.0
1787202222.744,10998710.0,10999921.0,10998710.0
1787202227.790,10998710.0,10999901.0,10998710.0
1787202232.863,10998710.0,10999619.0,10998710.0
1787202238.035,10998710.0,10999599.0,10998710.0
1787202243.139,10998710.0,10999588.0,10998710.0
1787202248.217,11001271.0,11003350.0,11002562.0
1787202253.268,11001274.0,11003317.0,11002562.0
1787202258.360,11000073.0,11002950.0,11002562.0
1787202263.456,11000885.0,11002225.0,11002259.0
1787202268.532,11000966.0,11002224.0,11002224.0
1787202273.664,11001720.0,11002587.0,11002215.0
1787202278.758,11002207.0,11004190.0,11002797.0
1787202283.908,10999489.0,11000080.0,10998710.0
1787202289.033,10998710.0,10999919.0,10998710.0
1787202294.140,10998809.0,11001151.0,11000923.0
1787202299.238,11000851.0,11002548.0,11001151.0
1787202304.654,11001488.0,11002820.0,11001151.0
1787202310.049,11001344.0,11002820.0,11001151.0
1787202315.330,11001043.0,11002820.0,11001151.0
1787202320.498,11001267.0,11002820.0,11001267.0
1787202326.002,11003060.0,11003666.0,11001267.0
1787202331.557,11003517.0,11004827.0,11003668.0
1787202336.609,11003062.0,11004833.0,11003668.0
1787202342.868,11001254.0,11002748.0,11002748.0
1787202348.257,11002180.0,11003490.0,11002748.0
1787202353.327,11000641.0,11003314.0,11002748.0
1787202358.375,10999373.0,11001310.0,11000720.0
1787202363.601,11000421.0,11002814.0,11000745.0
1787202368.662,11001409.0,11003850.0,11000745.0
1787202374.146,11001714.0,11004735.0,11001695.0
1787202379.330,11001720.0,11004399.0,11001695.0
1787202385.015,11005767.0,11007552.0,11006826.0
1787202390.093,11009120.0,11011015.0,11009175.0
1787202395.676,11006474.0,11008727.0,11006948.0
1787202402.104,11007407.0,11009615.0,11006948.0
1787202408.246,11009219.0,11011348.0,11011140.0
1787202413.875,11009238.0,11011232.0,11011140.0
1787202418.945,11008431.0,11009252.0,11009174.0
1787202425.068,11007408.0,11009057.0,11009066.0
1787202431.110,11007660.0,11009720.0,11009707.0
1787202437.085,11007460.0,11009720.0,11009698.0
1787202442.651,11007427.0,11010217.0,11009720.0
1787202448.435,11009325.0,11011890.0,11009720.0
1787202453.517,11010574.0,11013194.0,11009720.0
1787202458.625,11010616.0,11012542.0,11009720.0
1787202464.308,11009810.0,11011920.0,11011975.0
1787202470.483,11008715.0,11009755.0,11009659.0
1787202475.533,11008099.0,11009030.0,11008347.0
1787202481.106,11009971.0,11010980.0,11011044.0
1787202487.837,11007833.0,11008610.0,11009416.0
1787202492.992,11006826.0,11008065.0,11007833.0
1787202498.060,11006987.0,11008170.0,11007833.0
1787202503.133,11008526.0,11009860.0,11009860.0
1787202508.221,11009075.0,11010600.0,11009860.0
1787202513.266,11010888.0,11012535.0,11012235.0
1787202519.452,11011197.0,11012790.0,11012235.0
1787202524.493,11010230.0,11012124.0,11010889.0
1787202531.337,11009050.0,11009823.0,11010231.0
1787202536.402,11008834.0,11009949.0,11010231.0
1787202541.460,11005400.0,11006959.0,11006959.0
1787202548.075,11004758.0,11006817.0,11004453.0
1787202553.128,11004781.0,11006816.0,11004453.0
1787202558.197,11004423.0,11006637.0,11005301.0
1787202563.273,11002573.0,11005974.0,11002573.0
1787202568.343,11002711.0,11005483.0,11002573.0
1787202573.402,11002711.0,11005431.0,11002573.0
1787202578.470,11002711.0,11005326.0,11002573.0
1787202583.516,11002711.0,11004894.0,11002573.0
1787202588.707,11002722.0,11004909.0,11002573.0
1787202593.751,11002976.0,11004869.0,11002573.0
1787202598.799,11002995.0,11005335.0,11002573.0
1787202605.664,11000967.0,11003348.0,11002573.0
1787202611.323,11001094.0,11003210.0,11003210.0
1787202616.390,11001520.0,11004905.0,11004518.0
1787202621.465,11001668.0,11004515.0,11004518.0
1787202626.513,11001695.0,11005000.0,11004518.0
1787202631.594,11003684.0,11007313.0,11005993.0
1787202636.997,11004189.0,11007908.0,11005993.0
1787202644.517,11004701.0,11006699.0,11004659.0
1787202651.610,11004721.0,11005735.0,11004659.0
1787202658.894,11003938.0,11006924.0,11004659.0
1787202665.892,11004514.0,11005664.0,11006418.0
1787202675.068,11004576.0,11006863.0,11006633.0
1787202682.866,11004619.0,11006854.0,11006633.0
1787202690.280,11005542.0,11007029.0,11007030.0
1787202697.567,11005098.0,11007008.0,11005543.0
1787202705.701,11003699.0,11005898.0,11005543.0
1787202713.061,11003850.0,11005700.0,11005543.0
1787202721.156,11002639.0,11004280.0,11003614.0
1787202730.561,11000936.0,11003590.0,11002640.0
1787202737.912,11000549.0,11002037.0,11002640.0
1787202745.357,10998922.0,11000270.0,10998943.0
1787202752.582,11000774.0,11002020.0,11001073.0
1787202759.486,10998998.0,11002020.0,11000180.0
1787202765.529,10999007.0,10999721.0,11000180.0
1787202772.311,10998728.0,11000174.0,10998934.0
1787202778.481,10997467.0,10999256.0,10998710.0
1787202783.524,10997464.0,10998361.0,10998710.0
1787202788.626,10997464.0,10998361.0,10998710.0
1787202793.780,10997464.0,10998434.0,10998710.0
1787202798.884,10998189.0,10999228.0,10997868.0
1787202803.947,10996370.0,10998468.0,10998219.0
1787202809.010,10997200.0,10998966.0,10998219.0
1787202814.077,10997376.0,10999219.0,10998219.0
1787202819.143,10997203.0,10998827.0,10998219.0
1787202824.210,10997203.0,10998232.0,10998219.0
1787202829.273,10997203.0,10998939.0,10998219.0
1787202834.340,10997408.0,10998876.0,10998241.0
1787202839.387,10997452.0,10998865.0,10998241.0
1787202844.428,10998594.0,11001132.0,10998865.0
1787202849.479,10999228.0,11000686.0,10998865.0
1787202854.547,10999981.0,11001177.0,10998865.0
1787202859.598,10999059.0,11000491.0,10998865.0
1787202864.667,10998967.0,10999173.0,10998967.0
1787202869.712,10997807.0,10998796.0,10997867.0
1787202874.806,10997087.0,10998747.0,10997867.0
1787202879.904,10997288.0,10999592.0,11000466.0
1787202884.975,10998092.0,10999698.0,11000466.0
1787202890.062,10999698.0,10999880.0,10999698.0
1787202895.111,10997602.0,10999554.0,10999698.0
1787202900.184,10996808.0,10997596.0,10999698.0
1787202905.229,10998400.0,10999835.0,10999530.0
1787202910.290,10999614.0,11001206.0,10999921.0
1787202915.357,10999633.0,11001153.0,10999921.0
1787202920.418,10999689.0,11000695.0,10999921.0
1787202925.515,10999798.0,11000701.0,10999921.0
1787202930.631,11000010.0,11001115.0,11000700.0
1787202935.674,11000007.0,11001620.0,11000700.0
1787202940.727,11000619.0,11001595.0,11000700.0
1787202945.803,10994657.0,10996854.0,10996215.0
1787202950.872,10996911.0,10998553.0,10998036.0
1787202955.934,10998412.0,10999466.0,11002218.0
1787202961.299,10999988.0,11002055.0,11002218.0
1787202966.386,10999989.0,11002003.0,11002078.0
1787202971.503,11000860.0,11001978.0,11002078.0
1787202976.581,11002046.0,11003682.0,11001979.0
1787202981.639,11004824.0,11008875.0,11006859.0
1787202986.745,11005814.0,11008748.0,11006859.0
1787202991.823,11006367.0,11009915.0,11006859.0
1787202996.902,11006513.0,11009915.0,11006859.0
1787203001.968,11005721.0,11008704.0,11005721.0
1787203007.132,11006103.0,11010335.0,11005721.0
1787203012.185,11007991.0,11010906.0,11005721.0
1787203017.264,11008232.0,11008510.0,11009149.0
1787203022.316,11008433.0,11010117.0,11008433.0
1787203027.527,11008433.0,11010117.0,11008433.0
1787203032.677,11008460.0,11010451.0,11010635.0
1787203037.786,11009198.0,11010450.0,11009012.0
1787203043.521,11008444.0,11009012.0,11009012.0
1787203048.570,11008909.0,11009012.0,11009012.0
1787203053.615,11007888.0,11010324.0,11009012.0
1787203058.710,11011735.0,11012788.0,11012504.0
1787203063.779,11011858.0,11014117.0,11013194.0
1787203068.887,11011320.0,11013911.0,11013194.0
1787203073.969,11011356.0,11013338.0,11013194.0
1787203079.040,11011173.0,11013279.0,11013194.0
1787203084.086,11010769.0,11013405.0,11013194.0
1787203089.233,11015925.0,11017930.0,11016962.0
1787203094.304,11017482.0,11019709.0,11018832.0
1787203099.350,11018325.0,11020000.0,11017832.0
1787203104.441,11019925.0,11020000.0,11018828.0
1787203109.535,11017246.0,11017982.0,11017245.0
1787203114.601,11015025.0,11016342.0,11016160.0
1787203119.673,11013023.0,11015680.0,11015682.0
1787203124.715,11014882.0,11015664.0,11015682.0
1787203129.793,11013767.0,11016203.0,11013582.0
1787203134.861,11013550.0,11015376.0,11013582.0
1787203139.927,11013548.0,11013550.0,11013550.0
1787203145.037,11013549.0,11014673.0,11013550.0
1787203150.148,11013552.0,11014673.0,11014673.0
1787203155.194,11013555.0,11014673.0,11014673.0
1787203160.239,11013242.0,11014673.0,11014673.0
1787203165.316,11012295.0,11013240.0,11013254.0
1787203170.361,11011726.0,11012212.0,11012295.0
1787203175.402,11011726.0,11012153.0,11012212.0
1787203180.447,11013869.0,11016488.0,11016270.0
1787203185.558,11014060.0,11016052.0,11016270.0
1787203190.599,11016325.0,11016720.0,11016459.0
1787203195.638,11013880.0,11015201.0,11016325.0
1787203200.680,11013858.0,11014727.0,11014248.0
1787203207.356,11012368.0,11014707.0,11014248.0
1787203212.460,11011484.0,11013741.0,11012583.0
1787203217.579,11010799.0,11011946.0,11011990.0
1787203222.662,11009357.0,11011025.0,11011173.0
1787203227.747,11009081.0,11011743.0,11011025.0
1787203232.796,11011382.0,11013618.0,11012675.0
1787203237.875,11010107.0,11012460.0,11012485.0
1787203242.941,11009092.0,11011086.0,11012485.0
1787203248.041,11009372.0,11011588.0,11011588.0
1787203253.107,11007827.0,11011109.0,11008641.0
1787203258.223,11007159.0,11010215.0,11008641.0
1787203263.285,11008393.0,11010173.0,11008641.0
1787203268.342,11010311.0,11012697.0,11010206.0
1787203273.426,11010610.0,11012449.0,11010206.0
1787203278.713,11011145.0,11012697.0,11010610.0
1787203283.819,11010857.0,11013502.0,11010610.0
1787203288.889,11012054.0,11013664.0,11010610.0
1787203293.949,11011792.0,11013592.0,11010610.0
1787203299.024,11011109.0,11013347.0,11010610.0
1787203304.122,11012178.0,11013601.0,11010610.0
1787203309.204,11012152.0,11013337.0,11010610.0
1787203314.292,11012585.0,11014171.0,11010610.0
1787203319.558,11012854.0,11014250.0,11010610.0
1787203327.178,11016792.0,11019208.0,11017903.0
1787203336.435,11012929.0,11016749.0,11016749.0
1787203343.707,11013405.0,11016146.0,11015778.0
1787203350.423,11015012.0,11015437.0,11015437.0
1787203357.205,11015113.0,11016701.0,11015020.0
1787203363.863,11014840.0,11017211.0,11015020.0
1787203371.696,11014840.0,11017211.0,11015020.0
1787203379.780,11018924.0,11021663.0,11020450.0
1787203386.208,11015918.0,11017607.0,11017379.0
1787203396.459,11014650.0,11017380.0,11015272.0
1787203404.010,11016025.0,11018753.0,11017379.0
1787203410.966,11018245.0,11020407.0,11020495.0
1787203417.973,11018207.0,11020223.0,11019920.0
1787203424.731,11019706.0,11020433.0,11019920.0
1787203430.659,11020297.0,11021480.0,11019719.0
1787203437.225,11021140.0,11023173.0,11021663.0
1787203443.621,11021853.0,11023173.0,11021663.0
1787203450.237,11022059.0,11023173.0,11021663.0
1787203455.501,11023363.0,11025000.0,11023173.0
1787203460.541,11023824.0,11025477.0,11026695.0
1787203465.585,11023909.0,11026024.0,11026695.0
1787203470.629,11021569.0,11023501.0,11023951.0
1787203475.672,11020590.0,11022601.0,11020569.0
1787203480.717,11021725.0,11022170.0,11020569.0
1787203485.755,11021782.0,11025658.0,11025055.0
1787203490.831,11026634.0,11028400.0,11025809.0
1787203495.904,11027305.0,11029988.0,11029989.0
1787203500.966,11028132.0,11029992.0,11029988.0
1787203506.039,11028030.0,11029806.0,11025727.0
1787203511.194,11028320.0,11029876.0,11025727.0
1787203516.289,11026856.0,11028344.0,11028913.0
1787203521.383,11027086.0,11029195.0,11029834.0
1787203526.450,11026137.0,11028059.0,11026137.0
1787203531.526,11026273.0,11028464.0,11026553.0
1787203536.590,11026166.0,11028576.0,11026273.0
1787203541.660,11026184.0,11028319.0,11026273.0
1787203546.706,11026145.0,11027500.0,11026273.0
1787203551.803,11024883.0,11027661.0,11024883.0
1787203556.865,11028069.0,11028844.0,11024977.0
1787203561.933,11027449.0,11029868.0,11026919.0
1787203756.064,11029703.0,11031183.0,11030279.0
1787203761.475,11029930.0,11031959.0,11030279.0
1787203766.544,11028558.0,11031230.0,11029760.0
1787203771.622,11025805.0,11028553.0,11029760.0
1787203776.665,11024785.0,11026949.0,11029760.0
1787203781.787,11022572.0,11025163.0,11024115.0
1787203786.872,11019915.0,11021466.0,11023011.0
1787203791.979,11020060.0,11023493.0,11022763.0
1787203797.044,11021298.0,11022107.0,11021297.0
1787203802.446,11018386.0,11021622.0,11019965.0
1787203807.554,11019801.0,11021820.0,11020597.0
1787203812.854,11022440.0,11023465.0,11022777.0
1787203817.938,11024103.0,11026317.0,11023465.0
1787203823.047,11025243.0,11027338.0,11023465.0
1787203828.155,11026055.0,11026805.0,11026467.0
1787203833.219,11026055.0,11027328.0,11026467.0
1787203838.329,11022244.0,11024480.0,11023644.0
1787203843.396,11020884.0,11022650.0,11023644.0
1787203848.476,11019689.0,11021480.0,11023644.0
1787203853.539,11021085.0,11022765.0,11021141.0
1787203858.655,11022015.0,11024299.0,11022765.0
1787203863.757,11024255.0,11027113.0,11025121.0
1787203868.835,11024894.0,11027593.0,11025755.0
1787203873.906,11024938.0,11027126.0,11025755.0
1787203878.966,11025148.0,11027115.0,11025755.0
1787203884.047,11025148.0,11027096.0,11025755.0
1787203889.095,11024525.0,11027084.0,11025755.0
1787203894.185,11025857.0,11026692.0,11025857.0
1787203899.294,11025787.0,11026683.0,11025857.0
1787203904.339,11023867.0,11026344.0,11025787.0
1787203909.408,11023854.0,11026291.0,11025787.0
1787203914.522,11023854.0,11026353.0,11025787.0
1787203919.569,11023854.0,11025923.0,11025787.0
1787203924.611,11023062.0,11025103.0,11025787.0
1787203929.902,11021296.0,11023789.0,11025787.0
1787203935.010,11022582.0,11023754.0,11025787.0
1787203940.094,11022844.0,11023701.0,11022582.0
1787203945.159,11023833.0,11025104.0,11023828.0
1787203950.254,11023833.0,11025072.0,11023828.0
1787203955.300,11023833.0,11024347.0,11023828.0
1787203960.368,11023833.0,11024932.0,11023828.0
1787203965.411,11022912.0,11024623.0,11023833.0
1787203970.463,11022396.0,11024164.0,11023833.0
1787203975.505,11023232.0,11024147.0,11023833.0
1787203980.547,11023967.0,11025223.0,11021372.0
1787203985.612,11023967.0,11025181.0,11021372.0
1787203990.794,11024096.0,11025185.0,11021372.0
1787203995.978,11023796.0,11025178.0,11021372.0
1787204001.136,11023038.0,11024561.0,11021372.0
1787204006.180,11023654.0,11024309.0,11021372.0
1787204011.244,11023712.0,11024275.0,11021372.0
1787204016.292,11023201.0,11024030.0,11021372.0
1787204021.379,11022924.0,11023813.0,11023838.0
1787204026.440,11020894.0,11023568.0,11022924.0
1787204031.484,11021023.0,11022800.0,11022924.0
1787204036.562,11019411.0,11022159.0,11022924.0
1787204041.754,11019457.0,11020632.0,11022924.0
1787204046.827,11019189.0,11022995.0,11021462.0
1787204051.894,11019186.0,11021192.0,11021462.0
1787204057.010,11018202.0,11020882.0,11020010.0
1787204062.164,11018528.0,11022407.0,11020010.0
1787204067.234,11018913.0,11021991.0,11020500.0
1787204072.303,11018872.0,11021177.0,11020500.0
1787204077.354,11019946.0,11020933.0,11021177.0
1787204082.431,11019415.0,11020991.0,11019415.0
1787204087.492,11022935.0,11025173.0,11023410.0
1787204092.719,11022183.0,11023706.0,11023410.0
1787204097.778,11022311.0,11023706.0,11023410.0
1787204102.976,11020643.0,11023815.0,11023410.0
1787204108.078,11021450.0,11024411.0,11023410.0
1787204113.209,11022003.0,11023928.0,11023410.0
1787204118.831,11022650.0,11024547.0,11023410.0
1787204124.356,11025761.0,11027172.0,11026244.0
1787204129.552,11025992.0,11027837.0,11026244.0
1787204135.167,11026589.0,11027972.0,11028297.0
1787204140.280,11026243.0,11027864.0,11028297.0
1787204145.340,11026507.0,11028270.0,11028297.0
1787204150.666,11026277.0,11028055.0,11026808.0
1787204155.946,11026329.0,11028297.0,11026275.0
1787204161.067,11027288.0,11029478.0,11027681.0
1787204166.397,11025154.0,11027361.0,11027310.0
1787204171.553,11025171.0,11027050.0,11025162.0
1787204176.953,11023781.0,11025860.0,11025171.0
1787204183.687,11023993.0,11025756.0,11025861.0
1787204190.393,11024004.0,11026444.0,11024035.0
1787204197.685,11023968.0,11026444.0,11024035.0
1787204205.248,11024647.0,11026913.0,11024035.0
1787204212.635,11024651.0,11026869.0,11024035.0
1787204220.020,11024220.0,11026537.0,11024035.0
1787204225.877,11027170.0,11029701.0,11028095.0
1787204230.956,11024246.0,11027687.0,11025157.0
1787204236.064,11024494.0,11025879.0,11025157.0
1787204241.110,11023113.0,11025259.0,11024035.0
1787204246.176,11023132.0,11025391.0,11024150.0
1787204251.219,11021780.0,11023043.0,11023138.0
1787204256.306,11020976.0,11022732.0,11023138.0
1787204261.375,11020356.0,11022904.0,11023138.0
1787204266.441,11020468.0,11023773.0,11023138.0
1787204271.525,11020601.0,11023349.0,11023138.0
1787204276.593,11020580.0,11022569.0,11023138.0
1787204281.756,11019107.0,11020869.0,11020365.0
1787204286.862,11019131.0,11021165.0,11020365.0
1787204291.952,11019226.0,11021836.0,11023000.0
1787204297.037,11017781.0,11020395.0,11023000.0
1787204302.104,11017538.0,11019400.0,11023000.0
1787204307.175,11016714.0,11018896.0,11019038.0
1787204312.219,11016949.0,11018747.0,11019038.0
1787204317.268,11017927.0,11019018.0,11019028.0
1787204322.896,11015834.0,11018191.0,11019028.0
1787204327.962,11016033.0,11017911.0,11019028.0
1787204333.025,11017923.0,11021075.0,11019607.0
1787204338.128,11019028.0,11019805.0,11019607.0
1787204343.194,11018100.0,11020965.0,11019607.0
1787204348.370,11017809.0,11019694.0,11019607.0
1787204353.451,11017795.0,11020222.0,11019607.0
1787204358.522,11016674.0,11020070.0,11019607.0
1787204363.605,11016444.0,11018285.0,11016654.0
1787204368.672,11017118.0,11019331.0,11018243.0
1787204373.720,11018024.0,11019332.0,11018243.0
1787204378.817,11018148.0,11019332.0,11018243.0
1787204383.897,11015692.0,11019125.0,11018243.0
1787204388.960,11015574.0,11017502.0,11017613.0
1787204394.031,11016612.0,11019125.0,11017576.0
1787204399.100,11014538.0,11017492.0,11015084.0
1787204404.174,11013492.0,11016799.0,11016713.0
1787204409.250,11013521.0,11015640.0,11012521.0
1787204414.322,11013521.0,11015488.0,11012521.0
1787204424.828,11014738.0,11017219.0,11017219.0
1787204430.268,11014987.0,11018976.0,11017219.0
1787204435.403,11016190.0,11018699.0,11017219.0
1787204440.557,11014664.0,11017738.0,11015946.0
1787204447.763,11014649.0,11017452.0,11015946.0
1787204452.840,11016173.0,11018583.0,11017452.0
1787204457.916,11015500.0,11018546.0,11017452.0
1787204463.438,11015309.0,11018394.0,11017452.0
1787204468.531,11015143.0,11017894.0,11017452.0
1787204473.577,11013942.0,11016490.0,11014767.0
1787204478.619,11012729.0,11015800.0,11013422.0
1787204483.735,11013551.0,11015361.0,11013422.0
1787204488.892,11013374.0,11015360.0,11013422.0
1787204494.027,11014380.0,11015360.0,11013422.0
1787204499.102,11014560.0,11015360.0,11015360.0
1787204504.171,11013371.0,11015542.0,11015360.0
1787204509.332,11016209.0,11018177.0,11015542.0
1787204514.421,11013188.0,11015802.0,11015985.0
1787204519.584,11016047.0,11017990.0,11015985.0
1787204524.690,11015838.0,11017870.0,11015985.0
1787204529.823,11015398.0,11015985.0,11015985.0
1787204534.883,11014890.0,11015985.0,11015600.0
1787204539.971,11014364.0,11015985.0,11015600.0
1787204545.047,11013653.0,11015985.0,11015600.0
1787204550.149,11014360.0,11015985.0,11015600.0
1787204555.215,11014929.0,11015985.0,11015600.0
1787204560.277,11013821.0,11015985.0,11015600.0
1787204565.350,11014958.0,11015985.0,11015600.0
1787204570.424,11018267.0,11020691.0,11018030.0
1787204575.490,11018144.0,11019487.0,11018030.0
1787204580.559,11017143.0,11019766.0,11018144.0
1787204585.784,11016196.0,11018963.0,11017152.0
1787204590.867,11016583.0,11018963.0,11017152.0
1787204595.933,11018006.0,11020010.0,11017152.0
1787204601.058,11017148.0,11019938.0,11017152.0
1787204606.131,11017188.0,11020510.0,11017152.0
1787204611.174,11017710.0,11019986.0,11017152.0
1787204616.260,11018052.0,11020532.0,11017152.0
1787204621.360,11020003.0,11022148.0,11017152.0
1787204626.420,11020555.0,11022593.0,11017152.0
1787204631.474,11019116.0,11020401.0,11020490.0
1787204636.573,11018096.0,11020170.0,11019116.0
1787204641.691,11018115.0,11020169.0,11019116.0
1787204646.811,11018184.0,11019945.0,11019116.0
1787204651.881,11018225.0,11019945.0,11019116.0
1787204656.948,11017284.0,11019918.0,11019116.0
1787204662.271,11018280.0,11019945.0,11019116.0
1787204667.340,11019138.0,11021446.0,11019116.0
1787204672.395,11019420.0,11021770.0,11019116.0
1787204677.451,11019635.0,11021770.0,11019116.0
1787204682.560,11019462.0,11021306.0,11019116.0
1787204687.630,11019481.0,11022943.0,11019116.0
1787204692.673,11020245.0,11021440.0,11019116.0
1787204697.737,11019588.0,11020981.0,11019116.0
1787204702.787,11018545.0,11020955.0,11019116.0
1787204707.909,11017226.0,11019457.0,11019457.0
1787204713.001,11016493.0,11018527.0,11017162.0
1787204718.453,11017106.0,11018527.0,11017162.0
1787204723.554,11016622.0,11018554.0,11017162.0
1787204729.921,11017325.0,11019081.0,11019942.0
1787204735.013,11017359.0,11019753.0,11019942.0
1787204740.080,11015967.0,11017980.0,11019942.0
1787204745.198,11015265.0,11017480.0,11019942.0
1787204750.256,11015643.0,11017160.0,11019942.0
1787204755.333,11015739.0,11017045.0,11019942.0
1787204760.418,11016816.0,11018810.0,11018079.0
1787204765.579,11014339.0,11017967.0,11017052.0
1787204770.681,11012813.0,11015661.0,11017052.0
1787204775.724,11014292.0,11017142.0,11017052.0
1787204780.769,11012518.0,11014629.0,11014468.0
1787204785.836,11012518.0,11014145.0,11014448.0
1787204790.936,11012518.0,11014035.0,11014448.0
1787204796.011,11012518.0,11013476.0,11014448.0
1787204801.068,11012651.0,11014413.0,11013056.0
1787204806.158,11012763.0,11014263.0,11013056.0
1787204811.269,11012763.0,11014679.0,11012763.0
1787204816.338,11010261.0,11013127.0,11011800.0
1787204821.423,11009712.0,11011883.0,11011883.0
1787204826.686,11010882.0,11014191.0,11011883.0
1787204831.773,11009334.0,11012128.0,11011883.0
1787204836.858,11007551.0,11010412.0,11008191.0
1787204841.924,11008006.0,11009340.0,11010412.0
1787204847.007,11008299.0,11010585.0,11010585.0
1787204852.090,11009867.0,11012901.0,11010585.0
1787204857.166,11005187.0,11006820.0,11005105.0
1787204862.280,11004833.0,11006778.0,11005219.0
1787204867.396,11004833.0,11005751.0,11006735.0
1787204872.440,11003567.0,11004574.0,11004574.0
1787204877.499,10995779.0,11000459.0,10996302.0
1787204882.586,10996706.0,10998012.0,10997038.0
1787204887.697,10996432.0,10999547.0,11000391.0
1787204892.774,10995633.0,10998191.0,11000391.0
1787204897.846,10998644.0,11000392.0,11000251.0
1787204902.973,10997893.0,11000151.0,11000251.0
1787204908.038,10995757.0,10997590.0,10995740.0
1787204913.113,10994550.0,10996584.0,10995767.0
1787204918.179,10995289.0,10997620.0,10996670.0
1787204923.245,11001477.0,11005186.0,11003608.0
1787204928.429,10999636.0,11002576.0,11001468.0
1787204933.517,10999092.0,11001787.0,11001468.0
1787204938.594,10999119.0,11001041.0,11001468.0
1787204943.673,10996319.0,10997719.0,10998445.0
1787204948.841,10997755.0,11001363.0,10997715.0
1787204953.941,10999168.0,11001062.0,10997715.0
1787204959.008,10999095.0,11001050.0,10997715.0
1787204964.077,10998071.0,10999908.0,10997715.0
1787204969.159,10998346.0,10999932.0,10997715.0
1787204974.240,10995895.0,10998187.0,10997714.0
1787204979.298,10994575.0,10995919.0,10997714.0
1787204984.371,10994152.0,10995077.0,10995607.0
1787204989.453,10992908.0,10994312.0,10994152.0
1787204994.545,10992840.0,10994471.0,10994152.0
1787204999.616,10992840.0,10993870.0,10992572.0
1787205004.705,10992228.0,10993855.0,10992572.0
1787205010.345,10991291.0,10993008.0,10993398.0
1787205015.415,10991403.0,10993871.0,10993388.0
1787205020.475,10991332.0,10993590.0,10993388.0
1787205025.548,10994246.0,10996390.0,10995964.0
1787205030.615,10992766.0,10993015.0,10992766.0
1787205035.662,10992367.0,10994684.0,10993071.0
1787205040.721,10994436.0,10994717.0,10994717.0
1787205045.766,10999046.0,11000856.0,10997997.0
1787205051.032,10999613.0,11001412.0,10997997.0
1787205056.112,10999110.0,11001324.0,10997997.0
1787205061.203,10998921.0,11000257.0,10997997.0
1787205066.390,10998951.0,11000311.0,10998953.0
1787205071.589,10999869.0,11001762.0,10998953.0
1787205076.685,10999235.0,11000922.0,10998953.0
1787205081.764,10999275.0,11001036.0,10998953.0
1787205086.843,10998731.0,11000496.0,10998953.0
1787205091.908,10997937.0,10999685.0,10998953.0
1787205096.976,10998161.0,11000504.0,10998953.0
1787205102.075,10999205.0,11001317.0,11000645.0
1787205107.168,10998559.0,10999785.0,11000645.0
1787205112.229,10997761.0,10999142.0,10998427.0
1787205117.298,10997168.0,10998474.0,10997269.0
1787205122.342,10994572.0,10995936.0,10995410.0
1787205127.444,10991750.0,10993567.0,10992900.0
1787205132.530,10991360.0,10992787.0,10993279.0
1787205137.600,10991281.0,10992005.0,10993279.0
1787205142.716,10989470.0,10991356.0,10991794.0
1787205147.789,10987860.0,10990177.0,10991794.0
1787205152.862,10989833.0,10991412.0,10989869.0
1787205157.927,10989560.0,10991165.0,10991403.0
1787205163.002,10990268.0,10991378.0,10991403.0
1787205168.067,10989720.0,10991378.0,10989720.0
1787205173.141,10989720.0,10991198.0,10991378.0
1787205178.204,10989838.0,10993187.0,10991189.0
1787205183.246,10990850.0,10993031.0,10991189.0
1787205188.367,10991872.0,10993326.0,10991189.0
1787205193.435,10991890.0,10992658.0,10991890.0
1787205198.478,10992228.0,10993435.0,10991890.0
1787205203.543,10993987.0,10995603.0,10994534.0
1787205208.789,10993179.0,10995086.0,10993178.0
1787205213.887,10993393.0,10995253.0,10993179.0
1787205218.959,10991063.0,10994009.0,10992588.0
1787205224.023,10990987.0,10993885.0,10992588.0
1787205229.092,10990923.0,10993123.0,10992588.0
1787205234.312,10991131.0,10994028.0,10992588.0
1787205239.413,10990221.0,10992895.0,10992588.0
1787205244.495,10990600.0,10993894.0,10992588.0
1787205249.663,10990910.0,10993762.0,10992588.0
1787205254.707,10991033.0,10994449.0,10992588.0
1787205259.770,10990910.0,10992070.0,10992588.0
1787205264.836,10990910.0,10991521.0,10991541.0
1787205269.915,10988920.0,10990826.0,10990910.0
1787205274.976,10988980.0,10989922.0,10990910.0
1787205280.046,10989260.0,10991419.0,10990910.0
1787205285.114,10989550.0,10991973.0,10989550.0
1787205290.278,10989670.0,10990960.0,10989550.0
1787205295.318,10989670.0,10990816.0,10989550.0
1787205300.391,10989670.0,10990272.0,10989550.0
1787205305.570,10988035.0,10989612.0,10989670.0
1787205310.611,10987538.0,10989006.0,10988161.0
1787205315.684,10987090.0,10988007.0,10987538.0
1787205320.765,10987090.0,10987768.0,10987517.0
1787205325.879,10986070.0,10987157.0,10987090.0
1787205330.943,10987090.0,10988088.0,10987090.0
1787205336.012,10986055.0,10987792.0,10987090.0
1787205341.079,10986055.0,10988166.0,10986055.0
1787205346.155,10987916.0,10990740.0,10988744.0
1787205351.305,10988610.0,10990957.0,10988744.0
1787205356.381,10988073.0,10989694.0,10989018.0
1787205361.456,10987916.0,10989253.0,10988962.0
1787205366.603,10987212.0,10988610.0,10987916.0
1787205371.677,10986292.0,10988152.0,10987210.0
1787205376.725,10986301.0,10988143.0,10987210.0
1787205381.869,10989477.0,10990792.0,10988580.0
1787205386.942,10986939.0,10988687.0,10988282.0
1787205392.006,10986368.0,10988007.0,10986368.0
1787205399.772,10983424.0,10985484.0,10984538.0
1787205404.850,10983948.0,10985422.0,10985409.0
1787205409.936,10987090.0,10987908.0,10987908.0
1787205414.999,10986341.0,10987873.0,10986583.0
1787205420.124,10986143.0,10987548.0,10986583.0
1787205425.238,10985787.0,10987341.0,10986583.0
1787205430.343,10985185.0,10986581.0,10985185.0
1787205435.475,10985000.0,10986262.0,10985000.0
1787205440.553,10982190.0,10984695.0,10984720.0
1787205445.677,10983550.0,10984694.0,10984720.0
1787205450.752,10983679.0,10986181.0,10984521.0
1787205455.898,10983720.0,10985233.0,10984521.0
1787205460.968,10983809.0,10985750.0,10985233.0
1787205466.034,10988441.0,10990755.0,10988234.0
1787205471.103,10989310.0,10992242.0,10988234.0
1787205476.167,10989750.0,10991703.0,10988234.0
1787205481.259,10989950.0,10991703.0,10988234.0
1787205486.413,10991230.0,10992270.0,10992211.0
1787205491.456,10989134.0,10990796.0,10990660.0
1787205496.646,10989092.0,10990253.0,10990660.0
1787205501.711,10987440.0,10990223.0,10990660.0
1787205506.805,10987367.0,10989637.0,10989636.0
1787205511.914,10987902.0,10989665.0,10989772.0
1787205516.995,10989635.0,10991363.0,10990966.0
1787205522.058,10990559.0,10991363.0,10990966.0
1787205527.117,10990046.0,10991558.0,10991363.0
1787205532.195,10989733.0,10991406.0,10991363.0
1787205537.241,10989900.0,10991184.0,10991363.0
1787205542.310,10988375.0,10990369.0,10988802.0
1787205547.413,10990252.0,10991772.0,10990369.0
1787205552.475,10990252.0,10991772.0,10990369.0
1787205557.545,10990252.0,10992228.0,10991772.0
1787205562.586,10989722.0,10992378.0,10992869.0
1787205567.665,10990654.0,10992412.0,10992869.0
1787205572.740,10991376.0,10992910.0,10992869.0
1787205577.824,10991728.0,10992910.0,10992869.0
1787205582.914,10990308.0,10992092.0,10990695.0
1787205587.978,10990500.0,10992175.0,10991418.0
1787205593.096,10988999.0,10990532.0,10990500.0
1787205598.163,10989000.0,10990537.0,10991326.0
1787205603.211,10991771.0,10993547.0,10992468.0
1787205608.267,10989478.0,10991739.0,10990950.0
1787205613.340,10988994.0,10991191.0,10990950.0
1787205618.414,10988630.0,10990184.0,10988962.0
1787205623.483,10988989.0,10990650.0,10988962.0
1787205628.557,10988615.0,10990376.0,10988962.0
1787205633.621,10990385.0,10991607.0,10990776.0
1787205638.784,10988836.0,10990630.0,10990063.0
1787205643.883,10988532.0,10989605.0,10989327.0
1787205648.956,10988541.0,10989475.0,10989327.0
1787205654.046,10988300.0,10989458.0,10988541.0
1787205659.253,10988342.0,10990235.0,10988541.0
1787205664.332,10988351.0,10989441.0,10988541.0
1787205670.211,10988351.0,10989224.0,10988541.0
1787205675.350,10987765.0,10988750.0,10987390.0
1787205680.393,10984214.0,10986328.0,10983533.0
1787205685.463,10984274.0,10985321.0,10983533.0
1787205690.521,10984459.0,10985204.0,10983533.0
1787205695.627,10983710.0,10984926.0,10983509.0
1787205700.710,10983994.0,10986609.0,10983755.0
1787205705.759,10984632.0,10987158.0,10986906.0
1787205710.819,10983780.0,10985427.0,10983496.0
1787205715.886,10984472.0,10986575.0,10983496.0
1787205720.969,10986861.0,10990089.0,10988770.0
1787205726.135,10988450.0,10990742.0,10988446.0
1787205731.177,10988460.0,10989885.0,10989736.0
1787205736.242,10988464.0,10989885.0,10989736.0
1787205741.294,10988829.0,10990881.0,10988819.0
1787205746.337,10988840.0,10991171.0,10988819.0
1787205751.405,10987639.0,10989091.0,10988861.0
1787205756.547,10986534.0,10986571.0,10987640.0
1787205761.669,10985774.0,10986651.0,10986535.0
1787205766.736,10985774.0,10986490.0,10986535.0
1787205771.809,10984838.0,10985259.0,10986535.0
1787205776.920,10985818.0,10988314.0,10987400.0
1787205781.998,10986425.0,10988376.0,10986422.0
1787205787.296,10985923.0,10988371.0,10986425.0
1787205792.370,10985933.0,10987240.0,10988351.0
1787205797.668,10983623.0,10985279.0,10988351.0
1787205802.727,10984101.0,10988401.0,10988402.0
1787205807.804,10984537.0,10988242.0,10988402.0
1787205812.891,10984855.0,10987559.0,10988402.0
1787205817.959,10984251.0,10986767.0,10988402.0
1787205823.085,10983623.0,10985571.0,10985615.0
1787205828.154,10983826.0,10988206.0,10987098.0
1787205833.279,10986058.0,10988206.0,10987098.0
1787205838.325,10984084.0,10987507.0,10986137.0
1787205843.368,10984685.0,10987011.0,10986137.0
1787205848.586,10984875.0,10987517.0,10986137.0
1787205853.674,10983840.0,10985443.0,10984848.0
1787205858.900,10983849.0,10985443.0,10984848.0
1787205864.007,10984206.0,10987052.0,10985641.0
1787205869.133,10985582.0,10987371.0,10985641.0
1787205874.281,10985641.0,10987371.0,10985641.0
1787205879.367,10984041.0,10985386.0,10985582.0
1787205884.441,10982530.0,10984781.0,10983025.0
1787205889.605,10983322.0,10985640.0,10983025.0
1787205894.677,10984805.0,10986920.0,10985428.0
1787205899.851,10983367.0,10985652.0,10985428.0
1787205904.995,10983247.0,10985893.0,10985428.0
1787205910.120,10983274.0,10985967.0,10985428.0
1787205915.230,10987366.0,10988298.0,10983981.0
1787205920.277,10990173.0,10991015.0,10989616.0
1787205925.370,10991143.0,10991872.0,10991143.0
1787205931.020,10991836.0,10993662.0,10991872.0
1787205936.079,10990420.0,10991677.0,10990395.0
1787205941.149,10988912.0,10991975.0,10991065.0
1787205946.314,10988959.0,10991491.0,10991065.0
1787205951.403,10990389.0,10992304.0,10990112.0
1787205957.035,10991644.0,10993662.0,10992417.0
1787205962.174,10991652.0,10993662.0,10993662.0
1787205969.939,10993063.0,10993662.0,10993662.0
1787205975.508,10990108.0,10990685.0,10990108.0
1787205980.580,10987779.0,10990046.0,10990108.0
1787205986.184,10989679.0,10991337.0,10990108.0
1787205991.341,10989820.0,10991607.0,10990108.0
1787205996.424,10989537.0,10990887.0,10990108.0
1787206001.567,10988018.0,10989214.0,10990108.0
1787206007.954,10986560.0,10988189.0,10987123.0
1787206013.552,10986235.0,10987993.0,10987123.0
1787206018.621,10985297.0,10987078.0,10984945.0
1787206024.190,10988861.0,10991251.0,10989751.0
1787206034.122,10985946.0,10988511.0,10989751.0
1787206040.505,10984902.0,10985817.0,10984383.0
1787206045.679,10984091.0,10985101.0,10984902.0
1787206051.270,10987714.0,10990276.0,10988906.0
1787206057.292,10987748.0,10990175.0,10988906.0
1787206063.139,10987702.0,10990149.0,10988906.0
1787206068.839,10987703.0,10989495.0,10988906.0
1787206074.727,10987703.0,10989840.0,10988906.0
1787206080.058,10986866.0,10990069.0,10988906.0
1787206085.884,10986527.0,10989128.0,10988004.0
1787206091.048,10986693.0,10988864.0,10988004.0
1787206097.114,10987102.0,10989818.0,10989741.0
1787206102.401,10987158.0,10988956.0,10989741.0
1787206107.963,10987193.0,10988966.0,10989741.0
1787206114.103,10985850.0,10987431.0,10987193.0
1787206119.434,10985959.0,10987986.0,10987193.0
1787206125.278,10985873.0,10988479.0,10987193.0
1787206130.342,10985876.0,10986860.0,10987193.0
1787206135.701,10984052.0,10985198.0,10985840.0
1787206140.795,10983540.0,10984549.0,10984050.0
1787206149.986,10984076.0,10985688.0,10985704.0
1787206155.095,10985606.0,10986768.0,10983734.0
1787206161.234,10986818.0,10987645.0,10987229.0
1787206166.317,10985542.0,10987282.0,10986380.0
1787206171.415,10984396.0,10986709.0,10986380.0
1787206176.479,10984429.0,10986734.0,10986380.0
1787206181.542,10984180.0,10986647.0,10986380.0
1787206186.636,10984210.0,10986726.0,10986380.0
1787206191.712,10984003.0,10986268.0,10986380.0
1787206196.768,10982016.0,10984125.0,10982529.0
1787206201.862,10981230.0,10983049.0,10983968.0
1787206207.076,10984022.0,10986103.0,10983031.0
1787206212.205,10980778.0,10982226.0,10981843.0
1787206217.307,10982569.0,10984079.0,10982226.0
1787206222.349,10982627.0,10984802.0,10982226.0
1787206227.401,10981313.0,10982668.0,10982226.0
1787206232.481,10980852.0,10982564.0,10982668.0
1787206237.560,10980853.0,10982492.0,10982668.0
1787206242.605,10979924.0,10982152.0,10982668.0
1787206247.733,10980542.0,10982248.0,10982285.0
1787206252.803,10980906.0,10982199.0,10981908.0
1787206257.875,10980955.0,10982434.0,10982190.0
1787206262.939,10979363.0,10981497.0,10980753.0
1787206268.178,10980250.0,10981487.0,10980396.0
1787206273.248,10980575.0,10981476.0,10980396.0
1787206278.315,10982214.0,10982627.0,10982627.0
1787206283.378,10981096.0,10982627.0,10982627.0
1787206288.439,10981315.0,10982627.0,10982627.0
1787206293.510,10982987.0,10984817.0,10983835.0
1787206298.597,10984318.0,10985798.0,10985817.0
1787206303.716,10986174.0,10988195.0,10986300.0
1787206308.762,10986219.0,10987758.0,10986300.0
1787206313.838,10987481.0,10989549.0,10987064.0
1787206318.910,10987995.0,10989441.0,10987654.0
1787206323.987,10988510.0,10989997.0,10987654.0
1787206329.938,10986343.0,10988346.0,10986566.0
1787206335.021,10983666.0,10985296.0,10983835.0
1787206340.095,10985483.0,10987213.0,10985302.0
1787206345.216,10986015.0,10987654.0,10985302.0
1787206350.278,10985406.0,10987306.0,10985302.0
1787206355.357,10985712.0,10988354.0,10985302.0
1787206360.401,10986389.0,10989270.0,10985302.0
1787206365.573,10986391.0,10988155.0,10987873.0
1787206370.655,10983635.0,10986057.0,10984831.0
1787206375.722,10983969.0,10986340.0,10986085.0
1787206380.779,10982263.0,10984638.0,10985883.0
1787206385.977,10982002.0,10983719.0,10985883.0
1787206391.075,10979981.0,10981826.0,10985883.0
1787206396.118,10980460.0,10982382.0,10981835.0
1787206401.183,10980460.0,10982382.0,10981835.0
1787206406.234,10980461.0,10982373.0,10981835.0
1787206411.303,10981758.0,10983867.0,10983004.0
1787206416.347,10982356.0,10983779.0,10983004.0
1787206421.394,10982553.0,10983923.0,10983004.0
1787206426.560,10983303.0,10984812.0,10983004.0
1787206431.630,10983909.0,10984828.0,10983004.0
1787206436.715,10980392.0,10982615.0,10983356.0
1787206441.763,10980845.0,10982374.0,10983356.0
1787206446.856,10981060.0,10982639.0,10983356.0
1787206452.008,10980261.0,10982428.0,10981060.0
1787206457.078,10980273.0,10982480.0,10981060.0
1787206462.149,10980107.0,10981804.0,10981060.0
1787206467.226,10979270.0,10981345.0,10980171.0
1787206472.274,10979472.0,10981422.0,10980171.0
1787206477.342,10981260.0,10983314.0,10982131.0
1787206482.413,10981894.0,10983319.0,10982131.0
1787206487.592,10981895.0,10983319.0,10982131.0
1787206492.816,10980513.0,10983363.0,10981895.0
1787206497.901,10980154.0,10980846.0,10979883.0
1787206502.963,10977538.0,10978389.0,10978483.0
1787206508.205,10976865.0,10978707.0,10977663.0
1787206513.330,10975854.0,10977784.0,10977086.0
1787206518.485,10977110.0,10980666.0,10976654.0
1787206523.538,10978633.0,10980620.0,10976654.0
1787206528.616,10978774.0,10981432.0,10979672.0
1787206533.656,10978709.0,10980143.0,10979672.0
1787206538.704,10977040.0,10978842.0,10978502.0
1787206543.756,10979164.0,10980365.0,10980366.0
1787206548.820,10979195.0,10980351.0,10980366.0
1787206553.880,10977879.0,10980090.0,10979195.0
1787206558.947,10977004.0,10979852.0,10979195.0
1787206564.012,10977388.0,10979800.0,10979195.0
1787206569.134,10976569.0,10978654.0,10978682.0
1787206574.199,10976674.0,10978569.0,10978682.0
1787206579.268,10976674.0,10978479.0,10978682.0
1787206584.345,10976813.0,10977991.0,10978682.0
1787206589.464,10975853.0,10977806.0,10976813.0
1787206594.552,10976977.0,10979564.0,10977826.0
1787206599.599,10978270.0,10979542.0,10977826.0
1787206604.677,10976688.0,10979351.0,10977826.0
1787206609.745,10976797.0,10978993.0,10977826.0
1787206614.857,10975923.0,10978167.0,10977826.0
1787206619.928,10974052.0,10974941.0,10974507.0
1787206625.001,10978581.0,10980427.0,10980427.0
1787206630.088,10984760.0,10986018.0,10984826.0
1787206635.157,10986194.0,10988144.0,10988144.0
1787206640.241,10985039.0,10986723.0,10988144.0
1787206645.303,10985727.0,10986943.0,10988144.0
1787206650.498,10985410.0,10986952.0,10986943.0
1787206655.551,10986781.0,10989193.0,10985510.0
1787206660.609,10988039.0,10989756.0,10989282.0
1787206665.713,10988506.0,10990966.0,10991500.0
1787206670.791,10989115.0,10990457.0,10989359.0
1787206675.856,10992425.0,10993662.0,10991673.0
1787206680.929,10990063.0,10992915.0,10991591.0
1787206686.068,10988408.0,10989711.0,10989359.0
1787206691.159,10989213.0,10991266.0,10991132.0
1787206696.200,10988753.0,10990005.0,10991132.0
1787206701.287,10985295.0,10987200.0,10987200.0
1787206706.370,10984061.0,10986176.0,10986383.0
1787206711.453,10982588.0,10983664.0,10983273.0
1787206716.514,10980929.0,10983397.0,10982588.0
1787206721.574,10979877.0,10982368.0,10983107.0
1787206726.627,10978696.0,10981578.0,10980328.0
1787206731.696,10976756.0,10980768.0,10980282.0
1787206736.741,10978478.0,10980552.0,10980282.0
1787206741.834,10979134.0,10980556.0,10980281.0
1787206746.942,10979143.0,10979581.0,10980281.0
1787206752.022,10977858.0,10980143.0,10979143.0
1787206757.088,10985139.0,10986953.0,10987200.0
1787206762.240,10987149.0,10987200.0,10987200.0
1787206767.313,10989149.0,10990705.0,10991591.0
1787206773.240,10991150.0,10992226.0,10991591.0
1787206778.315,10990662.0,10992226.0,10991591.0
1787206783.378,10991060.0,10992635.0,10992226.0
1787206788.461,10993092.0,10995121.0,10994243.0
1787206793.568,10993855.0,10995121.0,10993855.0
1787206798.630,10994162.0,10996142.0,10994912.0
1787206803.694,10992094.0,10994387.0,10994171.0
1787206808.814,10991164.0,10992403.0,10991777.0
1787206813.936,10992353.0,10995109.0,10992718.0
1787206819.188,10992445.0,10994716.0,10992718.0
1787206824.254,10993238.0,10997112.0,10992718.0
1787206829.302,10997630.0,11000130.0,10992718.0
1787206834.393,10994657.0,10997561.0,10995356.0
1787206840.786,10995795.0,10997493.0,10995356.0
1787206847.489,10997747.0,10999567.0,11000444.0
1787206852.553,10998520.0,11000113.0,10999545.0
1787206857.636,10998773.0,11000288.0,10998878.0
1787206862.794,11003059.0,11006791.0,11001604.0
1787206868.653,11004631.0,11006224.0,11001604.0
1787206874.081,11004120.0,11006502.0,11004631.0
1787206879.182,11006517.0,11008548.0,11006529.0
1787206884.229,11005080.0,11006890.0,11005080.0
1787206889.299,11006929.0,11009071.0,11008919.0
1787206894.366,11006513.0,11007677.0,11009349.0
1787206899.450,11008645.0,11008997.0,11008573.0
1787206904.547,11010524.0,11011730.0,11010710.0
1787206909.605,11010095.0,11010951.0,11010466.0
1787206914.727,11009698.0,11011280.0,11010950.0
1787206919.838,11009716.0,11011245.0,11011280.0
1787206924.938,11010345.0,11011768.0,11011490.0
1787206930.188,11014923.0,11017206.0,11014787.0
1787206935.257,11015672.0,11017985.0,11015487.0
1787206940.321,11017641.0,11020634.0,11018500.0
1787206945.379,11016234.0,11017049.0,11017271.0
1787206950.493,11016288.0,11017402.0,11017271.0
1787206955.573,11014471.0,11016338.0,11016288.0
1787206960.655,11015285.0,11016588.0,11016288.0
1787206965.775,11019264.0,11023807.0,11020834.0
1787206970.850,11013530.0,11017785.0,11016084.0
1787206975.931,11012024.0,11014621.0,11013747.0
1787206980.999,11012502.0,11015396.0,11015482.0
1787206986.125,11012998.0,11015055.0,11015482.0
1787206991.178,11015242.0,11017320.0,11015482.0
1787206996.243,11015385.0,11017860.0,11015780.0
1787207001.360,11016421.0,11018938.0,11017542.0
1787207006.447,11011806.0,11015797.0,11012607.0
1787207011.516,11012740.0,11014728.0,11014978.0
1787207016.590,11011822.0,11013814.0,11012459.0
1787207021.646,11013544.0,11015715.0,11013178.0
1787207026.749,11015155.0,11015660.0,11013178.0
1787207031.807,11013720.0,11014077.0,11013777.0
1787207036.871,11016207.0,11016567.0,11016567.0
1787207042.017,11016787.0,11017646.0,11016567.0
1787207047.191,11017178.0,11017656.0,11017656.0
1787207052.273,11017515.0,11017656.0,11017656.0
1787207057.337,11018757.0,11019526.0,11017656.0
1787207062.425,11016422.0,11019677.0,11018940.0
1787207067.491,11018071.0,11019880.0,11019880.0
1787207072.594,11022047.0,11022837.0,11020404.0
1787207077.641,11021397.0,11023865.0,11023870.0
1787207082.763,11022311.0,11023939.0,11023500.0
1787207087.860,11021972.0,11024004.0,11024004.0
1787207092.984,11022387.0,11024753.0,11024004.0
1787207098.125,11020482.0,11023148.0,11021987.0
1787207103.265,11021562.0,11023725.0,11021987.0
1787207108.333,11022227.0,11024742.0,11022227.0
1787207113.407,11021303.0,11023384.0,11022227.0
1787207118.457,11017435.0,11018630.0,11017435.0
1787207123.685,11016045.0,11018755.0,11016045.0
1787207128.756,11015012.0,11020438.0,11015172.0
1787207133.839,11016831.0,11021083.0,11016633.0
1787207138.927,11018580.0,11020995.0,11016633.0
1787207144.097,11017212.0,11020214.0,11018517.0
1787207149.194,11018508.0,11020149.0,11018517.0
1787207154.273,11018688.0,11019954.0,11018508.0
1787207159.354,11020177.0,11021083.0,11021074.0
1787207164.397,11017128.0,11020714.0,11017949.0
1787207169.672,11017142.0,11020256.0,11017135.0
1787216333.267,11334393.0,11338367.0,11336064.0
1787216338.434,11335927.0,11341018.0,11339560.0
1787216343.469,11336354.0,11339560.0,11339073.0
1787216348.682,11338076.0,11341470.0,11338076.0
1787216353.741,11337806.0,11340870.0,11337806.0
1787216358.811,11335552.0,11339052.0,11335295.0
1787216363.879,11330800.0,11334135.0,11332593.0
1787216368.922,11330005.0,11333783.0,11330005.0
1787216373.993,11330000.0,11331879.0,11330000.0
1787216379.053,11324607.0,11329504.0,11328980.0
1787216384.124,11324883.0,11328980.0,11328980.0
1787216389.177,11324787.0,11326714.0,11328980.0
1787216394.233,11324948.0,11326709.0,11326770.0
1787216399.324,11325379.0,11328380.0,11325287.0
1787216404.399,11325555.0,11327686.0,11325620.0
1787216409.496,11325421.0,11329567.0,11326751.0
1787216414.563,11330730.0,11335241.0,11333673.0
1787216419.607,11329883.0,11334118.0,11330914.0
1787216424.672,11328242.0,11331959.0,11329823.0
1787216429.732,11326751.0,11330008.0,11327307.0
1787216434.793,11325742.0,11327488.0,11327506.0
1787216439.852,11324795.0,11327200.0,11327284.0
1787216444.911,11322512.0,11325370.0,11325731.0
1787216449.970,11319663.0,11321860.0,11318436.0
1787216455.047,11319907.0,11322829.0,11321149.0
1787216460.116,11320046.0,11322740.0,11319865.0
1787216465.154,11315419.0,11317976.0,11315307.0
1787216470.217,11316936.0,11318696.0,11319752.0
1787216475.328,11318047.0,11319057.0,11319752.0
1787216480.364,11318011.0,11319752.0,11319057.0
1787216485.427,11316789.0,11319422.0,11322323.0
1787216490.497,11321989.0,11323799.0,11323799.0
1787216495.561,11324504.0,11325730.0,11325731.0
1787216500.626,11326730.0,11327015.0,11326966.0
1787216505.688,11326909.0,11331031.0,11331225.0
1787216510.753,11336862.0,11338109.0,11335633.0
1787216515.818,11338382.0,11340570.0,11338431.0
1787216520.883,11336715.0,11337377.0,11337445.0
1787216525.959,11332257.0,11336333.0,11332374.0
1787216531.035,11333396.0,11336056.0,11332374.0
1787216536.094,11336435.0,11337738.0,11337565.0
1787216541.162,11332634.0,11334993.0,11331829.0
1787216546.217,11334200.0,11337565.0,11331829.0
1787216551.249,11333390.0,11337521.0,11333390.0
1787216556.312,11330000.0,11330317.0,11330317.0
1787216561.350,11323548.0,11327447.0,11325621.0
1787216566.386,11323777.0,11327319.0,11325621.0
1787216571.459,11323630.0,11327140.0,11325621.0
1787216576.540,11324867.0,11328963.0,11326240.0
1787216581.574,11326039.0,11327388.0,11326240.0
1787216586.641,11323562.0,11325007.0,11322979.0
1787216591.676,11323019.0,11324233.0,11322979.0
1787216596.731,11323730.0,11325732.0,11324171.0
1787216601.787,11328685.0,11332150.0,11330296.0
1787216606.860,11333383.0,11335122.0,11332930.0
1787216611.945,11336135.0,11339203.0,11339193.0
1787216617.028,11336944.0,11339166.0,11339796.0
1787216622.089,11337248.0,11339053.0,11339796.0
1787216627.144,11336513.0,11341205.0,11341896.0
1787216632.206,11343389.0,11346837.0,11344178.0
1787216637.264,11343742.0,11347077.0,11344288.0
1787216642.325,11334299.0,11339013.0,11334299.0
1787216647.384,11333787.0,11338254.0,11335440.0
1787216652.440,11330524.0,11335341.0,11335287.0
1787216657.518,11333680.0,11338499.0,11335361.0
1787216662.729,11334887.0,11336883.0,11335361.0
1787216667.971,11336698.0,11339186.0,11335361.0
1787216673.025,11336148.0,11338592.0,11337960.0
1787216678.099,11335888.0,11339677.0,11337960.0
1787216683.189,11334786.0,11336773.0,11335361.0
1787216688.260,11333253.0,11334843.0,11333668.0
1787216693.338,11333646.0,11337172.0,11334438.0
1787216698.395,11335298.0,11337240.0,11334438.0
1787216703.448,11335952.0,11339154.0,11337616.0
1787216708.520,11332710.0,11334450.0,11334721.0
1787216713.582,11334180.0,11338609.0,11339149.0
1787216718.645,11336749.0,11339056.0,11339149.0
1787216723.702,11337832.0,11343075.0,11339149.0
1787216728.768,11342199.0,11344559.0,11339149.0
1787216733.833,11340570.0,11344645.0,11342745.0
1787216739.055,11341031.0,11343215.0,11342745.0
1787216744.133,11342603.0,11345174.0,11342745.0
1787216749.211,11344271.0,11346969.0,11345178.0
1787216754.290,11345253.0,11347657.0,11344158.0
1787216759.351,11344506.0,11347679.0,11344158.0
1787216764.409,11344807.0,11347513.0,11347156.0
1787216769.484,11345771.0,11347582.0,11347514.0
1787216774.738,11346050.0,11347725.0,11347725.0
1787216779.818,11346136.0,11349479.0,11347725.0
1787216784.881,11345998.0,11349478.0,11345998.0
1787216789.945,11345991.0,11349477.0,11345859.0
1787216795.143,11347503.0,11351795.0,11347503.0
1787216800.181,11350510.0,11352829.0,11352263.0
1787216805.267,11354506.0,11355555.0,11352378.0
1787216810.322,11354971.0,11356185.0,11355947.0
1787216817.144,11357578.0,11361120.0,11360337.0
1787216822.206,11360992.0,11363459.0,11362675.0
1787216827.300,11358096.0,11362717.0,11358096.0
1787216832.870,11352993.0,11355306.0,11355339.0
1787216839.339,11344807.0,11348832.0,11346726.0
1787216844.397,11345562.0,11347351.0,11345562.0
1787216849.462,11345785.0,11347351.0,11345562.0
1787216854.561,11340174.0,11340690.0,11341223.0
1787216860.229,11336693.0,11339433.0,11339466.0
1787216865.269,11342895.0,11345151.0,11342894.0
1787216870.333,11345016.0,11349991.0,11346845.0
1787216875.412,11344647.0,11349640.0,11346845.0
1787216880.453,11340972.0,11342897.0,11342897.0
1787216885.532,11339729.0,11342697.0,11342697.0
1787216890.597,11341486.0,11345053.0,11342767.0
1787216895.635,11342027.0,11345023.0,11342027.0
1787216900.672,11347932.0,11350000.0,11349378.0
1787216905.827,11350085.0,11353740.0,11352290.0
1787216910.883,11352786.0,11356680.0,11353625.0
1787216915.941,11356364.0,11359236.0,11356445.0
1787216921.231,11356223.0,11358839.0,11356364.0
1787216926.784,11352822.0,11356068.0,11358530.0
1787216931.864,11350030.0,11351378.0,11350030.0
1787216936.937,11349720.0,11352589.0,11349995.0
1787216942.006,11348110.0,11351483.0,11349912.0
1787216947.066,11348686.0,11353548.0,11349592.0
1787216952.159,11343720.0,11348437.0,11345848.0
1787216957.727,11342134.0,11344337.0,11342134.0
1787216962.789,11344079.0,11347799.0,11345875.0
1787216967.848,11345875.0,11347776.0,11345875.0
1787216972.919,11344079.0,11345776.0,11344079.0
1787216977.980,11344079.0,11346993.0,11344079.0
1787216983.078,11344564.0,11347799.0,11347799.0
1787216988.267,11348276.0,11349262.0,11349908.0
1787216993.318,11379527.0,11382484.0,11379483.0
1787216998.355,11375072.0,11377155.0,11375071.0
1787217003.393,11368670.0,11372243.0,11372856.0
1787217008.435,11372980.0,11375064.0,11370850.0
1787217013.491,11368838.0,11371213.0,11374785.0
1787217018.528,11361575.0,11368185.0,11364617.0
1787217023.587,11369323.0,11373783.0,11369288.0
1787217028.628,11371648.0,11375000.0,11373623.0
1787217033.669,11375987.0,11378281.0,11377420.0
1787217038.703,11380620.0,11383538.0,11383504.0
1787217043.736,11381832.0,11385925.0,11383538.0
1787217048.798,11374449.0,11382062.0,11380492.0
1787217053.861,11372882.0,11379130.0,11377205.0
1787217058.915,11374860.0,11378960.0,11379131.0
1787217063.975,11371084.0,11375232.0,11372559.0
1787217069.039,11375210.0,11377883.0,11376765.0
1787217074.102,11372863.0,11373802.0,11372863.0
1787217079.170,11367641.0,11371755.0,11366032.0
1787217084.371,11365760.0,11368217.0,11371351.0
1787217089.869,11364617.0,11368394.0,11371351.0
1787217094.924,11363515.0,11367956.0,11365348.0
1787217099.975,11362193.0,11365984.0,11365348.0
1787217105.046,11354326.0,11357328.0,11355989.0
1787217110.134,11350490.0,11354341.0,11353685.0
1787217115.192,11346323.0,11349053.0,11347550.0
1787217120.256,11348950.0,11352358.0,11348926.0
1787217125.322,11346590.0,11350464.0,11349740.0
1787217130.369,11346961.0,11352032.0,11349740.0
1787217135.400,11351840.0,11353421.0,11351840.0
1787217140.451,11355564.0,11358354.0,11356337.0
1787217145.518,11359770.0,11359796.0,11360740.0
1787217150.674,11366678.0,11371122.0,11368436.0
1787217155.748,11366230.0,11372429.0,11366329.0
1787217160.806,11363590.0,11369029.0,11366799.0
1787217165.871,11363126.0,11368819.0,11366799.0
1787217170.980,11364239.0,11367420.0,11366799.0
1787217176.053,11368770.0,11370000.0,11368731.0
1787217181.109,11369970.0,11370548.0,11369970.0
1787217186.186,11368732.0,11370736.0,11370535.0
1787217191.243,11370569.0,11375052.0,11370535.0
1787217196.303,11368731.0,11370553.0,11370000.0
1787217201.358,11370410.0,11375248.0,11372883.0
1787217206.419,11372752.0,11375286.0,11374427.0
1787217211.497,11373998.0,11377777.0,11376822.0
1787217216.533,11372929.0,11376949.0,11377744.0
1787217221.588,11376134.0,11377509.0,11377744.0
1787217226.642,11373487.0,11377692.0,11375915.0
1787217231.757,11373928.0,11375915.0,11375915.0
1787217236.844,11374006.0,11375915.0,11375915.0
1787217241.901,11374369.0,11377744.0,11375915.0
1787217246.964,11375417.0,11377744.0,11377744.0
1787217252.046,11376279.0,11379000.0,11378802.0
1787217257.084,11377062.0,11379000.0,11378753.0
1787217262.154,11378684.0,11380633.0,11380633.0
1787217267.231,11381100.0,11383504.0,11383504.0
1787217272.299,11379192.0,11383065.0,11383504.0
1787217277.342,11379229.0,11382283.0,11379229.0
1787217282.378,11376606.0,11378261.0,11379429.0
1787217287.538,11376608.0,11378057.0,11377989.0
1787217292.582,11376610.0,11378808.0,11377035.0
1787217297.617,11376609.0,11378829.0,11379182.0
1787217302.652,11375956.0,11379510.0,11376606.0
1787217307.731,11369336.0,11371665.0,11369963.0
1787217312.792,11369543.0,11370510.0,11370359.0
1787217317.851,11366936.0,11371598.0,11370370.0
1787217322.918,11366945.0,11370411.0,11370371.0
1787217327.973,11361441.0,11361646.0,11362558.0
1787217333.032,11355693.0,11358697.0,11357883.0
1787217338.067,11351785.0,11352105.0,11354267.0
1787217343.121,11348307.0,11350989.0,11350435.0
1787217348.184,11348104.0,11350927.0,11351714.0
1787217353.247,11351761.0,11353336.0,11353168.0
1787217358.330,11356145.0,11358463.0,11358126.0
1787217363.372,11353258.0,11356691.0,11358320.0
1787217368.414,11357628.0,11359140.0,11359962.0
1787217373.454,11357684.0,11360033.0,11358135.0
1787217378.490,11355000.0,11358181.0,11359085.0
1787217383.550,11355402.0,11358911.0,11355000.0
1787217388.617,11359131.0,11362364.0,11360631.0
1787217393.686,11355000.0,11360156.0,11357644.0
1787217398.730,11356152.0,11359772.0,11357644.0
1787217403.784,11357670.0,11362216.0,11361031.0
1787217408.846,11355005.0,11357580.0,11356309.0
1787217413.909,11358743.0,11361903.0,11360252.0
1787217418.992,11360423.0,11361710.0,11359009.0
1787217424.051,11360387.0,11364330.0,11364456.0
1787217429.107,11363264.0,11368467.0,11362984.0
1787217434.163,11365058.0,11368265.0,11365061.0
1787217439.221,11364086.0,11365061.0,11365058.0
1787217444.283,11365411.0,11368423.0,11364086.0
1787217449.344,11364086.0,11366207.0,11364086.0
1787217454.403,11364229.0,11368138.0,11364091.0
1787217459.472,11372353.0,11374299.0,11374258.0
1787217464.531,11373122.0,11375941.0,11375081.0
1787217469.588,11373323.0,11377287.0,11374917.0
1787217474.643,11376236.0,11379858.0,11378549.0
1787217479.685,11377903.0,11379946.0,11379815.0
1787217484.726,11375402.0,11378265.0,11376993.0
1787217489.782,11377265.0,11380007.0,11379308.0
1787217494.850,11377249.0,11379820.0,11380007.0
1787217499.907,11377947.0,11379597.0,11380007.0
1787217504.968,11375843.0,11378500.0,11378008.0
1787217510.020,11374983.0,11376569.0,11378008.0
1787217515.090,11376067.0,11379401.0,11376569.0
1787217520.143,11378960.0,11380008.0,11379340.0
1787217525.214,11378382.0,11382664.0,11380923.0
1787217530.283,11376797.0,11380309.0,11376443.0
1787217535.347,11376340.0,11379564.0,11376443.0
1787217540.407,11375755.0,11378237.0,11376980.0
1787217545.522,11375096.0,11378338.0,11378149.0
1787217550.593,11377804.0,11380516.0,11378149.0
1787217555.648,11377406.0,11381492.0,11378149.0
1787217560.700,11376537.0,11379104.0,11378149.0
1787217565.755,11382861.0,11385173.0,11382938.0
1787217570.820,11382071.0,11385142.0,11385262.0
1787217575.882,11372582.0,11374643.0,11373434.0
1787217580.935,11365124.0,11367828.0,11365124.0
1787217585.992,11366123.0,11368090.0,11366123.0
1787217591.056,11364086.0,11365660.0,11365257.0
1787217596.114,11364086.0,11365629.0,11364086.0
1787217601.149,11363613.0,11364941.0,11364120.0
1787217606.207,11358758.0,11361174.0,11360190.0
1787217611.264,11355000.0,11356834.0,11357368.0
1787217616.324,11353908.0,11355031.0,11354547.0
1787217621.389,11358682.0,11360692.0,11358681.0
1787217626.480,11354547.0,11355692.0,11355692.0
1787217631.537,11354598.0,11356673.0,11355692.0
1787217636.600,11355888.0,11358594.0,11357765.0
1787217641.657,11362555.0,11364390.0,11364472.0
1787217646.731,11363684.0,11365196.0,11362661.0
1787217651.790,11359847.0,11362560.0,11362560.0
1787217656.845,11359848.0,11360938.0,11361549.0
1787217661.909,11355388.0,11357058.0,11355672.0
1787217666.977,11360233.0,11364300.0,11364299.0
1787217672.043,11363844.0,11364299.0,11364897.0
1787217677.105,11362187.0,11365726.0,11363661.0
1787217682.164,11363529.0,11367205.0,11366227.0
1787217687.235,11367293.0,11367497.0,11367497.0
1787217692.296,11366542.0,11367497.0,11367293.0
1787217697.354,11369791.0,11371182.0,11369742.0
1787217702.415,11383033.0,11385155.0,11384694.0
1787217707.464,11384128.0,11386959.0,11387548.0
1787217712.516,11386476.0,11389020.0,11389398.0
1787217717.580,11383147.0,11385684.0,11385684.0
1787217722.639,11382066.0,11383502.0,11382066.0
1787217727.699,11374449.0,11374885.0,11374975.0
1787217732.758,11369590.0,11371512.0,11370677.0
1787217737.820,11371874.0,11374100.0,11371873.0
1787217742.892,11376424.0,11379586.0,11376894.0
1787217748.024,11380290.0,11381909.0,11381712.0
1787217753.085,11378558.0,11380491.0,11380350.0
1787217758.150,11378748.0,11382065.0,11380471.0
1787217763.217,11376416.0,11379718.0,11379751.0
1787217768.274,11378620.0,11380086.0,11379751.0
1787217773.313,11375393.0,11378614.0,11374946.0
1787217778.352,11373551.0,11379351.0,11373518.0
1787217783.388,11372205.0,11375743.0,11375455.0
1787217788.475,11372323.0,11374540.0,11371374.0
1787217793.535,11371264.0,11374393.0,11371263.0
1787217798.609,11372496.0,11374897.0,11374491.0
1787217803.677,11373262.0,11378788.0,11375802.0
1787217808.713,11380884.0,11381124.0,11379621.0
1787217813.774,11382262.0,11383884.0,11382262.0
1787217818.838,11373911.0,11376804.0,11375082.0
1787217823.903,11374590.0,11377244.0,11373911.0
1787217828.959,11373911.0,11376108.0,11374490.0
1787217834.018,11374142.0,11376237.0,11376237.0
1787217839.080,11374543.0,11376308.0,11377400.0
1787217844.159,11367518.0,11370901.0,11371257.0
1787217849.219,11366357.0,11369751.0,11371257.0
1787217854.308,11369397.0,11371244.0,11368273.0
1787217859.382,11368506.0,11370401.0,11368273.0
1787217864.446,11376746.0,11377883.0,11378602.0
1787217869.567,11375047.0,11376597.0,11377400.0
1787217874.619,11373993.0,11376101.0,11376597.0
1787217879.676,11377130.0,11379490.0,11378854.0
1787217884.845,11380480.0,11381198.0,11378854.0
1787217889.906,11380414.0,11381198.0,11381198.0
1787217894.967,11379235.0,11381198.0,11381004.0
1787217900.020,11380453.0,11382552.0,11382212.0
1787217905.112,11378254.0,11380944.0,11379748.0
1787217910.175,11376360.0,11379497.0,11377520.0
1787217915.208,11373671.0,11377539.0,11376360.0
1787217920.244,11372801.0,11375386.0,11376360.0
1787217925.311,11371663.0,11372796.0,11372798.0
1787217930.375,11371373.0,11372693.0,11369125.0
1787217935.438,11369387.0,11371369.0,11371369.0
1787217940.502,11375421.0,11377204.0,11377204.0
1787217945.566,11377600.0,11380623.0,11380222.0
1787217950.618,11373896.0,11375733.0,11377469.0
1787217955.655,11376918.0,11380638.0,11378073.0
1787217960.723,11377513.0,11379672.0,11380335.0
1787217965.786,11381775.0,11381957.0,11381373.0
1787217970.842,11379657.0,11381956.0,11381775.0
1787217975.905,11380484.0,11383195.0,11381960.0
1787217980.964,11378955.0,11381998.0,11381960.0
1787217986.027,11378410.0,11382355.0,11381960.0
1787217991.140,11381242.0,11382703.0,11381960.0
1787217996.197,11379268.0,11381708.0,11381960.0
1787218001.272,11376665.0,11378124.0,11381960.0
1787218006.310,11373482.0,11374595.0,11374134.0
1787218011.368,11373218.0,11375812.0,11374068.0
1787218016.431,11372319.0,11374572.0,11370421.0
1787218021.474,11375538.0,11376816.0,11377120.0
1787218026.534,11372695.0,11373188.0,11373090.0
1787218031.573,11373223.0,11377692.0,11375859.0
1787218036.610,11378663.0,11378828.0,11378663.0
1787218041.653,11379966.0,11379999.0,11379965.0
1787218046.707,11379966.0,11381009.0,11381000.0
1787218051.764,11376369.0,11378001.0,11377754.0
1787218056.823,11377880.0,11380477.0,11376410.0
1787218061.882,11373492.0,11377202.0,11374960.0
1787218067.035,11374137.0,11375414.0,11375573.0
1787218072.107,11373529.0,11375464.0,11375537.0
1787218077.166,11375536.0,11377202.0,11375464.0
1787218082.243,11374447.0,11376360.0,11374972.0
1787218087.323,11372698.0,11376124.0,11370424.0
1787218092.467,11372937.0,11375664.0,11372849.0
1787218097.531,11371561.0,11375417.0,11372849.0
1787218102.608,11372780.0,11374950.0,11370424.0
1787218107.666,11370652.0,11375045.0,11372849.0
1787218112.726,11370424.0,11374817.0,11374897.0
1787218117.791,11370424.0,11374506.0,11374897.0
1787218122.847,11366961.0,11368328.0,11368328.0
1787218127.910,11363005.0,11364434.0,11362171.0
1787218132.973,11361581.0,11363331.0,11364434.0
1787218138.032,11360667.0,11363281.0,11364584.0
1787218143.093,11360666.0,11361083.0,11360745.0
1787218148.155,11360666.0,11361637.0,11362414.0
1787218153.229,11357034.0,11358937.0,11359817.0
1787218158.301,11352480.0,11356235.0,11356695.0
1787218163.337,11355144.0,11355582.0,11355582.0
1787218168.375,11353402.0,11355616.0,11355042.0
1787218173.409,11355889.0,11357215.0,11354500.0
1787218178.469,11355299.0,11356426.0,11358616.0
1787218183.503,11353057.0,11357493.0,11353212.0
1787218188.544,11355238.0,11356917.0,11357474.0
1787218193.608,11352777.0,11354547.0,11354547.0
1787218198.645,11352430.0,11354458.0,11354458.0
1787218203.705,11349490.0,11350353.0,11348356.0
1787218208.774,11342670.0,11346660.0,11345448.0
1787218213.835,11337621.0,11340030.0,11340000.0
1787218218.912,11342310.0,11344285.0,11342315.0
1787218223.976,11342479.0,11345755.0,11344914.0
1787218229.025,11345846.0,11348609.0,11345829.0
1787218234.094,11344006.0,11347012.0,11345033.0
1787218239.149,11340657.0,11343757.0,11342395.0
1787218244.212,11344283.0,11349048.0,11347275.0
1787218249.266,11348282.0,11351723.0,11347148.0
1787218254.330,11355068.0,11357446.0,11355062.0
1787218259.384,11357837.0,11359994.0,11357836.0
1787218264.441,11358231.0,11360838.0,11360000.0
1787218269.516,11361692.0,11364306.0,11364088.0
1787218274.579,11361784.0,11366434.0,11364584.0
1787218279.641,11362206.0,11365976.0,11364584.0
1787218284.703,11363531.0,11366336.0,11366105.0
1787218289.764,11365441.0,11366341.0,11366336.0
1787218294.836,11363243.0,11366340.0,11365867.0
1787218299.901,11367873.0,11369187.0,11367873.0
1787218304.991,11367362.0,11369186.0,11367873.0
1787218310.044,11366578.0,11367975.0,11367873.0
1787218315.106,11364742.0,11369411.0,11369033.0
1787218320.169,11366652.0,11368791.0,11368702.0
1787218325.235,11365386.0,11369693.0,11370761.0
1787218330.295,11367092.0,11369335.0,11369643.0
1787218335.351,11369719.0,11373322.0,11369643.0
1787218340.424,11366658.0,11369986.0,11367284.0
1787218345.462,11367930.0,11371112.0,11367930.0
1787218350.516,11371666.0,11373467.0,11370686.0
1787218355.555,11373214.0,11375144.0,11373467.0
1787218360.611,11373142.0,11374705.0,11373467.0
1787218365.648,11376482.0,11379879.0,11378049.0
1787218370.701,11368652.0,11375668.0,11368652.0
1787218375.761,11370551.0,11375138.0,11371162.0
1787218380.828,11369948.0,11374757.0,11373672.0
1787218385.930,11370556.0,11373339.0,11374568.0
1787218390.989,11371420.0,11373587.0,11374568.0
1787218396.040,11371993.0,11374866.0,11374568.0
1787218401.102,11372877.0,11374991.0,11371354.0
1787218406.169,11374220.0,11377460.0,11375027.0
1787218411.227,11372786.0,11376103.0,11372786.0
1787218416.280,11373054.0,11375266.0,11377455.0
1787218421.314,11376164.0,11379968.0,11378493.0
1787218426.384,11375917.0,11379962.0,11378358.0
1787218431.419,11374940.0,11377031.0,11375917.0
1787218436.462,11374489.0,11378011.0,11375917.0
1787218441.502,11374861.0,11378604.0,11378604.0
1787218446.542,11370528.0,11374334.0,11370423.0
1787218451.601,11375502.0,11377356.0,11376898.0
1787218456.641,11374850.0,11376449.0,11373470.0
1787218461.703,11370804.0,11372256.0,11371973.0
1787218466.769,11368367.0,11370071.0,11369568.0
1787218471.878,11368519.0,11370422.0,11369568.0
1787218476.972,11370175.0,11374428.0,11371512.0
1787218482.023,11371668.0,11374391.0,11371512.0
1787218487.081,11371512.0,11372735.0,11371512.0
1787218492.139,11369207.0,11371528.0,11370021.0
1787218497.222,11369319.0,11371079.0,11368133.0
1787218502.257,11367350.0,11370733.0,11370472.0
1787218507.342,11370002.0,11371142.0,11369162.0
1787218512.393,11368042.0,11370622.0,11370705.0
1787218517.466,11370673.0,11371142.0,11370705.0
1787218522.533,11370494.0,11373248.0,11373248.0
1787218527.572,11378578.0,11379346.0,11378578.0
1787218532.627,11375415.0,11379241.0,11375415.0
1787218537.688,11375185.0,11377768.0,11377193.0
1787218542.727,11376987.0,11379417.0,11379417.0
1787218547.792,11379128.0,11383795.0,11383016.0
1787218552.846,11380524.0,11382518.0,11379280.0
1787218557.900,11379179.0,11382518.0,11380522.0
1787218562.962,11383588.0,11387416.0,11386326.0
1787218568.023,11386777.0,11389277.0,11386326.0
1787218573.078,11383857.0,11386654.0,11384963.0
1787218578.116,11379550.0,11381011.0,11383312.0
1787218583.184,11374968.0,11379047.0,11375930.0
1787218588.250,11376827.0,11378748.0,11379356.0
1787218593.290,11376741.0,11376802.0,11376960.0
1787218598.345,11374990.0,11377294.0,11374919.0
1787218603.402,11375589.0,11377743.0,11377743.0
1787218608.460,11375695.0,11378171.0,11376834.0
1787218613.525,11376853.0,11380410.0,11377150.0
1787218618.562,11377186.0,11379463.0,11377186.0
1787218623.621,11377524.0,11379609.0,11377186.0
1787218628.661,11375782.0,11379216.0,11376528.0
1787218633.731,11374834.0,11377535.0,11374834.0
1787218638.793,11375488.0,11379045.0,11378833.0
1787218643.853,11375436.0,11378512.0,11375402.0
1787218648.907,11379946.0,11381735.0,11380664.0
1787218653.962,11381222.0,11381743.0,11381709.0
1787218659.016,11378691.0,11381103.0,11381245.0
1787218664.074,11377568.0,11380533.0,11378960.0
1787218669.129,11378369.0,11380997.0,11378960.0
1787218674.184,11377153.0,11381010.0,11378603.0
1787218679.248,11378061.0,11380459.0,11379820.0
1787218684.286,11373292.0,11377704.0,11374734.0
1787218689.354,11374151.0,11376862.0,11372197.0
1787218694.405,11377302.0,11379149.0,11378636.0
1787218699.473,11375162.0,11377360.0,11378636.0
1787218704.524,11377222.0,11380911.0,11377151.0
1787218709.580,11380185.0,11381710.0,11379205.0
1787218714.638,11378564.0,11380300.0,11378564.0
1787218719.694,11373846.0,11376870.0,11376035.0
1787218724.746,11371790.0,11373841.0,11372421.0
1787218729.806,11372958.0,11374506.0,11373387.0
1787218734.879,11375938.0,11377010.0,11374514.0
1787218739.941,11371844.0,11375258.0,11375177.0
1787218745.017,11367303.0,11369901.0,11369241.0
1787218750.082,11367337.0,11370699.0,11367338.0
1787218755.121,11367303.0,11369312.0,11367303.0
1787218760.203,11365668.0,11367302.0,11365677.0
1787218765.256,11363496.0,11365263.0,11363475.0
1787218770.311,11362170.0,11364997.0,11362170.0
1787218775.373,11361890.0,11365760.0,11365760.0
1787218780.457,11361357.0,11364076.0,11361402.0
1787218785.521,11362755.0,11365081.0,11362829.0
1787218790.578,11358529.0,11361698.0,11361698.0
1787218795.646,11358977.0,11364328.0,11361698.0
1787218800.707,11359735.0,11362665.0,11361698.0
1787218805.771,11367144.0,11368764.0,11363615.0
1787218810.829,11367396.0,11368965.0,11369045.0
1787218815.886,11368414.0,11369231.0,11367396.0
1787218820.943,11366476.0,11370631.0,11369314.0
1787218826.026,11370095.0,11373338.0,11371767.0
1787218831.063,11368452.0,11373027.0,11366133.0
1787218836.117,11365828.0,11370235.0,11368406.0
1787218841.173,11368131.0,11372200.0,11371519.0
1787218846.229,11367891.0,11372180.0,11372180.0
1787218851.299,11369923.0,11373338.0,11373044.0
1787218856.360,11371287.0,11374534.0,11373896.0
1787218861.394,11371172.0,11374970.0,11373896.0
1787218866.470,11372644.0,11374688.0,11375512.0
1787218871.525,11370019.0,11372324.0,11370764.0
1787218876.588,11371712.0,11373323.0,11370764.0
1787218881.626,11371037.0,11373243.0,11372553.0
1787218886.687,11371795.0,11373617.0,11373317.0
1787218891.753,11373138.0,11374956.0,11374956.0
1787218896.805,11373054.0,11374859.0,11374956.0
1787218901.856,11374420.0,11376819.0,11376816.0
1787218906.920,11374296.0,11376296.0,11376816.0
1787218911.978,11375920.0,11377670.0,11376816.0
1787218917.041,11370693.0,11373669.0,11376816.0
1787218922.121,11373030.0,11375415.0,11376816.0
1787218927.179,11375213.0,11376817.0,11376816.0
1787218932.232,11373493.0,11375426.0,11376816.0
1787218937.293,11375645.0,11376817.0,11376816.0
1787218942.330,11375470.0,11377220.0,11376817.0
1787218947.390,11379579.0,11382047.0,11380964.0
1787218952.450,11373993.0,11376405.0,11374752.0
1787218957.503,11376548.0,11378468.0,11376405.0
1787218962.556,11377035.0,11377820.0,11377147.0
1787218967.592,11375452.0,11377787.0,11377820.0
1787218972.653,11375452.0,11377820.0,11377820.0
1787218977.693,11375452.0,11377787.0,11377820.0
1787218982.728,11375452.0,11377010.0,11377820.0
1787218987.788,11376808.0,11380150.0,11378099.0
1787218992.846,11377530.0,11378944.0,11377468.0
1787218997.883,11378064.0,11380478.0,11378598.0
1787219002.939,11381073.0,11384875.0,11382563.0
1787219007.998,11379894.0,11381471.0,11381119.0
1787219013.055,11380212.0,11383292.0,11381461.0
1787219018.094,11368091.0,11372695.0,11371655.0
1787219023.155,11369356.0,11371580.0,11371296.0
1787219028.211,11368687.0,11371579.0,11371296.0
1787219033.266,11370290.0,11373355.0,11371296.0
1787219038.306,11371032.0,11373307.0,11371296.0
1787219043.365,11368522.0,11371774.0,11371296.0
1787219048.445,11372141.0,11376142.0,11373000.0
1787219053.497,11372104.0,11377238.0,11372982.0
1787219058.556,11372153.0,11376119.0,11372982.0
1787219063.593,11377947.0,11379999.0,11377947.0
1787219068.637,11377982.0,11379999.0,11379159.0
1787219073.677,11377216.0,11380579.0,11377216.0
1787219078.713,11377290.0,11379202.0,11377216.0
1787219083.763,11379926.0,11381295.0,11380072.0
1787219088.828,11379229.0,11381294.0,11378840.0
1787219093.884,11376380.0,11379963.0,11378840.0
1787219098.947,11376910.0,11379202.0,11376901.0
1787219104.006,11373736.0,11376116.0,11376896.0
1787219109.071,11371444.0,11374667.0,11371981.0
1787219114.128,11372488.0,11377161.0,11372488.0
1787219119.216,11372340.0,11375163.0,11373928.0
1787219124.311,11372282.0,11374690.0,11373928.0
1787219129.372,11374940.0,11377878.0,11377050.0
1787219134.407,11373821.0,11377281.0,11377050.0
1787219139.473,11372327.0,11375500.0,11374212.0
1787219144.534,11373078.0,11377885.0,11378041.0
1787219149.569,11373370.0,11377914.0,11377915.0
1787219154.634,11375010.0,11378884.0,11378041.0
1787219159.671,11377239.0,11380622.0,11382000.0
1787219164.707,11377892.0,11382000.0,11382000.0
1787219169.766,11372883.0,11376286.0,11372322.0
1787219174.824,11372385.0,11376462.0,11376317.0
1787219179.883,11372385.0,11375431.0,11376317.0
1787219184.942,11371684.0,11375407.0,11375451.0
1787219190.023,11369306.0,11373363.0,11371105.0
1787219195.079,11369381.0,11374725.0,11374770.0
1787219200.146,11372806.0,11374715.0,11374127.0
1787219205.207,11370340.0,11373062.0,11372806.0
1787219210.277,11370607.0,11375341.0,11374036.0
1787219215.331,11373455.0,11377171.0,11376544.0
1787219220.388,11374088.0,11377881.0,11379462.0
1787219225.491,11376618.0,11379617.0,11379462.0
1787219230.552,11376221.0,11378746.0,11380016.0
1787219235.611,11381707.0,11383713.0,11380136.0
1787219240.669,11381707.0,11382320.0,11380136.0
1787219245.726,11376302.0,11378230.0,11378592.0
1787219250.782,11375763.0,11377574.0,11378592.0
1787219255.869,11376604.0,11378498.0,11376792.0
1787219260.963,11375476.0,11377842.0,11376792.0
1787219266.025,11380463.0,11381894.0,11379784.0
1787219271.085,11375827.0,11378877.0,11377470.0
1787219276.140,11377192.0,11380078.0,11377470.0
1787219281.193,11376934.0,11380063.0,11377470.0
1787219286.258,11379877.0,11382970.0,11379957.0
1787219291.319,11378376.0,11381454.0,11379957.0
1787219296.360,11380915.0,11381914.0,11379957.0
1787219301.421,11380680.0,11382876.0,11379957.0
1787219306.461,11379466.0,11382513.0,11379957.0
1787219311.577,11377374.0,11381041.0,11379874.0
1787219316.612,11375275.0,11379523.0,11380871.0
1787219321.671,11378182.0,11381033.0,11379514.0
1787219326.734,11375065.0,11377435.0,11376307.0
1787219331.808,11372246.0,11376086.0,11376151.0
1787219336.911,11370617.0,11374045.0,11376151.0
1787219341.951,11367140.0,11370327.0,11370000.0
1787219347.095,11365335.0,11366004.0,11367140.0
1787219352.147,11366152.0,11369586.0,11366950.0
1787219357.208,11365516.0,11367931.0,11366950.0
1787219362.275,11366297.0,11368483.0,11365000.0
1787219367.331,11366747.0,11369529.0,11368264.0
1787219372.368,11370338.0,11371111.0,11369523.0
1787219377.407,11373437.0,11374240.0,11371159.0
1787219382.445,11363589.0,11367599.0,11364483.0
1787219387.491,11365695.0,11366746.0,11366745.0
1787219392.527,11361547.0,11363382.0,11363382.0
1787219397.564,11366394.0,11367814.0,11366523.0
1787219402.603,11364366.0,11366608.0,11366523.0
1787219407.668,11363558.0,11366176.0,11363761.0
1787219412.708,11361370.0,11365348.0,11361879.0
1787219417.770,11365198.0,11365985.0,11365588.0
1787219422.830,11362515.0,11365853.0,11365620.0
1787219427.884,11360613.0,11363177.0,11364045.0
1787219432.948,11360686.0,11362546.0,11361961.0
1787219438.007,11358020.0,11360752.0,11359073.0
1787219443.049,11358000.0,11358855.0,11359842.0
1787219448.109,11355000.0,11355614.0,11356000.0
1787219453.174,11351815.0,11352632.0,11352000.0
1787219458.236,11351000.0,11352769.0,11352219.0
1787219463.295,11351464.0,11353122.0,11351000.0
1787219468.375,11355827.0,11357202.0,11357202.0
1787219473.412,11350000.0,11352880.0,11351733.0
1787219478.481,11350054.0,11353418.0,11354694.0
1787219483.516,11348010.0,11351233.0,11349000.0
1787219488.552,11350258.0,11353900.0,11350258.0
1787219493.589,11354869.0,11358784.0,11355278.0
1787219498.628,11353044.0,11355457.0,11353000.0
1787219503.663,11353211.0,11355510.0,11353479.0
1787219508.754,11353097.0,11355510.0,11355510.0
1787219513.838,11353073.0,11354787.0,11353110.0
1787219518.902,11350573.0,11351572.0,11352939.0
1787219523.957,11348761.0,11350928.0,11351397.0
1787219529.026,11345000.0,11347756.0,11350328.0
1787219534.089,11346609.0,11349751.0,11349402.0
1787219539.126,11344890.0,11346727.0,11345178.0
1787219544.250,11344800.0,11347208.0,11344928.0
1787219549.327,11342239.0,11344444.0,11343030.0
1787219554.385,11345435.0,11347003.0,11347442.0
1787219559.439,11342170.0,11344922.0,11342170.0
1787219564.500,11342291.0,11346152.0,11344421.0
1787219569.558,11335870.0,11338199.0,11338200.0
1787219574.597,11340716.0,11342249.0,11340605.0
1787219579.653,11339631.0,11341874.0,11337563.0
1787219584.748,11337151.0,11342012.0,11337563.0
1787219589.820,11342810.0,11345950.0,11345950.0
1787219594.883,11345128.0,11348563.0,11348563.0
1787219599.942,11342267.0,11343787.0,11345051.0
1787219605.033,11342479.0,11344663.0,11342107.0
1787219610.097,11342619.0,11344454.0,11344209.0
1787219615.232,11338962.0,11341580.0,11344209.0
1787219620.292,11333086.0,11335448.0,11336821.0
1787219625.329,11334242.0,11336278.0,11335447.0
1787219630.394,11336138.0,11337330.0,11337074.0
1787219635.451,11338969.0,11340587.0,11338964.0
1787219640.546,11336515.0,11338270.0,11336515.0
1787219645.612,11336040.0,11337120.0,11337120.0
1787219650.674,11336424.0,11337492.0,11337492.0
1787219655.738,11335650.0,11337700.0,11337581.0
1787219660.797,11336043.0,11337700.0,11336618.0
1787219665.859,11335892.0,11336618.0,11336618.0
1787219670.920,11334147.0,11336211.0,11333654.0
1787219675.980,11334223.0,11336275.0,11333654.0
1787219681.029,11334150.0,11336271.0,11333654.0
1787219686.082,11333737.0,11336205.0,11333654.0
1787219691.139,11333645.0,11336260.0,11333654.0
1787219696.202,11333570.0,11336254.0,11333654.0
1787219701.263,11335592.0,11337405.0,11336731.0
1787219706.325,11334382.0,11337017.0,11335592.0
1787219711.404,11334368.0,11336438.0,11335592.0
1787219716.438,11333980.0,11336636.0,11336439.0
1787219721.511,11333999.0,11336791.0,11336636.0
1787219726.546,11334519.0,11336559.0,11336636.0
1787219731.581,11335420.0,11337173.0,11336636.0
1787219736.622,11334738.0,11337508.0,11337508.0
1787219741.678,11335451.0,11337508.0,11337508.0
1787219746.766,11338008.0,11338765.0,11338002.0
1787219751.803,11339126.0,11343243.0,11343670.0
1787219756.855,11338999.0,11342680.0,11338406.0
1787219761.891,11336913.0,11339880.0,11339900.0
1787219766.974,11340031.0,11344099.0,11341715.0
1787219772.035,11340923.0,11344080.0,11340917.0
1787219777.171,11340198.0,11343304.0,11341303.0
1787219782.232,11339483.0,11341800.0,11341820.0
1787219787.292,11340042.0,11342658.0,11341810.0
1787219792.352,11340543.0,11342870.0,11342294.0
1787219797.413,11340570.0,11342426.0,11342294.0
1787219802.494,11335807.0,11338802.0,11338189.0
1787219807.579,11335791.0,11338549.0,11338802.0
1787219812.642,11335791.0,11336812.0,11338802.0
1787219817.704,11335791.0,11336345.0,11338802.0
1787219822.763,11333982.0,11338580.0,11335978.0
1787219827.826,11333655.0,11335460.0,11335460.0
1787219832.886,11335356.0,11337000.0,11334165.0
1787219837.948,11334834.0,11336935.0,11337150.0
1787219843.014,11334833.0,11337005.0,11337150.0
1787219848.080,11334140.0,11337097.0,11337004.0
1787219853.133,11337094.0,11340990.0,11339617.0
1787219858.190,11335070.0,11338005.0,11337649.0
1787219863.249,11333674.0,11336424.0,11335071.0
1787219868.310,11333725.0,11335621.0,11335253.0
1787219873.372,11332363.0,11335109.0,11335111.0
1787219878.442,11331181.0,11334946.0,11331179.0
1787219883.492,11335733.0,11339335.0,11338914.0
1787219888.543,11335965.0,11339102.0,11338914.0
1787219893.595,11336881.0,11339486.0,11338914.0
1787219898.652,11335340.0,11338910.0,11338914.0
1787219903.697,11337430.0,11342457.0,11338914.0
1787219908.803,11346217.0,11347692.0,11346300.0
1787219913.862,11343798.0,11347667.0,11346796.0
1787219918.954,11345051.0,11346866.0,11345179.0
1787219924.022,11347676.0,11349176.0,11348444.0
1787219929.063,11347512.0,11350202.0,11349186.0
1787219934.121,11349149.0,11351070.0,11349769.0
1787219939.672,11350755.0,11353048.0,11350710.0
1787219944.801,11348382.0,11353361.0,11349672.0
1787219949.866,11346206.0,11351110.0,11349290.0
1787219954.925,11347654.0,11351096.0,11349290.0
1787219959.987,11346401.0,11350830.0,11349290.0
1787219965.050,11345815.0,11350528.0,11349290.0
1787219970.106,11348260.0,11349967.0,11348962.0
1787219975.168,11347655.0,11351088.0,11348299.0
1787219980.205,11346698.0,11350362.0,11347722.0
1787219985.268,11346294.0,11350262.0,11347722.0
1787219990.337,11346675.0,11349923.0,11347722.0
1787219995.404,11350199.0,11353829.0,11350000.0
1787220000.445,11348571.0,11353261.0,11350000.0
1787220005.495,11353294.0,11356739.0,11353257.0
1787220010.571,11350663.0,11354945.0,11351031.0
1787220015.636,11347553.0,11349235.0,11348261.0
1787220020.700,11342834.0,11344163.0,11345291.0
1787220025.756,11340312.0,11343322.0,11342251.0
1787220030.817,11345122.0,11345291.0,11345121.0
1787220035.920,11343674.0,11345290.0,11344265.0
1787220040.978,11343448.0,11345286.0,11345246.0
1787220046.034,11343448.0,11344637.0,11345246.0
1787220051.101,11343448.0,11344636.0,11345246.0
1787220056.166,11342245.0,11343999.0,11342465.0
1787220061.227,11344989.0,11346170.0,11346815.0
1787220066.302,11341396.0,11344025.0,11344024.0
1787220071.363,11341246.0,11343139.0,11342388.0
1787220076.401,11337246.0,11339439.0,11338904.0
1787220081.467,11338439.0,11340429.0,11340111.0
1787220086.538,11338664.0,11340194.0,11338664.0
1787220091.576,11337246.0,11338192.0,11339393.0
1787220096.638,11339570.0,11342910.0,11341003.0
1787220101.699,11342445.0,11344133.0,11341003.0
1787220106.753,11345261.0,11347483.0,11345227.0
1787220111.850,11342764.0,11345778.0,11344373.0
1787220116.912,11344803.0,11346720.0,11344741.0
1787220121.973,11345847.0,11349031.0,11343343.0
1787220127.038,11363830.0,11369268.0,11365293.0
1787220132.116,11358492.0,11361345.0,11358494.0
1787220137.172,11356257.0,11360961.0,11360631.0
1787220142.225,11356041.0,11360850.0,11361668.0
1787220147.262,11358712.0,11361741.0,11356541.0
1787220152.323,11357958.0,11361268.0,11360574.0
1787220157.363,11359686.0,11360466.0,11359686.0
1787220162.429,11356052.0,11359928.0,11359686.0
1787220167.468,11359823.0,11363116.0,11361522.0
1787220172.515,11360597.0,11364620.0,11362796.0
1787220177.555,11355732.0,11358190.0,11358190.0
1787220182.620,11355987.0,11359221.0,11357136.0
1787220187.716,11357491.0,11359984.0,11357491.0
1787220192.803,11354076.0,11358326.0,11355562.0
1787220197.861,11353430.0,11356813.0,11354790.0
1787220202.932,11356656.0,11359443.0,11356710.0
1787220207.978,11357181.0,11358615.0,11359443.0
1787220213.039,11357170.0,11359838.0,11358498.0
1787220218.087,11355302.0,11358535.0,11355296.0
1787220223.154,11355361.0,11359673.0,11356245.0
1787220228.195,11351477.0,11354100.0,11351444.0
1787220233.258,11355592.0,11359069.0,11356654.0
1787220238.317,11356029.0,11359671.0,11354518.0
1787220243.377,11356825.0,11359637.0,11354518.0
1787220248.518,11356867.0,11359587.0,11354518.0
1787220253.556,11357038.0,11361324.0,11354518.0
1787220258.606,11357127.0,11361309.0,11358996.0
1787220263.700,11346466.0,11349119.0,11347106.0
1787220268.778,11348337.0,11350245.0,11348256.0
1787220273.928,11349015.0,11350886.0,11348256.0
1787220279.054,11350670.0,11350888.0,11349620.0
1787220284.128,11348517.0,11350960.0,11350670.0
1787220289.227,11348979.0,11352094.0,11350966.0
1787220294.284,11347243.0,11348789.0,11350232.0
1787220299.365,11344502.0,11346736.0,11344469.0
1787220304.442,11346208.0,11348732.0,11344469.0
1787220309.516,11345100.0,11346701.0,11344469.0
1787220314.592,11339099.0,11340465.0,11339876.0
1787220319.658,11336138.0,11337838.0,11336137.0
1787220324.727,11335270.0,11337594.0,11337110.0
1787220329.788,11339480.0,11341785.0,11339460.0
1787220335.025,11343180.0,11343984.0,11344236.0
1787220340.089,11340080.0,11341610.0,11340910.0
1787220345.128,11342049.0,11343039.0,11341588.0
1787220350.311,11340380.0,11341561.0,11341588.0
1787220355.369,11342809.0,11345991.0,11343282.0
1787220360.441,11344370.0,11345981.0,11343784.0
1787220365.564,11344370.0,11345286.0,11344465.0
1787220370.600,11342770.0,11345279.0,11343549.0
1787220375.795,11353626.0,11355835.0,11354890.0
1787220380.879,11353620.0,11354758.0,11354758.0
1787220385.940,11351661.0,11354567.0,11353923.0
1787220391.029,11349582.0,11355305.0,11353093.0
1787220396.221,11357690.0,11358708.0,11358708.0
1787220401.277,11360377.0,11361320.0,11360047.0
1787220406.349,11363710.0,11365805.0,11362815.0
1787220411.453,11363731.0,11365778.0,11362607.0
1787220416.512,11359801.0,11362742.0,11362742.0
1787220421.934,11364873.0,11365498.0,11363485.0
1787220426.996,11365750.0,11366657.0,11365499.0
1787220432.372,11359191.0,11364047.0,11361260.0
1787220437.429,11356328.0,11357069.0,11359192.0
1787220442.505,11355860.0,11359808.0,11358189.0
1787220447.560,11358964.0,11361686.0,11360191.0
1787220452.681,11360625.0,11363420.0,11363220.0
1787220457.771,11359417.0,11363231.0,11361122.0
1787220462.940,11360585.0,11361904.0,11361122.0
1787220468.013,11360256.0,11360853.0,11361122.0
1787220473.182,11358240.0,11361690.0,11361810.0
1787220478.217,11361732.0,11363191.0,11361810.0
1787220483.476,11359045.0,11360107.0,11360917.0
1787220488.543,11356413.0,11359925.0,11358931.0
1787220493.621,11357641.0,11360429.0,11361810.0
1787220498.681,11358424.0,11360530.0,11360394.0
1787220504.133,11356649.0,11359905.0,11358458.0
1787220509.609,11356944.0,11359241.0,11358458.0
1787220514.645,11356238.0,11357018.0,11356945.0
1787220521.843,11354463.0,11356758.0,11356238.0
1787220526.984,11353722.0,11354835.0,11354463.0
1787220535.145,11353532.0,11355968.0,11355247.0
1787220540.183,11351737.0,11354785.0,11353347.0
1787220545.319,11356617.0,11359419.0,11357923.0
1787220550.385,11355333.0,11356532.0,11356617.0
1787220556.092,11353874.0,11354658.0,11355000.0
1787220561.178,11353251.0,11357238.0,11352976.0
1787220566.234,11357144.0,11359148.0,11356482.0
1787220571.319,11358364.0,11360677.0,11356482.0
1787220576.395,11354749.0,11357808.0,11354372.0
1787220581.458,11356015.0,11358060.0,11359504.0
1787220586.498,11355136.0,11359889.0,11359504.0
1787220591.560,11355841.0,11358218.0,11359504.0
1787220596.623,11355773.0,11358951.0,11359504.0
1787220601.667,11354304.0,11356969.0,11355854.0
1787220606.852,11349460.0,11351230.0,11351407.0
1787220611.912,11349706.0,11352530.0,11351407.0
1787220616.981,11351617.0,11353291.0,11352472.0
1787220622.048,11351878.0,11354612.0,11354599.0
1787220627.133,11359820.0,11361472.0,11361472.0
1787220632.183,11359723.0,11361809.0,11361810.0
1787220637.244,11357380.0,11359204.0,11358816.0
1787220642.315,11356865.0,11358755.0,11358816.0
1787220647.397,11355382.0,11359339.0,11356865.0
1787220652.440,11359565.0,11361314.0,11360944.0
1787220657.521,11359565.0,11361395.0,11360944.0
1787220662.565,11359655.0,11361810.0,11360944.0
1787220667.611,11359568.0,11361809.0,11360944.0
1787220672.695,11359565.0,11361810.0,11360944.0
1787220677.762,11359598.0,11361810.0,11360944.0
1787220682.821,11360814.0,11361810.0,11360944.0
1787220687.907,11363803.0,11364607.0,11364607.0
1787220692.966,11360087.0,11361402.0,11360701.0
1787220698.031,11362281.0,11364204.0,11365679.0
1787220703.084,11360459.0,11362398.0,11361792.0
1787220708.140,11361235.0,11361336.0,11360459.0
1787220713.221,11364270.0,11366161.0,11364581.0
1787220718.285,11364833.0,11368435.0,11364581.0
1787220723.351,11365160.0,11368567.0,11369416.0
1787220728.425,11369202.0,11372449.0,11372449.0
1787220733.516,11369397.0,11372371.0,11373030.0
1787220738.578,11373267.0,11373617.0,11373331.0
1787220743.644,11373884.0,11375000.0,11374534.0
1787220748.684,11374538.0,11375999.0,11375050.0
1787220753.743,11372499.0,11374732.0,11374161.0
1787220758.798,11373099.0,11375554.0,11374732.0
1787220763.856,11375830.0,11379054.0,11376537.0
1787220768.923,11378707.0,11379380.0,11379380.0
1787220773.985,11378166.0,11379380.0,11379060.0
1787220779.025,11379066.0,11380000.0,11379057.0
1787220784.080,11376793.0,11379750.0,11377993.0
1787220789.124,11374309.0,11376394.0,11375005.0
1787220794.182,11372415.0,11375413.0,11375005.0
1787220799.224,11372994.0,11374079.0,11372604.0
1787220804.286,11372994.0,11375323.0,11372604.0
1787220809.353,11373040.0,11376690.0,11375787.0
1787220814.393,11372994.0,11374751.0,11373003.0
1787220819.433,11378506.0,11379927.0,11378506.0
1787220824.472,11378358.0,11379964.0,11376505.0
1787220829.508,11378607.0,11379711.0,11376505.0
1787220834.545,11376560.0,11379555.0,11378668.0
1787220839.609,11375374.0,11378037.0,11378668.0
1787220844.651,11373644.0,11376067.0,11378668.0
1787220849.695,11375228.0,11378150.0,11378668.0
1787220854.758,11373823.0,11376751.0,11375049.0
1787220859.827,11374173.0,11378288.0,11376752.0
1787220864.901,11374919.0,11376752.0,11376752.0
1787220869.982,11374774.0,11376752.0,11375226.0
1787220875.038,11376643.0,11379101.0,11376752.0
1787220880.094,11376911.0,11379735.0,11377756.0
1787220885.162,11376937.0,11380000.0,11377756.0
1787220890.227,11382194.0,11383997.0,11382498.0
1787220895.282,11382299.0,11383997.0,11382797.0
1787220900.323,11392259.0,11399950.0,11395049.0
1787220905.384,11400490.0,11404072.0,11402900.0
1787220910.452,11407232.0,11410793.0,11407946.0
1787220915.511,11403445.0,11407879.0,11407879.0
1787223903.809,11409641.0,11411881.0,11412394.0
1787223909.067,11406021.0,11409421.0,11407643.0
1787223914.176,11397031.0,11398830.0,11398917.0
1787223919.259,11393002.0,11394718.0,11395229.0
1787223924.314,11395655.0,11396848.0,11396848.0
1787223929.361,11398577.0,11400597.0,11398028.0
1787223934.420,11395229.0,11396747.0,11396747.0
1787223939.509,11396681.0,11398321.0,11398322.0
1787223944.574,11399459.0,11402983.0,11399820.0
1787223949.623,11399272.0,11403045.0,11400700.0
1787223954.677,11405707.0,11409288.0,11406749.0
1787223959.741,11404231.0,11405719.0,11406189.0
1787223964.781,11402640.0,11404526.0,11402797.0
1787223977.497,11400630.0,11403224.0,11403224.0
1787223982.536,11397522.0,11399915.0,11399382.0
1787223987.578,11396473.0,11398738.0,11398627.0
1787223992.621,11396023.0,11398097.0,11398627.0
1787223997.754,11396023.0,11397555.0,11398627.0
1787224002.815,11395717.0,11397829.0,11397555.0
1787224007.913,11395691.0,11397845.0,11395690.0
1787224012.953,11396242.0,11399196.0,11396995.0
1787224018.040,11396831.0,11398898.0,11398899.0
1787224023.097,11397778.0,11399205.0,11398899.0
1787224028.157,11395697.0,11397541.0,11395697.0
1787224033.229,11392659.0,11394459.0,11393717.0
1787224039.580,11388647.0,11391437.0,11389780.0
1787224044.632,11387890.0,11390593.0,11389780.0
1787224049.688,11387778.0,11388642.0,11389780.0
1787224054.745,11389830.0,11393231.0,11394776.0
1787224060.081,11390465.0,11394221.0,11394776.0
1787224065.151,11385107.0,11390273.0,11386135.0
1787224070.191,11383454.0,11386003.0,11386135.0
1787224075.659,11383464.0,11387181.0,11387299.0
1787224081.076,11380410.0,11383342.0,11380409.0
1787224086.138,11382893.0,11385424.0,11383281.0
1787224091.181,11385582.0,11389480.0,11387094.0
1787224096.237,11392169.0,11394049.0,11394120.0
1787224101.297,11393993.0,11397787.0,11395503.0
1787224106.379,11399404.0,11403330.0,11400350.0
1787224111.443,11402272.0,11404351.0,11402274.0
1787224116.484,11400707.0,11403940.0,11401088.0
1787224121.583,11401119.0,11404763.0,11402125.0
1787224126.643,11399643.0,11403439.0,11402004.0
1787224131.706,11399209.0,11402587.0,11402004.0
1787224136.762,11398856.0,11401124.0,11402004.0
1787224141.994,11394451.0,11399200.0,11395799.0
1787224147.176,11396325.0,11397047.0,11395606.0
1787224152.251,11401872.0,11403446.0,11401872.0
1787224157.286,11402051.0,11403972.0,11401872.0
1787224162.353,11400031.0,11403080.0,11402051.0
1787224167.389,11401551.0,11403426.0,11403118.0
1787224172.448,11401835.0,11405187.0,11403118.0
1787224177.492,11402106.0,11405086.0,11403118.0
1787224182.537,11402841.0,11405028.0,11403919.0
1787224187.616,11403385.0,11406542.0,11403919.0
1787224192.682,11398863.0,11402190.0,11401147.0
1787224197.740,11399367.0,11401193.0,11400183.0
1787224202.820,11394415.0,11396162.0,11396118.0
1787224207.867,11390214.0,11391275.0,11390300.0
1787224212.925,11387121.0,11388636.0,11389617.0
1787224217.989,11383125.0,11384933.0,11382920.0
1787224223.068,11377514.0,11380771.0,11379147.0
1787224228.177,11379915.0,11383127.0,11382177.0
1787224233.249,11380998.0,11385151.0,11382788.0
1787224238.314,11384747.0,11386577.0,11383458.0
1787224243.355,11384800.0,11386707.0,11385329.0
1787224248.422,11384800.0,11386694.0,11384800.0
1787224253.465,11384723.0,11386266.0,11387838.0
1787224258.518,11382533.0,11384017.0,11384610.0
1787224263.574,11383858.0,11385931.0,11383593.0
1787224268.616,11384113.0,11387838.0,11387758.0
1787224273.653,11386462.0,11387838.0,11387758.0
1787224278.765,11389247.0,11390452.0,11388531.0
1787224283.838,11390498.0,11391949.0,11388531.0
1787224288.893,11387962.0,11391597.0,11391299.0
1787224293.958,11391845.0,11393210.0,11390498.0
1787224299.041,11391845.0,11393716.0,11390498.0
1787224304.108,11392357.0,11395112.0,11394475.0
1787224309.168,11391200.0,11392422.0,11392372.0
1787224314.227,11390344.0,11392509.0,11392372.0
1787224319.284,11393644.0,11395401.0,11394286.0
1787224324.346,11393008.0,11394368.0,11394286.0
1787224329.410,11389568.0,11392212.0,11392239.0
1787224334.452,11386653.0,11391706.0,11388799.0
1787224339.512,11387938.0,11390192.0,11388656.0
1787224344.567,11386985.0,11389750.0,11389786.0
1787224349.609,11387329.0,11390054.0,11387913.0
1787224354.924,11389497.0,11392940.0,11390095.0
1787224359.982,11392104.0,11394136.0,11392907.0
1787224365.032,11391001.0,11392899.0,11392104.0
1787224370.096,11391367.0,11393238.0,11391957.0
1787224375.142,11389776.0,11391510.0,11390239.0
1787224380.203,11390334.0,11393660.0,11392354.0
1787224385.253,11390451.0,11392286.0,11390193.0
1787224390.314,11387952.0,11390456.0,11388957.0
1787224395.374,11386429.0,11389753.0,11386266.0
1787224400.439,11385788.0,11389550.0,11386193.0
1787224405.505,11386394.0,11388860.0,11386193.0
1787224410.620,11386043.0,11388845.0,11387967.0
1787224415.661,11386061.0,11388845.0,11387967.0
1787224420.726,11387234.0,11390789.0,11388888.0
1787224425.796,11387255.0,11390703.0,11388888.0
1787224430.850,11387480.0,11388888.0,11388888.0
1787224435.908,11387607.0,11388888.0,11388888.0
1787224440.984,11387660.0,11389369.0,11388888.0
1787224446.055,11384745.0,11388578.0,11388622.0
1787224451.121,11388451.0,11389867.0,11389988.0
1787224456.182,11386503.0,11389826.0,11389988.0
1787224461.258,11384204.0,11387305.0,11384204.0
1787224466.301,11386870.0,11387596.0,11385677.0
1787224471.360,11387110.0,11388407.0,11388376.0
1787224476.399,11388149.0,11391381.0,11388139.0
1787224481.479,11389149.0,11390925.0,11390325.0
1787224486.535,11389353.0,11392222.0,11391381.0
1787224491.601,11395019.0,11397594.0,11396428.0
1787224496.640,11399716.0,11402778.0,11401472.0
1787224501.679,11397991.0,11400452.0,11399726.0
1787224506.757,11395414.0,11396683.0,11396895.0
1787224511.823,11394048.0,11396811.0,11395414.0
1787224516.885,11392646.0,11395559.0,11393493.0
1787224521.949,11392895.0,11397705.0,11394903.0
1787224527.005,11396032.0,11398098.0,11398065.0
1787224532.083,11398131.0,11398667.0,11399728.0
1787224537.143,11397896.0,11399753.0,11399824.0
1787224542.221,11395626.0,11398335.0,11397858.0
1787224547.277,11393778.0,11397206.0,11397207.0
1787224552.319,11392308.0,11394212.0,11392308.0
1787224557.360,11390279.0,11391874.0,11392308.0
1787224562.398,11390279.0,11391626.0,11393285.0
1787224567.443,11394280.0,11396701.0,11396701.0
1787224572.508,11395535.0,11398115.0,11395814.0
1787224577.546,11396022.0,11398931.0,11395814.0
1787224582.586,11394726.0,11397275.0,11397892.0
1787224587.625,11397138.0,11397892.0,11397892.0
1787224592.668,11396207.0,11397892.0,11397892.0
1787224597.728,11400094.0,11400654.0,11400828.0
1787224602.792,11400393.0,11402809.0,11402597.0
1787224607.856,11400089.0,11402683.0,11402597.0
1787224612.915,11397762.0,11400725.0,11399640.0
1787224617.989,11396984.0,11399332.0,11399640.0
1787224623.082,11398032.0,11402172.0,11400033.0
1787224628.133,11398560.0,11400955.0,11400033.0
1787224633.191,11399410.0,11403202.0,11400033.0
1787224638.256,11399941.0,11402652.0,11400033.0
1787224643.322,11398489.0,11401743.0,11400680.0
1787224648.361,11395700.0,11397904.0,11396851.0
1787224653.404,11396851.0,11397066.0,11396851.0
1787224658.442,11397213.0,11398942.0,11398050.0
1787224663.481,11394309.0,11396040.0,11396851.0
1787224668.520,11394402.0,11395923.0,11394300.0
1787224673.607,11390176.0,11394645.0,11391858.0
1787224678.662,11387187.0,11390435.0,11387187.0
1787224683.698,11392141.0,11393593.0,11392008.0
1787224688.762,11390495.0,11393250.0,11391162.0
1787224693.822,11387653.0,11390895.0,11391162.0
1787224698.858,11386578.0,11390190.0,11391162.0
1787224703.918,11387156.0,11390132.0,11391162.0
1787224708.957,11390587.0,11393046.0,11391982.0
1787224714.019,11390588.0,11393283.0,11391982.0
1787224719.082,11391929.0,11394002.0,11393291.0
1787224724.147,11392004.0,11393973.0,11393291.0
1787224729.190,11391530.0,11393921.0,11393291.0
1787224734.276,11394455.0,11396473.0,11394004.0
1787224739.320,11396563.0,11399362.0,11396563.0
1787224744.357,11396081.0,11397941.0,11396047.0
1787224749.402,11390804.0,11392076.0,11393215.0
1787224754.458,11389945.0,11392713.0,11393215.0
1787224759.495,11390976.0,11392706.0,11393215.0
1787224764.537,11390939.0,11392704.0,11392705.0
1787224769.590,11391947.0,11392702.0,11392705.0
1787224774.650,11390272.0,11390894.0,11386971.0
1787224779.689,11386951.0,11390113.0,11386971.0
1787224784.747,11387101.0,11389628.0,11386971.0
1787224789.803,11387609.0,11388378.0,11388379.0
1787224794.836,11386610.0,11387686.0,11386844.0
1787224799.870,11382843.0,11385987.0,11386610.0
1787224804.906,11383964.0,11386923.0,11385858.0
1787224809.950,11383411.0,11386018.0,11384866.0
1787224815.008,11384153.0,11384829.0,11384866.0
1787224820.044,11384584.0,11386772.0,11384829.0
1787224825.079,11384830.0,11386268.0,11384829.0
1787224830.112,11383798.0,11385038.0,11384829.0
1787224835.145,11383284.0,11386160.0,11384829.0
1787224840.181,11383287.0,11384542.0,11386118.0
1787224845.215,11383502.0,11385935.0,11384542.0
1787224850.248,11386071.0,11388369.0,11389373.0
1787224855.288,11388169.0,11390415.0,11388611.0
1787224860.320,11387326.0,11390368.0,11388006.0
1787224865.359,11385946.0,11389544.0,11389579.0
1787224870.395,11384542.0,11384725.0,11385393.0
1787224875.436,11384542.0,11384725.0,11385393.0
1787224880.474,11383351.0,11387258.0,11384725.0
1787224885.513,11387595.0,11389577.0,11387208.0
1787224890.549,11384975.0,11388393.0,11387208.0
1787224895.584,11386300.0,11388748.0,11387052.0
1787224900.617,11388303.0,11389786.0,11388342.0
1787224905.651,11389527.0,11391067.0,11390336.0
1787224910.686,11393351.0,11395653.0,11394527.0
1787224915.755,11391596.0,11393932.0,11392186.0
1787224920.809,11391176.0,11394062.0,11392450.0
1787224925.872,11390743.0,11393040.0,11391329.0
1787224930.937,11393503.0,11395616.0,11393502.0
1787224935.996,11395417.0,11397542.0,11395932.0
1787224941.060,11396405.0,11401153.0,11395932.0
1787224946.112,11396527.0,11398386.0,11396526.0
1787224951.177,11400437.0,11402565.0,11400775.0
1787224956.240,11401783.0,11403508.0,11402173.0
1787224961.301,11401207.0,11402881.0,11403687.0
1787224966.365,11400377.0,11402415.0,11399920.0
1787224971.428,11400853.0,11403366.0,11399920.0
1787224976.468,11403768.0,11405865.0,11405851.0
1787224981.528,11404340.0,11406082.0,11405851.0
1787224986.610,11403546.0,11406780.0,11406354.0
1787224991.674,11399540.0,11401240.0,11401393.0
1787224996.747,11401930.0,11404360.0,11402709.0
1787225001.842,11394800.0,11398184.0,11397688.0
1787225006.905,11392505.0,11394644.0,11392505.0
1787225011.974,11396280.0,11398962.0,11397598.0
1787225017.047,11395982.0,11399090.0,11397598.0
1787225022.130,11397598.0,11398134.0,11394688.0
1787225027.231,11396663.0,11399791.0,11397598.0
1787225032.296,11394863.0,11397542.0,11396094.0
1787225037.359,11394770.0,11397450.0,11396094.0
1787225042.424,11395100.0,11397919.0,11396094.0
1787225047.492,11395080.0,11397923.0,11396094.0
1787225052.552,11394376.0,11397196.0,11396094.0
1787225057.588,11393285.0,11396521.0,11396094.0
1787225062.629,11393285.0,11396252.0,11396094.0
1787225067.669,11393371.0,11396126.0,11396094.0
1787225072.731,11393471.0,11396049.0,11396094.0
1787225077.797,11386925.0,11389591.0,11388108.0
1787225082.863,11389592.0,11391628.0,11391723.0
1787225087.926,11389818.0,11391565.0,11391723.0
1787225093.011,11391023.0,11392693.0,11390375.0
1787225098.078,11390630.0,11392271.0,11390375.0
1787225103.117,11387393.0,11388998.0,11390630.0
1787225108.186,11386575.0,11388950.0,11390630.0
1787225113.256,11391020.0,11393598.0,11392336.0
1787225118.324,11390140.0,11392007.0,11390121.0
1787225123.399,11390626.0,11392558.0,11389831.0
1787225128.460,11388530.0,11389517.0,11388530.0
1787225133.539,11388530.0,11390121.0,11389517.0
1787225138.606,11387280.0,11388803.0,11389517.0
1787225143.686,11386049.0,11387100.0,11387218.0
1787225148.744,11387230.0,11388376.0,11387218.0
1787225153.803,11387218.0,11388376.0,11387218.0
1787225158.866,11387218.0,11388376.0,11387218.0
1787225163.952,11386761.0,11390108.0,11388410.0
1787225169.017,11389440.0,11391362.0,11390121.0
1787225174.084,11389939.0,11391496.0,11391359.0
1787225179.143,11390366.0,11391359.0,11391359.0
1787225184.205,11391581.0,11393693.0,11391359.0
1787225189.265,11391200.0,11393654.0,11391359.0
1787225194.423,11390423.0,11393333.0,11391198.0
1787225199.482,11389965.0,11392164.0,11389965.0
1787225204.544,11389123.0,11390282.0,11387379.0
1787225209.606,11392455.0,11394404.0,11393583.0
1787225214.716,11389411.0,11391991.0,11392456.0
1787225219.793,11388943.0,11391356.0,11389411.0
1787225224.883,11391279.0,11393070.0,11391245.0
1787225229.933,11390393.0,11393480.0,11391245.0
1787225234.972,11391328.0,11393631.0,11391245.0
1787225240.006,11389959.0,11392465.0,11391245.0
1787225245.042,11391208.0,11393270.0,11391245.0
1787225250.091,11389970.0,11391688.0,11391245.0
1787225255.125,11389798.0,11391688.0,11391245.0
1787225260.161,11390135.0,11392753.0,11391245.0
1787225265.194,11389841.0,11392576.0,11391245.0
1787225270.229,11390282.0,11392533.0,11389841.0
1787225275.268,11389796.0,11391947.0,11389841.0
1787225280.302,11391252.0,11394457.0,11389841.0
1787225285.344,11389833.0,11391899.0,11390512.0
1787225290.387,11389689.0,11391891.0,11390460.0
1787225295.428,11389696.0,11391891.0,11390460.0
1787225300.462,11389347.0,11391289.0,11390762.0
1787225305.497,11389340.0,11391287.0,11390762.0
1787225310.532,11388642.0,11391205.0,11389543.0
1787225315.567,11388642.0,11390201.0,11389543.0
1787225320.603,11386110.0,11388699.0,11388700.0
1787225325.644,11385479.0,11387968.0,11385946.0
1787225330.770,11387011.0,11390659.0,11389260.0
1787225335.826,11387460.0,11390965.0,11389260.0
1787225340.892,11387696.0,11390961.0,11389260.0
1787225345.956,11385946.0,11386889.0,11387540.0
1787225351.020,11385946.0,11386351.0,11386889.0
1787225356.071,11386682.0,11388345.0,11386682.0
1787225361.128,11385946.0,11388389.0,11385946.0
1787225366.227,11386526.0,11389211.0,11387783.0
1787225371.285,11386280.0,11389656.0,11386280.0
1787225376.328,11386390.0,11389821.0,11388881.0
1787225381.407,11390683.0,11391902.0,11389544.0
1787225386.480,11389924.0,11393500.0,11393500.0
1787225391.537,11388809.0,11392935.0,11392935.0
1787225396.591,11387581.0,11389904.0,11388718.0
1787225401.628,11384444.0,11385392.0,11385393.0
1787225406.693,11381815.0,11384510.0,11383113.0
1787225411.784,11383113.0,11385386.0,11383113.0
1787225416.869,11384130.0,11387724.0,11384314.0
1787225421.933,11383369.0,11386858.0,11383368.0
1787225426.988,11383201.0,11386579.0,11383113.0
1787225432.062,11383219.0,11385512.0,11383360.0
1787225437.129,11387329.0,11390869.0,11389966.0
1787225442.189,11389312.0,11392281.0,11392285.0
1787225447.271,11387518.0,11388717.0,11387507.0
1787225452.314,11387557.0,11390939.0,11389935.0
1787225457.399,11387841.0,11389793.0,11389935.0
1787225462.521,11385474.0,11387038.0,11384600.0
1787225467.573,11390487.0,11392303.0,11389685.0
1787225472.614,11392476.0,11393558.0,11390783.0
1787225477.675,11392318.0,11393549.0,11393558.0
1787225482.737,11393107.0,11393549.0,11393558.0
1787225487.809,11393463.0,11395795.0,11395977.0
1787225492.993,11394274.0,11395977.0,11395795.0
1787225498.058,11394744.0,11395927.0,11395795.0
1787225503.110,11401482.0,11402474.0,11403809.0
1787225508.162,11402474.0,11405072.0,11404116.0
1787225513.226,11404524.0,11408248.0,11408415.0
1787225518.284,11409759.0,11410000.0,11410000.0
1787225523.331,11412284.0,11414645.0,11412284.0
1787225528.394,11404911.0,11406246.0,11406565.0
1787225533.443,11406185.0,11407855.0,11407855.0
1787225538.480,11403136.0,11407558.0,11406185.0
1787225543.545,11403525.0,11405113.0,11404801.0
1787225548.628,11410075.0,11414767.0,11408913.0
1787225553.922,11411000.0,11415697.0,11413814.0
1787225559.235,11413300.0,11416632.0,11413814.0
1787225564.305,11411663.0,11413875.0,11414649.0
1787225569.377,11411749.0,11415990.0,11414124.0
1787225574.421,11411999.0,11414283.0,11412455.0
1787225579.487,11414277.0,11416102.0,11415393.0
1787225584.528,11410332.0,11414287.0,11411924.0
1787225589.573,11412124.0,11414380.0,11414453.0
1787225594.644,11412810.0,11415348.0,11413829.0
1787225599.685,11413403.0,11415566.0,11415493.0
1787225604.772,11415277.0,11419271.0,11416098.0
1787225609.838,11415929.0,11419056.0,11415480.0
1787225614.907,11417018.0,11421354.0,11416451.0
1787225619.943,11419990.0,11424590.0,11424595.0
1787225625.047,11421890.0,11424589.0,11421890.0
1787225630.086,11420155.0,11422639.0,11423662.0
1787225635.126,11419233.0,11422638.0,11421057.0
1787225640.170,11412489.0,11416762.0,11414610.0
1787225645.221,11416508.0,11420191.0,11420197.0
1787225650.265,11416060.0,11421044.0,11418626.0
1787225655.331,11421804.0,11422863.0,11422863.0
1787225660.374,11417575.0,11421201.0,11418037.0
1787225665.418,11423049.0,11429695.0,11426460.0
1787225670.459,11424007.0,11429888.0,11426716.0
1787225675.500,11433460.0,11440000.0,11440000.0
1787225680.541,11438117.0,11440192.0,11438117.0
1787225685.590,11436967.0,11438117.0,11438119.0
1787225690.633,11430975.0,11435471.0,11434289.0
1787225695.668,11437440.0,11441564.0,11437105.0
1787225700.739,11438117.0,11438629.0,11436026.0
1787225705.785,11438068.0,11441564.0,11440036.0
1787225710.852,11442717.0,11447618.0,11447513.0
1787225715.916,11446467.0,11447721.0,11447175.0
1787225720.979,11446080.0,11449223.0,11448711.0
1787225726.037,11442707.0,11445213.0,11443763.0
1787225731.106,11448437.0,11450000.0,11450461.0
1787225736.185,11435114.0,11437862.0,11435635.0
1787225741.330,11433121.0,11434337.0,11433906.0
1787225746.371,11423680.0,11428887.0,11424289.0
1787225751.439,11425026.0,11427917.0,11425968.0
1787225756.496,11425026.0,11426729.0,11425026.0
1787225761.537,11425095.0,11428244.0,11425650.0
1787225766.582,11425077.0,11427994.0,11427923.0
1787225771.642,11427210.0,11429435.0,11427993.0
1787225776.725,11435978.0,11439232.0,11437079.0
1787225781.783,11435761.0,11439714.0,11437358.0
1787225786.824,11434631.0,11438094.0,11436046.0
1787225791.864,11436028.0,11439951.0,11436046.0
1787225796.920,11437296.0,11439305.0,11438752.0
1787225801.963,11437421.0,11441557.0,11440647.0
1787225807.016,11437426.0,11441192.0,11440647.0
1787225812.055,11436035.0,11440398.0,11440833.0
1787225817.119,11433528.0,11438300.0,11433528.0
1787225822.174,11435502.0,11438272.0,11438450.0
1787225827.281,11432903.0,11438211.0,11435746.0
1787225832.339,11428205.0,11431834.0,11431834.0
1787225837.405,11428265.0,11430848.0,11428935.0
1787225842.468,11427709.0,11429560.0,11428366.0
1787225847.645,11430922.0,11434525.0,11432317.0
1787225852.809,11430752.0,11431773.0,11431489.0
1787225857.880,11429030.0,11432063.0,11431085.0
1787225862.939,11430632.0,11433720.0,11431745.0
1787225868.004,11428778.0,11430608.0,11431267.0
1787225873.066,11431430.0,11433833.0,11430987.0
1787225878.133,11429559.0,11432383.0,11432570.0
1787225883.202,11429559.0,11431869.0,11431383.0
1787225888.271,11433540.0,11438250.0,11433516.0
1787225893.330,11434249.0,11438186.0,11434326.0
1787225898.413,11433574.0,11436194.0,11434701.0
1787225903.526,11435836.0,11437450.0,11434291.0
1787225908.616,11434567.0,11436787.0,11434512.0
1787225913.675,11440510.0,11443115.0,11441274.0
1787225918.747,11440423.0,11444682.0,11441274.0
1787225923.819,11439632.0,11441126.0,11441126.0
1787225928.885,11436572.0,11440443.0,11439207.0
1787225933.956,11436594.0,11438846.0,11439207.0
1787225939.004,11435798.0,11438773.0,11439207.0
1787225944.048,11434067.0,11437251.0,11436144.0
1787225949.124,11438130.0,11438557.0,11438140.0
1787225954.203,11436689.0,11439950.0,11438557.0
1787225959.289,11438867.0,11440732.0,11439094.0
1787225964.375,11436406.0,11440251.0,11435996.0
1787225969.442,11436554.0,11439762.0,11438205.0
1787225974.510,11439964.0,11444413.0,11443150.0
1787225979.653,11440578.0,11443719.0,11442915.0
1787225984.712,11443622.0,11444859.0,11444859.0
1787225989.779,11444185.0,11444859.0,11444859.0
1787225994.847,11445360.0,11445984.0,11445360.0
1787225999.938,11441440.0,11442161.0,11442363.0
1787226005.010,11445133.0,11448716.0,11447574.0
1787226010.058,11445642.0,11449478.0,11447065.0
1787226015.105,11447210.0,11450087.0,11449350.0
1787226020.149,11445134.0,11446097.0,11445330.0
1787226025.187,11445331.0,11446134.0,11445330.0
1787226030.251,11442592.0,11444438.0,11442784.0
1787226035.290,11441672.0,11443328.0,11446104.0
1787226040.329,11443586.0,11446057.0,11443612.0
1787226045.368,11445149.0,11447843.0,11443612.0
1787226050.407,11441398.0,11444560.0,11443201.0
1787226055.446,11444878.0,11446747.0,11443923.0
1787226060.494,11443833.0,11445902.0,11444878.0
1787226065.540,11444461.0,11445889.0,11444878.0
1787226070.581,11445933.0,11448921.0,11446740.0
1787226075.618,11448250.0,11450460.0,11449591.0
1787226080.654,11447359.0,11449923.0,11450460.0
1787226085.691,11449821.0,11451927.0,11449923.0
1787226090.772,11449694.0,11451523.0,11451197.0
1787226095.838,11447260.0,11451154.0,11451197.0
1787226100.894,11447463.0,11450171.0,11448474.0
1787226105.962,11449541.0,11451197.0,11449526.0
1787226111.026,11445758.0,11447890.0,11449526.0
1787226116.154,11447099.0,11448911.0,11449526.0
1787226121.217,11445140.0,11447258.0,11444801.0
1787226126.283,11443696.0,11446190.0,11446040.0
1787226131.342,11442546.0,11446680.0,11445061.0
1787226136.413,11441769.0,11445173.0,11444192.0
1787226141.529,11442004.0,11444555.0,11444192.0
1787226146.609,11442579.0,11444422.0,11444192.0
1787226151.650,11440908.0,11443250.0,11442144.0
1787226156.690,11442412.0,11443830.0,11444128.0
1787226161.756,11440685.0,11445410.0,11440685.0
1787226166.893,11440974.0,11443640.0,11440685.0
1787226171.957,11443762.0,11445888.0,11444410.0
1787226177.065,11441697.0,11443235.0,11445848.0
1787226182.152,11441909.0,11443580.0,11444628.0
1787226187.225,11439332.0,11441180.0,11439592.0
1787226192.288,11438388.0,11439332.0,11439332.0
1787226197.351,11439129.0,11442286.0,11440313.0
1787226202.420,11439684.0,11443389.0,11438688.0
1787226207.495,11438932.0,11440730.0,11440748.0
1787226212.593,11438932.0,11440676.0,11440748.0
1787226217.635,11436862.0,11439654.0,11440330.0
1787226222.676,11435592.0,11437556.0,11437431.0
1787226227.736,11435729.0,11437690.0,11437773.0
1787226232.801,11437478.0,11438560.0,11437773.0
1787226237.890,11435592.0,11436670.0,11436670.0
1787226242.954,11434222.0,11435848.0,11435592.0
1787226248.022,11433592.0,11435608.0,11435592.0
1787226253.086,11432215.0,11433610.0,11433592.0
1787226258.148,11431997.0,11434132.0,11433610.0
1787226263.198,11432257.0,11433970.0,11434408.0
1787226268.248,11431748.0,11432815.0,11432536.0
1787226273.309,11429144.0,11430703.0,11427592.0
1787226278.348,11426951.0,11429641.0,11428332.0
1787226283.417,11423908.0,11427622.0,11426513.0
1787226288.616,11424863.0,11427525.0,11425798.0
1787226293.681,11425571.0,11428341.0,11425571.0
1787226298.758,11425676.0,11429840.0,11429236.0
1787226303.821,11426791.0,11428050.0,11426847.0
1787226308.896,11425457.0,11428256.0,11427389.0
1787226313.962,11425666.0,11428255.0,11428255.0
1787226319.100,11426433.0,11429813.0,11428255.0
1787226324.176,11427842.0,11431866.0,11429813.0
1787226329.250,11432175.0,11435430.0,11434260.0
1787226334.314,11430526.0,11432666.0,11432193.0
1787226339.354,11432920.0,11434185.0,11433677.0
1787226344.419,11437311.0,11439340.0,11437414.0
1787226349.484,11439924.0,11441160.0,11439586.0
1787226354.554,11439883.0,11441160.0,11441160.0
1787226359.608,11435617.0,11437400.0,11437417.0
1787226364.646,11436638.0,11437400.0,11436651.0
1787226369.691,11438938.0,11439820.0,11438937.0
1787226374.746,11438938.0,11439820.0,11439035.0
1787226379.809,11438757.0,11441280.0,11438767.0
1787226384.849,11438992.0,11440600.0,11438987.0
1787226389.906,11439014.0,11440542.0,11439276.0
1787226394.973,11440343.0,11441309.0,11440344.0
1787226400.039,11440266.0,11442388.0,11440166.0
1787226405.115,11437332.0,11439432.0,11439619.0
1787226410.154,11436929.0,11439196.0,11436938.0
1787226415.190,11436694.0,11439081.0,11439190.0
1787226420.229,11439395.0,11441506.0,11439838.0
1787226425.272,11438653.0,11439612.0,11439838.0
1787226430.313,11438804.0,11441288.0,11441288.0
1787226435.348,11440799.0,11443637.0,11440799.0
1787226440.386,11443869.0,11445814.0,11444389.0
1787226445.422,11439878.0,11440880.0,11440959.0
1787226450.464,11437218.0,11439001.0,11440873.0
1787226455.501,11438601.0,11441000.0,11439720.0
1787226460.536,11438925.0,11441000.0,11441000.0
1787226465.607,11442625.0,11445308.0,11443400.0
1787226470.648,11445884.0,11447876.0,11445874.0
1787226475.710,11444414.0,11446689.0,11445880.0
1787226480.769,11445294.0,11447021.0,11445006.0
1787226485.837,11445777.0,11448158.0,11445359.0
1787226491.013,11447820.0,11448389.0,11448158.0
1787226496.081,11442407.0,11442459.0,11442745.0
1787226501.157,11441362.0,11443784.0,11443676.0
1787226506.232,11441030.0,11443338.0,11443338.0
1787226511.294,11439019.0,11440665.0,11438781.0
1787226516.335,11437583.0,11439632.0,11438791.0
1787226521.379,11440263.0,11441945.0,11441040.0
1787226526.437,11438194.0,11442150.0,11441040.0
1787226531.517,11432729.0,11436336.0,11432729.0
1787226536.582,11429505.0,11433484.0,11433788.0
1787226541.648,11432729.0,11436356.0,11434307.0
1787226546.708,11429151.0,11432729.0,11432213.0
1787226551.780,11429503.0,11432729.0,11431664.0
1787226556.865,11429690.0,11431664.0,11431664.0
1787226561.935,11428385.0,11428917.0,11428388.0
1787226566.996,11426677.0,11428943.0,11428943.0
1787226572.055,11429223.0,11431664.0,11431574.0
1787226577.125,11429925.0,11431664.0,11431664.0
1787226582.190,11429660.0,11431664.0,11429925.0
1787226587.253,11430714.0,11431578.0,11431299.0
1787226592.331,11430714.0,11431258.0,11431080.0
1787226597.370,11427975.0,11430995.0,11428897.0
1787226602.418,11428163.0,11430716.0,11430716.0
1787226607.485,11431650.0,11432729.0,11432729.0
1787226612.571,11432490.0,11432729.0,11432729.0
1787226617.634,11431910.0,11432729.0,11432729.0
1787226622.673,11428394.0,11429822.0,11428723.0
1787226627.728,11423970.0,11427223.0,11426522.0
1787226632.795,11422340.0,11426237.0,11426522.0
1787226637.857,11426410.0,11429215.0,11426594.0
1787226642.920,11427300.0,11431234.0,11426144.0
1787226647.980,11427586.0,11431161.0,11426144.0
1787226653.046,11426210.0,11429193.0,11424991.0
1787226658.094,11425100.0,11427946.0,11424991.0
1787226663.166,11422040.0,11424539.0,11422745.0
1787226668.239,11419656.0,11421908.0,11421729.0
1787226673.276,11417191.0,11418868.0,11418276.0
1787226678.317,11410819.0,11415176.0,11415390.0
1787226683.360,11411076.0,11412313.0,11413277.0
1787226688.397,11411960.0,11414118.0,11413332.0
1787226693.434,11411021.0,11415349.0,11415761.0
1787226698.495,11414042.0,11415580.0,11415580.0
1787226724.666,11421244.0,11422435.0,11425041.0
1787226729.930,11421244.0,11423701.0,11425041.0
1787226735.041,11419032.0,11421666.0,11420674.0
1787226740.328,11418383.0,11420663.0,11420674.0
1787226745.585,11417092.0,11420994.0,11419761.0
1787226751.217,11416674.0,11418893.0,11416844.0
1787226756.405,11420223.0,11421851.0,11420674.0
1787226761.502,11421553.0,11424430.0,11422367.0
1787226766.717,11421005.0,11425660.0,11423520.0
1787226771.787,11419013.0,11422372.0,11423520.0
1787226776.856,11415174.0,11417214.0,11417361.0
1787226782.051,11412385.0,11413882.0,11413884.0
1787226787.205,11412434.0,11415413.0,11414557.0
1787226792.648,11413252.0,11415650.0,11415670.0
1787226797.799,11412699.0,11414948.0,11415670.0
1787226802.902,11410426.0,11413700.0,11412383.0
1787226807.964,11412061.0,11413680.0,11412928.0
1787226813.031,11415136.0,11417210.0,11418016.0
1787226818.112,11412845.0,11415730.0,11415136.0
1787226823.177,11409935.0,11412309.0,11412722.0
1787226828.227,11406975.0,11410867.0,11411730.0
1787226833.328,11408584.0,11410776.0,11410600.0
1787226838.376,11405659.0,11409710.0,11410055.0
1787226843.479,11402390.0,11405377.0,11405377.0
1787226848.697,11405811.0,11408179.0,11405377.0
1787226853.850,11407670.0,11408177.0,11408177.0
1787226859.010,11408115.0,11408177.0,11408177.0
1787226864.070,11406137.0,11408177.0,11408139.0
1787226869.113,11407187.0,11408177.0,11406466.0
1787226874.156,11405779.0,11407319.0,11407842.0
1787226879.220,11405195.0,11406705.0,11407842.0
1787226884.266,11403665.0,11406705.0,11405755.0
1787226889.375,11402240.0,11404870.0,11403579.0
1787226894.437,11401092.0,11404303.0,11404113.0
1787226899.501,11400892.0,11402787.0,11404113.0
1787226904.795,11400430.0,11403802.0,11400430.0
1787226910.124,11400472.0,11402943.0,11403256.0
1787226915.175,11394769.0,11396714.0,11396140.0
1787226920.218,11389732.0,11392781.0,11392098.0
1787226925.315,11394302.0,11398343.0,11396319.0
1787226930.447,11391737.0,11394613.0,11393585.0
1787226935.502,11394613.0,11396073.0,11395211.0
1787226940.570,11390466.0,11393126.0,11390005.0
1787226945.669,11389562.0,11390920.0,11389589.0
1787226950.939,11389562.0,11392111.0,11390589.0
1787226956.007,11389950.0,11392734.0,11393606.0
1787226961.073,11390537.0,11392546.0,11393606.0
1787226966.156,11392880.0,11395487.0,11392546.0
1787226971.252,11390610.0,11394226.0,11392263.0
1787226976.744,11390000.0,11393389.0,11390000.0
1787226981.831,11383105.0,11387162.0,11385081.0
1787226986.892,11380503.0,11385182.0,11385237.0
1787226991.956,11383065.0,11386515.0,11384352.0
1787226997.018,11385000.0,11385400.0,11385000.0
1787227002.094,11385031.0,11387613.0,11386687.0
1787227007.159,11382492.0,11385737.0,11386278.0
1787227012.229,11379313.0,11381033.0,11380888.0
1787227017.308,11376626.0,11379813.0,11379186.0
1787227022.355,11371088.0,11375355.0,11371088.0
1787227027.427,11375355.0,11379348.0,11379335.0
1787227032.526,11382975.0,11384629.0,11384629.0
1787227037.604,11379000.0,11383733.0,11380467.0
1787227042.645,11378065.0,11381894.0,11378064.0
1787227047.741,11380710.0,11382974.0,11380690.0
1787227052.906,11378800.0,11381348.0,11381348.0
1787227058.044,11381500.0,11383240.0,11379365.0
1787227063.089,11380878.0,11382638.0,11383135.0
1787227068.132,11380200.0,11382777.0,11383135.0
1787227073.215,11377732.0,11380664.0,11378629.0
1787227078.273,11377629.0,11378974.0,11378629.0
1787227083.322,11380770.0,11383233.0,11381439.0
1787227088.375,11383105.0,11383965.0,11383743.0
1787227093.427,11382998.0,11385688.0,11384855.0
1787227098.477,11381203.0,11383005.0,11382998.0
1787227103.748,11381389.0,11383998.0,11383125.0
1787227108.922,11385520.0,11389045.0,11388160.0
1787227113.997,11387830.0,11390712.0,11388328.0
1787227119.055,11387227.0,11390720.0,11388328.0
1787227124.100,11388359.0,11391454.0,11388328.0
1787227129.143,11389339.0,11391601.0,11389745.0
1787227134.214,11389160.0,11391207.0,11389745.0
1787227139.259,11388326.0,11390383.0,11385561.0
1787227144.333,11387091.0,11390416.0,11385561.0
1787227149.400,11386418.0,11387888.0,11386983.0
1787227154.464,11385369.0,11387057.0,11387824.0
1787227159.558,11386333.0,11387943.0,11387987.0
1787227164.605,11385681.0,11389481.0,11387594.0
1787227169.650,11385408.0,11387255.0,11387594.0
1787227174.736,11383329.0,11386017.0,11385408.0
1787227179.814,11384082.0,11386613.0,11385313.0
1787227184.879,11386179.0,11387556.0,11386847.0
1787227189.987,11389978.0,11391771.0,11389975.0
1787227195.052,11389165.0,11392362.0,11389975.0
1787227200.121,11389059.0,11392302.0,11392335.0
1787227205.177,11391276.0,11393413.0,11392335.0
1787227210.240,11391500.0,11393341.0,11391852.0
1787227215.307,11394650.0,11395347.0,11394650.0
1787227220.379,11394671.0,11396593.0,11396211.0
1787227225.433,11396303.0,11398095.0,11396303.0
1787227230.481,11392672.0,11395575.0,11393893.0
1787227235.528,11395445.0,11396830.0,11395376.0
1787227240.631,11393188.0,11395667.0,11395900.0
1787227245.680,11395015.0,11397231.0,11395911.0
1787227250.742,11396044.0,11396447.0,11395659.0
1787227255.818,11394892.0,11397640.0,11397742.0
1787227260.889,11393335.0,11395918.0,11394892.0
1787227266.017,11391468.0,11394231.0,11391393.0
1787227271.095,11389663.0,11393285.0,11391393.0
1787227276.168,11388418.0,11389220.0,11389236.0
1787227281.248,11384560.0,11388403.0,11387110.0
1787227286.329,11387246.0,11391445.0,11390269.0
1787227291.404,11386799.0,11390195.0,11390246.0
1787227296.467,11393035.0,11394512.0,11392624.0
1787227301.532,11391233.0,11392684.0,11392033.0
1787227306.589,11393049.0,11394080.0,11394100.0
1787227311.661,11394559.0,11395310.0,11394100.0
1787227316.758,11398024.0,11398152.0,11398501.0
1787227321.815,11399519.0,11401202.0,11399314.0
1787227326.909,11400624.0,11401120.0,11400624.0
1787227331.979,11395987.0,11398323.0,11399012.0
1787227337.044,11396627.0,11398323.0,11396629.0
1787227342.106,11394285.0,11397141.0,11397141.0
1787227347.185,11391831.0,11395338.0,11395338.0
1787227352.225,11398409.0,11399498.0,11396990.0
1787227357.343,11402804.0,11403953.0,11401481.0
1787227362.387,11400782.0,11402213.0,11402213.0
1787227367.426,11399526.0,11401400.0,11399524.0
1787227372.470,11397707.0,11400570.0,11399527.0
1787227377.513,11394658.0,11396350.0,11396940.0
1787227382.589,11394754.0,11396919.0,11396350.0
1787227387.641,11397896.0,11402159.0,11399531.0
1787227392.687,11399944.0,11403263.0,11401332.0
1787227397.751,11396678.0,11399645.0,11398316.0
1787227402.821,11396932.0,11399925.0,11398199.0
1787227407.883,11396514.0,11397877.0,11395490.0
1787227412.939,11388417.0,11395503.0,11396420.0
1787227417.981,11389102.0,11391033.0,11389091.0
1787227423.073,11391271.0,11393201.0,11391033.0
1787227428.122,11387895.0,11388271.0,11387895.0
1787227433.184,11387895.0,11388238.0,11388271.0
1787227438.230,11383356.0,11383436.0,11383776.0
1787227443.292,11382378.0,11385193.0,11382586.0
1787227448.339,11381018.0,11383719.0,11381018.0
1787227453.411,11380651.0,11382946.0,11381018.0
1787227458.452,11380650.0,11381437.0,11381437.0
1787227463.500,11375109.0,11378282.0,11376920.0
1787227468.605,11372852.0,11373556.0,11375219.0
1787227473.719,11374629.0,11380596.0,11374155.0
1787227478.806,11377839.0,11380073.0,11380076.0
1787227483.896,11378094.0,11380803.0,11380024.0
1787227488.986,11376219.0,11380858.0,11378135.0
1787227494.078,11378632.0,11381491.0,11381964.0
1787227499.180,11374007.0,11378989.0,11376068.0
1787227504.246,11375165.0,11380711.0,11379100.0
1787227509.396,11381070.0,11382254.0,11382076.0
1787227514.486,11378969.0,11381931.0,11378969.0
1787227519.553,11376736.0,11379379.0,11378593.0
1787227524.677,11374294.0,11377485.0,11376642.0
1787227529.768,11376576.0,11378969.0,11378963.0
1787227534.998,11379865.0,11382568.0,11380947.0
1787227540.130,11382715.0,11385603.0,11384978.0
1787227545.194,11382614.0,11382805.0,11382614.0
1787227550.264,11375248.0,11377287.0,11375963.0
1787227555.471,11374614.0,11376325.0,11375164.0
1787227560.596,11374666.0,11378070.0,11375164.0
1787227565.682,11376400.0,11377971.0,11377537.0
1787227570.801,11375869.0,11378069.0,11378070.0
1787227575.927,11370254.0,11373705.0,11370963.0
1787227581.197,11364539.0,11366820.0,11364541.0
1787227586.280,11366163.0,11368256.0,11364065.0
1787227591.322,11361233.0,11362659.0,11361233.0
1787227596.389,11359821.0,11361423.0,11360937.0
1787227602.253,11357539.0,11359708.0,11360662.0
1787227607.389,11350706.0,11353890.0,11355223.0
1787227612.429,11354526.0,11355831.0,11353319.0
1787227617.535,11351568.0,11355805.0,11356075.0
1787227622.574,11351680.0,11354516.0,11351623.0
1787227627.624,11350313.0,11353335.0,11351761.0
1787227632.984,11348963.0,11349919.0,11350733.0
1787227638.038,11346657.0,11349877.0,11349877.0
1787227643.105,11346118.0,11349699.0,11350733.0
1787227648.165,11345880.0,11347436.0,11347927.0
1787227653.348,11342421.0,11346126.0,11346126.0
1787227658.488,11340069.0,11343852.0,11342599.0
1787227663.563,11341548.0,11345164.0,11345093.0
1787227668.602,11341482.0,11343527.0,11343527.0
1787227673.654,11341505.0,11344397.0,11344559.0
1787227678.713,11341390.0,11344696.0,11345155.0
1787227683.784,11344726.0,11345155.0,11345155.0
1787227689.369,11347675.0,11351680.0,11351680.0
1787227694.470,11349731.0,11350998.0,11351680.0
1787227699.577,11348266.0,11350486.0,11347539.0
1787227704.620,11349504.0,11351483.0,11349990.0
1787227709.732,11349526.0,11352920.0,11349763.0
1787227714.811,11344724.0,11347152.0,11347898.0
1787227719.972,11342443.0,11346677.0,11344798.0
1787227725.150,11341477.0,11346198.0,11343348.0
1787227730.221,11340758.0,11343448.0,11340758.0
1787227735.300,11342472.0,11344816.0,11344904.0
1787227740.529,11342472.0,11343597.0,11342494.0
1787227745.577,11340767.0,11342766.0,11342472.0
1787227750.632,11340767.0,11342291.0,11341350.0
1787227757.932,11329175.0,11332573.0,11330598.0
1787227762.985,11334483.0,11336424.0,11334481.0
1787227768.030,11337536.0,11343219.0,11343597.0
1787227773.099,11338090.0,11340271.0,11340384.0
1787227778.230,11338399.0,11341624.0,11342404.0
1787227783.273,11344384.0,11351195.0,11344111.0
1787227788.316,11348302.0,11350500.0,11347709.0
1787227793.430,11348605.0,11351107.0,11347709.0
1787227798.476,11346135.0,11347599.0,11348641.0
1787227803.541,11354393.0,11358039.0,11356586.0
1787227808.583,11354293.0,11356817.0,11354393.0
1787227813.649,11359459.0,11360800.0,11360800.0
1787227818.692,11362600.0,11365863.0,11365945.0
1787227823.742,11363722.0,11366848.0,11363000.0
1787227862.818,11364460.0,11366933.0,11364400.0
1787227867.990,11362908.0,11363889.0,11364400.0
1787227873.084,11360558.0,11362792.0,11362607.0
1787227878.120,11361180.0,11361988.0,11361180.0
1787227883.164,11361510.0,11364367.0,11363190.0
1787227888.205,11369998.0,11373314.0,11368429.0
1787227893.263,11367250.0,11369721.0,11370460.0
1787227898.312,11364500.0,11368415.0,11368413.0
1787227903.352,11364880.0,11368738.0,11366744.0
1787227908.405,11367921.0,11370744.0,11368738.0
1787227913.465,11367920.0,11368736.0,11367921.0
1787227918.529,11368060.0,11368746.0,11367920.0
1787227923.610,11366503.0,11369652.0,11368060.0
1787227928.654,11371160.0,11373319.0,11369676.0
1787227933.716,11375210.0,11377569.0,11373276.0
1787227938.789,11371200.0,11375731.0,11373463.0
1787227943.862,11371411.0,11374809.0,11372650.0
1787227948.951,11375968.0,11378360.0,11374809.0
1787227954.012,11381250.0,11383836.0,11381250.0
1787227959.059,11381250.0,11382944.0,11381441.0
1787227964.115,11381605.0,11385126.0,11381250.0
1787227969.195,11375733.0,11377147.0,11376930.0
1787227974.264,11373591.0,11376099.0,11375647.0
1787227979.359,11373593.0,11376495.0,11375647.0
1787227984.404,11380497.0,11380964.0,11381110.0
1787227989.467,11383172.0,11383916.0,11383172.0
1787227994.505,11377713.0,11381271.0,11381271.0
1787227999.543,11376983.0,11381139.0,11380717.0
1787228004.586,11376802.0,11377944.0,11380717.0
1787228009.663,11374411.0,11377562.0,11377673.0
1787228014.783,11379052.0,11381079.0,11379286.0
1787228019.845,11380012.0,11382661.0,11379947.0
1787228024.901,11371652.0,11376102.0,11376102.0
1787228029.961,11373137.0,11375687.0,11374542.0
1787228035.011,11369252.0,11372952.0,11369252.0
1787228040.119,11370749.0,11372664.0,11372665.0
1787228045.187,11375070.0,11379174.0,11377445.0
1787228050.244,11376860.0,11379174.0,11379174.0
1787228055.301,11378340.0,11381096.0,11379408.0
1787228084.002,11373665.0,11374727.0,11374727.0
1787228089.155,11374325.0,11374727.0,11374727.0
1787228094.240,11373534.0,11374727.0,11374129.0
1787228099.342,11368951.0,11371514.0,11368951.0
1787228104.428,11365828.0,11369214.0,11365828.0
1787228109.622,11369950.0,11370912.0,11371415.0
1787228114.690,11369980.0,11371006.0,11371376.0
1787228119.755,11372790.0,11374245.0,11374245.0
1787228124.894,11370850.0,11375763.0,11373900.0
1787228129.959,11374291.0,11376927.0,11375840.0
1787228135.027,11377883.0,11380442.0,11378948.0
1787228140.095,11379050.0,11381067.0,11380433.0
1787228145.135,11374350.0,11376119.0,11376119.0
1787228150.198,11371756.0,11372242.0,11374350.0
1787228155.265,11367887.0,11372656.0,11370778.0
1787228160.371,11365590.0,11366063.0,11366063.0
1787228165.441,11365457.0,11368453.0,11366791.0
1787228170.505,11365344.0,11367772.0,11368302.0
1787228175.544,11364710.0,11369034.0,11369034.0
1787228180.582,11366203.0,11368681.0,11369025.0
1787228185.625,11367329.0,11371776.0,11370791.0
1787228190.667,11368717.0,11373657.0,11368595.0
1787228195.729,11374249.0,11376555.0,11374249.0
1787228200.806,11367403.0,11371507.0,11369893.0
1787228205.868,11370113.0,11373296.0,11374005.0
1787228210.954,11369684.0,11371019.0,11371019.0
1787228216.017,11365449.0,11367951.0,11367442.0
1787228221.154,11366296.0,11370355.0,11369451.0
1787228226.228,11365794.0,11369787.0,11369451.0
1787228231.272,11364404.0,11368867.0,11367062.0
1787228236.318,11360000.0,11362875.0,11361480.0
1787228241.489,11359684.0,11362447.0,11359270.0
1787228246.566,11355644.0,11357991.0,11357991.0
1787228251.636,11356781.0,11361692.0,11359274.0
1787228256.739,11358110.0,11359807.0,11359600.0
1787228261.785,11358110.0,11359607.0,11358110.0
1787228266.968,11353316.0,11354544.0,11353254.0
1787228272.047,11351887.0,11353208.0,11354249.0
1787228277.093,11352145.0,11354053.0,11353002.0
1787228282.168,11352640.0,11355309.0,11349148.0
1787228287.223,11349480.0,11353193.0,11352640.0
1787228292.298,11354718.0,11356769.0,11354749.0
1787228297.363,11356829.0,11359124.0,11356800.0
1787228302.412,11354340.0,11357698.0,11357208.0
1787228307.466,11353341.0,11356783.0,11356752.0
1787228312.514,11354470.0,11359257.0,11358839.0
1787228317.608,11357561.0,11359756.0,11359257.0
1787228322.652,11356742.0,11359331.0,11359257.0
1787228327.726,11357190.0,11359348.0,11359326.0
1787228332.807,11364180.0,11365545.0,11363263.0
1787228337.895,11362444.0,11366262.0,11363674.0
1787228342.946,11362054.0,11365242.0,11362069.0
1787228348.004,11362381.0,11364584.0,11358973.0
1787228353.053,11363172.0,11365546.0,11365547.0
1787228358.097,11362381.0,11364886.0,11365547.0
1787228363.179,11362381.0,11364107.0,11362381.0
1787228368.225,11359008.0,11361367.0,11361388.0
1787228373.271,11361233.0,11362834.0,11361367.0
1787228378.317,11362886.0,11364971.0,11365349.0
1787228383.381,11356133.0,11361662.0,11358759.0
1787228388.447,11356071.0,11360345.0,11358759.0
1787228393.507,11359474.0,11362190.0,11360199.0
1787228398.553,11361339.0,11365376.0,11362190.0
1787228403.617,11361854.0,11364508.0,11361631.0
1787228408.687,11360457.0,11362210.0,11361423.0
1787228413.746,11361877.0,11363360.0,11361423.0
1787228418.901,11370702.0,11374200.0,11373689.0
1787228423.967,11372512.0,11375865.0,11373209.0
1787228429.084,11372586.0,11377028.0,11376087.0
1787228434.153,11370706.0,11374698.0,11373042.0
1787228439.227,11374808.0,11378515.0,11376087.0
1787228444.290,11375191.0,11379494.0,11376087.0
1787228449.374,11375700.0,11379333.0,11378650.0
1787228454.441,11374808.0,11378813.0,11375271.0
1787228459.485,11376173.0,11379816.0,11380836.0
1787228464.573,11377203.0,11379411.0,11378309.0
1787228469.620,11377939.0,11380168.0,11377237.0
1787228474.661,11378095.0,11379332.0,11377237.0
1787228479.734,11383768.0,11386917.0,11383663.0
1787228484.796,11381008.0,11382266.0,11383455.0
1787228489.866,11375342.0,11377437.0,11379003.0
1787228494.959,11369454.0,11374212.0,11372581.0
1787228500.060,11370219.0,11372745.0,11372581.0
1787228505.129,11372404.0,11374916.0,11374917.0
1787228510.252,11368748.0,11372023.0,11370035.0
1787228515.347,11370440.0,11373171.0,11373172.0
1787228520.399,11369808.0,11372407.0,11373172.0
1787228525.476,11368755.0,11372364.0,11372401.0
1787228530.673,11366363.0,11369784.0,11367481.0
1787228535.759,11366835.0,11369778.0,11367813.0
1787228540.801,11365377.0,11368864.0,11365377.0
1787228545.875,11365817.0,11369010.0,11368459.0
1787228550.944,11367105.0,11370249.0,11366690.0
1787228556.024,11373589.0,11376267.0,11373476.0
1787228561.093,11369230.0,11373449.0,11371629.0
1787228566.167,11366262.0,11369659.0,11368007.0
1787228571.244,11366263.0,11368801.0,11366074.0
1787228576.326,11368655.0,11371253.0,11368774.0
1787228581.398,11369879.0,11373310.0,11371253.0
1787228586.465,11365009.0,11367670.0,11367242.0
1787228591.559,11362270.0,11364667.0,11364076.0
1787228596.698,11364015.0,11366541.0,11364355.0
1787228601.993,11362468.0,11366769.0,11366029.0
1787228607.061,11362312.0,11365183.0,11366029.0
1787228612.136,11360454.0,11363526.0,11361855.0
1787228617.178,11360401.0,11362632.0,11360996.0
1787228622.286,11362514.0,11363545.0,11364439.0
1787228627.364,11365786.0,11370152.0,11367242.0
1787228632.460,11368103.0,11371458.0,11368070.0
1787228637.529,11367776.0,11370763.0,11367984.0
1787228642.579,11366097.0,11368715.0,11365442.0
1787228647.630,11364366.0,11367951.0,11366604.0
1787228652.673,11365635.0,11367949.0,11366604.0
1787228657.793,11367461.0,11370324.0,11368409.0
1787228662.909,11366769.0,11370414.0,11368409.0
1787228667.962,11371175.0,11374603.0,11371116.0
1787228673.049,11370904.0,11373602.0,11371116.0
1787228678.124,11370564.0,11374036.0,11372418.0
1787228683.189,11370722.0,11373697.0,11373697.0
1787228688.235,11370766.0,11372496.0,11372488.0
1787228693.284,11370157.0,11371526.0,11370157.0
1787228698.358,11372621.0,11375384.0,11370157.0
1787228703.465,11371126.0,11376212.0,11373404.0
1787228708.519,11368329.0,11368936.0,11369683.0
1787228713.573,11370995.0,11372224.0,11371111.0
1787228718.668,11373615.0,11377433.0,11371111.0
1787228723.727,11374590.0,11376702.0,11376696.0
1787228728.830,11378579.0,11381709.0,11380284.0
1787228733.906,11375690.0,11377381.0,11376495.0
1787228738.978,11377791.0,11378722.0,11377949.0
1787228744.061,11371888.0,11375413.0,11374180.0
1787228749.284,11372011.0,11375385.0,11375269.0
1787228754.370,11372892.0,11375413.0,11374614.0
1787228759.416,11372680.0,11374905.0,11374787.0
1787228764.461,11376769.0,11377839.0,11377839.0
1787228769.547,11374480.0,11377425.0,11375685.0
1787228774.655,11373019.0,11374473.0,11375349.0
1787228780.016,11374717.0,11376207.0,11375176.0
1787228785.095,11371602.0,11372345.0,11374718.0
1787228790.166,11369999.0,11371161.0,11371601.0
1787228795.260,11370463.0,11371827.0,11371827.0
1787228800.305,11370139.0,11372854.0,11372453.0
1787228805.632,11371571.0,11374047.0,11373314.0
1787228810.699,11370404.0,11373159.0,11372741.0
1787228815.783,11369880.0,11372322.0,11372741.0
1787228820.852,11371680.0,11373784.0,11372352.0
1787228825.941,11375126.0,11376155.0,11375261.0
1787228830.994,11368329.0,11372477.0,11372606.0
1787228836.039,11372074.0,11374485.0,11372429.0
1787228841.100,11370844.0,11373830.0,11373319.0
1787228846.169,11370849.0,11373794.0,11373319.0
1787228851.246,11370278.0,11373070.0,11372510.0
1787228856.320,11376586.0,11377609.0,11374162.0
1787228861.403,11378756.0,11381136.0,11379504.0
1787228866.468,11377226.0,11379485.0,11378756.0
1787228871.559,11377265.0,11379949.0,11377857.0
1787228876.629,11377967.0,11379567.0,11378754.0
1787228881.705,11376686.0,11379706.0,11378754.0
1787228886.773,11373237.0,11377405.0,11375309.0
1787228891.840,11373631.0,11376409.0,11372543.0
1787228896.910,11373158.0,11375999.0,11372543.0
1787228901.977,11375350.0,11378897.0,11376679.0
1787228907.118,11375209.0,11377980.0,11376679.0
1787228912.206,11376234.0,11377608.0,11376679.0
1787228917.264,11375960.0,11379332.0,11377390.0
1787228922.310,11373323.0,11374642.0,11375020.0
1787228927.423,11371108.0,11372376.0,11372164.0
1787228932.511,11373560.0,11375035.0,11373729.0
1787228937.571,11371020.0,11373373.0,11371652.0
1787228942.613,11372765.0,11375627.0,11375666.0
1787228947.686,11374640.0,11376380.0,11375666.0
1787228952.773,11374876.0,11377602.0,11377606.0
1787228957.844,11373921.0,11377250.0,11377606.0
1787228962.931,11370992.0,11375501.0,11372734.0
1787228967.999,11373417.0,11375346.0,11372734.0
1787228973.095,11372066.0,11374688.0,11374680.0
1787228978.206,11372213.0,11376523.0,11373922.0
1787228983.259,11374662.0,11379954.0,11377365.0
1787228988.329,11373600.0,11375895.0,11374351.0
1787228993.395,11374298.0,11374493.0,11374297.0
1787228998.438,11373600.0,11374300.0,11374244.0
1787229003.502,11375898.0,11378115.0,11376532.0
1787229008.568,11376033.0,11378172.0,11376382.0
1787229013.627,11371153.0,11374742.0,11374724.0
1787229018.709,11371154.0,11373016.0,11374724.0
1787229023.775,11370455.0,11373988.0,11372846.0
1787229028.849,11368790.0,11370972.0,11369368.0
1787229033.914,11365854.0,11370103.0,11366231.0
1787229038.981,11374086.0,11377201.0,11376844.0
1787229044.064,11382484.0,11382915.0,11381780.0
1787229049.165,11385193.0,11387587.0,11386098.0
1787229054.299,11384838.0,11387587.0,11385799.0
1787229059.343,11386301.0,11387899.0,11389765.0
1787229064.487,11388548.0,11391539.0,11389407.0
1787229069.529,11391580.0,11395512.0,11391580.0
1787229074.572,11390204.0,11393680.0,11389937.0
1787229079.614,11396902.0,11397450.0,11397023.0
1787229084.698,11396588.0,11396850.0,11397151.0
1787229089.804,11397704.0,11399220.0,11396849.0
1787229094.877,11399534.0,11400000.0,11399920.0
1787229099.950,11401263.0,11403732.0,11402280.0
1787229105.016,11397801.0,11400559.0,11400000.0
1787229110.090,11389968.0,11392532.0,11392440.0
1787229115.206,11380228.0,11383216.0,11382740.0
1787229120.309,11386091.0,11386684.0,11385149.0
1787229125.375,11381889.0,11385083.0,11382583.0
1787229130.443,11376709.0,11378946.0,11376708.0
1787229135.483,11376885.0,11381403.0,11381299.0
1787229140.550,11379517.0,11380840.0,11381299.0
1787229145.602,11381633.0,11388203.0,11383693.0
1787229150.690,11385979.0,11388041.0,11384757.0
1787229155.761,11386673.0,11388612.0,11389273.0
1787229160.862,11384023.0,11385732.0,11384296.0
1787229165.924,11384030.0,11385387.0,11387061.0
1787229170.967,11382568.0,11383710.0,11383711.0
1787229176.035,11384567.0,11386988.0,11383710.0
1787229181.082,11384788.0,11387204.0,11383710.0
1787229186.158,11385042.0,11388744.0,11383710.0
1787229191.204,11386734.0,11388846.0,11387409.0
1787229196.276,11388476.0,11390380.0,11387409.0
1787229201.362,11388374.0,11390999.0,11387409.0
1787229206.435,11386072.0,11388369.0,11387762.0
1787229211.477,11384027.0,11386239.0,11385355.0
1787229216.533,11384126.0,11386761.0,11385355.0
1787229221.576,11382143.0,11383530.0,11384967.0
1787229226.645,11371631.0,11375951.0,11374501.0
1787229231.710,11372259.0,11376441.0,11375427.0
1787229236.774,11370756.0,11375920.0,11372259.0
1787229241.874,11376496.0,11377558.0,11376496.0
1787229246.951,11375391.0,11377000.0,11375389.0
1787229252.012,11375134.0,11376440.0,11377521.0
1787229257.077,11373668.0,11374670.0,11373579.0
1787229262.149,11372591.0,11373960.0,11373960.0
1787229267.219,11371710.0,11372770.0,11371710.0
1787229272.271,11372260.0,11372770.0,11372770.0
1787229277.317,11366799.0,11368978.0,11366175.0
1787229282.425,11364599.0,11366203.0,11366175.0
1787229287.466,11364610.0,11366441.0,11366175.0
1787229292.522,11367998.0,11369200.0,11369950.0
1787229297.567,11371437.0,11373649.0,11371410.0
1787229302.612,11373554.0,11376038.0,11373804.0
1787229307.656,11366931.0,11370711.0,11367017.0
1787229312.764,11366527.0,11367526.0,11372231.0
1787229317.863,11363279.0,11366258.0,11366175.0
1787229322.944,11363439.0,11366141.0,11364965.0
1787229328.036,11357162.0,11359790.0,11359868.0
1787229333.078,11360489.0,11363241.0,11362330.0
1787229338.142,11360544.0,11363757.0,11361591.0
1787229343.196,11360872.0,11362693.0,11361591.0
1787229348.241,11361678.0,11365848.0,11361591.0
1787229353.304,11361845.0,11364622.0,11363632.0
1787229358.352,11366187.0,11367976.0,11366001.0
1787229363.394,11365395.0,11368448.0,11366001.0
1787229368.442,11363806.0,11364619.0,11365753.0
1787229373.501,11363676.0,11367052.0,11365753.0
1787229378.542,11363677.0,11364617.0,11365753.0
1787229383.626,11361163.0,11362541.0,11362517.0
1787229388.688,11356219.0,11360741.0,11359326.0
1787229393.755,11358396.0,11362263.0,11359595.0
1787229398.831,11362007.0,11363850.0,11362598.0
1787229403.899,11361359.0,11363645.0,11362720.0
1787229408.975,11362403.0,11364642.0,11363848.0
1787229414.072,11363993.0,11368448.0,11365737.0
1787229419.145,11369507.0,11373548.0,11370717.0
1787229424.208,11367570.0,11370262.0,11368494.0
1787229429.289,11367997.0,11371562.0,11367959.0
1787229434.349,11366423.0,11368720.0,11366422.0
1787229439.430,11364933.0,11367934.0,11366422.0
1787229444.502,11366882.0,11369169.0,11367934.0
1787229449.577,11367978.0,11369364.0,11367978.0
1787229454.685,11365593.0,11368763.0,11365549.0
1787229459.765,11365801.0,11371306.0,11369230.0
1787229464.856,11374149.0,11376876.0,11378912.0
1787229469.920,11377125.0,11378680.0,11377142.0
1787229474.996,11376418.0,11378212.0,11377020.0
1787229480.073,11377335.0,11379466.0,11376686.0
1787229485.274,11369785.0,11370512.0,11371033.0
1787229490.419,11369537.0,11373604.0,11370795.0
1787229495.489,11370946.0,11373491.0,11370946.0
1787229500.579,11369863.0,11372717.0,11369943.0
1787229505.633,11370063.0,11372162.0,11370610.0
1787229510.776,11368337.0,11369985.0,11369985.0
1787229515.832,11367337.0,11369165.0,11368145.0
1787229520.898,11368505.0,11371126.0,11368392.0
1787229526.233,11367338.0,11371480.0,11368513.0
1787229531.283,11369099.0,11370840.0,11369123.0
1787229536.360,11369408.0,11372574.0,11370840.0
1787229541.403,11372019.0,11376036.0,11374197.0
1787229546.451,11368523.0,11370605.0,11370331.0
1787229551.537,11367782.0,11370206.0,11367694.0
1787229556.605,11369493.0,11372664.0,11370247.0
1787229561.724,11370067.0,11373827.0,11372657.0
1787229566.788,11368939.0,11371092.0,11371315.0
1787229571.863,11369071.0,11371090.0,11371315.0
1787229576.907,11369160.0,11372895.0,11371091.0
1787229581.956,11368684.0,11371816.0,11371103.0
1787229587.005,11371726.0,11374161.0,11368685.0
1787229592.157,11371973.0,11373837.0,11372763.0
1787229597.200,11373356.0,11375086.0,11371973.0
1787229602.261,11377616.0,11380364.0,11379559.0
1787229607.342,11377642.0,11379732.0,11379804.0
1787229612.385,11381542.0,11383527.0,11381667.0
1787229617.442,11383679.0,11385242.0,11382794.0
1787229622.545,11381601.0,11383510.0,11383300.0
1787229627.593,11384971.0,11387568.0,11387568.0
1787229632.739,11382712.0,11384589.0,11384589.0
1787229637.813,11384451.0,11386379.0,11384589.0
1787229642.907,11383955.0,11385349.0,11384589.0
1787229648.073,11380652.0,11384124.0,11382560.0
1787229653.257,11379797.0,11383526.0,11381903.0
1787229658.306,11382732.0,11385044.0,11384502.0
1787229663.346,11382890.0,11385044.0,11382890.0
1787229668.412,11382892.0,11385044.0,11382890.0
1787229673.474,11382890.0,11384694.0,11384975.0
1787229678.518,11379706.0,11381424.0,11381731.0
1787229683.598,11380968.0,11382788.0,11379859.0
1787229688.656,11382342.0,11384337.0,11382198.0
1787229693.719,11381565.0,11383542.0,11383603.0
1787229698.799,11383287.0,11384622.0,11383530.0
1787229703.877,11379642.0,11381363.0,11380434.0
1787229708.947,11375383.0,11377489.0,11379811.0
1787229713.990,11371531.0,11374090.0,11373267.0
1787229719.069,11373170.0,11375984.0,11374714.0
1787229724.330,11376840.0,11380930.0,11379064.0
1787229729.404,11374919.0,11376624.0,11379023.0
1787229734.472,11373721.0,11375602.0,11374850.0
1787229739.541,11374647.0,11376494.0,11375602.0
1787229744.605,11361987.0,11364479.0,11362975.0
1787229749.645,11362076.0,11362756.0,11361245.0
1787229754.735,11362220.0,11366766.0,11366080.0
1787229759.957,11365900.0,11367314.0,11366080.0
1787229765.012,11367264.0,11370708.0,11370815.0
1787229770.103,11367562.0,11369179.0,11370815.0
1787229775.192,11368278.0,11369179.0,11370815.0
1787229780.263,11367035.0,11368693.0,11367938.0
1787229785.328,11367940.0,11369179.0,11367938.0
1787229790.369,11365020.0,11365829.0,11369179.0
1787229795.409,11359551.0,11361979.0,11360177.0
1787229800.483,11359551.0,11361640.0,11360561.0
1787229805.549,11363106.0,11365963.0,11362188.0
1787229810.638,11361873.0,11362561.0,11358918.0
1787229815.819,11361596.0,11363343.0,11358918.0
1787229820.880,11360043.0,11364837.0,11365680.0
1787229825.943,11360760.0,11360832.0,11365680.0
1787229831.084,11357133.0,11359867.0,11358306.0
1787229836.130,11358427.0,11360155.0,11360077.0
1787229841.194,11357525.0,11360402.0,11358107.0
1787229846.240,11355570.0,11359773.0,11358580.0
1787229851.284,11354680.0,11357224.0,11355944.0
1787229856.356,11352780.0,11355361.0,11355361.0
1787229861.400,11348613.0,11350434.0,11349998.0
1787229866.469,11346027.0,11347482.0,11349998.0
1787229871.538,11348025.0,11349933.0,11347212.0
1787229876.581,11348970.0,11349998.0,11349998.0
1787229881.630,11352460.0,11352775.0,11352460.0
1787229886.697,11348380.0,11351017.0,11348380.0
1787229891.783,11349781.0,11351395.0,11349484.0
1787229896.866,11347940.0,11349540.0,11350136.0
1787229901.908,11348133.0,11350304.0,11350136.0
1787229906.984,11347447.0,11351884.0,11350136.0
1787229912.053,11349800.0,11350990.0,11349762.0
1787229917.133,11349731.0,11350990.0,11349762.0
1787229922.287,11347610.0,11350939.0,11349502.0
1787229927.356,11344580.0,11345300.0,11347570.0
1787229932.411,11344374.0,11346134.0,11344580.0
1787229937.467,11344423.0,11346131.0,11344580.0
1787229942.537,11344448.0,11347448.0,11344580.0
1787229947.583,11344374.0,11346280.0,11344374.0
1787229952.630,11347534.0,11349098.0,11349095.0
1787229957.729,11348002.0,11349425.0,11348002.0
1787229962.812,11350312.0,11352770.0,11350018.0
1787229967.926,11348650.0,11351210.0,11348029.0
1787229972.997,11349624.0,11352432.0,11350614.0
1787229978.083,11341565.0,11343974.0,11343067.0
1787229983.126,11343067.0,11344660.0,11343067.0
1787229988.166,11343067.0,11345132.0,11345135.0
1787229993.212,11343784.0,11345511.0,11345135.0
1787229998.279,11343725.0,11345025.0,11342654.0
1787230003.342,11341964.0,11343730.0,11342970.0
1787230008.385,11342728.0,11344185.0,11344717.0
1787230013.534,11342674.0,11344326.0,11342674.0
1787230019.819,11342654.0,11342800.0,11342654.0
1787230024.916,11344839.0,11345175.0,11344839.0
1787230029.987,11344839.0,11345347.0,11345347.0
1787230035.059,11345083.0,11346350.0,11345347.0
1787230040.166,11342999.0,11345928.0,11344774.0
1787230045.261,11342654.0,11344924.0,11344925.0
1787230050.327,11342654.0,11344490.0,11342654.0
1787230055.423,11342654.0,11344073.0,11342654.0
1787230060.467,11340757.0,11341670.0,11340757.0
1787230065.536,11341642.0,11341670.0,11341670.0
1787230070.650,11341173.0,11343160.0,11341976.0
1787230075.742,11340798.0,11343120.0,11340760.0
1787230080.809,11339417.0,11341427.0,11340757.0
1787230085.883,11335000.0,11335786.0,11336070.0
1787230090.952,11333600.0,11333746.0,11333750.0
1787230095.997,11329916.0,11331218.0,11330376.0
1787230101.060,11329185.0,11331162.0,11330616.0
1787230106.100,11328286.0,11330497.0,11329864.0
1787230111.140,11333667.0,11335439.0,11333241.0
1787230116.186,11341927.0,11343263.0,11341927.0
1787230121.232,11342299.0,11345550.0,11345561.0
1787230126.283,11336409.0,11341164.0,11337769.0
1787230131.327,11336793.0,11340913.0,11337769.0
1787230136.382,11337074.0,11341017.0,11337769.0
1787230141.449,11338740.0,11343222.0,11337950.0
1787230146.526,11339050.0,11343040.0,11337950.0
1787230151.614,11336821.0,11340479.0,11339118.0
1787230156.665,11337470.0,11341393.0,11340428.0
1787230161.751,11337782.0,11340220.0,11340428.0
1787230166.890,11339022.0,11341867.0,11342246.0
1787230171.982,11338055.0,11341021.0,11339606.0
1787230177.091,11335060.0,11337355.0,11335276.0
1787230182.156,11334520.0,11336425.0,11335276.0
1787230187.378,11334707.0,11337041.0,11334622.0
1787230192.439,11336262.0,11338286.0,11338286.0
1787230197.485,11336450.0,11337396.0,11338286.0
1787230202.530,11338949.0,11340309.0,11339338.0
1787230207.609,11341983.0,11342246.0,11339338.0
1787230212.651,11343220.0,11344131.0,11344036.0
1787230217.734,11343886.0,11345950.0,11343220.0
1787230222.821,11347582.0,11349494.0,11348346.0
1787230228.010,11347429.0,11351101.0,11349768.0
1787230233.057,11348120.0,11349767.0,11349768.0
1787230238.104,11349353.0,11350914.0,11350075.0
1787230243.295,11349048.0,11350947.0,11349060.0
1787230248.464,11347172.0,11350295.0,11349048.0
1787230253.546,11350349.0,11352030.0,11352030.0
1787230258.597,11355416.0,11357150.0,11355416.0
1787230263.710,11361798.0,11364176.0,11360265.0
1787230268.773,11363696.0,11364174.0,11363613.0
1787230273.834,11363613.0,11364307.0,11368417.0
1787230278.906,11365211.0,11367299.0,11368885.0
1787230283.975,11362088.0,11364904.0,11363691.0
1787230289.039,11361382.0,11366848.0,11361430.0
1787230294.113,11364146.0,11366945.0,11363926.0
1787230299.221,11362535.0,11365643.0,11362517.0
1787230304.383,11362726.0,11364615.0,11362517.0
1787230309.445,11363467.0,11367418.0,11366193.0
1787230314.487,11365647.0,11368424.0,11364009.0
1787230319.555,11365090.0,11367418.0,11364009.0
1787230324.597,11366365.0,11369856.0,11370018.0
1787230329.647,11367903.0,11371168.0,11369083.0
1787230334.716,11366550.0,11371378.0,11369083.0
1787230339.802,11366014.0,11369439.0,11369083.0
1787230344.869,11370823.0,11371950.0,11369530.0
1787230350.102,11370823.0,11371950.0,11369530.0
1787230355.173,11374439.0,11375676.0,11375555.0
1787230360.315,11372290.0,11376573.0,11374171.0
1787230365.382,11378032.0,11378036.0,11378035.0
1787230370.533,11375050.0,11378811.0,11376836.0
1787230375.606,11376704.0,11378931.0,11376836.0
1787230380.692,11374621.0,11376836.0,11376836.0
1787230385.766,11375005.0,11378091.0,11376836.0
1787230390.853,11377805.0,11378932.0,11376836.0
1787230395.970,11377172.0,11380147.0,11378932.0
1787230401.033,11370561.0,11373907.0,11371382.0
1787230406.078,11373331.0,11374847.0,11373368.0
1787230411.115,11375907.0,11377342.0,11377342.0
1787230416.194,11378145.0,11378175.0,11378175.0
1787230421.453,11376382.0,11379999.0,11377752.0
1787230426.490,11378829.0,11380000.0,11375584.0
1787230431.895,11377202.0,11378871.0,11380237.0
1787230436.970,11374050.0,11377945.0,11376370.0
1787230442.060,11376000.0,11378288.0,11376370.0
1787230447.147,11371700.0,11374811.0,11373338.0
1787230452.233,11373299.0,11377810.0,11376134.0
1787230457.338,11375199.0,11377951.0,11377856.0
1787230462.396,11377054.0,11377951.0,11377951.0
1787230467.439,11377435.0,11377951.0,11377951.0
1787230472.485,11375690.0,11377951.0,11377951.0
1787230477.634,11377186.0,11377951.0,11377951.0
1787230495.183,11380583.0,11383594.0,11381432.0
1787230500.356,11380665.0,11384203.0,11381432.0
1787230505.397,11380737.0,11383061.0,11381432.0
1787230510.467,11378598.0,11380908.0,11380477.0
1787230515.537,11378033.0,11381463.0,11380477.0
1787230520.577,11378790.0,11380477.0,11380477.0
1787230525.618,11379453.0,11380477.0,11380477.0
1787230530.655,11379457.0,11380477.0,11379455.0
1787230535.736,11378830.0,11380477.0,11380477.0
1787230541.101,11379040.0,11380477.0,11380477.0
1787230546.160,11380442.0,11380477.0,11380477.0
1787230551.202,11380598.0,11380790.0,11380905.0
1787230556.242,11380086.0,11381914.0,11380905.0
1787230561.279,11380395.0,11384981.0,11384981.0
1787230566.349,11382674.0,11384981.0,11380398.0
1787230571.389,11383302.0,11385346.0,11384036.0
1787230576.430,11381394.0,11384172.0,11382806.0
1787230581.477,11382136.0,11384436.0,11382806.0
1787230586.581,11382321.0,11386157.0,11382806.0
1787230591.881,11382998.0,11386651.0,11382364.0
1787230596.948,11382383.0,11385627.0,11382364.0
1787230602.024,11382968.0,11386203.0,11386203.0
1787230607.081,11383832.0,11386832.0,11386729.0
1787230612.154,11386416.0,11389490.0,11389010.0
1787230617.229,11388126.0,11390364.0,11389297.0
1787230622.286,11391473.0,11392935.0,11392441.0
1787230627.354,11387135.0,11388543.0,11388482.0
1787230632.429,11387135.0,11388403.0,11387135.0
1787230637.505,11386267.0,11389072.0,11388403.0
1787230642.547,11389975.0,11391768.0,11390762.0
1787230647.588,11389015.0,11391543.0,11390762.0
1787230652.626,11388676.0,11391222.0,11390762.0
1787230657.666,11388966.0,11390611.0,11391447.0
1787230662.764,11388546.0,11391457.0,11391457.0
1787230667.839,11387834.0,11390984.0,11390238.0
1787230672.927,11386735.0,11390055.0,11390238.0
1787230677.991,11383778.0,11386889.0,11386734.0
1787230683.064,11384994.0,11386887.0,11386734.0
1787230688.128,11384514.0,11385400.0,11384021.0
1787230693.277,11383287.0,11384958.0,11384021.0
1787230698.316,11382401.0,11386469.0,11384879.0
1787230703.375,11383621.0,11387829.0,11384879.0
1787230708.410,11384786.0,11389829.0,11390296.0
1787230713.454,11388906.0,11389829.0,11387970.0
1787230718.517,11388919.0,11389829.0,11389712.0
1787230723.557,11389055.0,11390691.0,11389712.0
1787230728.618,11389055.0,11390421.0,11389712.0
1787230733.687,11387071.0,11389900.0,11389055.0
1787230738.761,11384455.0,11386987.0,11385806.0
1787230743.822,11382582.0,11388856.0,11386005.0
1787230748.891,11382849.0,11385036.0,11383677.0
1787230753.951,11382176.0,11384327.0,11383677.0
1787230759.072,11385589.0,11388590.0,11387488.0
1787230764.134,11386754.0,11388811.0,11386225.0
1787230769.190,11387106.0,11388962.0,11387106.0
1787230774.252,11387142.0,11388962.0,11387106.0
1787230779.297,11387597.0,11389595.0,11387605.0
1787230784.365,11388864.0,11390613.0,11387605.0
1787230789.474,11388222.0,11390723.0,11387605.0
1787230794.532,11388799.0,11390621.0,11387605.0
1787230799.596,11389448.0,11391408.0,11391447.0
1787230804.635,11390833.0,11392769.0,11392769.0
1787230809.678,11386827.0,11388658.0,11388051.0
1787230814.742,11388439.0,11390047.0,11387999.0
1787230819.784,11381501.0,11385580.0,11384651.0
1787230824.955,11381423.0,11384265.0,11384651.0
1787230830.046,11381196.0,11383016.0,11384651.0
1787230835.151,11383314.0,11386805.0,11385266.0
1787230840.389,11383199.0,11386730.0,11385266.0
1787230845.437,11381190.0,11386033.0,11385266.0
1787230850.496,11381636.0,11385438.0,11385601.0
1787230855.556,11381189.0,11384223.0,11381641.0
1787230860.641,11379169.0,11383629.0,11381189.0
1787230865.708,11380499.0,11382996.0,11381189.0
1787230870.769,11383534.0,11383958.0,11386846.0
1787230875.831,11383710.0,11385522.0,11383534.0
1787230880.893,11385921.0,11388669.0,11387005.0
1787230885.956,11386361.0,11387005.0,11387005.0
1787230891.035,11383505.0,11385063.0,11385320.0
1787230896.098,11383851.0,11385567.0,11385600.0
1787230901.192,11383477.0,11384653.0,11385337.0
1787230906.286,11383477.0,11385316.0,11385337.0
1787230911.321,11383165.0,11383743.0,11383165.0
1787230916.358,11382633.0,11383125.0,11383165.0
1787230921.401,11379736.0,11381661.0,11381629.0
1787230926.443,11378407.0,11384051.0,11381628.0
1787230931.480,11380461.0,11383880.0,11383880.0
1787230936.521,11381343.0,11384413.0,11384767.0
1787230941.560,11382600.0,11384187.0,11382600.0
1787230946.600,11382604.0,11385230.0,11382600.0
1787230951.643,11384100.0,11387005.0,11387005.0
1787230956.778,11384444.0,11387004.0,11385212.0
1787230961.838,11385000.0,11387004.0,11386117.0
1787230966.926,11385526.0,11389685.0,11388778.0
1787230972.022,11387405.0,11389598.0,11388778.0
1787230977.089,11386649.0,11389174.0,11387406.0
1787230982.262,11386335.0,11389171.0,11387406.0
1787230987.333,11386641.0,11390087.0,11387406.0
1787230992.393,11388859.0,11392194.0,11390201.0
1787230997.473,11392837.0,11395900.0,11396849.0
1787231002.514,11393855.0,11396849.0,11393700.0
1787231007.578,11388323.0,11392376.0,11390891.0
1787231012.633,11387054.0,11392891.0,11390951.0
1787231017.674,11388756.0,11390752.0,11390951.0
1787231022.742,11388054.0,11390369.0,11390852.0
1787231027.804,11388473.0,11391789.0,11388589.0
1787231032.869,11393657.0,11394693.0,11396000.0
1787231037.929,11393950.0,11395996.0,11396000.0
1787231043.004,11395461.0,11396849.0,11396849.0
1787231048.046,11395889.0,11397935.0,11396849.0
1787231053.106,11398558.0,11401048.0,11400000.0
1787231058.181,11398028.0,11400000.0,11400000.0
1787231063.251,11394973.0,11400986.0,11398356.0
1787231068.314,11396738.0,11397940.0,11397772.0
1787231073.382,11394933.0,11396960.0,11395890.0
1787231078.453,11391511.0,11394582.0,11392979.0
1787231083.557,11387870.0,11390390.0,11387865.0
1787231088.635,11388280.0,11390191.0,11389850.0
1787231093.712,11389947.0,11391065.0,11391065.0
1787231098.809,11388532.0,11392141.0,11390874.0
1787231103.877,11391487.0,11393952.0,11390874.0
1787231109.016,11391203.0,11393901.0,11390874.0
1787231114.126,11390563.0,11393005.0,11390874.0
1787231119.172,11391972.0,11394890.0,11393029.0
1787231124.243,11389887.0,11393011.0,11393029.0
1787231129.315,11392335.0,11394820.0,11393844.0
1787231134.354,11394965.0,11396566.0,11394890.0
1787231139.392,11394637.0,11396751.0,11393966.0
1787231144.430,11392172.0,11393611.0,11392385.0
1787231149.526,11394400.0,11399000.0,11396506.0
1787231154.567,11394205.0,11398825.0,11396506.0
1787231159.631,11395548.0,11398260.0,11396506.0
1787231165.237,11393482.0,11394875.0,11394724.0
1787231170.329,11395742.0,11397819.0,11396013.0
1787231175.384,11396712.0,11398967.0,11397533.0
1787231180.446,11398688.0,11400829.0,11400915.0
1787231185.507,11397854.0,11401508.0,11400573.0
1787231190.574,11396135.0,11396604.0,11399319.0
1787231195.952,11392633.0,11394873.0,11396135.0
1787231201.278,11390952.0,11393434.0,11391711.0
1787231206.316,11393192.0,11394860.0,11391711.0
1787231211.356,11392867.0,11395433.0,11391711.0
1787231216.393,11392982.0,11394920.0,11391711.0
1787231221.597,11393379.0,11394857.0,11394919.0
1787231226.636,11392547.0,11395302.0,11393888.0
1787231231.703,11394693.0,11396507.0,11394625.0
1787231236.850,11393717.0,11396325.0,11394625.0
1787231241.916,11394261.0,11395919.0,11394625.0
1787231247.121,11396593.0,11399317.0,11399317.0
1787231252.182,11395488.0,11398352.0,11396749.0
1787231257.221,11398320.0,11401120.0,11399317.0
1787231262.310,11397696.0,11400908.0,11399317.0
1787231267.375,11397864.0,11400635.0,11399317.0
1787231272.430,11401085.0,11402367.0,11402367.0
1787231277.488,11402768.0,11404316.0,11402367.0
1787231282.525,11397796.0,11400511.0,11397796.0
1787231287.573,11394529.0,11398876.0,11395626.0
1787231292.807,11398731.0,11401744.0,11398572.0
1787231297.869,11400338.0,11402742.0,11401682.0
1787231302.926,11400106.0,11401743.0,11400139.0
1787231307.991,11398225.0,11400875.0,11399666.0
1787231313.031,11401290.0,11404172.0,11402238.0
1787231318.234,11401781.0,11404317.0,11401252.0
1787231323.295,11401500.0,11402818.0,11401337.0
1787231328.464,11401799.0,11403353.0,11401944.0
1787231333.547,11400659.0,11403816.0,11403353.0
1787231338.599,11400001.0,11403029.0,11401757.0
1787231343.637,11405331.0,11406987.0,11405817.0
1787231348.702,11406255.0,11407723.0,11405405.0
1787231353.766,11406965.0,11408328.0,11408328.0
1787231358.825,11401920.0,11404626.0,11403341.0
1787231363.888,11404660.0,11406847.0,11405992.0
1787231368.942,11403571.0,11405605.0,11405992.0
1787231374.013,11407957.0,11410476.0,11409536.0
1787231379.096,11405151.0,11407228.0,11405608.0
1787231384.321,11405223.0,11407542.0,11406468.0
1787231389.380,11404147.0,11405704.0,11406468.0
1787231394.419,11394629.0,11399631.0,11397497.0
1787231399.457,11394844.0,11398480.0,11399598.0
1787231404.494,11393608.0,11396488.0,11394327.0
1787231409.585,11393778.0,11395800.0,11393618.0
1787231414.651,11393785.0,11395782.0,11395782.0
1787231419.714,11393111.0,11394914.0,11394596.0
1787231424.769,11393054.0,11394245.0,11394596.0
1787231429.830,11391772.0,11395543.0,11394221.0
1787231434.895,11391586.0,11393521.0,11394221.0
1787231439.955,11390914.0,11392304.0,11391586.0
1787231445.014,11390626.0,11393360.0,11391586.0
1787231450.079,11386626.0,11388127.0,11387022.0
1787231455.138,11389926.0,11390956.0,11391539.0
1787231460.220,11388304.0,11393022.0,11391539.0
1787231465.268,11388605.0,11389691.0,11389908.0
1787231470.327,11389310.0,11391132.0,11389908.0
1787231475.389,11387986.0,11390482.0,11388784.0
1787231480.449,11387022.0,11389801.0,11388471.0
1787231485.498,11391963.0,11394109.0,11394116.0
1787231490.579,11390834.0,11393157.0,11388554.0
1787231495.646,11390649.0,11392697.0,11388554.0
1787231500.723,11388344.0,11392121.0,11388554.0
1787231505.788,11388535.0,11391864.0,11388221.0
1787231510.849,11389830.0,11392680.0,11394071.0
1787231515.935,11389109.0,11392621.0,11394071.0
1787231521.023,11389475.0,11393170.0,11392621.0
1787231526.085,11390250.0,11394575.0,11392621.0
1787231531.153,11390846.0,11395103.0,11392621.0
1787231536.210,11392253.0,11395103.0,11392621.0
1787231541.269,11391250.0,11395103.0,11392621.0
1787231546.325,11391838.0,11395821.0,11395103.0
1787231551.366,11392787.0,11396547.0,11392749.0
1787231556.407,11392802.0,11395778.0,11392749.0
1787231561.473,11392821.0,11395631.0,11392749.0
1787231566.515,11392832.0,11396019.0,11392749.0
1787231571.554,11395238.0,11398364.0,11397106.0
1787231576.613,11393998.0,11398112.0,11397106.0
1787231581.650,11394177.0,11396569.0,11397310.0
1787231586.717,11395924.0,11397923.0,11396102.0
1787231591.784,11394360.0,11397805.0,11396102.0
1787231596.846,11395724.0,11397434.0,11396102.0
1787231601.882,11395675.0,11397644.0,11396102.0
1787231606.942,11396182.0,11397992.0,11396102.0
1787231611.982,11396480.0,11397679.0,11397023.0
1787231617.020,11396467.0,11398276.0,11396480.0
1787231622.079,11395940.0,11398138.0,11398276.0
1787231627.143,11396516.0,11398138.0,11396516.0
1787231632.183,11396839.0,11398660.0,11396516.0
1787231637.259,11396451.0,11398301.0,11396516.0
1787231642.299,11395825.0,11398358.0,11396516.0
1787231647.378,11396353.0,11397749.0,11397701.0
1787231652.441,11396530.0,11398172.0,11396627.0
1787231657.482,11399426.0,11401481.0,11400493.0
1787231662.559,11395467.0,11396809.0,11396809.0
1787231667.600,11398875.0,11401228.0,11398410.0
1787231672.640,11399581.0,11401332.0,11398410.0
1787231677.714,11398758.0,11401332.0,11398410.0
1787231682.775,11399628.0,11401251.0,11398410.0
1787231687.835,11401969.0,11403262.0,11401373.0
1787231692.902,11403004.0,11404494.0,11403919.0
1787231697.954,11403098.0,11405757.0,11405125.0
1787231703.019,11396925.0,11399456.0,11400366.0
1787231708.082,11398038.0,11399461.0,11399461.0
1787231713.121,11401500.0,11402200.0,11402200.0
1787231718.160,11400871.0,11402155.0,11398556.0
1787231723.231,11400854.0,11402155.0,11398556.0
1787231728.294,11400855.0,11401974.0,11398556.0
1787231733.357,11398062.0,11400770.0,11398597.0
1787231738.474,11398081.0,11400339.0,11398597.0
1787231743.517,11398496.0,11400300.0,11398597.0
1787231748.561,11398604.0,11400300.0,11401076.0
1787231753.604,11399178.0,11400295.0,11401063.0
1787231758.648,11399316.0,11400555.0,11400295.0
1787231763.707,11397788.0,11399687.0,11400490.0
1787231768.783,11397728.0,11399443.0,11400490.0
1787231773.874,11395789.0,11397764.0,11397597.0
1787231778.936,11396613.0,11399844.0,11397215.0
1787231783.996,11396735.0,11397939.0,11397215.0
1787231789.055,11396799.0,11399615.0,11397644.0
1787231794.098,11397325.0,11398849.0,11397644.0
1787231799.154,11394943.0,11397125.0,11397324.0
1787231804.220,11394444.0,11396172.0,11394943.0
1787231809.287,11394472.0,11396446.0,11396418.0
1787231814.329,11394444.0,11395936.0,11396418.0
1787231819.472,11394465.0,11395958.0,11395498.0
1787231824.510,11395679.0,11398509.0,11396595.0
1787231829.554,11395489.0,11396821.0,11395489.0
1787231834.615,11394402.0,11396681.0,11395489.0
1787231839.672,11394606.0,11397651.0,11395489.0
1787231844.735,11394846.0,11397548.0,11394846.0
1787231849.798,11394254.0,11396899.0,11395607.0
1787231854.838,11393298.0,11395061.0,11396233.0
1787231859.886,11394408.0,11394967.0,11394013.0
1787231864.930,11393409.0,11394370.0,11394370.0
1787231869.999,11391750.0,11393530.0,11391752.0
1787231875.043,11391698.0,11393536.0,11393536.0
1787231880.086,11391698.0,11394261.0,11393396.0
1787231885.131,11392027.0,11393511.0,11393208.0
1787231890.173,11392036.0,11393959.0,11393208.0
1787231895.241,11391706.0,11393472.0,11392045.0
1787231900.319,11391704.0,11394408.0,11392718.0
1787231905.379,11389918.0,11393012.0,11391698.0
1787231910.413,11389883.0,11390364.0,11391207.0
1787231915.457,11388512.0,11389994.0,11389883.0
1787231920.522,11390602.0,11393353.0,11390290.0
1787231925.558,11390580.0,11391183.0,11390290.0
1787231930.619,11390580.0,11391528.0,11389831.0
1787231935.687,11393468.0,11395201.0,11394408.0
1787231940.777,11393240.0,11395822.0,11394408.0
1787231945.843,11392541.0,11395144.0,11394408.0
1787231950.900,11391725.0,11394408.0,11394408.0
1787231955.999,11392054.0,11394145.0,11394408.0
1787231961.088,11391689.0,11392434.0,11392178.0
1787231966.132,11387151.0,11388483.0,11390000.0
1787231971.171,11386995.0,11391424.0,11388835.0
1787231976.239,11386388.0,11388856.0,11388835.0
1787231981.309,11378400.0,11382332.0,11381037.0
1787231986.373,11379753.0,11382250.0,11384420.0
1787231991.410,11381911.0,11385361.0,11380909.0
1787231996.472,11384271.0,11386126.0,11380909.0
1787232001.530,11381983.0,11383911.0,11383876.0
1787232006.577,11382029.0,11384205.0,11381988.0
1787232011.614,11384300.0,11385977.0,11384205.0
1787232016.650,11385330.0,11387691.0,11386048.0
1787232021.706,11386164.0,11387691.0,11386048.0
1787232026.770,11388311.0,11390111.0,11389652.0
1787232031.860,11390543.0,11392073.0,11390112.0
1787232036.933,11388386.0,11392937.0,11390574.0
1787232042.003,11391508.0,11394644.0,11394064.0
1787232047.064,11392070.0,11394646.0,11394064.0
1787232052.121,11389918.0,11393470.0,11394064.0
1787232057.175,11390391.0,11393748.0,11394064.0
1787232062.212,11390530.0,11393747.0,11393885.0
1787232067.278,11389466.0,11393350.0,11393885.0
1787232072.322,11392821.0,11396298.0,11394000.0
1787232077.388,11394759.0,11398447.0,11396921.0
1787232082.424,11395056.0,11398607.0,11396627.0
1787232087.487,11391086.0,11395656.0,11393822.0
1787232092.525,11392617.0,11395369.0,11393822.0
1787232097.564,11393541.0,11396626.0,11395272.0
1787232102.608,11391560.0,11392244.0,11395272.0
1787232107.644,11391462.0,11394374.0,11395272.0
1787232112.708,11390336.0,11391405.0,11391462.0
1787232117.747,11391904.0,11393515.0,11391462.0
1787232123.038,11390409.0,11392169.0,11393732.0
1787232128.095,11390818.0,11392576.0,11391201.0
1787232133.142,11390283.0,11392642.0,11390570.0
1787232138.188,11389638.0,11391462.0,11391462.0
1787232143.226,11389071.0,11392915.0,11388924.0
1787232148.290,11388132.0,11390033.0,11380354.0
1787232153.440,11387860.0,11390655.0,11389109.0
1787232158.744,11387969.0,11390697.0,11390698.0
1787232163.860,11387894.0,11390698.0,11390698.0
1787232168.920,11387940.0,11392698.0,11390967.0
1787232174.019,11389517.0,11392551.0,11391316.0
1787232179.136,11389691.0,11393389.0,11393658.0
1787232184.214,11389655.0,11392779.0,11393658.0
1787232189.280,11389678.0,11392527.0,11393658.0
1787232194.338,11390439.0,11394678.0,11393277.0
1787232199.407,11389663.0,11393707.0,11393277.0
1787232204.502,11390168.0,11392176.0,11393277.0
1787232209.576,11379802.0,11381293.0,11383020.0
1787232214.613,11381581.0,11383032.0,11381845.0
1787232219.658,11381616.0,11383928.0,11383033.0
1787232224.706,11382511.0,11384960.0,11384004.0
1787232229.767,11383650.0,11384880.0,11384880.0
1787232234.851,11387180.0,11389940.0,11388962.0
1787232239.899,11391922.0,11392434.0,11392602.0
1787232244.963,11391971.0,11393667.0,11392602.0
1787232250.029,11392722.0,11394510.0,11392350.0
1787232255.087,11394310.0,11394530.0,11394250.0
1787232260.124,11398171.0,11399900.0,11397521.0
1787232265.183,11397733.0,11398259.0,11397733.0
1787232270.251,11397350.0,11398113.0,11397350.0
1787232275.299,11397350.0,11398026.0,11397350.0
1787232280.354,11397350.0,11397830.0,11397350.0
1787232285.426,11397450.0,11397830.0,11397350.0
1787232290.464,11397067.0,11398735.0,11397830.0
1787232295.524,11395003.0,11397226.0,11396981.0
1787232300.588,11395350.0,11397182.0,11394999.0
1787232305.627,11376560.0,11380476.0,11380476.0
1787232310.692,11375112.0,11377390.0,11376754.0
1787232315.759,11381140.0,11382168.0,11381425.0
1787232320.817,11382750.0,11384457.0,11383227.0
1787232325.891,11378854.0,11381929.0,11380559.0
1787232330.953,11377715.0,11382547.0,11381165.0
1787232336.027,11381396.0,11384575.0,11385713.0
1787232341.151,11381455.0,11387408.0,11381455.0
1787232346.213,11382268.0,11385390.0,11385488.0
1787232351.275,11382358.0,11385337.0,11385338.0
1787232356.350,11384206.0,11387593.0,11385540.0
1787232361.396,11385742.0,11387583.0,11385540.0
1787232366.456,11390786.0,11391725.0,11390786.0
1787232371.493,11389880.0,11391044.0,11389880.0
1787232376.550,11388118.0,11389875.0,11389880.0
1787232381.591,11386080.0,11387604.0,11387049.0
1787232386.631,11386080.0,11386878.0,11386080.0
1787232391.677,11383369.0,11385941.0,11384017.0
1787232396.744,11381856.0,11385946.0,11386377.0
1787232401.838,11380770.0,11382966.0,11381856.0
1787232406.900,11382821.0,11384555.0,11382860.0
1787232411.953,11381710.0,11384452.0,11382982.0
1787232417.020,11382096.0,11384144.0,11382810.0
1787232422.058,11381865.0,11386400.0,11384144.0
1787232427.106,11385680.0,11387351.0,11386416.0
1787232432.166,11387401.0,11388954.0,11386777.0
1787232437.213,11388696.0,11392476.0,11391914.0
1787232442.250,11388502.0,11392330.0,11389188.0
1787232447.294,11383839.0,11389648.0,11387364.0
1787232452.334,11386149.0,11390012.0,11388920.0
1787232457.393,11390106.0,11391628.0,11391271.0
1787232462.434,11384770.0,11386363.0,11387564.0
1787232467.478,11384054.0,11387411.0,11386363.0
1787232472.521,11383964.0,11386629.0,11383459.0
1787232477.560,11386005.0,11389122.0,11386867.0
1787232482.604,11385528.0,11388164.0,11386867.0
1787232487.649,11387579.0,11389612.0,11388259.0
1787232492.712,11389281.0,11392228.0,11389612.0
1787232497.791,11388988.0,11391974.0,11389612.0
1787232502.858,11388987.0,11391972.0,11389612.0
1787232507.926,11389570.0,11391575.0,11389612.0
1787232512.992,11389776.0,11391575.0,11389776.0
1787232518.050,11389776.0,11390857.0,11391567.0
1787232523.112,11382930.0,11382938.0,11384686.0
1787232528.171,11382976.0,11385206.0,11385066.0
1787232533.236,11385055.0,11387887.0,11385206.0
1787232538.312,11382930.0,11384793.0,11385206.0
1787232543.349,11381721.0,11384004.0,11381792.0
1787232548.419,11385347.0,11388312.0,11384004.0
1787232553.454,11386569.0,11389791.0,11384004.0
1787232558.498,11386852.0,11389899.0,11384004.0
1787232563.621,11386377.0,11389016.0,11386575.0
1787232568.662,11386961.0,11388773.0,11388502.0
1787232573.720,11393577.0,11395078.0,11393709.0
1787232578.779,11393713.0,11395717.0,11393709.0
1787232583.816,11392617.0,11396627.0,11393709.0
1787232588.880,11391528.0,11396752.0,11393709.0
1787232593.945,11391358.0,11395840.0,11391326.0
1787232599.010,11391130.0,11393280.0,11391326.0
1787232604.074,11380273.0,11384602.0,11383766.0
1787232609.153,11371000.0,11374469.0,11374472.0
1787232614.193,11365002.0,11368467.0,11368467.0
1787232619.252,11362063.0,11364412.0,11366100.0
1787232624.311,11357834.0,11361671.0,11362784.0
1787232629.370,11363224.0,11368017.0,11359674.0
1787232634.442,11359790.0,11362641.0,11361330.0
1787232639.497,11353878.0,11360201.0,11359992.0
1787232644.552,11357232.0,11360194.0,11359992.0
1787232649.612,11353204.0,11357186.0,11354150.0
1787232654.669,11344513.0,11344628.0,11345108.0
1787232659.729,11349361.0,11353153.0,11345236.0
1787232664.792,11359439.0,11359519.0,11360655.0
1787232669.870,11355678.0,11359452.0,11358608.0
1787232674.924,11347693.0,11355975.0,11351309.0
1787232680.001,11342167.0,11344154.0,11345288.0
1787232685.069,11342554.0,11345824.0,11339095.0
1787232690.127,11335077.0,11338484.0,11334922.0
1787232695.198,11331407.0,11332405.0,11332550.0
1787232700.258,11326977.0,11333142.0,11330221.0
1787232705.325,11327460.0,11330616.0,11328512.0
1787232710.365,11330015.0,11331763.0,11330473.0
1787232715.444,11320888.0,11325996.0,11325605.0
1787232720.485,11322490.0,11325794.0,11323028.0
1787232725.555,11326857.0,11331061.0,11329118.0
1787232730.611,11325529.0,11327772.0,11328906.0
1787232735.681,11341685.0,11347106.0,11341685.0
1787232740.747,11343055.0,11343103.0,11343055.0
1787232745.805,11337271.0,11342263.0,11340040.0
1787232750.842,11342491.0,11343650.0,11342491.0
1787232755.905,11345154.0,11348799.0,11346088.0
1787232760.949,11349070.0,11352855.0,11348581.0
1787232766.006,11345824.0,11349922.0,11345976.0
1787232771.074,11346051.0,11350825.0,11345835.0
1787232776.144,11339415.0,11343670.0,11341092.0
1787232781.183,11342466.0,11345415.0,11341092.0
1787232786.243,11338450.0,11342658.0,11341306.0
1787232791.323,11339622.0,11345462.0,11343260.0
1787232796.396,11345096.0,11354418.0,11354766.0
1787232801.434,11341092.0,11343619.0,11341058.0
1787232806.500,11341770.0,11348101.0,11343354.0
1787232811.542,11341612.0,11344896.0,11344261.0
1787232816.580,11340729.0,11343362.0,11340728.0
1787232821.663,11341210.0,11344251.0,11344743.0
1787232826.772,11340810.0,11343023.0,11340810.0
1787232831.832,11337834.0,11340908.0,11338596.0
1787232836.873,11339660.0,11343289.0,11340595.0
1787232841.926,11345824.0,11348990.0,11346680.0
1787232846.993,11350058.0,11352330.0,11350000.0
1787232852.090,11345918.0,11349334.0,11346481.0
1787232857.150,11343617.0,11348713.0,11344152.0
1787232862.187,11338958.0,11342463.0,11340029.0
1787232867.252,11339362.0,11345328.0,11340152.0
1787232872.312,11339428.0,11343211.0,11340152.0
1787232877.395,11330195.0,11332582.0,11333159.0
1787232882.436,11330746.0,11338176.0,11335480.0
1787232887.473,11322003.0,11327284.0,11326907.0
1787232892.553,11327076.0,11331478.0,11329850.0
1787232897.621,11328287.0,11330652.0,11329850.0
1787232902.687,11325846.0,11329589.0,11327489.0
1787232907.757,11326635.0,11330253.0,11327533.0
1787232912.798,11324573.0,11328249.0,11325412.0
1787232917.856,11332965.0,11340961.0,11337102.0
1787232922.896,11335372.0,11339854.0,11333025.0
1787232927.964,11336064.0,11340014.0,11337679.0
1787232933.023,11332138.0,11337741.0,11332583.0
1787232938.084,11339034.0,11341753.0,11338777.0
1787232943.162,11337105.0,11339032.0,11339034.0
1787232948.252,11334985.0,11335994.0,11334985.0
1787232953.312,11336783.0,11337776.0,11335693.0
1787232958.368,11333318.0,11335483.0,11334659.0
1787232963.410,11340938.0,11344621.0,11341600.0
1787232968.451,11333318.0,11339408.0,11336110.0
1787232973.509,11325814.0,11329695.0,11330012.0
1787232978.565,11331206.0,11335047.0,11334384.0
1787232983.603,11329317.0,11335454.0,11331947.0
1787232988.659,11327575.0,11330911.0,11329188.0
1787232993.744,11325800.0,11330489.0,11327920.0
1787232998.804,11322000.0,11326175.0,11322997.0
1787233003.868,11321734.0,11323492.0,11323472.0
1787233008.937,11321452.0,11322784.0,11323472.0
1787233013.976,11303443.0,11307288.0,11307707.0
1787233019.031,11284573.0,11289421.0,11287925.0
1787233024.226,11283707.0,11285036.0,11284610.0
1787233032.219,11275566.0,11281630.0,11280914.0
1787233037.259,11276286.0,11283596.0,11278805.0
1787233042.319,11276277.0,11283538.0,11284585.0
1787233047.357,11279004.0,11281212.0,11276963.0
1787233052.395,11276678.0,11280573.0,11278345.0
1787233057.440,11277146.0,11280265.0,11276636.0
1787233062.504,11280161.0,11285243.0,11284310.0
1787233067.544,11282876.0,11284621.0,11282158.0
1787233072.583,11285098.0,11286011.0,11285054.0
1787233077.621,11280847.0,11285473.0,11279973.0
1787233082.664,11283294.0,11284850.0,11283574.0
1787233087.776,11286991.0,11293157.0,11288982.0
1787233092.842,11288353.0,11293637.0,11290369.0
1787233097.971,11294483.0,11295006.0,11293601.0
1787233103.030,11299044.0,11300592.0,11300592.0
1787233108.094,11300204.0,11301153.0,11298101.0
1787233113.154,11285655.0,11289313.0,11286766.0
1787233118.193,11284554.0,11288385.0,11284928.0
1787233123.253,11288616.0,11290942.0,11289180.0
1787233128.474,11289867.0,11293329.0,11287956.0
1787233133.532,11288645.0,11292576.0,11289071.0
1787233138.596,11289026.0,11293069.0,11289071.0
1787233143.634,11292020.0,11295962.0,11294676.0
1787233148.707,11296806.0,11303688.0,11300788.0
1787233153.761,11297376.0,11300316.0,11297192.0
1787233158.821,11301560.0,11301918.0,11297348.0
1787233163.900,11298553.0,11304560.0,11299838.0
1787233168.962,11294403.0,11300893.0,11296160.0
1787233174.022,11294403.0,11297722.0,11295643.0
1787233179.111,11292316.0,11296512.0,11292155.0
1787233184.154,11293740.0,11297567.0,11298774.0
1787233189.286,11295618.0,11298662.0,11298774.0
1787233194.363,11298395.0,11306324.0,11304379.0
1787233199.419,11299224.0,11302386.0,11304379.0
1787233204.487,11297327.0,11297862.0,11297910.0
1787233209.558,11292616.0,11295643.0,11293023.0
1787233214.621,11297647.0,11299475.0,11298875.0
1787233219.683,11292291.0,11298159.0,11293827.0
1787233224.750,11293399.0,11297922.0,11295637.0
1787233229.842,11292246.0,11293663.0,11292291.0
1787233234.907,11290911.0,11293581.0,11293594.0
1787233239.974,11294312.0,11298979.0,11293594.0
1787233245.036,11298716.0,11302439.0,11300329.0
1787233250.074,11298721.0,11300863.0,11302406.0
1787233255.139,11300086.0,11302439.0,11302439.0
1787233260.199,11307884.0,11309114.0,11306754.0
1787233265.242,11307682.0,11310499.0,11308617.0
1787233270.320,11314370.0,11320889.0,11317302.0
1787233275.361,11316056.0,11317939.0,11317302.0
1787233280.398,11314711.0,11318999.0,11317587.0
1787233285.441,11323512.0,11324162.0,11321579.0
1787233290.479,11320061.0,11322013.0,11319851.0
1787233295.527,11320084.0,11325404.0,11322804.0
1787233300.603,11321060.0,11325063.0,11325223.0
1787233305.647,11322477.0,11325555.0,11322697.0
1787233310.723,11324310.0,11327199.0,11325015.0
1787233315.790,11323157.0,11326347.0,11320893.0
1787233320.827,11323157.0,11328498.0,11322028.0
1787233325.910,11322092.0,11324788.0,11323253.0
1787233330.971,11318237.0,11321389.0,11320000.0
1787233336.033,11318320.0,11320667.0,11320103.0
1787233341.079,11324413.0,11326632.0,11324715.0
1787233346.116,11320557.0,11323638.0,11324715.0
1787233351.176,11321262.0,11324561.0,11322477.0
1787233356.284,11325785.0,11329312.0,11328087.0
1787233361.339,11331399.0,11334756.0,11331283.0
1787233366.403,11334864.0,11337080.0,11334864.0
1787233371.444,11335403.0,11337555.0,11334178.0
1787233376.525,11335667.0,11337402.0,11337552.0
1787233381.583,11338793.0,11340555.0,11338792.0
1787233386.984,11340481.0,11343554.0,11340908.0
1787233392.028,11335875.0,11341212.0,11337373.0
1787233397.066,11336406.0,11341076.0,11336406.0
1787233402.124,11338659.0,11341822.0,11338659.0
1787233407.173,11347396.0,11347898.0,11347899.0
1787233412.233,11347397.0,11347628.0,11347397.0
1787233417.298,11347399.0,11347898.0,11347898.0
1787233422.362,11347397.0,11347898.0,11347397.0
1787233427.425,11347796.0,11350765.0,11350765.0
1787233432.462,11349011.0,11350765.0,11349793.0
1787233437.504,11342933.0,11349749.0,11345342.0
1787233442.568,11346388.0,11350755.0,11347556.0
1787233447.627,11344362.0,11349262.0,11344694.0
1787233452.692,11347659.0,11349721.0,11345533.0
1787233457.747,11345398.0,11349401.0,11347851.0
1787233462.835,11347391.0,11349763.0,11349764.0
1787233467.904,11344693.0,11349526.0,11344693.0
1787233472.974,11348149.0,11350851.0,11346863.0
1787233478.037,11348148.0,11350736.0,11348148.0
1787233483.075,11349693.0,11352420.0,11350905.0
1787233488.142,11353449.0,11356153.0,11353449.0
1787233493.202,11355316.0,11358092.0,11356612.0
1787233498.243,11355227.0,11358007.0,11357645.0
1787233503.281,11355424.0,11358007.0,11357645.0
1787233508.322,11359529.0,11362472.0,11356816.0
1787233513.358,11358898.0,11364216.0,11356816.0
1787233518.417,11358759.0,11363212.0,11359184.0
1787233523.477,11355305.0,11361368.0,11359058.0
1787233528.540,11352135.0,11355304.0,11355305.0
1787233533.586,11352936.0,11358394.0,11358093.0
1787233538.657,11355396.0,11357740.0,11355305.0
1787233543.730,11357358.0,11359739.0,11356821.0
1787233548.785,11355024.0,11358583.0,11355658.0
1787233553.848,11351044.0,11351648.0,11351820.0
1787233558.911,11350001.0,11352788.0,11350001.0
1787233563.956,11352564.0,11355603.0,11350745.0
1787233569.042,11353632.0,11355206.0,11352962.0
1787233574.114,11352548.0,11355004.0,11351529.0
1787233579.182,11352797.0,11355468.0,11356509.0
1787233584.227,11359548.0,11361227.0,11360993.0
1787233589.281,11354651.0,11356350.0,11353904.0
1787233594.347,11350560.0,11351584.0,11353068.0
1787233599.411,11354923.0,11357009.0,11354379.0
1787233604.450,11356675.0,11359725.0,11357009.0
1787233609.490,11350012.0,11352347.0,11351212.0
1787233614.530,11348925.0,11353460.0,11351212.0
1787233619.569,11348997.0,11352702.0,11351212.0
1787233624.609,11346168.0,11350923.0,11347092.0
1787233629.976,11344903.0,11348583.0,11346738.0
1787233635.126,11345450.0,11348324.0,11347197.0
1787233640.217,11342422.0,11347025.0,11344182.0
1787233645.263,11342414.0,11345024.0,11344182.0
1787233650.330,11337396.0,11340080.0,11340057.0
1787233655.367,11334494.0,11336807.0,11336406.0
1787233660.409,11334643.0,11337609.0,11334683.0
1787233665.470,11335919.0,11339514.0,11334683.0
1787233670.532,11332301.0,11333294.0,11333850.0
1787233675.603,11333691.0,11335829.0,11335500.0
1787233680.641,11330858.0,11334218.0,11332905.0
1787233686.105,11331062.0,11333991.0,11332905.0
1787233691.168,11333274.0,11336204.0,11336206.0
1787233696.230,11334134.0,11337507.0,11336206.0
1787233701.478,11330176.0,11331887.0,11332600.0
1787233706.555,11329547.0,11330667.0,11329669.0
1787233711.625,11328177.0,11329244.0,11329288.0
1787233716.763,11326231.0,11328735.0,11326469.0
1787233721.847,11333458.0,11336245.0,11334943.0
1787233726.895,11334418.0,11336205.0,11334943.0
1787233731.937,11334925.0,11337266.0,11336827.0
1787233736.975,11331770.0,11335209.0,11331769.0
1787233742.013,11328695.0,11330083.0,11328695.0
1787233747.134,11328871.0,11331453.0,11331561.0
1787233752.193,11322020.0,11324725.0,11326911.0
1787233757.233,11320880.0,11323290.0,11323398.0
1787233762.291,11323372.0,11327657.0,11322423.0
1787233767.330,11328841.0,11331506.0,11332392.0
1787233772.384,11329041.0,11332858.0,11332392.0
1787233777.421,11334185.0,11338795.0,11335612.0
1787233782.464,11340509.0,11343221.0,11338983.0
1787233787.503,11347529.0,11349023.0,11348476.0
1787233792.544,11349835.0,11352160.0,11349834.0
1787233797.591,11352853.0,11354880.0,11354880.0
1787233802.636,11352912.0,11354964.0,11352206.0
1787233807.759,11354483.0,11357770.0,11356472.0
1787233812.823,11356677.0,11359200.0,11359200.0
1787233817.897,11356029.0,11357785.0,11356915.0
1787233822.953,11351068.0,11356634.0,11356915.0
1787233828.012,11356460.0,11357757.0,11356460.0
1787233833.074,11352221.0,11355330.0,11355482.0
1787233838.122,11348848.0,11351099.0,11349834.0
1787233843.162,11352439.0,11353890.0,11350618.0
1787233848.267,11354063.0,11355328.0,11350618.0
1787233853.328,11349942.0,11355197.0,11350984.0
1787233858.392,11353042.0,11355072.0,11350984.0
1787233863.450,11352575.0,11355373.0,11350984.0
1787233868.548,11351832.0,11355115.0,11354991.0
1787233873.664,11345775.0,11348292.0,11351832.0
1787233878.739,11341285.0,11345683.0,11345528.0
1787233883.803,11341901.0,11343799.0,11345528.0
1787233888.866,11339209.0,11341802.0,11340858.0
1787233893.932,11340281.0,11342307.0,11342086.0
1787233898.976,11346655.0,11354954.0,11354954.0
1787233904.071,11361405.0,11362779.0,11360869.0
1787233909.120,11382479.0,11388217.0,11383693.0
1787233914.197,11377550.0,11379539.0,11379054.0
1787233919.263,11376076.0,11378929.0,11377550.0
1787233924.448,11370364.0,11375265.0,11369902.0
1787233929.493,11368898.0,11369664.0,11368898.0
1787233934.571,11364959.0,11371380.0,11371385.0
1787233939.614,11364418.0,11366251.0,11364418.0
1787233944.844,11362528.0,11368279.0,11369038.0
1787233949.893,11364585.0,11369038.0,11369038.0
1787233954.978,11373402.0,11377981.0,11376469.0
1787233960.040,11376752.0,11378757.0,11376752.0
1787233965.107,11374299.0,11376469.0,11376469.0
1787233970.211,11374180.0,11376839.0,11378310.0
1787233975.274,11379949.0,11381127.0,11379414.0
1787233980.342,11382765.0,11383984.0,11382787.0
1787233985.413,11376766.0,11382583.0,11382398.0
1787233990.473,11376560.0,11382582.0,11380423.0
1787233995.530,11376225.0,11378888.0,11375986.0
1787234000.602,11376225.0,11379149.0,11376225.0
1787234005.671,11383964.0,11384423.0,11383747.0
1787234010.848,11382362.0,11384020.0,11384020.0
1787234015.912,11382938.0,11385935.0,11384321.0
1787234020.975,11381601.0,11383724.0,11381601.0
1787234026.041,11379082.0,11384889.0,11381087.0
1787234031.116,11379835.0,11384414.0,11381087.0
1787234036.182,11378083.0,11384366.0,11381087.0
1787234041.266,11376800.0,11381518.0,11381087.0
1787234046.331,11371813.0,11376033.0,11374290.0
1787234051.378,11374217.0,11379105.0,11377492.0
1787234056.424,11372271.0,11375052.0,11374265.0
1787234061.496,11371827.0,11373936.0,11374037.0
1787234066.559,11372709.0,11375549.0,11374037.0
1787234071.659,11372048.0,11375357.0,11374037.0
1787234076.726,11374207.0,11378411.0,11377054.0
1787234081.783,11371940.0,11376636.0,11374207.0
1787234086.832,11372316.0,11375551.0,11375640.0
1787234091.883,11371223.0,11375016.0,11372075.0
1787234096.923,11371575.0,11375157.0,11372648.0
1787234103.271,11372857.0,11377192.0,11373119.0
1787234108.533,11371854.0,11377125.0,11373435.0
1787234113.590,11375658.0,11381534.0,11377582.0
1787234118.654,11377878.0,11381830.0,11378164.0
1787234123.712,11373505.0,11376087.0,11373504.0
1787234128.747,11374493.0,11376424.0,11376424.0
1787234133.785,11374465.0,11377581.0,11374531.0
1787234138.848,11376064.0,11378745.0,11374531.0
1787234143.908,11375156.0,11376628.0,11375156.0
1787234148.982,11377265.0,11377993.0,11376944.0
1787234154.030,11375111.0,11378196.0,11376944.0
1787234159.098,11371093.0,11373792.0,11371477.0
1787234164.161,11373426.0,11376384.0,11375786.0
1787234169.201,11375962.0,11377072.0,11371521.0
1787234174.260,11369164.0,11373400.0,11371521.0
1787234179.300,11372776.0,11375327.0,11371521.0
1787234184.345,11369548.0,11372483.0,11371521.0
1787234189.407,11370192.0,11371522.0,11368969.0
1787234194.491,11369465.0,11373195.0,11368969.0
1787234199.552,11368733.0,11371533.0,11368969.0
1787234204.588,11367509.0,11371039.0,11368733.0
1787234209.630,11362305.0,11366526.0,11363436.0
1787234214.693,11368733.0,11369683.0,11363436.0
1787234219.757,11364765.0,11368842.0,11368733.0
1787234224.812,11362965.0,11366730.0,11368733.0
1787234229.855,11366541.0,11369436.0,11368345.0
1787234234.916,11367421.0,11371265.0,11369436.0
1787234239.978,11365232.0,11368231.0,11366173.0
1787234245.014,11363202.0,11367292.0,11365156.0
1787234250.074,11363185.0,11366759.0,11363207.0
1787234255.132,11363886.0,11367238.0,11363207.0
1787234260.168,11364059.0,11368689.0,11363633.0
1787234265.204,11361313.0,11366142.0,11364722.0
1787234270.265,11361421.0,11364516.0,11364722.0
1787234275.322,11363167.0,11364353.0,11364722.0
1787234280.365,11365287.0,11366088.0,11364450.0
1787234285.436,11363361.0,11365789.0,11366043.0
1787234290.473,11364671.0,11366441.0,11366043.0
1787234295.508,11367922.0,11369360.0,11368010.0
1787234300.572,11367950.0,11369676.0,11368517.0
1787234305.620,11363333.0,11365242.0,11363568.0
1787234310.685,11360997.0,11362974.0,11363681.0
1787234315.764,11360488.0,11364195.0,11362217.0
1787234320.833,11360561.0,11363165.0,11362217.0
1787234325.888,11360895.0,11363535.0,11362217.0
1787234330.950,11357678.0,11361102.0,11361709.0
1787234336.006,11359238.0,11361279.0,11361709.0
1787234341.063,11360774.0,11362016.0,11359236.0
1787234346.134,11356205.0,11361327.0,11356035.0
1787234351.195,11358382.0,11361907.0,11356035.0
1787234356.268,11359259.0,11363138.0,11361952.0
1787234361.304,11359961.0,11362069.0,11364162.0
1787234366.341,11361361.0,11362508.0,11361688.0
1787234371.381,11361347.0,11362000.0,11362013.0
1787234376.450,11361133.0,11362076.0,11362076.0
1787234381.502,11358283.0,11360261.0,11358310.0
1787234386.561,11360045.0,11361658.0,11361658.0
1787234391.644,11363669.0,11366526.0,11362641.0
1787234396.708,11365059.0,11367445.0,11365059.0
1787234401.775,11365559.0,11369077.0,11367484.0
1787234406.836,11365795.0,11367506.0,11364334.0
1787234411.871,11366125.0,11368340.0,11371580.0
1787234416.933,11365252.0,11367664.0,11366869.0
1787234421.979,11362081.0,11366582.0,11362598.0
1787234427.141,11365122.0,11370125.0,11365774.0
1787234432.176,11364450.0,11368377.0,11365774.0
1787234437.217,11362124.0,11367371.0,11364078.0
1787234442.254,11362599.0,11366526.0,11363028.0
1787234447.312,11361556.0,11365500.0,11360865.0
1787234452.356,11358207.0,11361094.0,11360776.0
1787234457.393,11356035.0,11358504.0,11360776.0
1787234462.429,11357113.0,11361095.0,11358192.0
1787234467.471,11359653.0,11364653.0,11361141.0
1787234472.508,11364027.0,11369935.0,11366275.0
1787234477.547,11368093.0,11370292.0,11369420.0
1787234482.605,11364086.0,11368084.0,11365516.0
1787234487.650,11359904.0,11361823.0,11362212.0
1787234492.718,11359904.0,11362703.0,11360227.0
1787234497.778,11361296.0,11365799.0,11362746.0
1787234502.862,11360387.0,11364750.0,11361348.0
1787234507.902,11358619.0,11360246.0,11360550.0
1787234512.970,11358674.0,11362447.0,11360550.0
1787234518.036,11361848.0,11366108.0,11363570.0
1787234523.096,11366667.0,11368781.0,11366506.0
1787234528.162,11373836.0,11376666.0,11373831.0
1787234533.202,11378841.0,11382114.0,11378857.0
1787234538.259,11382965.0,11384950.0,11383987.0
1787234543.317,11384210.0,11385995.0,11382137.0
1787234548.356,11384264.0,11386346.0,11384188.0
1787234553.411,11382876.0,11383363.0,11386322.0
1787234558.473,11382500.0,11385318.0,11385724.0
1787234563.523,11382507.0,11384673.0,11385724.0
1787234568.589,11381699.0,11384245.0,11384368.0
1787234573.633,11383117.0,11387061.0,11386534.0
1787234578.695,11377536.0,11380279.0,11377532.0
1787234583.752,11372849.0,11375633.0,11372855.0
1787234588.817,11379238.0,11382724.0,11380999.0
1787234593.858,11378178.0,11382015.0,11380098.0
1787234598.916,11376245.0,11378153.0,11377109.0
1787234603.976,11377156.0,11378988.0,11378148.0
1787234609.037,11376698.0,11380260.0,11379430.0
1787234614.077,11380672.0,11383276.0,11381779.0
1787234619.120,11377465.0,11380449.0,11379100.0
1787234624.160,11371986.0,11375701.0,11373878.0
1787234629.200,11375361.0,11377707.0,11373878.0
1787234634.264,11376636.0,11380925.0,11377707.0
1787234639.411,11376459.0,11378761.0,11377707.0
1787234644.495,11374761.0,11376798.0,11378202.0
1787234649.595,11376125.0,11378493.0,11378202.0
1787234654.648,11380304.0,11383228.0,11380608.0
1787234659.717,11380575.0,11382846.0,11382899.0
1787234664.796,11377734.0,11381100.0,11380643.0
1787234669.881,11377830.0,11380347.0,11380643.0
1787234674.966,11379218.0,11381464.0,11378647.0
1787234680.035,11381421.0,11382084.0,11382033.0
1787234685.109,11383346.0,11387838.0,11384431.0
1787234690.197,11384520.0,11388879.0,11383525.0
1787234695.238,11381987.0,11385343.0,11385205.0
1787234700.342,11375962.0,11381041.0,11379000.0
1787234705.412,11374731.0,11377745.0,11375163.0
1787234710.450,11371206.0,11373413.0,11373525.0
1787234715.491,11373546.0,11375196.0,11373333.0
1787234720.532,11376530.0,11378202.0,11373546.0
1787234725.895,11377822.0,11381543.0,11379319.0
1787234731.248,11375148.0,11379276.0,11379319.0
1787234737.183,11377458.0,11379539.0,11374527.0
1787234742.231,11378023.0,11379955.0,11374527.0
1787234747.271,11378415.0,11380437.0,11374527.0
1787234752.308,11380595.0,11382714.0,11381885.0
1787234757.351,11381179.0,11384623.0,11382827.0
1787234762.647,11383745.0,11385575.0,11382827.0
1787234767.706,11386268.0,11386986.0,11385335.0
1787234772.758,11385394.0,11388102.0,11386852.0
1787234777.819,11382455.0,11385700.0,11384080.0
1787234782.880,11386244.0,11387136.0,11386244.0
1787234788.064,11385609.0,11387321.0,11387092.0
1787234793.589,11386001.0,11388095.0,11386000.0
1787234798.695,11381153.0,11385144.0,11382600.0
1787234803.772,11386658.0,11388695.0,11387027.0
1787234808.829,11386552.0,11390000.0,11390000.0
1787234813.891,11389533.0,11391436.0,11391740.0
1787234818.952,11387758.0,11390321.0,11387474.0
1787234824.032,11388396.0,11390358.0,11390740.0
1787234829.401,11385860.0,11388724.0,11388398.0
1787234834.632,11387053.0,11390079.0,11388398.0
1787234839.688,11390279.0,11392880.0,11391696.0
1787234844.744,11388197.0,11393155.0,11391509.0
1787234850.534,11392643.0,11393155.0,11392643.0
1787234855.569,11392610.0,11394146.0,11393500.0
1787234861.064,11395125.0,11397999.0,11396027.0
1787234866.104,11395956.0,11399099.0,11398490.0
1787234874.432,11394344.0,11398013.0,11396440.0
1787234881.543,11395492.0,11399931.0,11394942.0
1787234887.926,11393351.0,11398406.0,11394461.0
1787234892.986,11388366.0,11392623.0,11390983.0
1787234898.046,11387808.0,11390197.0,11387733.0
1787234903.110,11385703.0,11385946.0,11387857.0
1787234908.148,11384199.0,11385784.0,11385703.0
1787234913.209,11386908.0,11387814.0,11386785.0
1787234918.274,11386429.0,11389903.0,11387954.0
1787234923.316,11390275.0,11391835.0,11391971.0
1787234928.368,11392685.0,11394607.0,11390077.0
1787234933.406,11389522.0,11390018.0,11391012.0
1787234938.444,11389426.0,11393654.0,11391863.0
1787234943.498,11390552.0,11395372.0,11391863.0
1787234948.563,11396645.0,11398568.0,11396595.0
1787234953.617,11390817.0,11394831.0,11390817.0
1787234958.653,11388783.0,11391345.0,11388779.0
1787234963.707,11388080.0,11391984.0,11388784.0
1787234968.766,11390714.0,11392363.0,11391453.0
1787234973.826,11388787.0,11391638.0,11390028.0
1787234978.872,11388309.0,11390567.0,11389780.0
1787234983.931,11388311.0,11390715.0,11389780.0
1787234988.968,11389582.0,11390706.0,11390706.0
1787234994.003,11393696.0,11395353.0,11394494.0
1787234999.040,11394121.0,11395354.0,11394188.0
1787235004.083,11399056.0,11400000.0,11399723.0
1787235009.123,11402745.0,11405255.0,11403845.0
1787235014.183,11398500.0,11401698.0,11399713.0
1787235019.220,11395632.0,11398483.0,11398992.0
1787235024.257,11396470.0,11398942.0,11398482.0
1787235029.296,11395130.0,11398370.0,11396190.0
1787235034.431,11391540.0,11395970.0,11394141.0
1787235039.467,11393459.0,11398378.0,11396167.0
1787235044.504,11396460.0,11400000.0,11400000.0
1787235049.543,11396168.0,11398439.0,11397239.0
1787235054.586,11397519.0,11399722.0,11399335.0
1787235059.625,11397590.0,11399736.0,11399987.0
1787235064.688,11401714.0,11403521.0,11403258.0
1787235069.749,11402982.0,11406399.0,11403258.0
1787235074.807,11402006.0,11406362.0,11403258.0
1787235079.862,11400553.0,11403438.0,11403258.0
1787235084.933,11400681.0,11404653.0,11403258.0
1787235089.993,11402810.0,11405704.0,11403258.0
1787235095.052,11399120.0,11401251.0,11403258.0
1787235100.122,11405078.0,11405550.0,11405550.0
1787235105.310,11402898.0,11406214.0,11405550.0
1787235110.350,11401739.0,11405103.0,11401740.0
1787235115.446,11400883.0,11406217.0,11405211.0
1787235120.485,11401865.0,11406096.0,11403500.0
1787235125.556,11404601.0,11406232.0,11403500.0
1787235130.594,11405824.0,11407989.0,11403500.0
1787235135.647,11406909.0,11408929.0,11408930.0
1787235140.704,11411593.0,11415286.0,11415286.0
1787235145.767,11408930.0,11409676.0,11409195.0
1787235150.837,11410470.0,11413972.0,11410452.0
1787235155.895,11411337.0,11413868.0,11410452.0
1787235160.954,11410833.0,11412632.0,11410997.0
1787235166.008,11410898.0,11413448.0,11413448.0
1787235171.050,11410912.0,11414207.0,11414207.0
1787235176.132,11411433.0,11413478.0,11410664.0
1787235181.190,11412682.0,11414207.0,11413466.0
1787235186.257,11412575.0,11414207.0,11413950.0
1787235191.317,11412575.0,11414432.0,11412639.0
1787235196.376,11412480.0,11416046.0,11413697.0
1787235201.428,11410496.0,11413200.0,11410924.0
1787235206.467,11408000.0,11410917.0,11408000.0
1787235211.505,11407932.0,11411547.0,11409321.0
1787235216.571,11405989.0,11408961.0,11405945.0
1787235221.607,11405945.0,11407706.0,11405945.0
1787235226.689,11402000.0,11403663.0,11402767.0
1787235231.748,11397740.0,11401704.0,11397740.0
1787235236.819,11395000.0,11396141.0,11396141.0
1787235241.880,11398187.0,11400191.0,11398159.0
1787235246.948,11400759.0,11403966.0,11402659.0
1787235252.011,11399169.0,11404135.0,11400266.0
1787235257.047,11399171.0,11403403.0,11400266.0
1787235262.103,11400617.0,11403373.0,11402443.0
1787235267.161,11401900.0,11405184.0,11402443.0
1787235272.221,11402443.0,11404253.0,11401889.0
1787235277.284,11398851.0,11403987.0,11402443.0
1787235282.345,11401718.0,11404017.0,11403604.0
1787235287.383,11398044.0,11400471.0,11400232.0
1787235292.439,11395080.0,11397094.0,11395080.0
1787235297.509,11394000.0,11396188.0,11394000.0
1787235302.559,11392000.0,11395113.0,11392000.0
1787235307.602,11392475.0,11394980.0,11392470.0
1787235312.647,11390464.0,11394431.0,11392000.0
1787235317.768,11390208.0,11391157.0,11390309.0
1787235322.809,11388000.0,11388692.0,11388000.0
1787235327.877,11388861.0,11390155.0,11388861.0
1787235332.944,11382555.0,11383969.0,11384000.0
1787235338.006,11380000.0,11381929.0,11380000.0
1787235343.043,11380494.0,11380798.0,11383075.0
1787235348.199,11383523.0,11386103.0,11386103.0
1787235353.244,11380120.0,11383241.0,11380120.0
1787235358.317,11378033.0,11379909.0,11378033.0
1787235363.383,11374005.0,11375724.0,11376000.0
1787235368.518,11374147.0,11378275.0,11375646.0
1787235373.554,11377182.0,11379952.0,11378004.0
1787235378.613,11383411.0,11384973.0,11384246.0
1787235383.649,11388181.0,11390001.0,11384001.0
1787235388.709,11388381.0,11390479.0,11388511.0
1787235393.767,11386440.0,11390090.0,11388390.0
1787235398.829,11386544.0,11390242.0,11386440.0
1787235403.893,11376000.0,11378825.0,11376458.0
1787235408.952,11376213.0,11378422.0,11376000.0
1787235413.994,11374000.0,11375016.0,11374000.0
1787235419.061,11370942.0,11374000.0,11373251.0
1787235424.133,11365774.0,11370167.0,11369000.0
1787235429.220,11366721.0,11369988.0,11368218.0
1787235434.258,11368007.0,11372352.0,11365773.0
1787235439.300,11361725.0,11366010.0,11364613.0
1787235444.336,11361761.0,11365069.0,11365070.0
1787235449.399,11361613.0,11364315.0,11363272.0
1787235454.442,11362834.0,11365124.0,11362012.0
1787235459.480,11362491.0,11365085.0,11361672.0
1787235464.535,11360318.0,11363585.0,11361536.0
1787235469.577,11361200.0,11362371.0,11361922.0
1787235474.619,11361819.0,11365207.0,11363811.0
1787235479.685,11360709.0,11363773.0,11362565.0
1787235484.748,11362673.0,11365521.0,11363741.0
1787235489.826,11360332.0,11362890.0,11362093.0
1787235494.890,11363001.0,11366619.0,11365179.0
1787235499.951,11369807.0,11370000.0,11370000.0
1787235505.013,11366009.0,11367799.0,11365161.0
1787235510.073,11362590.0,11367872.0,11366660.0
1787235515.135,11365236.0,11366732.0,11366688.0
1787235520.201,11365680.0,11369066.0,11366732.0
1787235525.260,11365800.0,11368558.0,11366732.0
1787235530.320,11364516.0,11365025.0,11360827.0
1787235535.389,11361769.0,11367102.0,11366041.0
1787235540.449,11360889.0,11363108.0,11366041.0
1787235545.490,11362855.0,11364820.0,11363756.0
1787235550.527,11359201.0,11364195.0,11364116.0
1787235555.587,11363527.0,11366723.0,11366520.0
1787235560.624,11362404.0,11364910.0,11365729.0
1787235565.685,11359351.0,11361777.0,11359849.0
1787235570.753,11359357.0,11360985.0,11359399.0
1787235575.821,11357139.0,11358758.0,11358459.0
1787235580.910,11348010.0,11352857.0,11350834.0
1787235585.972,11350991.0,11351410.0,11350990.0
1787235591.007,11348990.0,11350985.0,11346745.0
1787235596.076,11346916.0,11349659.0,11348234.0
1787235601.112,11347444.0,11349593.0,11348234.0
1787235606.560,11345538.0,11347230.0,11346672.0
1787235611.627,11336546.0,11339338.0,11339305.0
1787235616.685,11342913.0,11344583.0,11342871.0
1787235621.761,11345885.0,11347808.0,11346897.0
1787235626.826,11346897.0,11347003.0,11346897.0
1787235631.903,11350923.0,11352120.0,11348834.0
1787235636.964,11352095.0,11355297.0,11348834.0
1787235642.020,11355742.0,11357786.0,11357000.0
1787235647.082,11358261.0,11361294.0,11358261.0
1787235652.120,11358374.0,11361677.0,11358260.0
1787235657.168,11356661.0,11359619.0,11358260.0
1787235662.205,11357031.0,11361905.0,11359524.0
1787235667.295,11352442.0,11357320.0,11355077.0
1787235672.331,11355012.0,11357794.0,11357794.0
1787235677.363,11354480.0,11359370.0,11359415.0
1787235682.398,11353686.0,11356365.0,11355089.0
1787235687.432,11353248.0,11356107.0,11353511.0
1787235692.467,11352609.0,11355732.0,11353390.0
1787235697.502,11354328.0,11357523.0,11355051.0
1787235702.537,11357956.0,11360204.0,11358225.0
1787235707.571,11355786.0,11358360.0,11356295.0
1787235712.605,11353163.0,11356431.0,11354895.0
1787235717.640,11353454.0,11355061.0,11355007.0
1787235722.708,11356528.0,11360263.0,11354698.0
1787235727.785,11358024.0,11360005.0,11356828.0
1787235732.885,11352948.0,11356880.0,11354500.0
1787235737.954,11347377.0,11350013.0,11350487.0
1787235743.014,11346903.0,11350759.0,11348079.0
1787235748.072,11348369.0,11351950.0,11349858.0
1787235753.114,11349559.0,11351502.0,11351908.0
1787235758.174,11341578.0,11345709.0,11343574.0
1787235763.301,11345980.0,11347969.0,11348255.0
1787235768.339,11345992.0,11347079.0,11345946.0
1787235773.405,11349006.0,11351434.0,11347079.0
1787235778.592,11350010.0,11352192.0,11347079.0
1787235783.649,11345609.0,11348672.0,11346317.0
1787235788.722,11343237.0,11345177.0,11343237.0
1787235793.797,11340491.0,11345605.0,11343237.0
1787235798.856,11342726.0,11347574.0,11347007.0
1787235803.921,11341923.0,11344531.0,11341922.0
1787235808.962,11341169.0,11343877.0,11344300.0
1787235814.055,11348938.0,11350965.0,11347435.0
1787235819.092,11351330.0,11353353.0,11353000.0
1787235824.136,11349964.0,11354328.0,11351757.0
1787235829.196,11355999.0,11358474.0,11358086.0
1787235834.257,11359430.0,11361926.0,11361441.0
1787235839.326,11359852.0,11362999.0,11361441.0
1787235844.392,11356985.0,11359851.0,11356985.0
1787235849.434,11359556.0,11361849.0,11360894.0
1787235854.470,11359017.0,11360366.0,11359017.0
1787235859.506,11359596.0,11361396.0,11359236.0
1787235864.550,11363904.0,11365379.0,11362510.0
1787235869.589,11362859.0,11364570.0,11361450.0
1787235874.654,11362789.0,11364438.0,11361779.0
1787235879.713,11360083.0,11362140.0,11360083.0
1787235884.823,11362611.0,11364590.0,11361028.0
1787235889.891,11361292.0,11365454.0,11361292.0
1787235894.996,11361400.0,11364984.0,11361400.0
1787235900.034,11360960.0,11363183.0,11360701.0
1787235905.107,11360965.0,11363776.0,11360965.0
1787235910.170,11362037.0,11364504.0,11361553.0
1787235915.234,11367473.0,11369423.0,11366910.0
1787235920.300,11360172.0,11362507.0,11363519.0
1787235925.356,11356985.0,11359530.0,11357640.0
1787235930.423,11358175.0,11360405.0,11358423.0
1787235935.459,11356377.0,11359088.0,11356745.0
1787235940.515,11353230.0,11358477.0,11357378.0
1787235945.586,11356958.0,11361141.0,11359340.0
1787235950.636,11358950.0,11362238.0,11361598.0
1787235955.689,11357186.0,11359090.0,11357345.0
1787235960.740,11356547.0,11359852.0,11357345.0
1787235965.805,11360872.0,11363361.0,11362950.0
1787235970.865,11358559.0,11362750.0,11362950.0
1787235975.925,11359333.0,11363025.0,11360836.0
1787235980.986,11358093.0,11360786.0,11359334.0
1787235986.027,11360220.0,11363728.0,11359334.0
1787235991.066,11359796.0,11362831.0,11359334.0
1787235996.103,11359069.0,11362795.0,11359722.0
1787236001.167,11359514.0,11362840.0,11359722.0
1787236006.202,11360898.0,11364917.0,11359722.0
1787236011.266,11359528.0,11363409.0,11361401.0
1787236016.320,11359139.0,11362587.0,11361401.0
1787236021.381,11357551.0,11360813.0,11361401.0
1787236026.452,11353906.0,11359304.0,11360001.0
1787236031.490,11359196.0,11364129.0,11360578.0
1787236036.556,11361753.0,11363763.0,11363614.0
1787236041.626,11361077.0,11364571.0,11361746.0
1787236046.685,11357700.0,11358976.0,11359968.0
1787236051.782,11354648.0,11358589.0,11356350.0
1787236056.817,11349912.0,11354066.0,11353874.0
1787236061.855,11350115.0,11351955.0,11352903.0
1787236066.931,11350117.0,11352813.0,11352903.0
1787236071.998,11343178.0,11346270.0,11344824.0
1787236077.063,11339961.0,11344697.0,11344824.0
1787236082.135,11338977.0,11341160.0,11339787.0
1787236087.231,11340014.0,11341604.0,11341500.0
1787236092.274,11344018.0,11344863.0,11344863.0
1787236097.311,11336443.0,11340495.0,11335460.0
1787236102.356,11337502.0,11339620.0,11337009.0
1787236107.391,11338743.0,11342229.0,11337009.0
1787236112.427,11340535.0,11342238.0,11337009.0
1787236117.463,11338157.0,11341917.0,11339233.0
1787236122.498,11339141.0,11341590.0,11340173.0
1787236127.536,11341353.0,11343213.0,11340498.0
1787236132.570,11338904.0,11340721.0,11337694.0
1787236137.606,11334494.0,11337375.0,11334493.0
1787236142.642,11337842.0,11340309.0,11339718.0
1787236147.716,11339678.0,11342146.0,11340826.0
1787236152.777,11337564.0,11340811.0,11340309.0
1787236157.860,11335099.0,11339316.0,11340309.0
1787236162.896,11334645.0,11337369.0,11338070.0
1787236167.977,11335682.0,11338283.0,11338070.0
1787236173.040,11331598.0,11333799.0,11332602.0
1787236178.083,11319918.0,11321842.0,11318220.0
1787236183.120,11326958.0,11330489.0,11328205.0
1787236188.157,11328081.0,11330493.0,11326750.0
1787236193.202,11331007.0,11332627.0,11330658.0
1787236198.237,11330602.0,11335450.0,11330658.0
1787236203.275,11330316.0,11334320.0,11330609.0
1787236208.350,11337317.0,11337499.0,11337499.0
1787236213.392,11333017.0,11336771.0,11335058.0
1787236218.456,11331222.0,11335569.0,11333235.0
1787236223.502,11328360.0,11330751.0,11329037.0
1787236228.540,11328625.0,11330603.0,11332104.0
1787236233.593,11327692.0,11329876.0,11332104.0
1787236238.634,11325851.0,11329430.0,11326297.0
1787236243.689,11329367.0,11333250.0,11332068.0
1787236248.761,11329434.0,11332820.0,11331058.0
1787236253.813,11330216.0,11331331.0,11333302.0
1787236258.875,11327286.0,11331330.0,11331330.0
1787236263.943,11330413.0,11333795.0,11331330.0
1787236269.036,11332541.0,11337498.0,11337475.0
1787236274.096,11337476.0,11342107.0,11337211.0
1787236279.134,11333051.0,11335147.0,11333050.0
1787236284.170,11333059.0,11335092.0,11335455.0
1787236289.261,11335810.0,11337691.0,11337063.0
1787236294.302,11337169.0,11337691.0,11337691.0
1787236299.339,11339062.0,11341924.0,11340474.0
1787236304.378,11335464.0,11338628.0,11337408.0
1787236309.473,11336204.0,11339056.0,11337546.0
1787236314.512,11338745.0,11341279.0,11339775.0
1787236319.549,11343249.0,11346505.0,11343249.0
1787236324.609,11345736.0,11346699.0,11342372.0
1787236329.713,11344461.0,11348004.0,11346019.0
1787236334.786,11341407.0,11344843.0,11343283.0
1787236339.830,11338063.0,11342424.0,11338371.0
1787236344.889,11343229.0,11347627.0,11345472.0
1787236350.004,11350113.0,11350338.0,11350113.0
1787236355.064,11344594.0,11345014.0,11343924.0
1787236360.122,11347000.0,11348743.0,11344594.0
1787236365.184,11346808.0,11348233.0,11348743.0
1787236370.225,11345611.0,11348193.0,11346736.0
1787236375.271,11344854.0,11348475.0,11344193.0
1787236380.330,11349367.0,11350000.0,11350000.0
1787236385.372,11353701.0,11355993.0,11354606.0
1787236390.419,11353399.0,11356716.0,11353399.0
1787236395.457,11353272.0,11356572.0,11356616.0
1787236400.495,11357924.0,11358834.0,11357924.0
1787236405.555,11351755.0,11354619.0,11353139.0
1787236410.605,11352209.0,11353784.0,11353545.0
1787236415.642,11352533.0,11355306.0,11354937.0
1787236420.702,11349320.0,11353654.0,11354937.0
1787236425.828,11351418.0,11355195.0,11356452.0
1787236430.888,11355030.0,11356576.0,11354566.0
1787236435.948,11356219.0,11358402.0,11357924.0
1787236441.000,11357272.0,11359143.0,11357924.0
1787236446.062,11363719.0,11367051.0,11365108.0
1787236451.102,11364047.0,11366461.0,11363288.0
1787236456.180,11362216.0,11365798.0,11364922.0
1787236461.214,11360833.0,11362525.0,11363661.0
1787236466.251,11358162.0,11361869.0,11358062.0
1787236471.317,11357158.0,11359270.0,11358062.0
1787236476.374,11352079.0,11357842.0,11354477.0
1787236481.411,11350966.0,11354293.0,11350966.0
1787236486.471,11350760.0,11352445.0,11350966.0
1787236491.509,11350000.0,11350612.0,11350182.0
1787236496.550,11350000.0,11351862.0,11350182.0
1787236501.592,11347833.0,11350390.0,11350000.0
1787236506.680,11347507.0,11350917.0,11350000.0
1787236511.742,11349563.0,11352195.0,11350980.0
1787236516.810,11347545.0,11349776.0,11347545.0
1787236521.872,11348129.0,11351308.0,11349775.0
1787236526.941,11351225.0,11352808.0,11349775.0
1787236532.009,11348658.0,11350352.0,11350113.0
1787236537.093,11350314.0,11352769.0,11350317.0
1787236542.136,11354229.0,11357112.0,11356627.0
1787236547.180,11356419.0,11358755.0,11356627.0
1787236552.219,11354534.0,11358147.0,11358755.0
1787236557.256,11352900.0,11358491.0,11358146.0
1787236562.292,11356623.0,11358212.0,11358146.0
1787236567.386,11361671.0,11364439.0,11362528.0
1787236572.423,11361209.0,11364430.0,11361715.0
1787236577.459,11360805.0,11364083.0,11363298.0
1787236582.493,11359738.0,11363830.0,11361715.0
1787236587.530,11364079.0,11366022.0,11363338.0
1787236592.570,11362048.0,11364816.0,11365061.0
1787236597.626,11362323.0,11364620.0,11362579.0
1787236602.689,11357373.0,11360447.0,11358671.0
1787236607.784,11357266.0,11357808.0,11357382.0
1787236612.824,11360530.0,11361612.0,11361794.0
1787236617.882,11361659.0,11363429.0,11362850.0
1787236622.949,11363062.0,11365775.0,11364127.0
1787236628.013,11359037.0,11362609.0,11360316.0
1787236633.066,11359198.0,11363959.0,11360316.0
1787236638.141,11356124.0,11360156.0,11358888.0
1787236643.180,11355689.0,11358090.0,11357916.0
1787236648.246,11361961.0,11363631.0,11359562.0
1787236653.283,11361021.0,11363913.0,11362480.0
1787236658.341,11359089.0,11361671.0,11361027.0
1787236663.416,11358307.0,11359970.0,11359133.0
1787236668.456,11349235.0,11352853.0,11351988.0
1787236673.536,11345091.0,11347924.0,11346236.0
1787236678.596,11342311.0,11346452.0,11345790.0
1787236683.695,11342880.0,11345519.0,11345790.0
1787236688.751,11343214.0,11346589.0,11345581.0
1787236693.813,11341165.0,11343658.0,11343214.0
1787236698.872,11341017.0,11342506.0,11342506.0
1787236703.937,11339613.0,11341277.0,11337816.0
1787236708.992,11334176.0,11337069.0,11335921.0
1787236714.056,11334230.0,11337280.0,11336149.0
1787236719.094,11335757.0,11337917.0,11333625.0
1787236724.135,11332984.0,11333762.0,11333762.0
1787236729.271,11337862.0,11338467.0,11333762.0
1787236734.330,11336819.0,11339038.0,11337862.0
1787236739.367,11337017.0,11339034.0,11338862.0
1787236744.408,11338332.0,11342776.0,11340414.0
1787236749.477,11338811.0,11343197.0,11343198.0
1787236754.514,11335426.0,11336533.0,11336755.0
1787236759.552,11338292.0,11341277.0,11339627.0
1787236764.592,11344263.0,11346128.0,11343779.0
1787236769.634,11340655.0,11345333.0,11343543.0
1787236774.700,11340955.0,11344598.0,11343543.0
1787236779.764,11342545.0,11345628.0,11344607.0
1787236784.804,11340244.0,11343075.0,11342649.0
1787236789.863,11340297.0,11343317.0,11342649.0
1787236794.928,11341635.0,11343398.0,11343214.0
1787236799.995,11342931.0,11346492.0,11342922.0
1787236805.050,11339603.0,11342318.0,11341523.0
1787236810.117,11339613.0,11341449.0,11341523.0
1787236815.177,11341402.0,11343709.0,11342899.0
1787236820.245,11340764.0,11343160.0,11342899.0
1787236825.310,11337707.0,11340235.0,11337441.0
1787236830.345,11338704.0,11343315.0,11343408.0
1787236835.416,11337259.0,11340753.0,11338079.0
1787236840.477,11335425.0,11339069.0,11337259.0
1787236845.513,11331897.0,11334336.0,11333958.0
1787236850.617,11335098.0,11338136.0,11338284.0
1787236855.677,11336872.0,11339336.0,11339411.0
1787236860.733,11339765.0,11341808.0,11340879.0
1787236865.799,11340919.0,11342249.0,11340517.0
1787236870.870,11339706.0,11342684.0,11339706.0
1787236875.934,11341431.0,11343022.0,11342666.0
1787236881.000,11349972.0,11350550.0,11351467.0
1787236886.043,11350570.0,11353612.0,11350550.0
1787236891.105,11351197.0,11355344.0,11353613.0
1787236896.166,11347232.0,11352159.0,11351185.0
1787236901.226,11344775.0,11347415.0,11346404.0
1787236906.297,11352365.0,11354152.0,11352678.0
1787236911.365,11350149.0,11353091.0,11352678.0
1787236916.425,11346928.0,11350085.0,11348468.0
1787236921.465,11347829.0,11351958.0,11348468.0
1787236926.526,11346132.0,11351807.0,11349124.0
1787236931.586,11346367.0,11350486.0,11349124.0
1787236936.652,11344619.0,11346068.0,11344596.0
1787236941.713,11341513.0,11343809.0,11344087.0
1787236946.781,11340189.0,11344364.0,11343754.0
1787236951.834,11337128.0,11342012.0,11339078.0
1787236956.918,11337495.0,11340340.0,11339078.0
1787236961.971,11337553.0,11340059.0,11339078.0
1787236967.018,11335090.0,11337847.0,11339078.0
1787236972.107,11334052.0,11335554.0,11339078.0
1787236977.190,11331401.0,11333148.0,11330000.0
1787236982.232,11330003.0,11332278.0,11332086.0
1787236987.273,11330677.0,11333275.0,11333934.0
1787236992.331,11330003.0,11331989.0,11333934.0
1787236997.391,11333748.0,11335281.0,11333775.0
1787237002.430,11330047.0,11331504.0,11331227.0
1787237007.496,11331452.0,11334467.0,11333458.0
1787237012.533,11332074.0,11334506.0,11335437.0
1787237017.591,11335493.0,11337061.0,11335437.0
1787237022.664,11337184.0,11339802.0,11339140.0
1787237027.768,11336076.0,11337985.0,11337383.0
1787237032.828,11338299.0,11339915.0,11333717.0
1787237037.919,11338555.0,11339861.0,11339860.0
1787237042.987,11339861.0,11341221.0,11340108.0
1787237048.066,11339662.0,11340705.0,11340108.0
1787237053.128,11334207.0,11337461.0,11340108.0
1787237058.186,11336323.0,11337812.0,11340108.0
1787237063.224,11337600.0,11338382.0,11340108.0
1787237068.286,11337127.0,11340011.0,11341422.0
1787237073.346,11336605.0,11339704.0,11338171.0
1787237078.382,11338420.0,11339100.0,11338171.0
1787237083.494,11339015.0,11341758.0,11338171.0
1787237088.546,11340485.0,11341542.0,11338171.0
1787237093.606,11340485.0,11341625.0,11338171.0
1787237098.689,11337981.0,11341333.0,11339223.0
1787237103.748,11336910.0,11341360.0,11339939.0
1787237108.850,11335289.0,11337373.0,11336910.0
1787237113.914,11332941.0,11336477.0,11334945.0
1787237118.971,11330233.0,11333817.0,11332336.0
1787237124.040,11332401.0,11335234.0,11334132.0
1787237129.096,11330006.0,11330561.0,11330374.0
1787237134.158,11327108.0,11329591.0,11329658.0
1787237139.209,11323940.0,11328646.0,11328647.0
1787237144.251,11330000.0,11331601.0,11330804.0
1787237149.288,11334414.0,11336237.0,11337005.0
1787237154.370,11332071.0,11334820.0,11333753.0
1787237159.455,11328200.0,11330703.0,11330033.0
1787237164.494,11329670.0,11332747.0,11331777.0
1787237169.535,11328260.0,11330625.0,11330288.0
1787237174.595,11327560.0,11331007.0,11329022.0
1787237179.633,11328289.0,11330868.0,11329022.0
1787237184.692,11330577.0,11333291.0,11333303.0
1787237189.759,11330819.0,11332547.0,11330873.0
1787237194.834,11330326.0,11333425.0,11330873.0
1787237199.889,11332414.0,11334767.0,11333425.0
1787237204.959,11333209.0,11335109.0,11334956.0
1787237210.016,11330892.0,11334896.0,11333009.0
1787237215.075,11333810.0,11336018.0,11334604.0
1787237220.128,11338571.0,11340524.0,11338216.0
1787237225.207,11338886.0,11341937.0,11340628.0
1787237230.271,11339379.0,11342489.0,11340628.0
1787237235.328,11339988.0,11342809.0,11342809.0
1787237240.394,11337470.0,11341459.0,11339895.0
1787237245.455,11340835.0,11342669.0,11341450.0
1787237250.514,11335694.0,11339428.0,11338880.0
1787237255.576,11334621.0,11336619.0,11336718.0
1787237260.641,11334411.0,11336610.0,11336718.0
1787237265.694,11331026.0,11333003.0,11334170.0
1787237270.751,11324551.0,11326168.0,11326168.0
1787237275.816,11323172.0,11325886.0,11320914.0
1787237280.855,11323955.0,11327170.0,11325058.0
1787237285.955,11325852.0,11328229.0,11328192.0
1787237290.998,11331233.0,11332297.0,11330736.0
1787237296.058,11330616.0,11333916.0,11333328.0
1787237301.116,11334585.0,11337145.0,11335348.0
1787237306.173,11333929.0,11335498.0,11334795.0
1787237311.228,11332208.0,11336045.0,11334795.0
1787237316.283,11330690.0,11332646.0,11332085.0
1787237321.335,11326650.0,11331871.0,11328355.0
1787237326.388,11327495.0,11330105.0,11326511.0
1787237331.461,11326629.0,11330072.0,11326511.0
1787237336.512,11329088.0,11331871.0,11327669.0
1787237341.549,11331495.0,11332898.0,11335164.0
1787237346.655,11323806.0,11326769.0,11327736.0
1787237351.709,11328714.0,11333252.0,11330254.0
1787237356.769,11331594.0,11334304.0,11330482.0
1787237361.838,11333705.0,11336122.0,11334817.0
1787237366.896,11331603.0,11333208.0,11332135.0
1787237371.961,11332066.0,11336360.0,11333208.0
1787237377.023,11333576.0,11336613.0,11337131.0
1787237382.067,11340741.0,11346512.0,11343963.0
1787237387.141,11337764.0,11343204.0,11338367.0
1787237392.196,11341216.0,11344152.0,11343517.0
1787237397.255,11342462.0,11344983.0,11343517.0
1787237402.416,11341090.0,11345480.0,11340309.0
1787237407.471,11344308.0,11346762.0,11346641.0
1787237412.529,11349517.0,11349952.0,11349273.0
1787237417.586,11349297.0,11352266.0,11347890.0
1787237422.623,11350012.0,11351350.0,11350009.0
1787237427.675,11353485.0,11356590.0,11355692.0
1787237432.735,11355412.0,11355951.0,11358724.0
1787237437.804,11355861.0,11355941.0,11354985.0
1787237442.861,11358935.0,11359702.0,11359034.0
1787237447.906,11362588.0,11365855.0,11362580.0
1787237452.962,11364466.0,11367779.0,11365444.0
1787237458.021,11363528.0,11367773.0,11362221.0
1787237463.057,11367795.0,11370000.0,11367795.0
1787237468.143,11366556.0,11371037.0,11367795.0
1787237473.200,11368958.0,11370665.0,11368236.0
1787237478.243,11367898.0,11369235.0,11367898.0
1787237483.304,11367899.0,11368439.0,11368303.0
1787237488.343,11370129.0,11372246.0,11372246.0
1787237493.401,11367835.0,11368346.0,11367929.0
1787237498.461,11365130.0,11366141.0,11365086.0
1787237503.621,11365828.0,11368718.0,11367550.0
1787237508.679,11363875.0,11368375.0,11365830.0
1787237513.741,11362879.0,11366384.0,11362878.0
1787237518.805,11363150.0,11365473.0,11366337.0
1787237523.841,11363478.0,11365470.0,11363152.0
1787237528.904,11363506.0,11365470.0,11363487.0
1787237533.972,11362669.0,11366996.0,11363516.0
1787237539.029,11362905.0,11365544.0,11362341.0
1787237544.087,11361008.0,11364524.0,11364524.0
1787237549.123,11361805.0,11364915.0,11361247.0
1787237554.162,11363509.0,11367042.0,11363133.0
1787237559.206,11367857.0,11371603.0,11368976.0
1787237564.244,11370371.0,11372139.0,11371806.0
1787237569.316,11372044.0,11374290.0,11371513.0
1787237574.369,11370345.0,11373666.0,11371972.0
1787237579.429,11368578.0,11371720.0,11371820.0
1787237584.494,11367533.0,11371629.0,11369833.0
1787237589.541,11365350.0,11368194.0,11366863.0
1787237594.577,11365279.0,11367217.0,11364434.0
1787237599.614,11366963.0,11372059.0,11369280.0
1787237604.671,11368713.0,11371287.0,11369182.0
1787237609.725,11368405.0,11369566.0,11369046.0
1787237614.789,11373225.0,11375231.0,11373853.0
1787237619.881,11374334.0,11376559.0,11376082.0
1787237625.104,11373828.0,11375787.0,11377646.0
1787237630.177,11372289.0,11375005.0,11372863.0
1787237635.244,11373094.0,11376144.0,11373570.0
1787237640.280,11373205.0,11374461.0,11373570.0
1787237645.344,11372983.0,11375369.0,11372347.0
1787237650.403,11371828.0,11375485.0,11372902.0
1787237655.461,11371071.0,11375481.0,11373643.0
1787237660.499,11373244.0,11375689.0,11373199.0
1787237665.555,11371095.0,11374397.0,11371677.0
1787237670.590,11368894.0,11373006.0,11371677.0
1787237675.650,11369036.0,11372960.0,11369081.0
1787237680.715,11368655.0,11372450.0,11371067.0
1787237685.775,11371078.0,11374991.0,11372129.0
1787237690.838,11370134.0,11374700.0,11371312.0
1787237743.415,11371464.0,11374779.0,11374397.0
1787237748.576,11368928.0,11371968.0,11370223.0
1787237753.670,11368992.0,11371144.0,11370223.0
1787237758.745,11367774.0,11370684.0,11369614.0
1787237763.838,11364870.0,11366330.0,11365932.0
1787237768.923,11364103.0,11365846.0,11365847.0
1787237774.007,11363579.0,11364979.0,11364411.0
1787237779.067,11363591.0,11365402.0,11364411.0
1787237784.129,11362717.0,11367330.0,11365402.0
1787237789.203,11363010.0,11365625.0,11365072.0
1787237794.240,11360922.0,11362143.0,11363010.0
1787237799.316,11358747.0,11362046.0,11360361.0
1787237804.351,11359293.0,11361726.0,11360361.0
1787237809.387,11360351.0,11362182.0,11360361.0
1787237814.429,11361386.0,11362699.0,11362704.0
1787237819.465,11364300.0,11366559.0,11365337.0
1787237824.533,11362848.0,11366515.0,11365337.0
1787237829.576,11366948.0,11367992.0,11367425.0
1787237834.625,11366879.0,11368461.0,11368415.0
1787237839.678,11363108.0,11366681.0,11365930.0
1787237844.740,11362678.0,11364989.0,11365027.0
1787237849.798,11361959.0,11365628.0,11365027.0
1787237854.857,11363010.0,11365884.0,11361257.0
1787237859.919,11363158.0,11364763.0,11364178.0
1787237864.977,11359425.0,11362614.0,11362466.0
1787237870.049,11359613.0,11361924.0,11362466.0
1787237875.103,11360293.0,11362612.0,11361505.0
1787237880.142,11363108.0,11365221.0,11362821.0
1787237885.185,11361996.0,11365162.0,11363108.0
1787237890.255,11359717.0,11362369.0,11360612.0
1787237895.296,11358680.0,11360395.0,11360612.0
1787237900.358,11361673.0,11364295.0,11362685.0
1787237905.395,11361032.0,11363439.0,11364295.0
1787237910.437,11357988.0,11360762.0,11364295.0
1787237915.478,11356352.0,11357557.0,11356954.0
1787237920.536,11357056.0,11359731.0,11357715.0
1787237925.611,11359699.0,11361291.0,11359736.0
1787237930.670,11363900.0,11365704.0,11364581.0
1787237935.723,11367189.0,11368704.0,11367550.0
1787237940.802,11367682.0,11368704.0,11368701.0
1787237945.868,11368652.0,11370352.0,11369737.0
1787237950.924,11369277.0,11370750.0,11370750.0
1787237955.984,11371055.0,11372676.0,11372676.0
1787237961.046,11371523.0,11373161.0,11371516.0
1787237966.086,11372697.0,11374787.0,11374782.0
1787237971.128,11374870.0,11376347.0,11375259.0
1787237976.188,11374616.0,11377970.0,11375376.0
1787237981.254,11377923.0,11378783.0,11378303.0
1787237986.315,11378171.0,11378842.0,11378989.0
1787237991.374,11378171.0,11380214.0,11378171.0
1787237996.427,11381803.0,11382855.0,11382855.0
1787238001.488,11381946.0,11384310.0,11383259.0
1787238006.527,11380976.0,11383913.0,11384024.0
1787238011.579,11377859.0,11381091.0,11380939.0
1787238016.612,11376726.0,11379106.0,11380939.0
1787238021.669,11379735.0,11382052.0,11380878.0
1787238026.727,11381051.0,11383070.0,11382052.0
1787238031.788,11380862.0,11383069.0,11382781.0
1787238036.849,11381278.0,11383068.0,11382781.0
1787238041.902,11382377.0,11384963.0,11383070.0
1787238046.963,11384661.0,11389269.0,11389269.0
1787238052.022,11385626.0,11388355.0,11386865.0
1787238057.079,11386739.0,11388226.0,11386865.0
1787238062.116,11387844.0,11388532.0,11388328.0
1787238067.157,11391716.0,11392656.0,11392656.0
1787238072.211,11391780.0,11394090.0,11391780.0
1787238077.246,11397381.0,11398578.0,11397288.0
1787238082.281,11392876.0,11395456.0,11394371.0
1787238087.318,11392586.0,11395621.0,11392586.0
1787238092.354,11394235.0,11400104.0,11398105.0
1787238097.389,11398322.0,11398700.0,11400738.0
1787238102.446,11395755.0,11398496.0,11397276.0
1787238107.481,11397555.0,11401864.0,11400738.0
1787238112.536,11400823.0,11402799.0,11400823.0
1787238117.607,11401738.0,11404384.0,11401633.0
1787238122.662,11400522.0,11402108.0,11401900.0
1787238127.718,11404680.0,11406349.0,11402802.0
1787238132.778,11405469.0,11407554.0,11405456.0
1787238137.838,11408912.0,11410861.0,11408916.0
1787238142.898,11407508.0,11408916.0,11408916.0
1787238147.960,11409135.0,11413683.0,11408060.0
1787238153.000,11412511.0,11413379.0,11411677.0
1787238158.035,11418012.0,11421858.0,11420871.0
1787238163.070,11430738.0,11435732.0,11430738.0
1787238168.209,11423854.0,11429026.0,11426505.0
1787238173.267,11419798.0,11424666.0,11423281.0
1787238178.327,11424160.0,11424916.0,11425419.0
1787238183.442,11416741.0,11425490.0,11423973.0
1787238188.503,11431825.0,11437352.0,11435881.0
1787238193.565,11430468.0,11434838.0,11430468.0
1787238198.618,11427830.0,11428340.0,11429358.0
1787238203.675,11430856.0,11435467.0,11430856.0
1787238208.734,11433159.0,11434648.0,11430999.0
1787238213.788,11433446.0,11434625.0,11433112.0
1787238218.875,11442091.0,11443908.0,11442072.0
1787238223.932,11443974.0,11447411.0,11443856.0
1787238228.996,11445224.0,11449196.0,11444377.0
1787238234.070,11446965.0,11451197.0,11451197.0
1787238239.146,11447443.0,11452453.0,11451197.0
1787238244.207,11455547.0,11461520.0,11456043.0
1787238249.273,11462804.0,11468500.0,11463305.0
1787238254.338,11488562.0,11488700.0,11488700.0
1787238259.395,11487042.0,11487719.0,11487041.0
1787238264.489,11476122.0,11483085.0,11476122.0
1787238269.583,11465372.0,11472350.0,11470688.0
1787238274.652,11462245.0,11466011.0,11461654.0
1787238279.726,11451176.0,11457140.0,11454689.0
1787238284.788,11450371.0,11453511.0,11452424.0
1787238289.860,11457313.0,11459467.0,11460875.0
1787238294.919,11456839.0,11462412.0,11457313.0
1787238299.998,11456476.0,11457958.0,11457218.0
1787238305.077,11466499.0,11471170.0,11465154.0
1787238310.400,11469558.0,11471409.0,11471161.0
1787238315.717,11469074.0,11473151.0,11470185.0
1787238320.770,11469074.0,11472919.0,11469809.0
1787238325.824,11461831.0,11468064.0,11463353.0
1787238331.400,11452218.0,11455559.0,11452218.0
1787238336.667,11443282.0,11449487.0,11449351.0
1787238341.741,11443090.0,11445596.0,11443807.0
1787238346.797,11443130.0,11443560.0,11445677.0
1787238351.856,11436122.0,11441199.0,11443009.0
1787238357.025,11431941.0,11434923.0,11434452.0
1787238362.082,11430042.0,11431352.0,11429989.0
1787238367.413,11428344.0,11429977.0,11429269.0
1787238372.478,11424796.0,11425488.0,11425489.0
1787238377.536,11425820.0,11428446.0,11425820.0
1787238382.760,11423733.0,11427371.0,11427650.0
1787238387.827,11424980.0,11429816.0,11426241.0
1787238393.203,11430833.0,11433170.0,11433363.0
1787238398.310,11428946.0,11433402.0,11433403.0
1787238403.595,11435872.0,11439769.0,11435872.0
1787238408.631,11434938.0,11439587.0,11439403.0
1787238413.748,11436185.0,11437707.0,11437152.0
1787238418.818,11434496.0,11439318.0,11435190.0
1787238423.885,11447744.0,11448555.0,11445846.0
1787238428.941,11448619.0,11451589.0,11449621.0
1787238434.001,11438030.0,11446228.0,11442012.0
1787238439.062,11441036.0,11441788.0,11440907.0
1787238444.121,11430916.0,11432948.0,11431954.0
1787238449.161,11430916.0,11432716.0,11431641.0
1787238454.304,11432712.0,11440280.0,11437373.0
1787238459.391,11438519.0,11440413.0,11439681.0
1787238469.008,11433665.0,11437792.0,11434849.0
1787238474.208,11431007.0,11433974.0,11434063.0
1787238479.270,11430988.0,11434213.0,11430726.0
1787238484.507,11429674.0,11432355.0,11430726.0
1787238489.572,11428129.0,11430086.0,11429889.0
1787238494.632,11432044.0,11435264.0,11434695.0
1787238500.683,11431482.0,11436602.0,11433690.0
1787238505.744,11440149.0,11442538.0,11441240.0
1787238510.804,11438520.0,11439742.0,11436975.0
1787238515.847,11435079.0,11438732.0,11437274.0
1787238520.907,11431344.0,11432450.0,11431433.0
1787238525.964,11432165.0,11434003.0,11432517.0
1787238531.019,11421962.0,11425255.0,11421958.0
1787238536.076,11410698.0,11412446.0,11412446.0
1787238541.111,11417901.0,11419516.0,11418562.0
1787238546.148,11417512.0,11420670.0,11418718.0
1787238551.205,11427977.0,11431810.0,11431540.0
1787238556.265,11434817.0,11436358.0,11434288.0
1787238561.326,11436093.0,11436926.0,11435995.0
1787238566.393,11433942.0,11436450.0,11437860.0
1787238571.454,11440429.0,11445112.0,11443756.0
1787238576.494,11440006.0,11442669.0,11441437.0
1787238581.556,11439722.0,11443333.0,11443239.0
1787238586.614,11439726.0,11441050.0,11438101.0
1787238591.666,11431972.0,11435642.0,11435502.0
1787238596.726,11430727.0,11435450.0,11434803.0
1787238601.784,11431337.0,11436070.0,11434705.0
1787238606.896,11435021.0,11436660.0,11435622.0
1787238611.987,11436286.0,11438273.0,11438272.0
1787238617.045,11433741.0,11437789.0,11437987.0
1787238622.099,11436959.0,11439270.0,11437968.0
1787238627.155,11440070.0,11442328.0,11439912.0
1787238632.215,11445343.0,11448700.0,11445343.0
1787238637.272,11442544.0,11445787.0,11445345.0
1787238642.452,11446804.0,11449555.0,11448970.0
1787238647.527,11441720.0,11445007.0,11445152.0
1787238652.578,11438911.0,11442070.0,11440323.0
1787238657.636,11441424.0,11443930.0,11444787.0
1787238662.687,11444729.0,11449935.0,11447655.0
1787238667.747,11440320.0,11444522.0,11442377.0
1787238672.830,11438934.0,11439082.0,11438934.0
1787238677.865,11433882.0,11437580.0,11433202.0
1787238682.920,11437036.0,11437620.0,11437065.0
1787238687.978,11434720.0,11436740.0,11438763.0
1787238693.039,11436781.0,11439250.0,11438830.0
1787238698.073,11436658.0,11439900.0,11436175.0
1787238703.131,11442857.0,11444520.0,11444520.0
1787238708.167,11445328.0,11448020.0,11445328.0
1787238713.201,11449340.0,11451000.0,11446552.0
1787238718.257,11454067.0,11457290.0,11454863.0
1787238723.313,11451527.0,11453350.0,11451527.0
1787238728.350,11453050.0,11455030.0,11452041.0
1787238733.384,11451460.0,11453730.0,11451602.0
1787238738.420,11451479.0,11453871.0,11454230.0
1787238743.454,11458493.0,11459910.0,11458646.0
1787238748.490,11456169.0,11457976.0,11457118.0
1787238753.545,11458267.0,11461338.0,11460000.0
1787238758.579,11454962.0,11457463.0,11453817.0
1787238763.625,11451408.0,11453180.0,11451770.0
1787238768.677,11449226.0,11451303.0,11448019.0
1787238773.739,11449127.0,11449277.0,11449281.0
1787238778.800,11450693.0,11452669.0,11455234.0
1787238783.858,11453821.0,11455165.0,11457249.0
1787238788.916,11455158.0,11458925.0,11456982.0
1787238793.979,11455954.0,11457948.0,11456116.0
1787238799.029,11457515.0,11461338.0,11457955.0
1787238804.096,11462103.0,11466900.0,11464269.0
1787238809.148,11465037.0,11468209.0,11462778.0
1787238814.204,11460967.0,11465041.0,11462538.0
1787238819.270,11459762.0,11463189.0,11460576.0
1787238824.325,11453284.0,11458631.0,11456944.0
1787238829.387,11452070.0,11455987.0,11455801.0
1787238834.421,11455103.0,11458251.0,11455987.0
1787238839.457,11454795.0,11458650.0,11456371.0
1787238844.520,11455350.0,11457405.0,11455987.0
1787238849.558,11452596.0,11456286.0,11455987.0
1787238854.593,11453788.0,11455223.0,11455946.0
1787238859.650,11453384.0,11455409.0,11455409.0
1787238864.707,11454561.0,11460207.0,11458964.0
1787238869.766,11452969.0,11456135.0,11456553.0
1787238874.833,11445964.0,11450935.0,11449137.0
1787238879.884,11447122.0,11450514.0,11450773.0
1787238884.944,11448121.0,11450841.0,11449294.0
1787238890.003,11448009.0,11450877.0,11449294.0
1787238895.148,11447946.0,11448482.0,11449294.0
1787238900.206,11447800.0,11450914.0,11449856.0
1787238905.276,11451062.0,11455162.0,11453421.0
1787238910.331,11454294.0,11457335.0,11455153.0
1787238915.410,11447825.0,11452691.0,11450453.0
1787238920.468,11448502.0,11452104.0,11452577.0
1787238925.531,11449804.0,11452945.0,11451098.0
1787238930.598,11445960.0,11446900.0,11446708.0
1787238935.666,11447375.0,11449446.0,11446708.0
1787238940.737,11452758.0,11456530.0,11452499.0
1787238945.796,11447781.0,11450441.0,11449749.0
1787238950.859,11446537.0,11449907.0,11449749.0
1787238955.912,11446070.0,11447559.0,11446904.0
1787238961.044,11449296.0,11451114.0,11448468.0
1787238966.120,11444741.0,11447515.0,11445025.0
1787238971.195,11445726.0,11449452.0,11447430.0
1787238976.439,11444207.0,11447150.0,11444961.0
1787238981.499,11442808.0,11447185.0,11445644.0
1787238986.555,11439144.0,11441245.0,11439142.0
1787238991.614,11438625.0,11441245.0,11441244.0
1787238996.673,11438233.0,11441232.0,11441244.0
1787239001.733,11437614.0,11441244.0,11442123.0
1787239006.800,11436776.0,11439344.0,11439467.0
1787239011.859,11436759.0,11438442.0,11436884.0
1787239016.910,11438126.0,11440907.0,11438877.0
1787239021.973,11438112.0,11441206.0,11441811.0
1787239027.028,11441629.0,11443037.0,11443990.0
1787239032.119,11430558.0,11431583.0,11431146.0
1787239037.173,11426424.0,11429350.0,11430009.0
1787239042.235,11431849.0,11434325.0,11431809.0
1787239047.291,11431632.0,11435467.0,11434578.0
1787239052.343,11426420.0,11428296.0,11430612.0
1787239057.402,11425367.0,11428193.0,11428543.0
1787239062.464,11428417.0,11431223.0,11427594.0
1787239067.544,11428607.0,11431790.0,11431788.0
1787239072.605,11432431.0,11434897.0,11433518.0
1787239077.662,11436753.0,11439771.0,11436864.0
1787239082.719,11433810.0,11437056.0,11439771.0
1787239087.785,11423294.0,11428832.0,11427881.0
1787239092.848,11425305.0,11428714.0,11428892.0
1787239097.920,11426434.0,11428824.0,11426822.0
1787239102.964,11427486.0,11430424.0,11427214.0
1787239108.020,11431599.0,11435028.0,11431033.0
1787239113.055,11431778.0,11432703.0,11431033.0
1787239118.090,11436438.0,11440124.0,11436334.0
1787239123.127,11436314.0,11438108.0,11437551.0
1787239128.186,11445004.0,11448339.0,11445004.0
1787239133.248,11444287.0,11448065.0,11443427.0
1787239138.311,11449479.0,11451155.0,11450000.0
1787239143.346,11447832.0,11449999.0,11450000.0
1787239148.403,11443436.0,11447081.0,11446096.0
1787239153.460,11448318.0,11453304.0,11451095.0
1787239160.475,11445444.0,11447168.0,11447097.0
1787239165.533,11450096.0,11452507.0,11448107.0
1787239170.602,11442082.0,11445240.0,11445089.0
1787239175.674,11443715.0,11447432.0,11447432.0
1787239180.731,11445080.0,11449331.0,11447896.0
1787239185.798,11443849.0,11449049.0,11447896.0
1787239190.850,11445220.0,11450171.0,11448535.0
1787239195.911,11448441.0,11450162.0,11448535.0
1787239200.968,11446866.0,11449998.0,11448535.0
1787239206.035,11450545.0,11452355.0,11451442.0
1787239211.106,11459608.0,11459899.0,11459986.0
1787239216.163,11463145.0,11464834.0,11464898.0
1787239221.233,11461864.0,11468058.0,11461867.0
1787239226.297,11460357.0,11466178.0,11464597.0
1787239231.353,11460307.0,11463500.0,11461530.0
1787239236.411,11460715.0,11464596.0,11464596.0
1787239241.485,11463121.0,11464555.0,11464547.0
1787239246.556,11458207.0,11464595.0,11464597.0
1787239251.617,11459509.0,11464188.0,11464463.0
1787239256.680,11455135.0,11460575.0,11455858.0
1787239261.739,11453996.0,11457539.0,11456923.0
1787239266.796,11453380.0,11456923.0,11453380.0
1787239271.858,11446429.0,11452431.0,11451851.0
1787239276.919,11446148.0,11451822.0,11446149.0
1787239281.978,11446149.0,11450869.0,11450924.0
1787239287.038,11445759.0,11446010.0,11446896.0
1787239292.102,11442292.0,11444303.0,11440425.0
1787239297.158,11440689.0,11444143.0,11442274.0
1787239302.219,11441293.0,11442347.0,11444141.0
1787239307.298,11442542.0,11446086.0,11444141.0
1787239312.370,11444893.0,11445843.0,11442431.0
1787239317.437,11443478.0,11445840.0,11443478.0
1787239322.506,11442267.0,11443479.0,11443478.0
1787239327.569,11441438.0,11443479.0,11443479.0
1787239332.662,11436932.0,11440131.0,11438112.0
1787239337.718,11436013.0,11439793.0,11438440.0
1787239342.779,11433839.0,11435128.0,11434805.0
1787239347.834,11436383.0,11438912.0,11435129.0
1787239352.895,11435077.0,11437800.0,11436316.0
1787239357.973,11436159.0,11439229.0,11437799.0
1787239363.034,11433928.0,11437130.0,11437760.0
1787239368.085,11432248.0,11433974.0,11434553.0
1787239373.143,11429883.0,11432351.0,11431391.0
1787239378.204,11431174.0,11432190.0,11430206.0
1787239383.261,11430503.0,11433800.0,11434118.0
1787239388.306,11429425.0,11430582.0,11430594.0
1787239393.395,11423437.0,11426388.0,11425425.0
1787239398.431,11417570.0,11419681.0,11421542.0
1787239403.468,11420427.0,11425757.0,11422704.0
1787239408.579,11419553.0,11422171.0,11422073.0
1787239413.616,11418833.0,11421560.0,11417302.0
1787239418.670,11420550.0,11425485.0,11424157.0
1787239423.732,11417653.0,11421344.0,11421039.0
1787239428.792,11417480.0,11420401.0,11421344.0
1787239433.854,11416570.0,11419842.0,11416552.0
1787239438.916,11412118.0,11413779.0,11413976.0
1787239443.980,11412564.0,11415442.0,11412564.0
1787239449.082,11417014.0,11420104.0,11417913.0
1787239454.159,11419233.0,11422017.0,11420962.0
1787239459.223,11424660.0,11428322.0,11426725.0
1787239464.298,11425654.0,11430000.0,11428322.0
1787239469.360,11425793.0,11428729.0,11425790.0
1787239474.483,11423822.0,11426502.0,11424660.0
1787239479.544,11425777.0,11428314.0,11428315.0
1787239484.602,11426868.0,11428578.0,11428938.0
1787239489.664,11426386.0,11427102.0,11426384.0
1787239494.750,11422750.0,11426069.0,11423517.0
1787239499.808,11425152.0,11427564.0,11426178.0
1787239504.877,11429314.0,11431674.0,11431674.0
1787239509.940,11427156.0,11429231.0,11429264.0
1787239515.248,11426354.0,11427438.0,11429264.0
1787239520.305,11427583.0,11431743.0,11426955.0
1787239525.369,11432019.0,11432998.0,11426955.0
1787239530.427,11433243.0,11435514.0,11434782.0
1787239535.491,11430759.0,11434305.0,11434549.0
1787239540.526,11431320.0,11435899.0,11434255.0
1787239545.595,11441808.0,11445387.0,11441680.0
1787239550.655,11442330.0,11444089.0,11442965.0
1787239555.717,11442345.0,11443685.0,11442680.0
1787239560.776,11442347.0,11444878.0,11443499.0
1787239565.841,11445792.0,11446965.0,11445989.0
1787239570.896,11443072.0,11446381.0,11443072.0
1787239575.957,11440583.0,11443601.0,11442207.0
1787239581.035,11443772.0,11447030.0,11447030.0
1787239586.093,11440171.0,11442225.0,11441019.0
1787239591.155,11441302.0,11446050.0,11443165.0
1787239596.211,11443235.0,11446107.0,11445928.0
1787239601.272,11444248.0,11446097.0,11445928.0
1787239606.331,11446432.0,11448141.0,11447720.0
1787239611.392,11444334.0,11448261.0,11447720.0
1787239616.446,11448491.0,11449994.0,11448965.0
1787239621.501,11451130.0,11452677.0,11452677.0
1787239626.567,11454630.0,11457771.0,11457453.0
1787239631.605,11451354.0,11454612.0,11451774.0
1787239636.669,11449987.0,11453936.0,11451657.0
1787239641.729,11448383.0,11450945.0,11449498.0
1787239646.790,11449259.0,11454147.0,11449498.0
1787239651.847,11452996.0,11456618.0,11456267.0
1787239656.906,11458511.0,11461059.0,11460293.0
1787239661.970,11464549.0,11464596.0,11464597.0
1787239667.037,11464593.0,11464862.0,11464550.0
1787239672.105,11464549.0,11466478.0,11464549.0
1787239677.170,11459635.0,11462540.0,11459588.0
1787239682.230,11459844.0,11462795.0,11461512.0
1787239688.062,11464254.0,11466183.0,11465710.0
1787239693.132,11462456.0,11463911.0,11461685.0
1787239698.178,11459049.0,11461579.0,11459049.0
1787239703.240,11460226.0,11462889.0,11458481.0
1787239708.279,11463253.0,11465868.0,11464594.0
1787239713.338,11459226.0,11462200.0,11463223.0
1787239718.378,11458956.0,11460605.0,11460990.0
1787239723.415,11458502.0,11460677.0,11460605.0
1787239728.470,11463569.0,11465441.0,11462622.0
1787239733.507,11465393.0,11467867.0,11466715.0
1787239738.542,11462968.0,11465206.0,11462891.0
1787239743.605,11469016.0,11469992.0,11469026.0
1787239748.670,11465928.0,11468927.0,11468960.0
1787239753.737,11465290.0,11467487.0,11468960.0
1787239758.794,11468080.0,11469930.0,11469749.0
1787239763.851,11463400.0,11467337.0,11463380.0
1787239768.925,11463447.0,11468444.0,11465695.0
1787239773.981,11472220.0,11475000.0,11474764.0
1787239779.041,11474263.0,11476489.0,11474879.0
1787239784.184,11473450.0,11476395.0,11473450.0
1787239789.257,11472030.0,11473967.0,11473553.0
1787239794.322,11472020.0,11472644.0,11473348.0
1787239799.391,11473800.0,11475759.0,11475759.0
1787239804.428,11476927.0,11479697.0,11476927.0
1787239809.473,11471572.0,11475986.0,11473774.0
1787239814.513,11470796.0,11475002.0,11472117.0
1787239819.583,11471550.0,11474162.0,11473515.0
1787239824.642,11469256.0,11471731.0,11468712.0
1787239829.701,11470620.0,11473185.0,11468700.0
1787239834.754,11472200.0,11474297.0,11471686.0
1787239839.814,11472260.0,11474524.0,11472907.0
1787239844.883,11479776.0,11480976.0,11478764.0
1787239849.939,11483280.0,11486676.0,11482432.0
1787239855.000,11485264.0,11490277.0,11487902.0
1787239860.060,11489989.0,11492474.0,11489989.0
1787239865.125,11487420.0,11492730.0,11488552.0
1787239870.192,11487316.0,11491236.0,11487220.0
1787239875.258,11491310.0,11494936.0,11494945.0
1787239880.315,11487560.0,11489809.0,11487543.0
1787239885.378,11492373.0,11492393.0,11492410.0
1787239890.438,11490814.0,11495884.0,11490706.0
1787239895.505,11491607.0,11494456.0,11494750.0
1787239900.565,11491741.0,11494741.0,11494750.0
1787239905.627,11492756.0,11494750.0,11494471.0
1787239910.687,11494750.0,11497214.0,11494750.0
1787239915.754,11496770.0,11498774.0,11498774.0
1787239920.811,11510046.0,11516559.0,11510046.0
1787239925.879,11514790.0,11518029.0,11517369.0
1787239930.933,11516110.0,11520088.0,11520000.0
1787239935.994,11522065.0,11524181.0,11522065.0
1787239941.057,11534568.0,11546128.0,11545133.0
1787239946.119,11520963.0,11524764.0,11525104.0
1787239951.177,11511634.0,11516678.0,11516678.0
1787239956.239,11507630.0,11512210.0,11506015.0
1787239961.295,11502353.0,11508287.0,11502353.0
1787239966.384,11504299.0,11506927.0,11509503.0
1787239971.455,11504596.0,11509503.0,11508240.0
1787239976.523,11504888.0,11508603.0,11505760.0
1787239981.583,11508226.0,11510182.0,11515232.0
1787239986.644,11498776.0,11501776.0,11502133.0
1787239991.700,11499601.0,11503220.0,11503344.0
1787239996.765,11500312.0,11503162.0,11500312.0
1787240001.833,11503923.0,11506414.0,11501805.0
1787240006.899,11508502.0,11511221.0,11508320.0
1787240011.993,11505101.0,11508676.0,11506465.0
1787240017.055,11504146.0,11509364.0,11508806.0
1787240022.170,11500220.0,11502188.0,11500220.0
1787240027.234,11486031.0,11493184.0,11492700.0
1787240032.297,11488903.0,11493172.0,11488903.0
1787240037.366,11484847.0,11489843.0,11484681.0
1787240042.417,11483722.0,11487901.0,11484681.0
1787240047.478,11476977.0,11483043.0,11483948.0
1787240052.538,11475842.0,11479046.0,11473434.0
1787240057.599,11486550.0,11491641.0,11488930.0
1787240062.653,11489893.0,11490062.0,11487660.0
1787240067.711,11487023.0,11490030.0,11486369.0
1787240072.775,11490527.0,11494930.0,11490527.0
1787240077.831,11493956.0,11495410.0,11494172.0
1787240082.897,11492535.0,11495530.0,11492356.0
1787240087.965,11492193.0,11495060.0,11489616.0
1787240093.029,11493208.0,11496920.0,11489616.0
1787240098.102,11495490.0,11496951.0,11489616.0
1787240103.163,11493288.0,11495198.0,11489616.0
1787240108.202,11486117.0,11489931.0,11488630.0
1787240113.260,11480658.0,11482443.0,11483375.0
1787240118.300,11474084.0,11476908.0,11474702.0
1787240123.358,11473506.0,11475126.0,11473506.0
1787240128.416,11473021.0,11475110.0,11473511.0
1787240133.484,11467049.0,11470722.0,11469452.0
1787240138.551,11464888.0,11471394.0,11464268.0
1787240143.613,11463025.0,11468045.0,11465132.0
1787240148.670,11462750.0,11467820.0,11466434.0
1787240153.745,11467305.0,11472331.0,11466434.0
1787240158.807,11467300.0,11471175.0,11470720.0
1787240163.948,11469746.0,11472160.0,11471057.0
1787240169.008,11463846.0,11468439.0,11466200.0
1787240174.068,11468178.0,11470350.0,11470478.0
1787240179.125,11467000.0,11469003.0,11469251.0
1787240184.176,11467758.0,11469853.0,11467758.0
1787240189.244,11461764.0,11466539.0,11464558.0
1787240194.308,11464904.0,11467600.0,11467323.0
1787240199.376,11471721.0,11476012.0,11472070.0
1787240204.436,11472399.0,11476049.0,11474116.0
1787240209.472,11468493.0,11469160.0,11469160.0
1787240214.531,11467124.0,11468110.0,11468110.0
1787240219.589,11466170.0,11468933.0,11472070.0
1787240224.623,11465000.0,11466720.0,11466170.0
1787240229.693,11461683.0,11463778.0,11462591.0
1787240234.758,11460005.0,11460380.0,11460005.0
1787240239.822,11462310.0,11464486.0,11465326.0
1787240244.887,11461102.0,11464420.0,11462231.0
1787240249.948,11461617.0,11464370.0,11462185.0
1787240255.004,11460987.0,11464277.0,11458375.0
1787240260.062,11458779.0,11462650.0,11462710.0
1787240265.122,11466285.0,11471433.0,11466138.0
1787240270.182,11466878.0,11470526.0,11468840.0
1787240275.254,11460724.0,11463559.0,11464913.0
1787240280.324,11461083.0,11465481.0,11458377.0
1787240285.395,11465213.0,11467434.0,11465431.0
1787240290.457,11460121.0,11463149.0,11463238.0
1787240295.517,11459036.0,11463739.0,11463238.0
1787240300.598,11461303.0,11463421.0,11463421.0
1787240305.655,11459213.0,11463446.0,11463421.0
1787240310.717,11458326.0,11462654.0,11463421.0
1787240315.779,11455455.0,11457784.0,11455906.0
1787240320.834,11452458.0,11455326.0,11452226.0
1787240325.902,11452458.0,11454261.0,11452226.0
1787240330.962,11447449.0,11448841.0,11449508.0
1787240336.012,11446900.0,11449056.0,11444394.0
1787240341.091,11444464.0,11448579.0,11447668.0
1787240346.156,11449806.0,11450908.0,11448005.0
1787240351.216,11448883.0,11450679.0,11451924.0
1787240356.283,11451923.0,11453913.0,11452603.0
1787240361.349,11454870.0,11456642.0,11454870.0
1787240366.401,11459452.0,11462908.0,11460157.0
1787240371.454,11460668.0,11464432.0,11460157.0
1787240376.514,11453657.0,11458037.0,11453656.0
1787240381.575,11455311.0,11457298.0,11454302.0
1787240386.636,11453695.0,11457585.0,11454302.0
1787240391.691,11456927.0,11458098.0,11455782.0
1787240396.747,11456246.0,11459406.0,11460608.0
1787240401.801,11459193.0,11459861.0,11460608.0
1787240406.871,11460181.0,11463771.0,11461305.0
1787240411.938,11459622.0,11463685.0,11459622.0
1787240417.000,11463082.0,11464410.0,11464202.0
1787240422.059,11460759.0,11463210.0,11463210.0
1787240427.196,11459856.0,11462369.0,11463210.0
1787240432.257,11454150.0,11455473.0,11455574.0
1787240437.328,11453245.0,11456953.0,11456959.0
1787240442.385,11451487.0,11456025.0,11456688.0
1787240447.447,11456962.0,11460315.0,11458676.0
1787240452.485,11455180.0,11458739.0,11461386.0
1787240457.527,11458162.0,11460280.0,11461595.0
1787240462.575,11456388.0,11460244.0,11456688.0
1787240468.281,11457941.0,11460742.0,11456688.0
1787240473.326,11453059.0,11458272.0,11455533.0
1787240478.387,11452531.0,11456332.0,11455948.0
1787240483.440,11457599.0,11459850.0,11458299.0
1787240488.484,11455871.0,11458611.0,11458299.0
1787240493.523,11458872.0,11462905.0,11460743.0
1787240498.571,11463051.0,11465743.0,11463743.0
1787240503.609,11463016.0,11466681.0,11465743.0
1787240508.667,11456671.0,11458160.0,11459410.0
1787240513.745,11461048.0,11463025.0,11461639.0
1787240518.783,11461262.0,11463988.0,11461639.0
1787240523.894,11463669.0,11467035.0,11461639.0
1787240528.963,11465283.0,11466380.0,11461639.0
1787240534.025,11466958.0,11469121.0,11467743.0
1787240539.091,11465504.0,11469915.0,11469121.0
1787240544.183,11469369.0,11471000.0,11469948.0
1787240549.269,11473104.0,11475504.0,11474773.0
1787240554.309,11474910.0,11478747.0,11477743.0
1787240559.364,11476240.0,11479763.0,11479772.0
1787240564.425,11474942.0,11479386.0,11476460.0
1787240569.463,11475142.0,11479457.0,11479386.0
1787240574.498,11476332.0,11479488.0,11476188.0
1787240579.543,11474066.0,11477241.0,11474437.0
1787240584.608,11474559.0,11476658.0,11470466.0
1787240589.676,11470877.0,11474434.0,11474558.0
1787240594.736,11474294.0,11476691.0,11477084.0
1787240599.797,11473938.0,11477584.0,11477084.0
1787240604.839,11472960.0,11475805.0,11475006.0
1787240609.892,11468888.0,11471064.0,11470369.0
1787240614.954,11468339.0,11469886.0,11469981.0
1787240619.990,11468610.0,11471678.0,11470369.0
1787240625.025,11469963.0,11472787.0,11472436.0
1787240630.085,11468961.0,11471172.0,11470586.0
1787240635.128,11470000.0,11471172.0,11470586.0
1787240640.209,11472346.0,11474994.0,11473156.0
1787240645.273,11470000.0,11474671.0,11472346.0
1787240650.308,11467186.0,11468643.0,11468960.0
1787240655.345,11467386.0,11471391.0,11469311.0
1787240660.430,11467969.0,11471515.0,11469311.0
1787240665.492,11468280.0,11471806.0,11471806.0
1787240670.559,11471500.0,11474807.0,11473619.0
1787240675.609,11473100.0,11474960.0,11474141.0
1787240680.665,11470910.0,11474836.0,11470910.0
1787240685.723,11469470.0,11471759.0,11470910.0
1787240690.783,11467910.0,11472671.0,11469765.0
1787240695.836,11464960.0,11467819.0,11465429.0
1787240700.893,11464960.0,11467484.0,11465429.0
1787240705.933,11464960.0,11468204.0,11466844.0
1787240710.990,11459541.0,11463763.0,11463763.0
1787240716.048,11461035.0,11463762.0,11460125.0
1787240721.108,11462765.0,11466408.0,11464412.0
1787240726.168,11465889.0,11466462.0,11465338.0
1787240731.227,11464425.0,11465498.0,11465662.0
1787240736.282,11463112.0,11465425.0,11464416.0
1787240741.342,11459752.0,11463661.0,11460125.0
1787240746.379,11461090.0,11464830.0,11461130.0
1787240751.437,11463039.0,11465651.0,11461130.0
1787240756.495,11461935.0,11466064.0,11463006.0
1787240761.553,11462078.0,11464314.0,11463844.0
1787240766.622,11458566.0,11461416.0,11461679.0
1787240771.673,11455659.0,11458033.0,11460984.0
1787240776.731,11452498.0,11455719.0,11453381.0
1787240781.790,11454442.0,11457109.0,11454433.0
1787240786.850,11456256.0,11458717.0,11456439.0
1787240791.890,11457480.0,11460563.0,11459604.0
1787240796.944,11457605.0,11460913.0,11458105.0
1787240802.024,11455920.0,11457907.0,11458130.0
1787240807.254,11458508.0,11461474.0,11459461.0
1787240812.312,11471237.0,11475106.0,11475106.0
1787240817.372,11469373.0,11471308.0,11471309.0
1787240822.433,11463462.0,11465460.0,11465391.0
1787240827.588,11459477.0,11460978.0,11461055.0
1787240832.623,11458771.0,11462674.0,11458496.0
1787240837.688,11461465.0,11464163.0,11464163.0
1787240842.748,11463813.0,11469023.0,11469023.0
1787240847.787,11469677.0,11471489.0,11471489.0
1787240852.841,11466760.0,11471886.0,11469406.0
1787240857.933,11472246.0,11475000.0,11471834.0
1787240862.971,11470133.0,11473260.0,11471733.0
1787240868.008,11470143.0,11472785.0,11471733.0
1787240873.044,11472912.0,11476459.0,11476459.0
1787240878.080,11475325.0,11477205.0,11475851.0
1787240883.118,11475315.0,11479042.0,11475315.0
1787240888.175,11475864.0,11478506.0,11475861.0
1787240893.213,11478859.0,11480359.0,11483043.0
1787240898.437,11476985.0,11480895.0,11479877.0
1787240903.479,11476922.0,11479056.0,11475718.0
1787240908.516,11477964.0,11481628.0,11482861.0
1787240913.575,11479401.0,11483204.0,11482861.0
1787240918.636,11477391.0,11479863.0,11479315.0
1787240923.721,11478861.0,11480537.0,11480274.0
1787240928.773,11472100.0,11473910.0,11475898.0
1787240933.830,11470080.0,11471822.0,11471822.0
1787240938.891,11465508.0,11467754.0,11469990.0
1787240943.950,11469687.0,11472330.0,11472331.0
1787240949.015,11472331.0,11474300.0,11472331.0
1787240954.071,11467676.0,11470098.0,11469450.0
1787240959.131,11467025.0,11470605.0,11469450.0
1787240964.186,11469362.0,11473281.0,11471526.0
1787240969.233,11471637.0,11473933.0,11471526.0
1787240974.292,11473635.0,11476534.0,11471526.0
1787240979.344,11472550.0,11475052.0,11471526.0
1787240984.378,11474410.0,11476816.0,11471526.0
1787240989.435,11473273.0,11476381.0,11476381.0
1787240994.474,11476428.0,11478443.0,11476816.0
1787240999.511,11475977.0,11478467.0,11476816.0
1787241004.562,11472922.0,11475742.0,11474888.0
1787241009.601,11473137.0,11476477.0,11474888.0
1787241014.655,11472278.0,11475712.0,11476063.0
1787241019.713,11474930.0,11478079.0,11476063.0
1787241024.771,11472372.0,11476533.0,11476063.0
1787241029.825,11478491.0,11481702.0,11480025.0
1787241034.880,11475439.0,11478631.0,11480025.0
1787241039.938,11475807.0,11480553.0,11475439.0
1787241044.994,11475084.0,11478772.0,11477922.0
1787241050.050,11473057.0,11475720.0,11474201.0
1787241055.098,11473499.0,11475726.0,11473025.0
1787241060.162,11474257.0,11476472.0,11473025.0
1787241065.222,11477594.0,11480329.0,11477810.0
1787241070.282,11478772.0,11479732.0,11476698.0
1787241075.319,11478770.0,11480947.0,11480947.0
1787241080.354,11482255.0,11483542.0,11482124.0
1787241085.422,11482870.0,11484999.0,11484996.0
1787241090.479,11485214.0,11487025.0,11485205.0
1787241095.528,11482991.0,11486816.0,11487106.0
1787241100.565,11487079.0,11489205.0,11488229.0
1787241105.601,11485897.0,11489746.0,11489786.0
1787241110.677,11491424.0,11493120.0,11490800.0
1787241115.745,11495702.0,11498514.0,11499998.0
1787241120.797,11496500.0,11499188.0,11500514.0
1787241125.858,11493079.0,11496755.0,11492520.0
1787241130.921,11496883.0,11498127.0,11496882.0
1787241135.979,11502640.0,11505872.0,11510420.0
1787241141.017,11506554.0,11512601.0,11510228.0
1787241146.055,11502572.0,11506156.0,11503437.0
1787241151.115,11501360.0,11506862.0,11503482.0
1787241156.150,11504612.0,11506792.0,11508954.0
1787241161.192,11504736.0,11506793.0,11506791.0
1787241166.227,11500214.0,11500743.0,11505426.0
1787241171.323,11505664.0,11506793.0,11506793.0
1787241176.382,11506617.0,11508325.0,11508325.0
1787241181.501,11505289.0,11510608.0,11506604.0
1787241186.612,11505913.0,11508578.0,11505044.0
1787241191.674,11501750.0,11504199.0,11502101.0
1787241196.735,11498109.0,11503085.0,11501750.0
1787241201.797,11498507.0,11501140.0,11498507.0
1787241206.837,11497960.0,11502769.0,11501746.0
1787241211.910,11493117.0,11497440.0,11496414.0
1787241216.965,11497134.0,11499425.0,11497959.0
1787241222.026,11495203.0,11499777.0,11498383.0
1787241227.089,11501974.0,11502755.0,11501422.0
1787241232.141,11493730.0,11498181.0,11496275.0
1787241237.195,11494890.0,11499057.0,11496360.0
1787241242.242,11494222.0,11499045.0,11496360.0
1787241247.309,11500369.0,11502937.0,11501209.0
1787241252.362,11497770.0,11503292.0,11501209.0
1787241257.397,11496698.0,11497401.0,11499378.0
1787241262.450,11492835.0,11495668.0,11492807.0
1787241267.486,11492807.0,11495589.0,11492807.0
1787241272.552,11492893.0,11497356.0,11496640.0
1787241277.607,11492736.0,11494828.0,11492736.0
1787241282.659,11490581.0,11494575.0,11493222.0
1787241287.718,11494559.0,11496640.0,11496640.0
1787241292.777,11496609.0,11500077.0,11497672.0
1787241297.832,11497065.0,11499602.0,11500451.0
1787241302.978,11496985.0,11500024.0,11499417.0
1787241308.038,11494230.0,11499770.0,11492743.0
1787241313.104,11495896.0,11500362.0,11496636.0
1787241318.146,11498442.0,11504638.0,11499971.0
1787241323.207,11498823.0,11502408.0,11500719.0
1787241328.246,11497596.0,11501729.0,11500719.0
1787241333.284,11494916.0,11498790.0,11494916.0
1787241338.337,11494226.0,11497797.0,11493553.0
1787241343.373,11496366.0,11497795.0,11496386.0
1787241349.343,11498615.0,11501677.0,11494684.0
1787241354.409,11498403.0,11500299.0,11494684.0
1787241359.525,11497381.0,11499955.0,11494684.0
1787241364.564,11497008.0,11498827.0,11494684.0
1787241369.633,11502085.0,11502586.0,11500935.0
1787241374.693,11499684.0,11504508.0,11501711.0
1787241379.753,11496910.0,11501261.0,11498233.0
1787241384.810,11498940.0,11504055.0,11498233.0
1787241389.874,11501118.0,11504277.0,11498233.0
1787241394.954,11502200.0,11503224.0,11503212.0
1787241399.994,11502280.0,11503212.0,11502260.0
1787241405.031,11500284.0,11501059.0,11502209.0
1787241410.072,11499740.0,11502090.0,11499528.0
1787241415.137,11501970.0,11503212.0,11502871.0
1787241420.201,11499790.0,11502042.0,11499790.0
1787241425.244,11499276.0,11501557.0,11501297.0
1787241430.283,11500337.0,11504601.0,11501557.0
1787241435.604,11497683.0,11502368.0,11502368.0
1787241440.670,11500584.0,11503325.0,11503335.0
1787241445.768,11503573.0,11505077.0,11504217.0
1787241450.835,11501993.0,11503335.0,11503529.0
1787241455.949,11497683.0,11499566.0,11498179.0
1787241461.007,11500234.0,11503331.0,11502121.0
1787241466.069,11498919.0,11502291.0,11501603.0
1787241471.137,11499788.0,11501977.0,11501983.0
1787241476.177,11497684.0,11501572.0,11498298.0
1787241481.237,11497683.0,11501607.0,11498298.0
1787241486.291,11498299.0,11501247.0,11498872.0
1787241491.333,11499172.0,11502986.0,11500287.0
1787241496.398,11498298.0,11502612.0,11499919.0
1787241501.438,11497271.0,11501668.0,11498298.0
1787241506.502,11497645.0,11498994.0,11497644.0
1787241511.541,11497450.0,11499970.0,11497435.0
1787241516.578,11496682.0,11498527.0,11497700.0
1787241521.616,11496710.0,11499821.0,11495901.0
1787241526.681,11496252.0,11498010.0,11496961.0
1787241531.744,11496264.0,11496950.0,11495901.0
1787241536.833,11499320.0,11501174.0,11500148.0
1787241541.899,11499885.0,11500624.0,11500148.0
1787241546.970,11499900.0,11500148.0,11500148.0
1787241552.018,11497670.0,11498613.0,11497650.0
1787241557.077,11490000.0,11493910.0,11490356.0
1787241562.131,11490145.0,11491772.0,11492349.0
1787241567.171,11491107.0,11493210.0,11492349.0
1787241572.243,11491110.0,11493038.0,11492349.0
1787241577.358,11491110.0,11492381.0,11490000.0
1787241582.397,11491110.0,11492340.0,11490000.0
1787241587.455,11494258.0,11496031.0,11492675.0
1787241592.496,11493090.0,11495568.0,11492675.0
1787241597.573,11495018.0,11496130.0,11495233.0
1787241602.645,11493160.0,11495414.0,11494104.0
1787241607.813,11488802.0,11490639.0,11490000.0
1787241612.855,11487941.0,11490449.0,11489054.0
1787241617.894,11482674.0,11487378.0,11484394.0
1787241622.940,11481104.0,11485364.0,11482278.0
1787241627.979,11481938.0,11484558.0,11482278.0
1787241633.018,11478548.0,11481817.0,11478708.0
1787241638.061,11479127.0,11483747.0,11483379.0
1787241643.124,11481139.0,11483880.0,11482930.0
1787241648.186,11477919.0,11478647.0,11478647.0
1787241653.224,11475355.0,11477430.0,11478148.0
1787241658.289,11476508.0,11478393.0,11478190.0
1787241663.340,11476770.0,11477751.0,11477751.0
1787241668.395,11479810.0,11482211.0,11482349.0
1787241673.432,11476771.0,11481057.0,11479771.0
1787241678.496,11477072.0,11479393.0,11478501.0
1787241683.551,11479440.0,11482317.0,11482317.0
1787241688.612,11479570.0,11483445.0,11482605.0
1787241693.670,11479477.0,11481915.0,11480676.0
1787241698.734,11479545.0,11482589.0,11483539.0
1787241703.794,11477320.0,11481342.0,11479623.0
1787241708.862,11477332.0,11481323.0,11481323.0
1787241713.931,11479866.0,11483533.0,11485018.0
1787241718.999,11481443.0,11483354.0,11485018.0
1787241724.063,11479952.0,11482818.0,11481443.0
1787241729.179,11477793.0,11480072.0,11479966.0
1787241734.232,11479645.0,11483878.0,11483888.0
1787241739.272,11482245.0,11484705.0,11483888.0
1787241744.322,11482083.0,11483121.0,11483788.0
1787241749.398,11482703.0,11485073.0,11483863.0
1787241754.438,11485888.0,11489230.0,11490674.0
1787241759.478,11490448.0,11492102.0,11491055.0
1787241764.519,11494630.0,11496636.0,11494547.0
1787241769.585,11496194.0,11496636.0,11497317.0
1787241774.648,11497276.0,11499999.0,11496195.0
1787241779.721,11502047.0,11502433.0,11500520.0
1787241784.782,11496891.0,11498847.0,11498847.0
1787241789.848,11490891.0,11494943.0,11496801.0
1787241794.902,11494287.0,11497098.0,11496299.0
1787241799.966,11495521.0,11497940.0,11496670.0
1787241805.031,11498428.0,11501020.0,11501532.0
1787241810.091,11493795.0,11498110.0,11498171.0
1787241815.155,11495901.0,11499397.0,11498050.0
1787241820.210,11495394.0,11499092.0,11496637.0
1787241825.269,11492858.0,11496355.0,11496490.0
1787241830.310,11492620.0,11493924.0,11493924.0
1787241835.356,11489058.0,11493310.0,11490897.0
1787241840.426,11488123.0,11492630.0,11490897.0
1787241845.486,11487682.0,11491069.0,11490897.0
1787241850.544,11489175.0,11490917.0,11490897.0
1787241855.665,11493047.0,11493920.0,11493635.0
1787241860.748,11494156.0,11495634.0,11494473.0
1787241865.828,11489902.0,11493594.0,11491992.0
1787241870.907,11485468.0,11487410.0,11487410.0
1787241875.986,11486645.0,11489829.0,11487410.0
1787241881.061,11482245.0,11485110.0,11485468.0
1787241886.145,11477355.0,11480510.0,11478774.0
1787241891.198,11477136.0,11478020.0,11476810.0
1787241896.257,11477101.0,11478439.0,11478019.0
1787241901.296,11478141.0,11479600.0,11478019.0
1787241906.338,11477160.0,11480689.0,11480689.0
1787241911.402,11483321.0,11487480.0,11483321.0
1787241917.357,11488146.0,11490412.0,11488510.0
1787241922.394,11488174.0,11492159.0,11487346.0
1787241927.462,11484991.0,11487676.0,11487346.0
1787241932.505,11485749.0,11489175.0,11487346.0
1787241937.579,11490387.0,11490993.0,11487346.0
1787241942.633,11487565.0,11489662.0,11490414.0
1787241947.820,11487412.0,11490549.0,11488556.0
1787241952.975,11487147.0,11489453.0,11488556.0
1787241958.259,11489997.0,11494414.0,11492045.0
1787241963.304,11494601.0,11498679.0,11495284.0
1787241968.351,11495818.0,11498680.0,11496942.0
1787241973.389,11498251.0,11500000.0,11498573.0
1787241978.463,11495291.0,11497578.0,11495341.0
1787241983.685,11491406.0,11495526.0,11493360.0
1787241988.747,11493522.0,11497909.0,11497953.0
1787241993.794,11494447.0,11497439.0,11495574.0
1787241999.225,11493166.0,11496524.0,11495361.0
1787242004.609,11495707.0,11497922.0,11496709.0
1787242009.669,11497620.0,11499229.0,11495712.0
1787242014.730,11494739.0,11498145.0,11496054.0
1787242019.797,11492264.0,11493899.0,11493172.0
1787242025.902,11487532.0,11491303.0,11489775.0
1787242030.967,11486672.0,11490873.0,11490396.0
1787242036.240,11486660.0,11491030.0,11490111.0
1787242041.303,11487522.0,11490721.0,11490111.0
1787242046.385,11492981.0,11496473.0,11494732.0
1787242051.669,11495453.0,11498471.0,11494732.0
1787242056.789,11500457.0,11501802.0,11500000.0
1787242061.960,11500870.0,11504247.0,11502189.0
1787242067.062,11499587.0,11504836.0,11499587.0
1787242072.126,11493042.0,11495324.0,11497684.0
1787242077.186,11493276.0,11496642.0,11497684.0
1787242082.368,11493171.0,11497780.0,11496101.0
1787242087.697,11495653.0,11499159.0,11497312.0
1787242092.756,11492602.0,11495113.0,11493736.0
1787242098.030,11491095.0,11493526.0,11492023.0
1787242103.217,11490732.0,11493945.0,11490220.0
1787242108.278,11492104.0,11495669.0,11490220.0
1787242113.343,11493054.0,11495860.0,11490220.0
1787242118.412,11493810.0,11495650.0,11490220.0
1787242123.578,11492382.0,11494506.0,11490220.0
1787242128.650,11494671.0,11496840.0,11490220.0
1787242133.706,11492659.0,11495296.0,11490220.0
1787242139.036,11490619.0,11495669.0,11492635.0
1787242144.147,11496052.0,11497916.0,11494195.0
1787242151.854,11500492.0,11502470.0,11501226.0
1787242159.033,11501226.0,11503940.0,11502555.0
1787242164.099,11503609.0,11505089.0,11504555.0
1787242169.265,11504259.0,11506555.0,11504259.0
1787242174.321,11503450.0,11506188.0,11506149.0
1787242179.385,11500534.0,11504228.0,11502429.0
1787242184.443,11499467.0,11503609.0,11502865.0
1787242189.511,11501223.0,11504749.0,11501669.0
1787242194.574,11501223.0,11504552.0,11501222.0
1787242199.639,11501232.0,11504822.0,11501222.0
1787242204.714,11496227.0,11498907.0,11498908.0
1787242209.783,11493543.0,11497619.0,11495827.0
1787242214.828,11496663.0,11500791.0,11499127.0
1787242219.869,11499499.0,11503198.0,11499127.0
1787242224.912,11497056.0,11501987.0,11499127.0
1787242229.953,11493364.0,11498581.0,11498829.0
1787242235.023,11492837.0,11497165.0,11496310.0
1787242240.083,11493386.0,11496670.0,11496310.0
1787242245.141,11492892.0,11496308.0,11496308.0
1787242250.200,11493589.0,11496308.0,11494350.0
1787242255.240,11494809.0,11498699.0,11496310.0
1787242260.280,11500499.0,11502980.0,11500344.0
1787242265.357,11502227.0,11505881.0,11500344.0
1787242270.398,11502856.0,11506547.0,11504572.0
1787242275.436,11504861.0,11506547.0,11502324.0
1787242280.498,11497783.0,11501211.0,11500536.0
1787242285.537,11495802.0,11499210.0,11497783.0
1787242290.598,11491797.0,11494922.0,11495000.0
1787242295.688,11494041.0,11497250.0,11494816.0
1787242300.751,11492324.0,11496519.0,11494926.0
1787242305.812,11494917.0,11498949.0,11494926.0
1787242310.881,11494967.0,11497511.0,11492705.0
1787242316.058,11495892.0,11499550.0,11498582.0
1787242321.124,11495934.0,11497341.0,11498582.0
1787242326.185,11492461.0,11496136.0,11494998.0
1787242331.245,11486789.0,11490511.0,11487040.0
1787242336.304,11486623.0,11489401.0,11487040.0
1787242341.368,11483858.0,11485878.0,11484555.0
1787242346.428,11483114.0,11486654.0,11484555.0
1787242351.491,11481227.0,11481405.0,11481227.0
1787242356.553,11478945.0,11482188.0,11479091.0
1787242361.617,11479187.0,11480694.0,11477963.0
1787242366.682,11479110.0,11482087.0,11480815.0
1787242371.744,11477695.0,11479787.0,11479110.0
1787242376.806,11477698.0,11479732.0,11479110.0
1787242381.870,11479551.0,11482893.0,11482893.0
1787242386.933,11480696.0,11482907.0,11482893.0
1787242391.995,11478338.0,11481688.0,11480694.0
1787242397.052,11478342.0,11480535.0,11478343.0
1787242402.118,11480090.0,11481168.0,11480536.0
1787242407.186,11486540.0,11488868.0,11487166.0
1787242412.248,11484192.0,11486637.0,11486540.0
1787242417.381,11483480.0,11487898.0,11487265.0
1787242422.452,11485757.0,11488445.0,11487993.0
1787242427.520,11486102.0,11489493.0,11487993.0
1787242432.587,11486281.0,11489082.0,11487993.0
1787242437.658,11485060.0,11488369.0,11487993.0
1787242442.735,11485062.0,11486272.0,11485062.0
1787242447.988,11484309.0,11485606.0,11485062.0
1787242453.043,11482877.0,11484848.0,11484301.0
1787242458.134,11482075.0,11483938.0,11482869.0
1787242463.211,11476559.0,11479937.0,11478251.0
1787242468.283,11475000.0,11476249.0,11475000.0
1787242473.369,11471931.0,11473547.0,11472868.0
1787242478.453,11472201.0,11475061.0,11473539.0
1787242483.509,11471161.0,11474128.0,11473539.0
1787242488.567,11472704.0,11475159.0,11474514.0
1787242493.631,11474793.0,11477881.0,11476701.0
1787242498.670,11474833.0,11478376.0,11474798.0
1787242503.712,11478282.0,11480130.0,11478259.0
1787242508.833,11481167.0,11481209.0,11478259.0
1787242513.874,11480139.0,11483963.0,11483606.0
1787242518.931,11480921.0,11485400.0,11483606.0
1787242523.974,11483221.0,11485635.0,11481895.0
1787242529.044,11482595.0,11486529.0,11486529.0
1787242534.081,11486404.0,11489850.0,11489847.0
1787242539.135,11485069.0,11487449.0,11489847.0
1787242544.171,11485625.0,11489157.0,11489847.0
1787242549.233,11488053.0,11491153.0,11489801.0
1787242554.271,11485168.0,11488635.0,11489801.0
1787242559.329,11484623.0,11487043.0,11489506.0
1787242564.369,11485180.0,11487086.0,11486022.0
1787242569.436,11484448.0,11487339.0,11484256.0
1787242574.477,11484454.0,11485870.0,11484454.0
1787242579.518,11484029.0,11485780.0,11484454.0
1787242584.560,11481546.0,11483858.0,11484454.0
1787242589.599,11481647.0,11484661.0,11481547.0
1787242594.670,11478773.0,11481875.0,11479051.0
1787242599.762,11476949.0,11480431.0,11479188.0
1787242604.824,11475461.0,11477420.0,11476949.0
1787242609.866,11474421.0,11477365.0,11474318.0
1787242614.933,11474842.0,11477357.0,11473349.0
1787242620.001,11474313.0,11477022.0,11474313.0
1787242625.044,11473555.0,11475563.0,11477858.0
1787242630.082,11473943.0,11477881.0,11476232.0
1787242635.146,11474804.0,11477895.0,11476829.0
1787242640.210,11470555.0,11472439.0,11471970.0
1787242645.247,11467081.0,11469432.0,11468507.0
1787242650.288,11461264.0,11464122.0,11463403.0
1787242655.330,11464670.0,11466336.0,11465222.0
1787242660.397,11464631.0,11469311.0,11467675.0
1787242665.436,11467972.0,11470416.0,11467675.0
1787242670.473,11466860.0,11470386.0,11467675.0
1787242675.538,11468188.0,11471275.0,11467675.0
1787242680.577,11471898.0,11473058.0,11471468.0
1787242685.645,11470046.0,11472209.0,11473055.0
1787242690.724,11473324.0,11476903.0,11475593.0
1787242695.806,11472923.0,11475328.0,11475593.0
1787242700.871,11472450.0,11476364.0,11475593.0
1787242705.934,11472673.0,11476144.0,11474665.0
1787242710.988,11475959.0,11477736.0,11474665.0
1787242716.051,11478925.0,11482596.0,11474665.0
1787242721.121,11476999.0,11481159.0,11478123.0
1787242726.180,11478196.0,11481154.0,11481408.0
1787242731.247,11478201.0,11481648.0,11481408.0
1787242736.311,11477853.0,11481640.0,11481408.0
1787242741.348,11478359.0,11480799.0,11481408.0
1787242746.421,11478379.0,11481228.0,11481408.0
1787242751.481,11479230.0,11481640.0,11481408.0
1787242756.519,11478664.0,11481330.0,11481408.0
1787242761.579,11480561.0,11483514.0,11481967.0
1787242766.647,11485228.0,11486915.0,11486915.0
1787242771.779,11480992.0,11484054.0,11486915.0
1787242776.843,11482673.0,11485160.0,11486915.0
1787242781.913,11484009.0,11487632.0,11486915.0
1787242786.980,11486007.0,11488854.0,11484788.0
1787242792.049,11482816.0,11484641.0,11482816.0
1787242797.113,11481150.0,11486746.0,11482816.0
1787242802.196,11480834.0,11484067.0,11482816.0
1787242807.263,11477198.0,11481264.0,11479428.0
1787242812.429,11475033.0,11478261.0,11476738.0
1787242817.497,11474929.0,11478208.0,11476738.0
1787242822.562,11474734.0,11477704.0,11476738.0
1787242827.637,11476738.0,11479888.0,11476738.0
1787242832.699,11476738.0,11478784.0,11479888.0
1787242837.763,11476738.0,11479603.0,11476738.0
1787242842.889,11479453.0,11482070.0,11477600.0
1787242847.950,11479264.0,11480666.0,11477600.0
1787242853.008,11481668.0,11483725.0,11481126.0
1787242858.072,11482053.0,11484510.0,11481126.0
1787242863.171,11480113.0,11483361.0,11481126.0
1787242868.237,11480487.0,11484188.0,11481126.0
1787242873.290,11481162.0,11483985.0,11481126.0
1787242878.353,11482833.0,11484520.0,11483671.0
1787242883.419,11477471.0,11480192.0,11477775.0
1787242888.479,11479557.0,11481217.0,11477775.0
1787242893.585,11480887.0,11483019.0,11479091.0
1787242898.654,11482468.0,11484013.0,11479091.0
1787242903.723,11482557.0,11485177.0,11483999.0
1787242908.792,11483084.0,11485210.0,11484348.0
1787242913.830,11482667.0,11484776.0,11485210.0
1787242918.867,11484164.0,11485807.0,11485210.0
1787242923.913,11485730.0,11486608.0,11485210.0
1787242929.064,11484017.0,11488821.0,11486609.0
1787242934.128,11484615.0,11488652.0,11486609.0
1787242939.190,11483637.0,11485392.0,11484024.0
1787242944.252,11480539.0,11483482.0,11484024.0
1787242949.292,11483096.0,11485142.0,11484024.0
1787242954.350,11481112.0,11483524.0,11484024.0
1787242959.412,11479599.0,11482606.0,11484024.0
1787242964.476,11478355.0,11481806.0,11484024.0
1787242969.533,11479354.0,11482379.0,11484024.0
1787242974.600,11476739.0,11479065.0,11477462.0
1787242979.668,11476741.0,11477409.0,11477462.0
1787242984.750,11476738.0,11477408.0,11476741.0
1787242989.830,11475092.0,11476850.0,11475846.0
1787242994.893,11475185.0,11477176.0,11476850.0
1787242999.956,11476850.0,11478298.0,11476850.0
1787243005.023,11476851.0,11478977.0,11478297.0
1787243010.090,11476851.0,11478932.0,11478297.0
1787243015.133,11478131.0,11479195.0,11477858.0
1787243020.169,11476851.0,11478853.0,11476850.0
1787243025.206,11472908.0,11476833.0,11474789.0
1787243030.248,11473580.0,11476672.0,11475315.0
1787243035.286,11473857.0,11478050.0,11476833.0
1787243040.323,11473728.0,11477256.0,11476833.0
1787243045.364,11477052.0,11479287.0,11478365.0
1787243050.411,11474018.0,11478570.0,11477602.0
1787243055.447,11474966.0,11477929.0,11475099.0
1787243060.488,11477183.0,11480294.0,11479288.0
1787243065.527,11478080.0,11480188.0,11479288.0
1787243070.588,11475615.0,11479306.0,11479288.0
1787243075.648,11476947.0,11480261.0,11477267.0
1787243080.707,11476516.0,11479712.0,11477267.0
1787243085.770,11476768.0,11479198.0,11477663.0
1787243090.828,11475977.0,11479161.0,11477663.0
1787243095.894,11476234.0,11479033.0,11477663.0
1787243100.961,11476428.0,11479032.0,11477663.0
1787243106.032,11478371.0,11480793.0,11479269.0
1787243111.089,11479778.0,11480797.0,11479228.0
1787243116.155,11479495.0,11480797.0,11479228.0
1787243121.218,11479585.0,11480797.0,11479228.0
1787243126.283,11482682.0,11486168.0,11483726.0
1787243131.336,11484136.0,11486121.0,11485120.0
1787243136.400,11483983.0,11485742.0,11485120.0
1787243141.467,11484985.0,11487466.0,11484027.0
1787243146.626,11484645.0,11487649.0,11484027.0
1787243151.679,11486946.0,11489963.0,11484027.0
1787243156.741,11487648.0,11490000.0,11484027.0
1787243161.805,11487528.0,11489962.0,11484027.0
1787243166.864,11481270.0,11484265.0,11484610.0
1787243171.929,11484227.0,11485505.0,11484218.0
1787243176.992,11484459.0,11487425.0,11485483.0
1787243182.052,11483837.0,11486509.0,11484492.0
1787243187.107,11484260.0,11487573.0,11484492.0
1787243192.174,11485429.0,11487529.0,11484492.0
1787243197.237,11484565.0,11488519.0,11484492.0
1787243202.306,11484166.0,11484492.0,11484492.0
1787243207.365,11488150.0,11490000.0,11484492.0
1787243212.436,11490945.0,11493769.0,11491149.0
1787243217.500,11491500.0,11494879.0,11492027.0
1787243222.574,11491510.0,11494163.0,11491492.0
1787243227.648,11491652.0,11493979.0,11491492.0
1787243232.718,11493032.0,11495089.0,11491492.0
1787243237.788,11490774.0,11493605.0,11492323.0
1787243242.845,11491026.0,11494114.0,11493981.0
1787243247.908,11491212.0,11492322.0,11491328.0
1787243252.976,11491240.0,11492322.0,11491169.0
1787243258.039,11491330.0,11493709.0,11493789.0
1787243263.103,11491495.0,11493702.0,11493789.0
1787243268.162,11498060.0,11498257.0,11496618.0
1787243273.228,11492204.0,11494091.0,11493862.0
1787243278.291,11491619.0,11492812.0,11492214.0
1787243283.349,11488909.0,11489749.0,11490130.0
1787243288.428,11490363.0,11492007.0,11490855.0
1787243293.489,11489740.0,11491873.0,11491533.0
1787243298.553,11492281.0,11496508.0,11494311.0
1787243303.614,11489084.0,11491263.0,11487975.0
1787243308.685,11490643.0,11493494.0,11491875.0
1787243313.741,11491920.0,11493512.0,11492870.0
1787243318.895,11496836.0,11498316.0,11497916.0
1787243323.952,11493018.0,11496095.0,11494541.0
1787243328.998,11493375.0,11496528.0,11495337.0
1787243334.036,11493470.0,11496155.0,11495337.0
1787243339.096,11494993.0,11498128.0,11496088.0
1787243344.160,11499589.0,11500972.0,11500010.0
1787243349.202,11498055.0,11499662.0,11499307.0
1787243354.243,11497536.0,11500706.0,11498765.0
1787243359.309,11498395.0,11500584.0,11498765.0
1787243364.363,11498306.0,11500962.0,11497576.0
1787243369.428,11498570.0,11500972.0,11497576.0
1787243374.485,11499134.0,11500972.0,11497576.0
1787243379.525,11498457.0,11499980.0,11499432.0
1787243384.585,11498457.0,11500186.0,11499432.0
1787243389.651,11498457.0,11500973.0,11499432.0
1787243394.717,11497399.0,11500973.0,11499432.0
1787243399.783,11498139.0,11500890.0,11499432.0
1787243404.837,11492454.0,11495933.0,11493445.0
1787243410.067,11493943.0,11496268.0,11496268.0
1787243415.108,11489253.0,11490726.0,11490920.0
1787243420.145,11486581.0,11486729.0,11486738.0
1787243425.181,11486581.0,11489329.0,11488953.0
1787243430.223,11487038.0,11488918.0,11488953.0
1787243435.262,11486390.0,11488237.0,11486390.0
1787243440.326,11487331.0,11489160.0,11486390.0
1787243445.394,11488175.0,11490984.0,11489160.0
1787243450.433,11487030.0,11490427.0,11488175.0
1787243455.500,11486391.0,11490249.0,11488175.0
1787243460.559,11486985.0,11488963.0,11486390.0
1787243465.611,11488590.0,11489951.0,11486390.0
1787243470.674,11488581.0,11489960.0,11486390.0
1787243475.737,11486695.0,11488641.0,11486390.0
1787243480.804,11484700.0,11487387.0,11485134.0
1787243485.863,11479592.0,11483139.0,11482076.0
1787243490.917,11480292.0,11483952.0,11484696.0
1787243496.092,11479990.0,11483364.0,11484696.0
1787243501.149,11481806.0,11485595.0,11484162.0
1787243506.249,11478995.0,11484262.0,11481810.0
1787243511.311,11479437.0,11482237.0,11480760.0
1787243516.371,11479971.0,11482698.0,11480760.0
1787243521.559,11480679.0,11483279.0,11480760.0
1787243526.623,11482446.0,11483235.0,11480760.0
1787243531.677,11481263.0,11483155.0,11483697.0
1787243536.823,11482087.0,11484259.0,11483663.0
1787243541.893,11482567.0,11484249.0,11483663.0
1787243546.946,11481995.0,11484249.0,11483663.0
1787243552.004,11482143.0,11483538.0,11483663.0
1787243557.067,11482734.0,11484247.0,11483569.0
1787243562.139,11481950.0,11484889.0,11484247.0
1787243567.206,11484174.0,11485548.0,11484247.0
1787243572.261,11485088.0,11489092.0,11486518.0
1787243577.325,11484800.0,11487865.0,11486518.0
1787243582.412,11486231.0,11489485.0,11488065.0
1787243587.480,11491228.0,11493470.0,11492121.0
1787243592.541,11493625.0,11496121.0,11494325.0
1787243597.597,11490398.0,11492858.0,11493615.0
1787243602.670,11490592.0,11494221.0,11492120.0
1787243607.728,11488993.0,11490229.0,11490625.0
1787243612.767,11492481.0,11494535.0,11492943.0
1787243638.163,11496102.0,11498184.0,11498710.0
1787243643.359,11495514.0,11498146.0,11496093.0
1787243648.441,11496139.0,11498773.0,11496139.0
1787243653.513,11499220.0,11500121.0,11499788.0
1787243658.559,11503271.0,11505050.0,11503271.0
1787243663.813,11505016.0,11507924.0,11507682.0
1787243668.949,11505016.0,11507477.0,11507446.0
1787243674.032,11500857.0,11503520.0,11504840.0
1787243679.102,11499235.0,11501436.0,11502305.0
1787243684.166,11498028.0,11499882.0,11499373.0
1787243689.214,11498631.0,11499870.0,11499861.0
1787243694.280,11497151.0,11499555.0,11499870.0
1787243699.372,11496733.0,11499242.0,11499549.0
1787243704.439,11496819.0,11498369.0,11496817.0
1787243709.501,11497039.0,11501010.0,11498557.0
1787243714.565,11497091.0,11499700.0,11498557.0
1787243719.633,11495549.0,11497641.0,11495550.0
1787243724.735,11495616.0,11499576.0,11495550.0
1787243729.819,11493549.0,11494384.0,11494794.0
1787243734.984,11490481.0,11493681.0,11491549.0
1787243740.055,11490191.0,11493189.0,11492137.0
1787243745.163,11488491.0,11490659.0,11488491.0
1787243750.311,11487372.0,11488119.0,11488491.0
1787243755.374,11485709.0,11487953.0,11486391.0
1787243760.446,11483720.0,11486823.0,11485709.0
1787243765.660,11481718.0,11482342.0,11482488.0
1787243770.730,11485591.0,11487098.0,11486479.0
1787243775.820,11484732.0,11486257.0,11486022.0
1787243780.884,11486022.0,11487888.0,11486022.0
1787243785.990,11486385.0,11488835.0,11487888.0
1787243791.060,11484940.0,11487798.0,11487395.0
1787243796.132,11485287.0,11487728.0,11487395.0
1787243801.273,11484307.0,11486694.0,11484953.0
1787243806.348,11485212.0,11487727.0,11487728.0
1787243811.391,11485213.0,11487728.0,11487728.0
1787243816.492,11485123.0,11487727.0,11485440.0
1787243821.568,11485312.0,11487372.0,11485440.0
1787243826.651,11490236.0,11493097.0,11491363.0
1787243831.714,11491438.0,11493694.0,11493694.0
1787243836.803,11493730.0,11496855.0,11494674.0
1787243841.879,11495915.0,11500243.0,11494674.0
1787243846.926,11496173.0,11499084.0,11495933.0
1787243851.993,11497300.0,11500246.0,11495933.0
1787243857.085,11498556.0,11500246.0,11495933.0
1787243862.187,11499130.0,11501440.0,11500246.0
1787243867.263,11501589.0,11503271.0,11501589.0
1787243872.308,11497611.0,11502280.0,11499002.0
1787243877.546,11497830.0,11500549.0,11500034.0
1787243882.605,11494033.0,11496385.0,11494234.0
1787243887.699,11490285.0,11493628.0,11492155.0
1787243892.831,11490335.0,11492759.0,11492155.0
1787243897.904,11494283.0,11497819.0,11495287.0
1787243902.976,11498350.0,11501422.0,11498784.0
1787243908.023,11498639.0,11501491.0,11498784.0
1787243913.150,11498670.0,11501491.0,11498784.0
1787243918.192,11498761.0,11500249.0,11498761.0
1787243923.298,11496216.0,11499397.0,11498762.0
1787243928.350,11496400.0,11498968.0,11496270.0
1787243933.415,11494370.0,11497032.0,11497032.0
1787243938.509,11496401.0,11498095.0,11497528.0
1787243943.584,11497363.0,11498467.0,11497528.0
1787243948.656,11499279.0,11500000.0,11500000.0
1787243953.706,11501756.0,11502810.0,11501755.0
1787243958.798,11498007.0,11499967.0,11498967.0
1787243963.877,11498967.0,11500671.0,11499967.0
1787243968.937,11499160.0,11500967.0,11501197.0
1787243974.001,11500382.0,11503440.0,11500967.0
1787243979.043,11502497.0,11503440.0,11500967.0
1787243984.153,11497660.0,11500518.0,11500254.0
1787243989.246,11498120.0,11500352.0,11500254.0
1787243994.315,11501310.0,11504753.0,11501310.0
1787243999.359,11504086.0,11506355.0,11506488.0
1787244004.408,11506267.0,11507440.0,11506488.0
1787244009.465,11506220.0,11509064.0,11508338.0
1787244014.516,11505240.0,11508773.0,11505070.0
1787244019.583,11503995.0,11507260.0,11508008.0
1787244024.648,11504651.0,11506816.0,11506816.0
1787244029.721,11507745.0,11509440.0,11507745.0
1787244034.794,11508853.0,11510961.0,11510962.0
1787244039.905,11510962.0,11511932.0,11510962.0
1787244044.971,11509948.0,11512481.0,11510962.0
1787244050.049,11508509.0,11511312.0,11508358.0
1787244055.095,11509596.0,11511955.0,11508358.0
1787244060.208,11512730.0,11513570.0,11512730.0
1787244065.272,11513987.0,11515910.0,11513927.0
1787244070.358,11516061.0,11518462.0,11515976.0
1787244075.438,11527381.0,11530815.0,11528702.0
1787244080.612,11522715.0,11525202.0,11523910.0
1787244085.698,11524565.0,11528027.0,11527510.0
1787244090.768,11526630.0,11526633.0,11526630.0
1787244095.843,11519152.0,11520277.0,11519850.0
1787244100.918,11514404.0,11516223.0,11513414.0
1787244106.005,11510041.0,11512799.0,11512885.0
1787244111.177,11513684.0,11516758.0,11513252.0
1787244116.228,11514523.0,11516759.0,11516752.0
1787244121.275,11511536.0,11514995.0,11514428.0
1787244126.386,11511574.0,11514869.0,11514428.0
1787244131.432,11512066.0,11516576.0,11511370.0
1787244136.546,11513610.0,11516759.0,11513721.0
1787244141.608,11518293.0,11521515.0,11520139.0
1787244146.670,11520490.0,11523754.0,11519834.0
1787244151.740,11520863.0,11523692.0,11519053.0
1787244156.803,11521519.0,11523621.0,11522657.0
1787244161.868,11529121.0,11530898.0,11530227.0
1787244166.934,11532487.0,11533534.0,11532077.0
1787244171.976,11532401.0,11533537.0,11532400.0
1787244177.020,11526183.0,11528690.0,11529815.0
1787244182.062,11524157.0,11526997.0,11524527.0
1787244187.105,11524157.0,11525997.0,11522659.0
1787244192.186,11527725.0,11530336.0,11529455.0
1787244197.250,11528912.0,11531549.0,11534131.0
1787244202.379,11531650.0,11535129.0,11533576.0
1787244207.461,11535210.0,11539988.0,11539988.0
1787244212.512,11539986.0,11541086.0,11539986.0
1787244217.570,11535485.0,11538739.0,11536201.0
1787244222.614,11539190.0,11541400.0,11539189.0
1787244227.679,11545838.0,11553279.0,11543579.0
1787244232.748,11546980.0,11548891.0,11547430.0
1787244237.811,11547483.0,11550939.0,11547483.0
1787244242.875,11547485.0,11549602.0,11547484.0
1787244247.950,11539875.0,11543867.0,11540000.0
1787244253.045,11538406.0,11539777.0,11538406.0
1787244258.114,11534154.0,11538071.0,11532621.0
1787244263.160,11534200.0,11536702.0,11533261.0
1787244268.233,11533238.0,11535877.0,11534200.0
1787244273.302,11533238.0,11533900.0,11534200.0
1787244278.345,11533238.0,11533926.0,11534200.0
1787244283.397,11535480.0,11537576.0,11536928.0
1787244288.453,11532824.0,11535505.0,11533165.0
1787244293.526,11535598.0,11538575.0,11536928.0
1787244298.599,11537690.0,11539883.0,11538575.0
1787244303.818,11531767.0,11534252.0,11533289.0
1787244309.036,11531767.0,11533289.0,11531768.0
1787244314.140,11529658.0,11531721.0,11526264.0
1787244319.203,11529233.0,11531225.0,11530565.0
1787244324.269,11524542.0,11528181.0,11528420.0
1787244329.341,11527493.0,11531128.0,11528529.0
1787244334.405,11527503.0,11529573.0,11529581.0
1787244339.574,11527023.0,11528697.0,11528700.0
1787244348.895,11530193.0,11531941.0,11530119.0
1787244354.238,11528550.0,11529225.0,11527960.0
1787244359.470,11526810.0,11530049.0,11527960.0
1787244364.621,11531449.0,11532629.0,11528555.0
1787244369.686,11536413.0,11538689.0,11536915.0
1787244374.769,11541330.0,11541955.0,11540700.0
1787244381.393,11547110.0,11548695.0,11547110.0
1787244386.579,11545553.0,11548018.0,11547374.0
1787244391.665,11546300.0,11548153.0,11548017.0
1787244398.441,11545280.0,11546898.0,11547224.0
1787244403.506,11540152.0,11543279.0,11541127.0
1787244408.580,11543090.0,11547126.0,11543173.0
1787244413.691,11541550.0,11543534.0,11543173.0
1787244418.753,11543400.0,11545325.0,11543400.0
1787244423.796,11535340.0,11539170.0,11540249.0
1787244428.926,11534221.0,11537075.0,11538291.0
1787244433.987,11537366.0,11540805.0,11538017.0
1787244439.130,11540370.0,11543045.0,11538017.0
1787244444.228,11542709.0,11545136.0,11541273.0
1787244449.266,11543200.0,11545748.0,11541273.0
1787244454.307,11544660.0,11548093.0,11545354.0
1787244459.492,11542264.0,11545457.0,11544660.0
1787244464.535,11544878.0,11547800.0,11543416.0
1787244469.592,11538876.0,11540554.0,11539254.0
1787244474.651,11536285.0,11539259.0,11537219.0
1787244479.721,11536341.0,11538676.0,11536341.0
1787244484.788,11533880.0,11536122.0,11536361.0
1787244489.883,11533943.0,11534817.0,11531128.0
1787244494.948,11533440.0,11535316.0,11531128.0
1787244499.988,11533440.0,11536281.0,11531128.0
1787244505.052,11533716.0,11535772.0,11535772.0
1787244510.130,11530684.0,11533236.0,11530273.0
1787244515.196,11529610.0,11532289.0,11530642.0
1787244520.310,11527418.0,11531120.0,11529150.0
1787244525.372,11522092.0,11524350.0,11522653.0
1787244530.437,11521760.0,11523412.0,11521760.0
1787244535.517,11522173.0,11524794.0,11523150.0
1787244540.654,11522671.0,11525381.0,11522670.0
1787244545.728,11518695.0,11520748.0,11519781.0
1787244550.791,11513858.0,11518944.0,11514584.0
1787244555.868,11516145.0,11520129.0,11516080.0
1787244560.934,11518927.0,11521689.0,11521550.0
1787244565.998,11518940.0,11522778.0,11522784.0
1787244571.072,11520085.0,11522782.0,11519775.0
1787244576.134,11519690.0,11521444.0,11521160.0
1787244581.206,11518330.0,11521380.0,11521380.0
1787244586.272,11518620.0,11522210.0,11522151.0
1787244591.311,11518910.0,11522332.0,11522151.0
1787244596.352,11519780.0,11522679.0,11522783.0
1787244601.392,11519820.0,11521434.0,11522783.0
1787244606.461,11518679.0,11521034.0,11520540.0
1787244611.521,11519597.0,11521698.0,11521087.0
1787244616.563,11523615.0,11526376.0,11526538.0
1787244621.642,11523876.0,11527374.0,11526538.0
1787244626.714,11527589.0,11532567.0,11531154.0
1787244631.780,11531204.0,11533409.0,11532139.0
1787244636.842,11530951.0,11532962.0,11532747.0
1787244641.955,11533840.0,11535072.0,11532747.0
1787244647.023,11534469.0,11536690.0,11535072.0
1787244652.084,11533242.0,11537128.0,11534522.0
1787244657.148,11531730.0,11535071.0,11533218.0
1787244662.201,11534666.0,11536352.0,11533218.0
1787244667.266,11532805.0,11536295.0,11532805.0
1787244672.318,11533621.0,11536476.0,11536090.0
1787244677.365,11532370.0,11535835.0,11534163.0
1787244682.445,11530986.0,11535429.0,11532907.0
1787244687.508,11528622.0,11531521.0,11532907.0
1787244692.551,11531430.0,11534436.0,11531521.0
1787244697.595,11531247.0,11534430.0,11531521.0
1787244702.714,11532646.0,11534339.0,11531521.0
1787244707.786,11528621.0,11530338.0,11531521.0
1787244712.874,11528667.0,11529850.0,11531521.0
1787244717.942,11527129.0,11529646.0,11529003.0
1787244723.033,11524244.0,11525945.0,11526795.0
1787244728.163,11522909.0,11524618.0,11524856.0
1787244733.207,11523941.0,11528217.0,11525240.0
1787244738.270,11523342.0,11527045.0,11526145.0
1787244743.345,11522909.0,11525540.0,11527872.0
1787244748.419,11524057.0,11527767.0,11526910.0
1787244753.486,11529170.0,11531320.0,11532295.0
1787244758.545,11529364.0,11533052.0,11533660.0
1787244763.601,11533987.0,11536481.0,11531345.0
1787244768.678,11532226.0,11536039.0,11531345.0
1787244773.725,11529648.0,11533589.0,11531408.0
1787244778.789,11532732.0,11535717.0,11531408.0
1787244783.856,11530410.0,11533423.0,11533183.0
1787244788.947,11530573.0,11534080.0,11534321.0
1787244793.989,11531787.0,11533929.0,11533961.0
1787244799.076,11530293.0,11533255.0,11531782.0
1787244804.137,11530972.0,11532891.0,11532646.0
1787244809.225,11532732.0,11533820.0,11536849.0
1787244814.290,11531853.0,11532610.0,11532733.0
1787244819.336,11531879.0,11532610.0,11532733.0
1787244824.409,11535029.0,11535330.0,11533800.0
1787244829.452,11536608.0,11537250.0,11533800.0
1787244834.499,11539347.0,11541259.0,11538394.0
1787244839.597,11538303.0,11541060.0,11538488.0
1787244844.660,11534936.0,11536220.0,11536217.0
1787244849.733,11536222.0,11537690.0,11535990.0
1787244854.792,11536264.0,11538050.0,11535748.0
1787244859.866,11537579.0,11539590.0,11538020.0
1787244864.940,11538816.0,11540900.0,11538637.0
1787244870.019,11537963.0,11540070.0,11538816.0
1787244875.109,11538031.0,11540918.0,11538816.0
1787244880.179,11538388.0,11539860.0,11538816.0
1787244885.251,11539443.0,11542257.0,11541156.0
1787244890.333,11538711.0,11541918.0,11540536.0
1787244895.382,11536931.0,11539596.0,11537063.0
1787244900.456,11536568.0,11539599.0,11539596.0
1787244905.534,11522872.0,11527510.0,11525021.0
1787244910.575,11527367.0,11528864.0,11527358.0
1787244915.666,11530042.0,11532677.0,11531488.0
1787244920.728,11531619.0,11534076.0,11536313.0
1787244925.841,11533107.0,11536712.0,11534952.0
1787244930.900,11533782.0,11536366.0,11534597.0
1787244935.963,11536202.0,11537439.0,11534597.0
1787244941.003,11536927.0,11540218.0,11537439.0
1787244946.055,11538303.0,11541655.0,11537439.0
1787244951.191,11540288.0,11542845.0,11540914.0
1787244956.254,11539498.0,11542652.0,11540784.0
1787244961.295,11541418.0,11542845.0,11541971.0
1787244966.430,11543434.0,11545890.0,11545364.0
1787244971.510,11546530.0,11549308.0,11546900.0
1787244976.572,11546471.0,11548667.0,11546470.0
1787244981.672,11546574.0,11548391.0,11548623.0
1787244986.734,11547848.0,11549387.0,11549448.0
1787244991.812,11548500.0,11550728.0,11549448.0
1787244996.880,11547512.0,11549625.0,11548080.0
1787245001.940,11543968.0,11548271.0,11545755.0
1787245007.032,11542352.0,11544174.0,11545755.0
1787245012.146,11542166.0,11544913.0,11543667.0
1787245017.250,11545985.0,11548042.0,11544830.0
1787245022.312,11547657.0,11550244.0,11548263.0
1787245027.358,11548595.0,11550729.0,11550000.0
1787245032.429,11551540.0,11553356.0,11549907.0
1787245037.469,11554680.0,11559028.0,11559028.0
1787245042.512,11553847.0,11555319.0,11555328.0
1787245047.555,11551348.0,11553843.0,11551117.0
1787245052.598,11549710.0,11554432.0,11551261.0
1787245057.701,11549714.0,11553276.0,11553277.0
1787245062.792,11551022.0,11554455.0,11553277.0
1787245067.892,11549489.0,11552048.0,11549401.0
1787245072.958,11550280.0,11553277.0,11549401.0
1787245078.052,11549092.0,11551485.0,11553048.0
1787245083.139,11549763.0,11552005.0,11551484.0
1787245088.209,11549763.0,11551995.0,11551484.0
1787245093.277,11551515.0,11554649.0,11550328.0
1787245098.345,11552931.0,11555206.0,11550328.0
1787245103.402,11552961.0,11556200.0,11554858.0
1787245108.444,11557553.0,11557800.0,11558446.0
1787245113.486,11554064.0,11556101.0,11556854.0
1787245118.589,11554450.0,11555750.0,11554104.0
1787245123.651,11554650.0,11557050.0,11557050.0
1787245128.710,11556808.0,11557800.0,11557050.0
1787245133.782,11558300.0,11561055.0,11560000.0
1787245138.957,11556978.0,11559012.0,11555062.0
1787245144.018,11556580.0,11558356.0,11558356.0
1787245149.151,11557020.0,11558356.0,11558356.0
1787245154.225,11559280.0,11562390.0,11562390.0
1787245159.350,11561529.0,11563877.0,11561529.0
1787245164.448,11562141.0,11564500.0,11561529.0
1787245169.509,11572240.0,11574160.0,11577776.0
1787245174.577,11566210.0,11569049.0,11566992.0
1787245179.640,11567852.0,11572764.0,11573021.0
1787245184.714,11567951.0,11570744.0,11569809.0
1787245189.791,11566166.0,11568589.0,11567142.0
1787245195.012,11567003.0,11569630.0,11569629.0
1787245200.052,11566481.0,11567615.0,11567616.0
1787245205.340,11561602.0,11561904.0,11561992.0
1787245210.524,11557338.0,11560474.0,11557574.0
1787245215.567,11557098.0,11559974.0,11557574.0
1787245220.643,11553960.0,11556596.0,11555420.0
1787245225.708,11551200.0,11553689.0,11553078.0
1787245230.855,11553712.0,11555689.0,11556477.0
1787245235.930,11550184.0,11553756.0,11550186.0
1787245240.976,11550186.0,11553879.0,11551718.0
1787245246.044,11550617.0,11553723.0,11551718.0
1787245251.103,11547488.0,11551787.0,11550186.0
1787245256.149,11547563.0,11549940.0,11550186.0
1787245261.197,11548370.0,11550341.0,11549366.0
1787245266.317,11548792.0,11550984.0,11544789.0
1787245271.464,11548792.0,11550753.0,11549996.0
1787245276.506,11547242.0,11551067.0,11550826.0
1787245281.547,11549430.0,11551715.0,11546550.0
1787245286.869,11553250.0,11556104.0,11555425.0
1787245291.993,11558355.0,11560720.0,11561160.0
1787245297.042,11558380.0,11560424.0,11561160.0
1787245302.114,11557456.0,11561959.0,11556964.0
1787245307.157,11558282.0,11560552.0,11558200.0
1787245312.199,11552633.0,11557085.0,11556160.0
1787245317.252,11557511.0,11559756.0,11556160.0
1787245322.323,11557179.0,11559388.0,11555918.0
1787245327.376,11557370.0,11560036.0,11559970.0
1787245332.418,11560220.0,11562400.0,11561646.0
1787245337.580,11562496.0,11565875.0,11564420.0
1787245342.644,11566212.0,11568695.0,11567664.0
1787245347.703,11567153.0,11569453.0,11567664.0
1787245352.776,11568070.0,11570533.0,11567664.0
1787245357.936,11567458.0,11569302.0,11570213.0
1787245363.000,11563692.0,11567383.0,11565025.0
1787245368.070,11564913.0,11566831.0,11566831.0
1787245373.108,11568403.0,11569697.0,11566831.0
1787245378.160,11564613.0,11568599.0,11566831.0
1787245383.203,11559182.0,11560981.0,11560981.0
1787245388.283,11560266.0,11561367.0,11559803.0
1787245393.329,11557632.0,11559989.0,11557924.0
1787245398.375,11557190.0,11560693.0,11557804.0
1787245403.545,11562500.0,11564225.0,11560681.0
1787245408.629,11561154.0,11563474.0,11561664.0
1787245413.703,11561546.0,11564142.0,11561664.0
1787245418.792,11563808.0,11566454.0,11564780.0
1787245423.871,11563909.0,11566345.0,11564236.0
1787245428.938,11566344.0,11569937.0,11567832.0
1787245434.004,11566590.0,11569150.0,11567625.0
1787245439.084,11564590.0,11566708.0,11565288.0
1787245444.179,11566430.0,11568013.0,11565288.0
1787245449.314,11564408.0,11566517.0,11562063.0
1787245454.401,11557210.0,11559197.0,11558348.0
1787245459.498,11559680.0,11562320.0,11559624.0
1787245464.609,11561220.0,11564510.0,11562668.0
1787245469.688,11560355.0,11563082.0,11561193.0
1787245474.789,11559172.0,11562672.0,11561193.0
1787245479.885,11557316.0,11560180.0,11556270.0
1787245484.983,11553503.0,11556694.0,11556270.0
1787245490.091,11553503.0,11554698.0,11556270.0
1787245495.201,11553574.0,11555774.0,11555838.0
1787245502.641,11553503.0,11554959.0,11555838.0
1787245507.720,11555496.0,11559004.0,11557967.0
1787245512.844,11554947.0,11557628.0,11557967.0
1787245518.123,11554917.0,11557245.0,11555855.0
1787245523.848,11556264.0,11558784.0,11557316.0
1787245529.221,11554691.0,11557120.0,11557316.0
1787245534.279,11551926.0,11555662.0,11557316.0
1787245539.347,11550856.0,11554074.0,11553594.0
1787245548.857,11553594.0,11555780.0,11553594.0
1787245554.111,11555706.0,11556052.0,11557207.0
1787245559.184,11554941.0,11557316.0,11557207.0
1787245564.610,11553977.0,11555874.0,11553620.0
1787245569.676,11551879.0,11553748.0,11553594.0
1787245576.834,11552287.0,11553937.0,11552079.0
1787245581.897,11552079.0,11552431.0,11552079.0
1787245586.965,11547135.0,11551077.0,11549320.0
1787245594.734,11549787.0,11550791.0,11550791.0
1787245599.848,11549787.0,11550318.0,11549787.0
1787245605.013,11546344.0,11548364.0,11549429.0
1787245610.083,11547593.0,11551176.0,11547365.0
1787245615.182,11545624.0,11547482.0,11548995.0
1787245620.252,11546193.0,11548899.0,11548609.0
1787245625.311,11541828.0,11544077.0,11544193.0
1787245630.374,11540131.0,11542908.0,11542486.0
1787245635.438,11543750.0,11548345.0,11545399.0
1787245640.477,11544735.0,11548335.0,11545399.0
1787245645.541,11545420.0,11548547.0,11548552.0
1787245650.589,11545799.0,11548430.0,11548552.0
1787245655.657,11546085.0,11547724.0,11546085.0
1787245660.720,11549821.0,11551708.0,11550843.0
1787245665.779,11554254.0,11555970.0,11554900.0
1787245670.850,11554679.0,11554900.0,11554900.0
1787245677.298,11556790.0,11558887.0,11557207.0
1787245682.345,11555806.0,11557878.0,11556840.0
1787245689.214,11553726.0,11555919.0,11555806.0
1787245694.273,11553737.0,11556214.0,11555900.0
1787245699.345,11551242.0,11553790.0,11552466.0
1787245704.423,11550009.0,11553060.0,11552466.0
1787245709.989,11547842.0,11551430.0,11547839.0
1787245715.168,11547113.0,11548786.0,11547343.0
1787245720.351,11549063.0,11551140.0,11548786.0
1787245725.416,11547413.0,11549700.0,11548473.0
1787245730.488,11547756.0,11550890.0,11549610.0
1787245735.552,11547916.0,11550374.0,11549610.0
1787245740.636,11547343.0,11549420.0,11547343.0
1787245745.706,11546970.0,11549647.0,11548060.0
1787245750.765,11547500.0,11549207.0,11549459.0
1787245755.843,11547546.0,11549459.0,11547546.0
1787245760.918,11546830.0,11548909.0,11546830.0
1787245765.975,11546830.0,11548548.0,11546830.0
1787245771.042,11546472.0,11548526.0,11546831.0
1787245776.108,11539852.0,11545268.0,11542908.0
1787245781.183,11535947.0,11537811.0,11537811.0
1787245786.249,11533744.0,11536971.0,11536972.0
1787245791.314,11537584.0,11540216.0,11537955.0
1787245796.355,11537439.0,11542298.0,11537955.0
1787245801.396,11534563.0,11538926.0,11537460.0
1787245806.457,11535480.0,11538940.0,11537142.0
1787245811.533,11531822.0,11533670.0,11533744.0
1787245816.574,11531062.0,11533460.0,11532082.0
1787245821.640,11529146.0,11531246.0,11532082.0
1787245826.706,11529528.0,11532508.0,11531172.0
1787245831.808,11526567.0,11528112.0,11526938.0
1787245836.872,11527919.0,11531226.0,11529424.0
1787245841.933,11526938.0,11529996.0,11527674.0
1787245847.007,11528047.0,11531007.0,11529380.0
1787245852.085,11526131.0,11528201.0,11526060.0
1787245857.235,11519766.0,11522395.0,11520454.0
1787245862.284,11523502.0,11524330.0,11522350.0
1787245867.330,11528063.0,11531189.0,11530306.0
1787245872.400,11531513.0,11533960.0,11531768.0
1787245877.445,11529464.0,11532533.0,11530306.0
1787245882.488,11528948.0,11531343.0,11529338.0
1787245887.556,11530539.0,11533418.0,11530949.0
1787245892.602,11534940.0,11536447.0,11535758.0
1787245897.690,11532465.0,11535285.0,11534765.0
1787245902.757,11531141.0,11533079.0,11530167.0
1787245907.827,11532073.0,11534629.0,11532810.0
1787245912.884,11531586.0,11534208.0,11532810.0
1787245917.945,11531691.0,11534203.0,11532810.0
1787245923.010,11532698.0,11535197.0,11532810.0
1787245928.082,11537816.0,11538510.0,11538510.0
1787245933.135,11540942.0,11542665.0,11538510.0
1787245938.219,11543028.0,11545170.0,11538510.0
1787245943.295,11540112.0,11542747.0,11541685.0
1787245948.386,11541492.0,11544677.0,11543028.0
1787245953.429,11541741.0,11542475.0,11542745.0
1787245958.534,11541772.0,11543512.0,11541866.0
1787245963.576,11542446.0,11543511.0,11541866.0
1787245968.639,11543903.0,11545088.0,11546033.0
1787245973.699,11542276.0,11544405.0,11543420.0
1787245978.754,11544848.0,11548312.0,11547640.0
1787245983.815,11544901.0,11547201.0,11547640.0
1787245988.858,11541901.0,11544560.0,11543109.0
1787245993.902,11543408.0,11547200.0,11544378.0
1787245998.974,11544373.0,11547031.0,11544917.0
1787246004.041,11542335.0,11546060.0,11544917.0
1787246009.117,11541464.0,11544342.0,11542347.0
1787246014.181,11545046.0,11547640.0,11547640.0
1787246019.259,11544042.0,11546682.0,11545090.0
1787246024.339,11541883.0,11542930.0,11545090.0
1787246029.398,11538552.0,11542153.0,11545090.0
1787246034.456,11539607.0,11542152.0,11545090.0
1787246039.498,11540696.0,11544916.0,11545090.0
1787246044.542,11539527.0,11541612.0,11541482.0
1787246049.587,11536207.0,11538453.0,11538569.0
1787246054.657,11544319.0,11546123.0,11545418.0
1787246059.722,11541552.0,11546325.0,11545418.0
1787246064.786,11542663.0,11544575.0,11545418.0
1787246069.867,11541277.0,11545362.0,11542663.0
1787246074.948,11539800.0,11543761.0,11544374.0
1787246079.991,11541706.0,11544650.0,11545037.0
1787246085.055,11541339.0,11543184.0,11545037.0
1787246090.125,11542153.0,11543954.0,11543968.0
1787246095.190,11542153.0,11543884.0,11543968.0
1787246100.257,11543743.0,11545418.0,11545320.0
1787246105.352,11541389.0,11543637.0,11544437.0
1787246110.395,11542249.0,11545244.0,11542070.0
1787246115.533,11541037.0,11543190.0,11542942.0
1787246120.578,11542467.0,11546444.0,11542942.0
1787246125.642,11539987.0,11542871.0,11544916.0
1787246130.703,11540426.0,11542249.0,11544916.0
1787246135.766,11543874.0,11545501.0,11543322.0
1787246140.832,11537847.0,11540294.0,11537439.0
1787246145.937,11536994.0,11541555.0,11541132.0
1787246150.984,11536535.0,11539548.0,11539548.0
1787246156.023,11540329.0,11542207.0,11540710.0
1787246161.074,11540025.0,11542600.0,11540710.0
1787246166.132,11536681.0,11539977.0,11539591.0
1787246171.233,11535143.0,11538656.0,11537389.0
1787246176.337,11535095.0,11538621.0,11536600.0
1787246181.381,11534022.0,11536890.0,11536600.0
1787246186.439,11535211.0,11536210.0,11536600.0
1787246191.483,11534022.0,11536722.0,11536600.0
1787246196.543,11534022.0,11535362.0,11536648.0
1787246201.596,11534936.0,11537221.0,11536326.0
1787246206.656,11535364.0,11536326.0,11536326.0
1787246211.698,11536304.0,11537535.0,11536326.0
1787246216.755,11539723.0,11541303.0,11536326.0
1787246221.821,11541267.0,11542836.0,11536326.0
1787246226.914,11541174.0,11543746.0,11543571.0
1787246231.990,11540454.0,11543571.0,11543571.0
1787246237.038,11543022.0,11543347.0,11543571.0
1787246242.110,11538339.0,11540478.0,11540427.0
1787246247.156,11539265.0,11540087.0,11540427.0
1787246252.215,11538942.0,11542806.0,11542806.0
1787246257.255,11541369.0,11542996.0,11542806.0
1787246262.299,11543381.0,11545996.0,11543571.0
1787246267.360,11543263.0,11545612.0,11543571.0
1787246272.412,11544615.0,11547098.0,11545880.0
1787246277.467,11545588.0,11549319.0,11547098.0
1787246282.508,11545765.0,11549597.0,11547098.0
1787246287.560,11546801.0,11550633.0,11547098.0
1787246292.621,11549086.0,11551910.0,11547098.0
1787246297.712,11549264.0,11551669.0,11547098.0
1787246302.785,11547181.0,11548989.0,11549014.0
1787246307.886,11545000.0,11545899.0,11545000.0
1787246312.952,11542295.0,11546387.0,11545000.0
1787246318.070,11541242.0,11543302.0,11542295.0
1787246323.157,11538808.0,11541919.0,11541160.0
1787246328.213,11539425.0,11542348.0,11541160.0
1787246333.285,11539814.0,11542085.0,11541160.0
1787246338.401,11536608.0,11538797.0,11539699.0
1787246343.469,11534933.0,11537120.0,11535480.0
1787246348.635,11530803.0,11534441.0,11532288.0
1787246353.797,11534543.0,11536824.0,11534538.0
1787246358.856,11538496.0,11539363.0,11539363.0
1787246363.900,11540630.0,11541699.0,11540332.0
1787246368.942,11539197.0,11541348.0,11542441.0
1787246373.983,11538705.0,11542690.0,11541324.0
1787246379.029,11541767.0,11543239.0,11541324.0
1787246384.118,11537595.0,11541597.0,11541723.0
1787246389.162,11536249.0,11537752.0,11537981.0
1787246394.207,11535351.0,11539955.0,11536036.0
1787246399.247,11533674.0,11537241.0,11535270.0
1787246404.315,11531042.0,11532125.0,11530947.0
1787246409.383,11528475.0,11531834.0,11532125.0
1787246414.458,11531053.0,11533420.0,11533498.0
1787246419.498,11528915.0,11532500.0,11533498.0
1787246424.539,11527439.0,11530028.0,11533498.0
1787246429.587,11524780.0,11528838.0,11526600.0
1787246434.675,11525432.0,11528683.0,11527712.0
1787246439.750,11524612.0,11528179.0,11526600.0
1787246444.820,11524652.0,11528873.0,11526370.0
1787246449.903,11525685.0,11527983.0,11527241.0
1787246454.965,11528813.0,11532767.0,11530160.0
1787246460.036,11528130.0,11530324.0,11530160.0
1787246465.081,11526237.0,11531421.0,11528963.0
1787246470.170,11530570.0,11531945.0,11531404.0
1787246475.235,11530990.0,11534832.0,11531945.0
1787246480.346,11531687.0,11533819.0,11531945.0
1787246485.386,11534027.0,11535432.0,11531945.0
1787246490.481,11535722.0,11537658.0,11535555.0
1787246495.547,11538226.0,11544302.0,11537721.0
1787246500.590,11538784.0,11541431.0,11537721.0
1787246505.664,11539459.0,11541431.0,11537721.0
1787246510.725,11539478.0,11543225.0,11541404.0
1787246515.834,11541990.0,11543225.0,11541404.0
1787246520.915,11543403.0,11548509.0,11544550.0
1787246525.988,11554696.0,11554812.0,11554812.0
1787246531.056,11555134.0,11556379.0,11555359.0
1787246536.142,11554228.0,11556310.0,11555213.0
1787246541.213,11556242.0,11558721.0,11558749.0
1787246546.295,11554354.0,11558360.0,11555807.0
1787246551.370,11552679.0,11556340.0,11555807.0
1787246556.475,11553582.0,11556193.0,11555807.0
1787246561.552,11551972.0,11554325.0,11554325.0
1787246566.635,11552740.0,11554202.0,11554325.0
1787246571.723,11550754.0,11553969.0,11552741.0
1787246576.789,11551211.0,11553908.0,11552741.0
1787246581.860,11548838.0,11551200.0,11551212.0
1787246587.021,11545194.0,11547165.0,11547420.0
1787246592.268,11548240.0,11549510.0,11548670.0
1787246597.332,11547088.0,11548465.0,11547220.0
1787246602.382,11545712.0,11550068.0,11550068.0
1787246607.444,11546883.0,11548020.0,11550068.0
1787246612.487,11548483.0,11551599.0,11547391.0
1787246617.552,11546281.0,11548309.0,11547438.0
1787246622.620,11547388.0,11548886.0,11548998.0
1787246627.691,11547475.0,11549491.0,11548998.0
1787246632.733,11544653.0,11548370.0,11548998.0
1787246637.800,11544649.0,11546437.0,11548998.0
1787246642.863,11544936.0,11548209.0,11546277.0
1787246647.920,11546472.0,11549540.0,11546277.0
1787246652.962,11547570.0,11551450.0,11549539.0
1787246658.026,11548556.0,11551230.0,11549539.0
1787246663.098,11551417.0,11553420.0,11551221.0
1787246668.146,11553504.0,11555980.0,11553444.0
1787246673.247,11553251.0,11555801.0,11555810.0
1787246678.313,11549629.0,11552420.0,11551020.0
1787246683.378,11548150.0,11552002.0,11551020.0
1787246688.429,11551558.0,11554257.0,11551020.0
1787246693.478,11550057.0,11554130.0,11551458.0
1787246698.522,11550770.0,11553880.0,11551458.0
1787246705.159,11551560.0,11553806.0,11551458.0
1787246710.215,11553408.0,11556680.0,11553787.0
1787246715.262,11557396.0,11561859.0,11557412.0
1787246720.329,11559355.0,11561650.0,11559265.0
1787246725.371,11557556.0,11560240.0,11561020.0
1787246731.537,11556625.0,11558860.0,11557556.0
1787246736.754,11558053.0,11558850.0,11557238.0
1787246743.563,11553962.0,11557980.0,11556192.0
1787246748.743,11553061.0,11554902.0,11554902.0
1787246753.791,11549809.0,11553910.0,11551797.0
1787246762.698,11551586.0,11553953.0,11551797.0
1787246767.768,11549436.0,11553190.0,11553499.0
1787246772.832,11550725.0,11553049.0,11553050.0
1787246777.907,11550841.0,11552990.0,11553050.0
1787246785.379,11550624.0,11555832.0,11550624.0
1787246795.584,11559366.0,11562486.0,11560167.0
1787246800.662,11561357.0,11565105.0,11563849.0
1787246805.751,11561682.0,11565105.0,11561356.0
1787246810.819,11561566.0,11564385.0,11561356.0
1787246815.886,11561772.0,11564941.0,11562833.0
1787246820.953,11559741.0,11561238.0,11560003.0
1787246826.022,11558620.0,11561675.0,11559273.0
1787246831.088,11558523.0,11561586.0,11559273.0
1787246836.154,11558528.0,11560555.0,11558779.0
1787246841.224,11558532.0,11559258.0,11558779.0
1787246846.294,11558119.0,11560210.0,11559273.0
1787246851.358,11558210.0,11560260.0,11557138.0
1787246856.416,11561844.0,11564486.0,11564487.0
1787246861.457,11559621.0,11561731.0,11560473.0
1787246866.518,11556176.0,11558709.0,11560473.0
1787246871.559,11554073.0,11556148.0,11560473.0
1787246876.602,11551741.0,11553917.0,11553095.0
1787246881.674,11552024.0,11556111.0,11553095.0
1787246886.743,11555410.0,11558357.0,11556250.0
1787246891.802,11557450.0,11561238.0,11558357.0
1787246896.866,11557994.0,11560535.0,11558357.0
1787246901.908,11557860.0,11561423.0,11558357.0
1787246906.997,11558458.0,11561670.0,11558357.0
1787246912.039,11557809.0,11561132.0,11562253.0
1787246917.096,11558574.0,11561643.0,11562253.0
1787246922.139,11560389.0,11562471.0,11562253.0
1787246927.180,11560779.0,11563639.0,11562462.0
1787246932.244,11561870.0,11563639.0,11562462.0
1787246937.304,11561657.0,11563654.0,11561657.0
1787246942.385,11562218.0,11563605.0,11562552.0
1787246947.436,11562606.0,11564575.0,11563317.0
1787246952.480,11562864.0,11564537.0,11562864.0
1787246957.532,11562935.0,11564298.0,11563713.0
1787246962.579,11564335.0,11567607.0,11564317.0
1787246967.648,11561165.0,11566818.0,11567607.0
1787246972.710,11561673.0,11565432.0,11562674.0
1787246977.773,11565363.0,11567232.0,11567232.0
1787246982.840,11564998.0,11567127.0,11567232.0
1787246987.923,11565058.0,11565505.0,11565025.0
1787246992.986,11562874.0,11564061.0,11562464.0
1787246998.051,11562607.0,11563900.0,11562883.0
1787247003.094,11562607.0,11564350.0,11562883.0
1787247008.161,11564251.0,11565158.0,11563817.0
1787247013.227,11562769.0,11566137.0,11563817.0
1787247018.554,11566485.0,11568223.0,11568077.0
1787247023.605,11567439.0,11569629.0,11567102.0
1787247028.669,11567268.0,11569437.0,11567268.0
1787247033.730,11565212.0,11569740.0,11566682.0
1787247038.795,11564960.0,11568017.0,11565254.0
1787247043.887,11567193.0,11569819.0,11570000.0
1787247048.954,11567455.0,11570774.0,11567831.0
1787247054.032,11568036.0,11570779.0,11567831.0
1787247059.092,11565383.0,11567498.0,11565525.0
1787247064.168,11566504.0,11570451.0,11568429.0
1787247069.213,11566191.0,11570188.0,11566505.0
1787247074.281,11567455.0,11570871.0,11569364.0
1787247079.369,11568383.0,11570116.0,11569364.0
1787247084.411,11566167.0,11568928.0,11569364.0
1787247089.453,11565909.0,11568615.0,11569364.0
1787247094.504,11565432.0,11568043.0,11569364.0
1787247099.562,11566599.0,11569581.0,11569475.0
1787247104.606,11570185.0,11571776.0,11568965.0
1787247109.727,11564353.0,11567736.0,11567625.0
1787247114.801,11565344.0,11568460.0,11567316.0
1787247119.846,11565391.0,11567617.0,11567316.0
1787247124.919,11564362.0,11566033.0,11565792.0
1787247129.977,11565733.0,11568293.0,11568329.0
1787247135.020,11566270.0,11568228.0,11568234.0
1787247140.069,11566934.0,11569011.0,11568234.0
1787247145.280,11565715.0,11568356.0,11566943.0
1787247150.323,11565399.0,11567764.0,11567808.0
1787247155.376,11560824.0,11562624.0,11562624.0
1787247160.439,11559765.0,11562341.0,11562395.0
1787247165.514,11560192.0,11562295.0,11562395.0
1787247170.559,11558679.0,11560195.0,11558678.0
1787247175.600,11553037.0,11557548.0,11553037.0
1787247180.663,11555642.0,11557379.0,11557379.0
1787247185.745,11557366.0,11559960.0,11557379.0
1787247190.810,11560184.0,11562338.0,11557369.0
1787247195.871,11561574.0,11563626.0,11562380.0
1787247200.949,11562395.0,11563617.0,11562380.0
1787247205.994,11560730.0,11563300.0,11562380.0
1787247211.141,11560438.0,11563285.0,11562380.0
1787247216.246,11557052.0,11561074.0,11560256.0
1787247221.301,11557648.0,11560018.0,11557648.0
1787247226.346,11558379.0,11563172.0,11560018.0
1787247231.396,11559877.0,11563563.0,11560018.0
1787247236.456,11560337.0,11564165.0,11562913.0
1787247241.500,11561607.0,11564173.0,11562913.0
1787247247.077,11564836.0,11568978.0,11565000.0
1787247252.210,11565185.0,11568316.0,11565000.0
1787247257.291,11565715.0,11568880.0,11568880.0
1787247262.331,11562919.0,11565282.0,11565055.0
1787247267.372,11562919.0,11565055.0,11565055.0
1787247272.443,11565190.0,11567627.0,11566119.0
1787247277.548,11563559.0,11564608.0,11564075.0
1787247282.589,11564734.0,11567523.0,11566144.0
1787247287.653,11560537.0,11563639.0,11564290.0
1787247292.720,11564438.0,11566197.0,11564854.0
1787247297.782,11561583.0,11565275.0,11566137.0
1787247302.853,11554737.0,11556245.0,11555848.0
1787247307.928,11554113.0,11556534.0,11556534.0
1787247312.992,11557490.0,11558416.0,11558386.0
1787247318.059,11557740.0,11561578.0,11558417.0
1787247323.124,11558247.0,11561664.0,11560103.0
1787247328.184,11561150.0,11563639.0,11563111.0
1787247333.247,11564180.0,11565174.0,11564029.0
1787247338.289,11561584.0,11562352.0,11564029.0
1787247343.326,11557901.0,11561910.0,11558673.0
1787247348.396,11557901.0,11560006.0,11560136.0
1787247353.465,11558929.0,11561654.0,11561654.0
1787247358.508,11558645.0,11560962.0,11561654.0
1787247363.582,11557901.0,11560061.0,11561654.0
1787247368.675,11555271.0,11556578.0,11557901.0
1787247373.720,11553581.0,11556532.0,11556542.0
1787247378.787,11550898.0,11553577.0,11553108.0
1787247383.828,11551740.0,11554539.0,11553108.0
1787247388.878,11553117.0,11553564.0,11553591.0
1787247393.920,11553903.0,11555725.0,11555328.0
1787247398.988,11554160.0,11556756.0,11556614.0
1787247404.026,11557103.0,11558964.0,11556614.0
1787247409.068,11558304.0,11560177.0,11556614.0
1787247414.111,11558872.0,11560889.0,11556614.0
1787247419.152,11558233.0,11559875.0,11556614.0
1787247424.208,11558581.0,11560221.0,11556614.0
1787247429.254,11558581.0,11559454.0,11556614.0
1787247434.297,11555421.0,11556858.0,11556614.0
1787247439.340,11557528.0,11559529.0,11556614.0
1787247444.384,11554936.0,11557230.0,11554403.0
1787247449.433,11553340.0,11557680.0,11554403.0
1787247454.477,11552303.0,11555332.0,11553348.0
1787247459.536,11554107.0,11555882.0,11553348.0
1787247464.577,11555377.0,11558779.0,11557792.0
1787247469.664,11554914.0,11557890.0,11557792.0
1787247474.731,11554090.0,11557817.0,11557869.0
1787247479.794,11554793.0,11556452.0,11557869.0
1787247484.856,11558366.0,11559961.0,11557869.0
1787247489.918,11562836.0,11565521.0,11564313.0
1787247494.980,11560825.0,11562840.0,11565420.0
1787247500.057,11557587.0,11560450.0,11560825.0
1787247505.114,11558330.0,11560233.0,11560825.0
1787247510.180,11556057.0,11559037.0,11558330.0
1787247515.242,11556548.0,11558936.0,11559037.0
1787247520.283,11555190.0,11556805.0,11557379.0
1787247525.324,11556025.0,11556805.0,11557379.0
1787247530.366,11559556.0,11562577.0,11560680.0
1787247535.427,11560084.0,11561962.0,11560680.0
1787247540.470,11559151.0,11564113.0,11560680.0
1787247545.520,11560342.0,11563588.0,11560680.0
1787247550.583,11563876.0,11566992.0,11563588.0
1787247555.644,11567495.0,11569514.0,11568429.0
1787247560.707,11567725.0,11570565.0,11568429.0
1787247565.759,11567100.0,11569829.0,11567725.0
1787247570.820,11568900.0,11570139.0,11570139.0
1787247575.900,11570268.0,11571772.0,11570139.0
1787247580.943,11570435.0,11571767.0,11570891.0
1787247585.983,11567181.0,11569134.0,11567666.0
1787247591.044,11565339.0,11567963.0,11565582.0
1787247596.110,11565524.0,11567243.0,11565582.0
1787247601.195,11564750.0,11566551.0,11565582.0
1787247606.295,11562982.0,11566636.0,11564750.0
1787247611.417,11563660.0,11567833.0,11566636.0
1787247616.494,11563683.0,11565990.0,11566636.0
1787247621.535,11563693.0,11567434.0,11566636.0
1787247626.609,11566186.0,11569154.0,11567434.0
1787247631.667,11566210.0,11569853.0,11567434.0
1787247636.724,11568111.0,11570732.0,11567434.0
1787247641.777,11568575.0,11570733.0,11567434.0
1787247646.841,11566802.0,11568885.0,11568660.0
1787247651.883,11566822.0,11569001.0,11568660.0
1787247656.924,11566866.0,11569329.0,11569000.0
1787247661.986,11565231.0,11568842.0,11566865.0
1787247667.054,11566699.0,11568913.0,11566865.0
1787247672.096,11568961.0,11570474.0,11568916.0
1787247677.170,11567648.0,11570309.0,11568916.0
1787247682.237,11565876.0,11567885.0,11568568.0
1787247687.305,11561326.0,11563660.0,11563043.0
1787247692.351,11561532.0,11563649.0,11563043.0
1787247697.411,11561536.0,11563697.0,11565939.0
1787247702.479,11561540.0,11562806.0,11565939.0
1787247707.542,11562325.0,11567234.0,11574624.0
1787247712.597,11562326.0,11566269.0,11562326.0
1787247717.665,11563525.0,11568019.0,11565158.0
1787247722.737,11564763.0,11567986.0,11564333.0
1787247727.798,11565340.0,11569189.0,11565141.0
1787247732.861,11565363.0,11569182.0,11565320.0
1787247737.922,11566698.0,11569174.0,11566572.0
1787247742.987,11566602.0,11569167.0,11565700.0
1787247748.059,11566943.0,11571406.0,11571406.0
1787247753.124,11566967.0,11569091.0,11571406.0
1787247758.215,11566552.0,11568579.0,11568994.0
1787247763.281,11567616.0,11571381.0,11568581.0
1787247768.351,11565457.0,11568489.0,11568914.0
1787247773.434,11564582.0,11566598.0,11565457.0
1787247778.480,11558784.0,11563146.0,11560000.0
1787247783.541,11555403.0,11557044.0,11557044.0
1787247788.643,11552964.0,11556814.0,11554261.0
1787247793.708,11552303.0,11555750.0,11552968.0
1787247798.763,11552300.0,11554847.0,11552303.0
1787247803.824,11550720.0,11554265.0,11552301.0
1787247808.886,11555083.0,11556273.0,11554922.0
1787247813.959,11559775.0,11562775.0,11559495.0
1787247819.001,11558126.0,11559495.0,11558366.0
1787247824.060,11559736.0,11562079.0,11559495.0
1787247829.119,11559958.0,11562430.0,11559495.0
1787247834.179,11560913.0,11562775.0,11562462.0
1787247839.244,11557056.0,11559702.0,11558784.0
1787247844.306,11559043.0,11561004.0,11558784.0
1787247849.372,11558631.0,11560655.0,11559721.0
1787247854.436,11558433.0,11560870.0,11560871.0
1787247859.493,11559740.0,11560611.0,11560871.0
1787247864.562,11559690.0,11562127.0,11560611.0
1787247869.623,11557225.0,11559957.0,11562127.0
1787247874.688,11559104.0,11561842.0,11561841.0
1787247879.749,11559611.0,11561823.0,11561841.0
1787247884.824,11560868.0,11563139.0,11561822.0
1787247889.886,11562116.0,11563223.0,11561822.0
1787247894.954,11562944.0,11565034.0,11563223.0
1787247900.014,11560633.0,11564357.0,11563223.0
1787247905.058,11559613.0,11563674.0,11563223.0
1787247910.121,11559466.0,11563231.0,11563223.0
1787247915.181,11559511.0,11563707.0,11563223.0
1787247920.555,11562184.0,11563688.0,11563688.0
1787247925.621,11561044.0,11563147.0,11563688.0
1787247930.681,11562971.0,11564923.0,11563688.0
1787247935.751,11562971.0,11564889.0,11563688.0
1787247940.816,11562136.0,11564767.0,11563688.0
1787247945.894,11566530.0,11568706.0,11568710.0
1787247952.351,11564739.0,11567554.0,11566054.0
1787247957.423,11558060.0,11558950.0,11558519.0
1787247963.688,11557366.0,11560692.0,11558917.0
1787247968.785,11557066.0,11560163.0,11560918.0
1787247973.840,11558820.0,11560686.0,11559822.0
1787247979.356,11556957.0,11559510.0,11556700.0
1787247984.559,11556115.0,11558219.0,11557618.0
1787247989.624,11555780.0,11557842.0,11557618.0
1787247994.684,11557499.0,11559514.0,11557618.0
1787247999.756,11559351.0,11561762.0,11561762.0
1787248004.874,11558806.0,11561103.0,11559816.0
1787248009.933,11557728.0,11560171.0,11558806.0
1787248014.993,11558685.0,11560597.0,11558806.0
1787248020.069,11554943.0,11556904.0,11555597.0
1787248025.137,11554949.0,11557698.0,11555597.0
1787248030.204,11557552.0,11559302.0,11555597.0
1787248035.270,11557109.0,11560128.0,11555597.0
1787248040.352,11557728.0,11559906.0,11555597.0
1787248045.430,11555129.0,11557774.0,11555596.0
1787248050.497,11554943.0,11557676.0,11555596.0
1787248055.556,11557473.0,11559669.0,11556233.0
1787248060.622,11556845.0,11560593.0,11557868.0
1787248065.692,11557797.0,11560408.0,11557868.0
1787248070.780,11556226.0,11559033.0,11556256.0
1787248075.850,11556703.0,11558890.0,11556256.0
1787248080.921,11560421.0,11562490.0,11561697.0
1787248085.965,11562761.0,11566076.0,11564490.0
1787248091.059,11562762.0,11565677.0,11564490.0
1787248096.119,11562763.0,11565217.0,11562762.0
1787248101.188,11559938.0,11563769.0,11562762.0
1787248106.232,11558805.0,11562681.0,11562762.0
1787248111.291,11557979.0,11562481.0,11562762.0
1787248116.335,11557828.0,11560500.0,11562762.0
1787248121.423,11559538.0,11561113.0,11560385.0
1787248126.481,11560277.0,11562762.0,11560385.0
1787248131.555,11560715.0,11564424.0,11562763.0
1787248136.619,11558167.0,11559944.0,11559565.0
1787248141.682,11558167.0,11559891.0,11559565.0
1787248146.752,11561475.0,11564084.0,11563177.0
1787248151.798,11563400.0,11565092.0,11563177.0
1787248156.844,11561517.0,11563100.0,11563400.0
1787248161.908,11561550.0,11563575.0,11563400.0
1787248166.949,11559776.0,11563485.0,11561598.0
1787248172.014,11559920.0,11562838.0,11561598.0
1787248177.054,11562339.0,11564100.0,11562838.0
1787248182.115,11562555.0,11564099.0,11564099.0
1787248187.160,11561559.0,11562379.0,11562081.0
1787248192.205,11569823.0,11571169.0,11570389.0
1787248197.266,11568725.0,11571655.0,11569824.0
1787248202.307,11567004.0,11570692.0,11569824.0
1787248207.359,11566435.0,11568735.0,11565150.0
1787248212.403,11565054.0,11568489.0,11565054.0
1787248217.451,11568410.0,11570200.0,11568410.0
1787248222.532,11568512.0,11570181.0,11570191.0
1787248227.573,11569455.0,11572357.0,11570191.0
1787248232.669,11571032.0,11573304.0,11570471.0
1787248237.745,11571070.0,11573141.0,11570471.0
1787248242.808,11572279.0,11574351.0,11572237.0
1787248247.872,11571025.0,11571474.0,11573950.0
1787248252.942,11572358.0,11573803.0,11571474.0
1787248258.003,11572590.0,11573758.0,11572590.0
1787248263.045,11570050.0,11572554.0,11572554.0
1787248268.104,11573094.0,11575651.0,11572567.0
1787248273.176,11574469.0,11577647.0,11574843.0
1787248278.239,11576998.0,11579998.0,11578688.0
1787248283.305,11578015.0,11581178.0,11579996.0
1787248288.384,11576723.0,11580136.0,11580146.0
1787248293.424,11579115.0,11581181.0,11580409.0
1787248298.487,11580188.0,11581999.0,11579663.0
1787248303.571,11579408.0,11581541.0,11579663.0
1787248308.634,11577736.0,11580029.0,11579414.0
1787248313.708,11579053.0,11581515.0,11580169.0
1787248318.777,11579577.0,11581999.0,11580169.0
1787248323.845,11580621.0,11582331.0,11580306.0
1787248328.927,11581542.0,11584423.0,11583091.0
1787248333.977,11577099.0,11581349.0,11578117.0
1787248339.018,11577012.0,11580064.0,11578117.0
1787248344.058,11575314.0,11578149.0,11578117.0
1787248349.122,11576293.0,11578498.0,11578497.0
1787248354.162,11577496.0,11581276.0,11578497.0
1787248359.244,11578298.0,11580927.0,11578497.0
1787248364.287,11579240.0,11581811.0,11578497.0
1787248369.359,11591139.0,11593125.0,11593347.0
1787248374.419,11591631.0,11594569.0,11594001.0
1787248379.510,11589933.0,11593748.0,11591502.0
1787248384.574,11584262.0,11587250.0,11584748.0
1787248389.635,11582264.0,11585685.0,11583785.0
1787248394.691,11568563.0,11574144.0,11571612.0
1787248399.753,11567105.0,11567980.0,11567980.0
1787248404.821,11570382.0,11573246.0,11572361.0
1787248409.885,11576217.0,11579501.0,11578325.0
1787248414.942,11574640.0,11578450.0,11577328.0
1787248420.005,11576740.0,11579488.0,11577328.0
1787248425.068,11575960.0,11579047.0,11577328.0
1787248430.154,11576082.0,11578791.0,11577328.0
1787248435.213,11574498.0,11577534.0,11577328.0
1787248440.275,11576140.0,11579350.0,11578791.0
1787248445.345,11576141.0,11578852.0,11577792.0
1787248450.405,11577503.0,11580337.0,11578846.0
1787248455.472,11577415.0,11581811.0,11578846.0
1787248460.535,11578331.0,11580000.0,11579227.0
1787248465.606,11578249.0,11582299.0,11580000.0
1787248470.708,11579651.0,11582070.0,11580000.0
1787248475.776,11582660.0,11584996.0,11583654.0
1787248480.847,11581290.0,11584318.0,11585571.0
1787248485.915,11580231.0,11582249.0,11581670.0
1787248490.976,11582011.0,11584179.0,11582247.0
1787248496.050,11580569.0,11583931.0,11582247.0
1787248501.136,11581016.0,11582515.0,11582247.0
1787248506.202,11576278.0,11580061.0,11577851.0
1787248511.263,11575087.0,11577599.0,11578285.0
1787248516.329,11573456.0,11575440.0,11578285.0
1787248521.376,11573215.0,11575408.0,11573428.0
1787248526.441,11573205.0,11575584.0,11573428.0
1787248531.508,11571796.0,11576252.0,11573618.0
1787248536.573,11570576.0,11573321.0,11573618.0
1787248541.775,11571838.0,11574113.0,11574114.0
1787248546.827,11573717.0,11575335.0,11574114.0
1787248551.873,11578362.0,11581510.0,11579056.0
1787248556.936,11579350.0,11581778.0,11579416.0
1787248561.998,11577184.0,11579306.0,11579514.0
1787248567.069,11569557.0,11573670.0,11574412.0
1787248572.112,11573741.0,11576384.0,11574802.0
1787248577.178,11577245.0,11579343.0,11577219.0
1787248582.244,11579195.0,11580803.0,11577219.0
1787248587.283,11573552.0,11576414.0,11576888.0
1787248592.323,11574922.0,11577818.0,11576888.0
1787248597.383,11577114.0,11577818.0,11574922.0
1787248602.422,11575008.0,11576922.0,11577145.0
1787248607.475,11575186.0,11576302.0,11577145.0
1787248612.518,11575834.0,11578661.0,11577145.0
1787248617.559,11578894.0,11580074.0,11579691.0
1787248622.599,11576812.0,11579409.0,11579691.0
1787248627.662,11577822.0,11579971.0,11579691.0
1787248632.730,11574738.0,11578579.0,11579140.0
1787248637.815,11574738.0,11577234.0,11575679.0
1787248642.874,11573551.0,11575969.0,11574737.0
1787248647.938,11573298.0,11573551.0,11573551.0
1787248653.010,11572638.0,11574571.0,11573864.0
1787248658.094,11573451.0,11575927.0,11574571.0
1787248663.154,11573500.0,11575606.0,11574571.0
1787248668.251,11574293.0,11576116.0,11576116.0
1787248673.315,11577004.0,11578518.0,11578518.0
1787248678.449,11577165.0,11578574.0,11578518.0
1787248683.508,11578968.0,11581264.0,11579759.0
1787248688.590,11581853.0,11584166.0,11581853.0
1787248693.666,11579177.0,11583650.0,11581853.0
1787248698.733,11578841.0,11580967.0,11581853.0
1787248703.792,11576290.0,11579061.0,11578273.0
1787248708.857,11575522.0,11577856.0,11577896.0
1787248713.901,11577670.0,11580039.0,11577173.0
1787248718.958,11574638.0,11578628.0,11575593.0
1787248724.036,11575330.0,11578050.0,11575593.0
1787248729.078,11575350.0,11576481.0,11575593.0
1787248734.118,11573590.0,11576513.0,11575593.0
1787248739.164,11573950.0,11575593.0,11573630.0
1787248744.205,11574780.0,11575593.0,11575593.0
1787248749.249,11573490.0,11575592.0,11573490.0
1787248754.291,11573510.0,11575362.0,11573490.0
1787248759.365,11573510.0,11575552.0,11573510.0
1787248764.406,11571790.0,11574693.0,11571681.0
1787248769.447,11574474.0,11574548.0,11571681.0
1787248774.510,11566557.0,11569212.0,11568235.0
1787248779.707,11563572.0,11566675.0,11566029.0
1787248784.769,11560728.0,11563756.0,11562090.0
1787248789.840,11555871.0,11560051.0,11558838.0
1787248794.905,11553521.0,11556757.0,11554193.0
1787248799.978,11555193.0,11558855.0,11555633.0
1787248805.068,11559419.0,11562340.0,11559190.0
1787248810.133,11559976.0,11562319.0,11562329.0
1787248815.197,11561541.0,11564178.0,11563151.0
1787248820.238,11563590.0,11565267.0,11565847.0
1787248825.278,11565847.0,11569038.0,11565847.0
1787248830.347,11565960.0,11568799.0,11567714.0
1787248835.413,11566020.0,11568775.0,11567714.0
1787248840.485,11567447.0,11568646.0,11567714.0
1787248845.544,11567580.0,11568590.0,11567580.0
1787248850.611,11567600.0,11568899.0,11568590.0
1787248855.680,11567648.0,11570351.0,11568590.0
1787248860.745,11564553.0,11567101.0,11563561.0
1787248865.813,11563744.0,11565641.0,11563561.0
1787248870.876,11559131.0,11561072.0,11559130.0
1787248875.946,11550215.0,11552667.0,11553696.0
1787248881.031,11549414.0,11553689.0,11551977.0
1787248886.103,11548868.0,11552011.0,11550745.0
1787248891.163,11550618.0,11554512.0,11553827.0
1787248896.215,11551224.0,11554223.0,11550652.0
1787248901.271,11555004.0,11555917.0,11555084.0
1787248906.338,11553449.0,11556288.0,11555084.0
1787248911.419,11552915.0,11555138.0,11555509.0
1787248916.487,11552061.0,11554476.0,11555509.0
1787248921.578,11550023.0,11553169.0,11555509.0
1787248926.646,11552820.0,11555334.0,11555339.0
1787248931.720,11545337.0,11549681.0,11548103.0
1787248936.780,11546198.0,11549351.0,11548103.0
1787248941.843,11543792.0,11545797.0,11542979.0
1787248946.907,11547177.0,11548502.0,11549072.0
1787248952.032,11544973.0,11550345.0,11547718.0
1787248957.096,11546780.0,11551959.0,11550406.0
1787248962.279,11542210.0,11545341.0,11545385.0
1787248967.350,11542710.0,11544327.0,11543875.0
1787248972.392,11531882.0,11533889.0,11533889.0
1787248977.432,11527663.0,11529509.0,11529576.0
1787248982.476,11525246.0,11530865.0,11529338.0
1787248987.521,11534923.0,11536451.0,11534231.0
1787248992.565,11536877.0,11538128.0,11537871.0
1787248997.626,11536807.0,11537624.0,11536858.0
1787249002.687,11536807.0,11538128.0,11536858.0
1787249007.760,11536807.0,11538128.0,11536858.0
1787249012.859,11536513.0,11539814.0,11539318.0
1787249017.926,11540469.0,11542051.0,11541219.0
1787249022.989,11540028.0,11543248.0,11542416.0
1787249028.063,11537730.0,11540842.0,11541670.0
1787249033.122,11538551.0,11540853.0,11540854.0
1787249038.205,11530766.0,11533479.0,11531922.0
1787249043.314,11531161.0,11532992.0,11533385.0
1787249048.401,11530514.0,11532567.0,11533385.0
1787249053.492,11531375.0,11533531.0,11533385.0
1787249058.582,11531077.0,11533330.0,11533083.0
1787249063.701,11530715.0,11532069.0,11533083.0
1787249068.799,11534741.0,11537038.0,11536232.0
1787249073.888,11537420.0,11539361.0,11536243.0
1787249078.969,11536480.0,11538480.0,11538724.0
1787249084.049,11534496.0,11538926.0,11538724.0
1787249089.184,11535200.0,11538043.0,11538724.0
1787249094.255,11535714.0,11538344.0,11538724.0
1787249099.316,11535491.0,11539058.0,11538724.0
1787249104.402,11534150.0,11538282.0,11538146.0
1787249109.607,11534146.0,11537845.0,11538146.0
1787249114.722,11533038.0,11535997.0,11536827.0
1787249120.050,11534900.0,11538257.0,11536006.0
1787249129.543,11537060.0,11538992.0,11537890.0
1787249135.204,11537230.0,11538992.0,11537890.0
1787249140.428,11536120.0,11538992.0,11537230.0
1787249145.564,11534130.0,11538104.0,11537230.0
1787249150.627,11533546.0,11535867.0,11537230.0
1787249155.989,11530959.0,11532745.0,11530915.0
1787249161.897,11525855.0,11528113.0,11525741.0
1787249168.301,11529454.0,11533543.0,11529432.0
1787249173.347,11526923.0,11528518.0,11529432.0
1787249178.400,11525817.0,11528475.0,11526326.0
1787249183.498,11518443.0,11521310.0,11520500.0
1787249188.557,11516788.0,11519487.0,11518431.0
1787249193.624,11518029.0,11518775.0,11516826.0
1787249198.705,11516544.0,11519573.0,11519617.0
1787249203.772,11517045.0,11519322.0,11520650.0
1787249208.891,11518594.0,11523446.0,11520650.0
1787249215.541,11530188.0,11533201.0,11531222.0
1787249220.645,11528899.0,11529980.0,11529981.0
1787249225.715,11528975.0,11533668.0,11530850.0
1787249230.907,11527666.0,11532187.0,11530850.0
1787249236.173,11533128.0,11534944.0,11533457.0
1787249241.217,11540781.0,11541607.0,11534944.0
1787249246.257,11536544.0,11538445.0,11536435.0
1787249251.313,11534348.0,11537856.0,11536435.0
1787249256.376,11541640.0,11542290.0,11540110.0
1787249261.445,11541357.0,11542973.0,11540110.0
1787249266.619,11542383.0,11542973.0,11542962.0
1787249271.697,11539736.0,11543200.0,11543519.0
1787249276.758,11536223.0,11538930.0,11536451.0
1787249281.821,11534077.0,11536288.0,11536175.0
1787249286.893,11534161.0,11537512.0,11536288.0
1787249292.017,11530728.0,11533788.0,11532247.0
1787249301.978,11528270.0,11533510.0,11530880.0
1787249307.049,11528252.0,11530599.0,11530880.0
1787249312.112,11528460.0,11530348.0,11530880.0
1787249320.097,11528194.0,11529995.0,11530409.0
1787249325.484,11526342.0,11528091.0,11528194.0
1787249330.525,11523800.0,11527847.0,11525201.0
1787249335.571,11527084.0,11529478.0,11527803.0
1787249340.647,11525391.0,11528966.0,11527084.0
1787249345.720,11530263.0,11533807.0,11527084.0
1787249350.781,11530350.0,11532574.0,11532657.0
1787249355.840,11527456.0,11529281.0,11529330.0
1787249360.916,11527173.0,11531434.0,11530163.0
1787249365.962,11527782.0,11529838.0,11530163.0
1787249371.040,11526849.0,11532554.0,11530417.0
1787249376.088,11533461.0,11535444.0,11534398.0
1787249381.130,11528112.0,11532887.0,11534398.0
1787249386.198,11526442.0,11528895.0,11527391.0
1787249391.267,11525229.0,11529111.0,11527391.0
1787249396.310,11526911.0,11531521.0,11530758.0
1787249401.354,11528545.0,11530245.0,11530758.0
1787249406.446,11525331.0,11529468.0,11526685.0
1787249411.495,11529334.0,11530983.0,11526685.0
1787249416.572,11529818.0,11531195.0,11526685.0
1787249421.637,11529445.0,11530913.0,11526685.0
1787249426.702,11527807.0,11529705.0,11526685.0
1787249431.765,11528180.0,11531200.0,11531106.0
1787249436.830,11529676.0,11531514.0,11531106.0
1787249441.902,11530452.0,11532252.0,11531514.0
1787249446.961,11528197.0,11531523.0,11530461.0
1787249452.016,11528360.0,11529753.0,11530461.0
1787249457.080,11528750.0,11531215.0,11530461.0
1787249462.137,11525061.0,11527581.0,11525380.0
1787249467.206,11525289.0,11527180.0,11526830.0
1787249472.253,11525280.0,11526474.0,11526830.0
1787249477.324,11523276.0,11525060.0,11524171.0
1787249482.383,11527945.0,11529307.0,11525060.0
1787249487.425,11528949.0,11531070.0,11531580.0
1787249492.500,11529021.0,11530420.0,11531580.0
1787249497.584,11525839.0,11527755.0,11527680.0
1787249502.643,11527332.0,11529983.0,11529143.0
1787249507.816,11528042.0,11529932.0,11528423.0
1787249512.877,11528042.0,11528950.0,11528423.0
1787249517.954,11528042.0,11529280.0,11528950.0
1787249522.996,11526145.0,11528690.0,11528042.0
1787249528.066,11523291.0,11526670.0,11526495.0
1787249533.172,11521949.0,11525463.0,11526495.0
1787249538.214,11520989.0,11522361.0,11520989.0
1787249543.278,11519317.0,11522430.0,11523125.0
1787249548.319,11520502.0,11523533.0,11523125.0
1787249553.363,11520363.0,11522390.0,11523125.0
1787249558.427,11521816.0,11523965.0,11523542.0
1787249563.501,11520337.0,11524508.0,11523542.0
1787249568.558,11521733.0,11523676.0,11523542.0
1787249573.636,11520953.0,11523268.0,11523542.0
1787249578.709,11520888.0,11521830.0,11520888.0
1787249583.774,11520897.0,11521710.0,11521370.0
1787249588.837,11520486.0,11523828.0,11520380.0
1787249593.881,11520870.0,11523773.0,11518438.0
1787249598.925,11518453.0,11521278.0,11519682.0
1787249603.995,11517943.0,11519549.0,11519675.0
1787249609.041,11517944.0,11519657.0,11519855.0
1787249614.090,11521655.0,11524004.0,11522387.0
1787249619.157,11525078.0,11527704.0,11526456.0
1787249624.221,11524885.0,11527203.0,11526456.0
1787249629.284,11528697.0,11530498.0,11527203.0
1787249634.351,11532590.0,11533836.0,11531637.0
1787249639.415,11533986.0,11535882.0,11534235.0
1787249644.483,11531319.0,11533982.0,11533549.0
1787249649.528,11534046.0,11536895.0,11536895.0
1787249654.573,11540048.0,11542335.0,11543251.0
1787249659.646,11541505.0,11544032.0,11543251.0
1787249664.707,11537261.0,11539353.0,11538922.0
1787249669.796,11537328.0,11539583.0,11538922.0
1787249674.865,11537334.0,11539635.0,11538922.0
1787249679.927,11539592.0,11541067.0,11539208.0
1787249684.972,11539592.0,11540316.0,11539208.0
1787249690.013,11537859.0,11540152.0,11539592.0
1787249695.059,11538471.0,11541777.0,11539158.0
1787249700.100,11538477.0,11539450.0,11539158.0
1787249705.166,11537798.0,11538153.0,11536855.0
1787249710.206,11535175.0,11537559.0,11538192.0
1787249715.251,11533629.0,11536040.0,11537559.0
1787249720.295,11538414.0,11540588.0,11537559.0
1787249725.337,11540001.0,11544078.0,11542671.0
1787249730.403,11542070.0,11544111.0,11542671.0
1787249735.449,11540000.0,11540386.0,11541545.0
1787249740.494,11541240.0,11543925.0,11542064.0
1787249745.542,11540334.0,11543799.0,11542064.0
1787249750.584,11539387.0,11542749.0,11542178.0
1787249755.649,11539906.0,11542403.0,11542178.0
1787249760.715,11539896.0,11541986.0,11542027.0
1787249765.782,11537937.0,11541824.0,11542027.0
1787249770.852,11536588.0,11540298.0,11538251.0
1787249775.910,11532873.0,11536828.0,11538251.0
1787249780.977,11529346.0,11532456.0,11531574.0
1787249786.040,11529413.0,11533923.0,11533538.0
1787249791.117,11529523.0,11533404.0,11533538.0
1787249796.166,11531199.0,11533351.0,11533538.0
1787249801.236,11530153.0,11531670.0,11532202.0
1787249806.391,11529582.0,11532151.0,11532202.0
1787249811.434,11525234.0,11527870.0,11527560.0
1787249816.478,11526260.0,11529106.0,11528533.0
1787249821.541,11529265.0,11531193.0,11529030.0
1787249826.589,11533142.0,11534531.0,11533108.0
1787249831.653,11533142.0,11533858.0,11533108.0
1787249836.746,11530696.0,11533002.0,11533142.0
1787249841.804,11530117.0,11533650.0,11533142.0
1787249846.852,11532900.0,11534781.0,11533142.0
1787249851.923,11534658.0,11537061.0,11534781.0
1787249856.994,11534764.0,11537359.0,11535690.0
1787249862.060,11535502.0,11537441.0,11535690.0
1787249867.105,11537433.0,11539542.0,11535690.0
1787249872.161,11537486.0,11540497.0,11535690.0
1787249877.257,11533531.0,11535652.0,11535204.0
1787249882.325,11536486.0,11538323.0,11535611.0
1787249887.378,11538406.0,11540664.0,11535611.0
1787249892.422,11541052.0,11543158.0,11540593.0
1787249897.498,11543478.0,11545269.0,11544539.0
1787249902.547,11543400.0,11547233.0,11544434.0
1787249907.590,11542913.0,11545696.0,11543400.0
1787249912.688,11542316.0,11544758.0,11547350.0
1787249917.752,11542491.0,11544835.0,11547350.0
1787249922.796,11541157.0,11544784.0,11542896.0
1787249927.858,11542147.0,11544562.0,11542896.0
1787249932.920,11543589.0,11546054.0,11542896.0
1787249938.052,11543255.0,11546113.0,11542896.0
1787249943.115,11544281.0,11545952.0,11545457.0
1787249948.167,11544407.0,11547231.0,11547290.0
1787249953.229,11541194.0,11543142.0,11541194.0
1787249958.300,11541535.0,11544837.0,11542413.0
1787249963.391,11541788.0,11546585.0,11542308.0
1787249968.479,11544719.0,11546904.0,11542308.0
1787249973.521,11544149.0,11546569.0,11542308.0
1787249978.578,11544578.0,11546677.0,11544371.0
1787249983.726,11543916.0,11546635.0,11544371.0
1787249988.775,11544135.0,11546635.0,11544371.0
1787249993.910,11541306.0,11542709.0,11543863.0
1787249998.977,11543853.0,11546276.0,11544191.0
1787250004.078,11547341.0,11548842.0,11546273.0
1787250009.125,11553612.0,11556108.0,11556741.0
1787250014.194,11550707.0,11552849.0,11551912.0
1787250019.237,11553284.0,11555428.0,11555352.0
1787250024.300,11550001.0,11553075.0,11551005.0
1787250029.429,11549520.0,11552023.0,11551005.0
1787250034.506,11550095.0,11553058.0,11551624.0
1787250039.551,11549345.0,11552978.0,11551624.0
1787250044.615,11548267.0,11550145.0,11551624.0
1787250049.659,11547493.0,11549820.0,11551624.0
1787250054.710,11549683.0,11553198.0,11551624.0
1787250059.773,11550087.0,11551799.0,11551624.0
1787250064.840,11554542.0,11556741.0,11556741.0
1787250069.903,11556562.0,11558207.0,11555741.0
1787250074.974,11555134.0,11557177.0,11556562.0
1787250080.016,11554107.0,11556035.0,11555012.0
1787250085.078,11555391.0,11556671.0,11555012.0
1787250090.133,11555381.0,11556602.0,11555012.0
1787250095.204,11556236.0,11557929.0,11555012.0
1787250100.254,11556040.0,11559315.0,11555012.0
1787250105.316,11556933.0,11559090.0,11555012.0
1787250110.380,11557573.0,11559000.0,11555012.0
1787250115.443,11556425.0,11558690.0,11555012.0
1787250120.485,11556225.0,11558576.0,11555012.0
1787250125.554,11552991.0,11555938.0,11552959.0
1787250130.626,11558549.0,11561062.0,11557997.0
1787250135.673,11556348.0,11558267.0,11557997.0
1787250140.725,11556540.0,11559217.0,11557997.0
1787250145.768,11556231.0,11559723.0,11557997.0
1787250150.839,11556400.0,11558372.0,11557997.0
1787250155.901,11556400.0,11558275.0,11557997.0
1787250160.981,11555903.0,11557741.0,11557997.0
1787250166.065,11553402.0,11555488.0,11555497.0
1787250171.125,11551055.0,11554800.0,11552818.0
1787250176.166,11552439.0,11553883.0,11552818.0
1787250181.232,11553420.0,11556160.0,11552818.0
1787250186.280,11555490.0,11558512.0,11558691.0
1787250191.366,11556122.0,11558628.0,11556933.0
1787250196.410,11557377.0,11559366.0,11558627.0
1787250201.474,11555934.0,11558025.0,11558627.0
1787250206.532,11552381.0,11554575.0,11558627.0
1787250211.582,11555911.0,11558607.0,11556912.0
1787250216.647,11558064.0,11561103.0,11556912.0
1787250221.693,11556047.0,11559419.0,11556912.0
1787250226.758,11555477.0,11557785.0,11556912.0
1787250231.829,11556649.0,11560178.0,11556912.0
1787250236.896,11556150.0,11560006.0,11560082.0
1787250241.976,11556658.0,11558793.0,11560082.0
1787250247.046,11558329.0,11560640.0,11560082.0
1787250253.542,11557524.0,11559559.0,11559617.0
1787250258.587,11557716.0,11560641.0,11557533.0
1787250263.644,11556314.0,11557716.0,11557716.0
1787250268.801,11556438.0,11557716.0,11557716.0
1787250273.887,11555711.0,11557706.0,11556396.0
1787250278.949,11558030.0,11560000.0,11560000.0
1787250284.031,11556680.0,11559391.0,11559036.0
1787250289.090,11560782.0,11562602.0,11561473.0
1787250294.169,11560975.0,11562599.0,11562602.0
1787250299.210,11559904.0,11562068.0,11562602.0
1787250304.281,11559655.0,11562223.0,11560628.0
1787250309.326,11559252.0,11561746.0,11560628.0
1787250314.399,11558718.0,11560089.0,11559444.0
1787250319.493,11557738.0,11559300.0,11558718.0
1787250324.564,11560691.0,11562962.0,11558718.0
1787250329.632,11559976.0,11561568.0,11561568.0
1787250334.695,11554959.0,11558817.0,11557823.0
1787250339.763,11554202.0,11555670.0,11554202.0
1787250344.828,11554414.0,11557534.0,11557152.0
1787250349.893,11555896.0,11557470.0,11557152.0
1787250356.372,11555827.0,11558404.0,11557152.0
1787250361.434,11555488.0,11556988.0,11557152.0
1787250366.482,11556282.0,11559881.0,11557152.0
1787250371.541,11558938.0,11561128.0,11559881.0
1787250376.594,11558430.0,11559349.0,11558429.0
1787250381.664,11558430.0,11560318.0,11558430.0
1787250386.730,11553732.0,11557190.0,11555090.0
1787250391.772,11553628.0,11556460.0,11555090.0
1787250398.636,11553050.0,11556642.0,11555090.0
1787250404.285,11554890.0,11557777.0,11555090.0
1787250409.617,11556059.0,11558241.0,11557755.0
1787250414.679,11554905.0,11559039.0,11557755.0
1787250419.846,11553219.0,11556172.0,11557755.0
1787250424.919,11552364.0,11555691.0,11557755.0
1787250429.966,11552055.0,11555420.0,11557755.0
1787250435.008,11551107.0,11554525.0,11550483.0
1787250440.064,11549002.0,11550225.0,11549002.0
1787250445.125,11545802.0,11547223.0,11549349.0
1787250450.165,11548662.0,11550885.0,11550288.0
1787250455.207,11546998.0,11550367.0,11550288.0
1787250460.257,11548457.0,11550358.0,11550288.0
1787250465.299,11549294.0,11552117.0,11550288.0
1787250470.340,11549800.0,11552001.0,11550288.0
1787250475.382,11550291.0,11552263.0,11550288.0
1787250480.468,11550291.0,11552230.0,11550288.0
1787250485.535,11550355.0,11552231.0,11552237.0
1787250490.577,11549595.0,11551590.0,11552237.0
1787250495.654,11548324.0,11551143.0,11549595.0
1787250500.736,11548488.0,11551587.0,11551593.0
1787250505.803,11550562.0,11552816.0,11550214.0
1787250510.870,11554339.0,11556273.0,11556273.0
1787250515.936,11554521.0,11557182.0,11557125.0
1787250520.983,11557746.0,11560959.0,11557125.0
1787250526.050,11557885.0,11560541.0,11557125.0
1787250531.094,11557784.0,11560541.0,11557125.0
1787250536.154,11555574.0,11558563.0,11557688.0
1787250541.211,11554387.0,11557705.0,11557688.0
1787250546.270,11554382.0,11557568.0,11557688.0
1787250551.326,11554297.0,11557841.0,11557688.0
1787250556.396,11554293.0,11557116.0,11557688.0
1787250561.475,11553897.0,11556829.0,11555469.0
1787250566.516,11553790.0,11556545.0,11555469.0
1787250571.561,11554574.0,11556692.0,11555469.0
1787250576.626,11554014.0,11556998.0,11555469.0
1787250581.694,11554088.0,11556970.0,11555469.0
1787250586.754,11554088.0,11556985.0,11555469.0
1787250591.814,11552081.0,11554563.0,11553840.0
1787250596.876,11552104.0,11554232.0,11553840.0
1787250601.949,11549451.0,11552319.0,11553840.0
1787250606.996,11549851.0,11551638.0,11551612.0
1787250612.041,11548138.0,11550032.0,11550504.0
1787250617.082,11550501.0,11553471.0,11550273.0
1787250622.129,11555358.0,11557610.0,11555558.0
1787250627.188,11553212.0,11553451.0,11555359.0
1787250632.260,11553714.0,11555835.0,11553451.0
1787250637.303,11551357.0,11553350.0,11553211.0
1787250642.380,11551357.0,11553196.0,11553211.0
1787250647.423,11549720.0,11552653.0,11551357.0
1787250652.603,11547634.0,11549426.0,11549720.0
1787250657.666,11547950.0,11550460.0,11549720.0
1787250662.732,11547110.0,11548639.0,11547110.0
1787250667.780,11545881.0,11546382.0,11546382.0
1787250672.846,11542215.0,11545835.0,11543731.0
1787250677.923,11539089.0,11542204.0,11543731.0
1787250682.976,11535311.0,11536266.0,11536527.0
1787250688.021,11531672.0,11533939.0,11534019.0
1787250693.098,11540400.0,11541792.0,11540807.0
1787250698.165,11541398.0,11543577.0,11543077.0
1787250703.210,11543070.0,11546104.0,11544601.0
1787250708.253,11541443.0,11545204.0,11543900.0
1787250713.304,11541298.0,11543749.0,11541420.0
1787250718.346,11539898.0,11542139.0,11541420.0
1787250723.393,11539420.0,11542097.0,11539420.0
1787250728.461,11538353.0,11540933.0,11539005.0
1787250733.506,11537500.0,11538589.0,11538350.0
1787250738.572,11539220.0,11543020.0,11538588.0
1787250743.634,11541590.0,11543558.0,11538588.0
1787250748.699,11538847.0,11540955.0,11539921.0
1787250753.763,11540880.0,11542541.0,11539921.0
1787250758.837,11539420.0,11540750.0,11540891.0
1787250763.905,11538920.0,11540718.0,11540706.0
1787250768.956,11539750.0,11541864.0,11540706.0
1787250774.017,11537632.0,11540653.0,11540706.0
1787250779.087,11536066.0,11536240.0,11537105.0
1787250784.145,11533952.0,11535513.0,11535018.0
1787250789.221,11532323.0,11533914.0,11533594.0
1787250794.284,11530724.0,11532608.0,11533172.0
1787250799.323,11529021.0,11531720.0,11532613.0
1787250804.364,11529300.0,11530502.0,11532613.0
1787250809.480,11528861.0,11531187.0,11530543.0
1787250814.534,11530561.0,11533455.0,11531197.0
1787250819.603,11533469.0,11534868.0,11535386.0
1787250824.673,11530185.0,11533409.0,11534935.0
1787250829.763,11527594.0,11529564.0,11528904.0
1787250834.829,11527123.0,11529254.0,11528904.0
1787250839.872,11526533.0,11528040.0,11528904.0
1787250844.945,11527720.0,11529521.0,11527871.0
1787250850.405,11526550.0,11527462.0,11528716.0
1787250855.448,11523571.0,11524008.0,11526533.0
1787250860.618,11517643.0,11521275.0,11522146.0
1787250865.681,11507387.0,11508289.0,11507958.0
1787250870.746,11509802.0,11512570.0,11511793.0
1787250875.811,11513315.0,11516065.0,11510540.0
1787250880.854,11515845.0,11517540.0,11510540.0
1787250885.937,11513353.0,11515079.0,11516912.0
1787250891.003,11513800.0,11515070.0,11515063.0
1787250896.045,11513050.0,11515062.0,11515063.0
1787250901.095,11513491.0,11515702.0,11515063.0
1787250906.141,11512087.0,11513787.0,11511764.0
1787250911.317,11514570.0,11517682.0,11516544.0
1787250916.376,11519080.0,11520482.0,11519612.0
1787250921.450,11519278.0,11521321.0,11519441.0
1787250926.495,11516297.0,11520571.0,11519576.0
1787250931.554,11516259.0,11518279.0,11518279.0
1787250936.626,11518191.0,11520798.0,11518279.0
1787250941.734,11516823.0,11519656.0,11517375.0
1787250946.786,11517340.0,11519074.0,11517793.0
1787250951.856,11514490.0,11517799.0,11517340.0
1787250956.918,11520110.0,11520748.0,11520748.0
1787250961.982,11521100.0,11523914.0,11522399.0
1787250967.051,11519766.0,11523418.0,11522399.0
1787250972.095,11519270.0,11522884.0,11519765.0
1787250977.157,11522280.0,11524461.0,11523026.0
1787250982.214,11523190.0,11525974.0,11523026.0
1787250987.275,11527049.0,11530572.0,11527924.0
1787250992.337,11526311.0,11528515.0,11527054.0
1787250997.402,11527948.0,11530579.0,11527054.0
1787251002.465,11527808.0,11530561.0,11527054.0
1787251007.513,11527490.0,11530519.0,11527054.0
1787251012.593,11527490.0,11530397.0,11527054.0
1787251017.667,11528230.0,11531311.0,11527054.0
1787251022.736,11527740.0,11531081.0,11527054.0
1787251027.806,11528621.0,11530078.0,11529377.0
1787251032.870,11529200.0,11531101.0,11529377.0
1787251037.940,11529230.0,11533136.0,11530518.0
1787251043.009,11528702.0,11530381.0,11530518.0
1787251048.068,11527841.0,11529810.0,11530518.0
1787251053.111,11531037.0,11533571.0,11530518.0
1787251058.171,11528515.0,11531158.0,11530752.0
1787251063.229,11529596.0,11533289.0,11530752.0
1787251068.297,11529307.0,11531499.0,11530752.0
1787251073.350,11529020.0,11532227.0,11530752.0
1787251078.395,11534709.0,11535624.0,11534122.0
1787251083.438,11535632.0,11536447.0,11535624.0
1787251088.511,11534140.0,11536848.0,11534127.0
1787251093.555,11534170.0,11536688.0,11534170.0
1787251098.615,11530270.0,11532635.0,11534199.0
1787251103.681,11529270.0,11531867.0,11534199.0
1787251108.749,11526720.0,11529210.0,11534199.0
1787251113.842,11526744.0,11529369.0,11534199.0
1787251118.905,11526810.0,11529335.0,11534199.0
1787251123.968,11526262.0,11528471.0,11526919.0
1787251129.033,11525376.0,11528513.0,11527175.0
1787251134.078,11525660.0,11528398.0,11527175.0
1787251139.119,11526540.0,11528807.0,11527175.0
1787251144.188,11526761.0,11530335.0,11527175.0
1787251149.258,11517899.0,11523174.0,11523374.0
1787251154.316,11519130.0,11521543.0,11523374.0
1787251159.364,11519165.0,11521328.0,11519113.0
1787251164.408,11518450.0,11523014.0,11518430.0
1787251169.496,11517940.0,11520700.0,11518430.0
1787251174.542,11518657.0,11519607.0,11518430.0
1787251179.623,11517600.0,11519947.0,11518430.0
1787251184.700,11517671.0,11519598.0,11518430.0
1787251189.771,11517826.0,11520404.0,11518430.0
1787251194.830,11515582.0,11519425.0,11516742.0
1787251199.898,11514764.0,11517222.0,11515642.0
1787251204.970,11514837.0,11519216.0,11515154.0
1787251210.017,11514842.0,11516756.0,11515154.0
1787251215.084,11516211.0,11518195.0,11518195.0
1787251220.230,11516904.0,11519378.0,11518194.0
1787251225.272,11515343.0,11519354.0,11516570.0
1787251230.339,11515352.0,11517495.0,11516570.0
1787251235.380,11515803.0,11518669.0,11516570.0
1787251240.423,11514837.0,11516786.0,11515961.0
1787251245.470,11514149.0,11515933.0,11514837.0
1787251250.543,11513294.0,11514667.0,11514159.0
1787251255.617,11513295.0,11514435.0,11513295.0
1787251260.682,11514446.0,11516383.0,11516509.0
1787251265.749,11510444.0,11512338.0,11512066.0
1787251270.797,11507465.0,11509381.0,11511707.0
1787251275.862,11506207.0,11507634.0,11507141.0
1787251280.908,11505742.0,11508681.0,11506822.0
1787251285.970,11504675.0,11509150.0,11507447.0
1787251291.070,11508447.0,11510136.0,11507447.0
1787251296.109,11507268.0,11510460.0,11508447.0
1787251301.186,11507268.0,11510188.0,11508447.0
1787251306.251,11510436.0,11512344.0,11510288.0
1787251311.331,11510442.0,11514571.0,11510288.0
1787251316.383,11509272.0,11514376.0,11510288.0
1787251321.483,11508864.0,11513154.0,11510288.0
1787251326.547,11508868.0,11514958.0,11510288.0
1787251331.612,11507901.0,11512342.0,11507674.0
1787251336.761,11508072.0,11509509.0,11507674.0
1787251341.827,11509294.0,11513161.0,11509509.0
1787251346.960,11512426.0,11514623.0,11509509.0
1787251352.018,11515217.0,11516950.0,11515178.0
1787251357.064,11515036.0,11517924.0,11516950.0
1787251362.105,11515651.0,11517920.0,11516950.0
1787251367.171,11515042.0,11517910.0,11516950.0
1787251372.274,11516483.0,11520120.0,11517822.0
1787251377.323,11517499.0,11520117.0,11517822.0
1787251382.364,11514136.0,11516016.0,11515089.0
1787251387.412,11513150.0,11515137.0,11514136.0
1787251392.457,11514122.0,11516378.0,11514136.0
1787251397.517,11514330.0,11514586.0,11515737.0
1787251402.562,11514338.0,11516403.0,11515737.0
1787251407.629,11515144.0,11516565.0,11515737.0
1787251412.699,11515094.0,11517432.0,11516565.0
1787251417.740,11514353.0,11516760.0,11516565.0
1787251422.786,11515525.0,11518656.0,11516565.0
1787251427.828,11515090.0,11516829.0,11515691.0
1787251432.893,11518973.0,11521567.0,11519183.0
1787251437.982,11520099.0,11522235.0,11519183.0
1787251443.025,11522112.0,11524506.0,11522235.0
1787251448.071,11523408.0,11524589.0,11522235.0
1787251453.113,11523652.0,11524584.0,11524589.0
1787251458.184,11522860.0,11524589.0,11524589.0
1787251463.262,11524279.0,11524589.0,11524589.0
1787251468.312,11525922.0,11526291.0,11526291.0
1787251473.418,11522653.0,11523754.0,11522944.0
1787251478.460,11522608.0,11523754.0,11522944.0
1787251483.502,11522609.0,11523754.0,11522944.0
1787251488.544,11517439.0,11518590.0,11519840.0
1787251493.587,11517439.0,11518590.0,11519840.0
1787251498.651,11520537.0,11523490.0,11522357.0
1787251503.715,11522378.0,11524798.0,11522357.0
1787251508.784,11522494.0,11524798.0,11522357.0
1787251513.873,11522655.0,11524797.0,11522577.0
1787251518.933,11521876.0,11525914.0,11522577.0
1787251524.003,11522482.0,11526176.0,11522577.0
1787251529.068,11522677.0,11526257.0,11522577.0
1787251534.127,11521961.0,11525363.0,11522577.0
1787251539.203,11522178.0,11525360.0,11523995.0
1787251544.246,11522113.0,11525230.0,11523995.0
1787251549.310,11512580.0,11515055.0,11512742.0
1787251554.366,11516378.0,11518109.0,11515277.0
1787251559.410,11517634.0,11520615.0,11519944.0
1787251564.506,11521794.0,11522288.0,11521895.0
1787251569.663,11522250.0,11524796.0,11523828.0
1787251574.730,11520525.0,11524084.0,11523828.0
1787251579.798,11518836.0,11522458.0,11520525.0
1787251585.236,11519720.0,11523745.0,11521886.0
1787251591.375,11519828.0,11523034.0,11521886.0
1787251596.439,11519494.0,11523955.0,11521886.0
1787251601.507,11517079.0,11521314.0,11517979.0
1787251606.554,11515678.0,11520063.0,11517979.0
1787251612.166,11517102.0,11521453.0,11517979.0
1787251617.232,11517256.0,11522516.0,11517979.0
1787251622.273,11517316.0,11521372.0,11517979.0
1787251627.339,11517620.0,11521375.0,11517979.0
1787251632.461,11522645.0,11525420.0,11524207.0
1787251637.505,11523057.0,11526135.0,11524207.0
1787251642.572,11521121.0,11521621.0,11522812.0
1787251647.638,11518829.0,11521131.0,11521131.0
1787251652.678,11518829.0,11521129.0,11521131.0
1787251657.738,11518829.0,11521131.0,11521131.0
1787251662.819,11519078.0,11523155.0,11521131.0
1787251667.894,11519495.0,11523147.0,11521131.0
1787251672.945,11521634.0,11525253.0,11524015.0
1787251677.986,11521992.0,11526119.0,11524015.0
1787251683.055,11522651.0,11526723.0,11524015.0
1787251688.116,11522812.0,11526734.0,11524015.0
1787251693.179,11522989.0,11526688.0,11526688.0
1787251698.247,11527952.0,11528739.0,11527950.0
1787251703.290,11526601.0,11530213.0,11527952.0
1787251708.330,11527005.0,11530024.0,11527952.0
1787251713.370,11527238.0,11530024.0,11527952.0
1787251718.412,11527140.0,11530024.0,11527952.0
1787251723.468,11525740.0,11531116.0,11527952.0
1787251728.508,11525980.0,11530868.0,11527952.0
1787251733.552,11524749.0,11528313.0,11527952.0
1787251738.615,11524562.0,11528150.0,11527952.0
1787251743.674,11526488.0,11528670.0,11528321.0
1787251748.746,11526711.0,11530439.0,11526409.0
1787251753.834,11526531.0,11529969.0,11526409.0
1787251758.900,11525254.0,11528672.0,11526409.0
1787251763.947,11525129.0,11527973.0,11526409.0
1787251768.990,11525492.0,11529654.0,11526409.0
1787251774.066,11526098.0,11531235.0,11526409.0
1787251779.119,11526593.0,11531252.0,11526409.0
1787251784.193,11526598.0,11530735.0,11526409.0
1787251789.253,11526806.0,11529843.0,11526409.0
1787251794.312,11527035.0,11530712.0,11526409.0
1787251799.370,11527295.0,11531245.0,11526409.0
1787251804.416,11524368.0,11529567.0,11527298.0
1787251809.484,11525298.0,11529430.0,11527298.0
1787251814.546,11525603.0,11529295.0,11525282.0
1787251819.612,11525603.0,11528931.0,11525282.0
1787251824.674,11525603.0,11528806.0,11525282.0
1787251829.748,11525603.0,11528528.0,11525282.0
1787251834.789,11524749.0,11526436.0,11526448.0
1787251839.871,11525794.0,11529413.0,11526436.0
1787251844.936,11525763.0,11529410.0,11526436.0
1787251850.038,11527128.0,11529756.0,11526436.0
1787251855.135,11526819.0,11529756.0,11529756.0
1787251860.202,11524477.0,11527053.0,11526095.0
1787251865.275,11526281.0,11530622.0,11530622.0
1787251870.328,11526713.0,11530620.0,11530622.0
1787251875.381,11526886.0,11532564.0,11530679.0
1787251880.426,11527470.0,11532564.0,11530679.0
1787251885.490,11527795.0,11531812.0,11530679.0
1787251890.549,11526487.0,11531313.0,11530679.0
1787251895.614,11526635.0,11531466.0,11530679.0
1787251900.782,11526678.0,11530966.0,11530679.0
1787251905.854,11526644.0,11531591.0,11530679.0
1787251910.915,11526688.0,11532169.0,11530679.0
1787251915.962,11527401.0,11529679.0,11530679.0
1787251921.035,11527438.0,11529678.0,11530679.0
1787251926.106,11527438.0,11529679.0,11530679.0
1787251931.146,11529800.0,11530968.0,11529780.0
1787251936.196,11534280.0,11537104.0,11535633.0
1787251941.236,11536800.0,11539051.0,11539032.0
1787251946.351,11536850.0,11538745.0,11539032.0
1787251951.395,11539559.0,11540706.0,11540706.0
1787251956.438,11538590.0,11542153.0,11540706.0
1787251961.507,11537572.0,11541571.0,11540706.0
1787251966.561,11535939.0,11539958.0,11538000.0
1787251971.630,11535875.0,11540692.0,11538000.0
1787251976.695,11538600.0,11541567.0,11538600.0
1787251981.763,11539470.0,11542225.0,11539450.0
1787251986.817,11530073.0,11535588.0,11532293.0
1787251991.861,11532530.0,11535022.0,11533898.0
1787251996.930,11532550.0,11536451.0,11532550.0
1787252001.988,11532911.0,11535319.0,11532550.0
1787252007.054,11533010.0,11535506.0,11532550.0
1787252012.097,11530040.0,11531691.0,11531685.0
1787252017.144,11523965.0,11526923.0,11526163.0
1787252022.250,11523600.0,11526886.0,11526923.0
1787252027.291,11523950.0,11528104.0,11526923.0
1787252032.353,11524011.0,11528097.0,11526923.0
1787252037.395,11523279.0,11526168.0,11526923.0
1787252042.434,11523279.0,11525112.0,11526923.0
1787252047.506,11519145.0,11521966.0,11520854.0
1787252052.548,11519144.0,11520806.0,11520854.0
1787252057.611,11515500.0,11519309.0,11520806.0
1787252062.684,11515780.0,11519307.0,11520806.0
1787252067.745,11513162.0,11518534.0,11520806.0
1787252072.810,11513636.0,11516935.0,11520806.0
1787252077.874,11513657.0,11517933.0,11520806.0
1787252082.931,11515920.0,11518214.0,11520806.0
1787252087.995,11517600.0,11518539.0,11519959.0
1787252093.038,11517800.0,11518539.0,11519959.0
1787252098.211,11517880.0,11519866.0,11518539.0
1787252103.277,11517900.0,11521920.0,11517880.0
1787252108.320,11514310.0,11518002.0,11516559.0
1787252113.365,11513030.0,11519111.0,11512006.0
1787252118.435,11517433.0,11523792.0,11519496.0
1787252123.498,11519939.0,11524042.0,11519496.0
1787252128.573,11522840.0,11528431.0,11524042.0
1787252133.636,11522280.0,11527457.0,11524042.0
1787252138.707,11520925.0,11526860.0,11524042.0
1787252143.774,11520918.0,11526860.0,11524042.0
1787252148.841,11518985.0,11525140.0,11520547.0
1787252153.904,11519486.0,11525140.0,11520547.0
1787252158.950,11519667.0,11525140.0,11520547.0
1787252164.021,11519668.0,11524442.0,11520547.0
1787252169.094,11519667.0,11524474.0,11520547.0
1787252174.160,11520449.0,11525140.0,11520547.0
1787252179.259,11519667.0,11524811.0,11520547.0
1787252184.301,11520728.0,11526132.0,11520547.0
1787252189.344,11520180.0,11526132.0,11520547.0
1787252194.390,11521370.0,11526481.0,11520547.0
1787252199.442,11521891.0,11526481.0,11520547.0
1787252204.495,11522568.0,11526123.0,11520547.0
1787252209.544,11521897.0,11526118.0,11520547.0
1787252214.589,11519961.0,11524889.0,11520547.0
1787252219.656,11519961.0,11524843.0,11520547.0
1787252224.721,11519975.0,11524839.0,11520547.0
1787252229.822,11519169.0,11524328.0,11520547.0
1787252234.904,11519172.0,11524325.0,11520547.0
1787252239.968,11521800.0,11526269.0,11524323.0
1787252245.022,11520771.0,11524116.0,11524121.0
1787252250.083,11520774.0,11524121.0,11524121.0
1787252255.126,11519317.0,11523959.0,11524121.0
1787252260.200,11519171.0,11523959.0,11524121.0
1787252265.245,11520428.0,11524121.0,11524121.0
1787252270.288,11520937.0,11524111.0,11524121.0
1787252275.350,11515351.0,11521670.0,11518933.0
1787252280.397,11515152.0,11521090.0,11518933.0
1787252285.443,11515350.0,11519799.0,11518933.0
1787252290.495,11515310.0,11519399.0,11518933.0
1787252295.538,11513942.0,11520750.0,11518933.0
1787252300.580,11513939.0,11519389.0,11518933.0
1787252305.675,11513217.0,11518359.0,11518933.0
1787252310.767,11513224.0,11518282.0,11518933.0
1787252315.864,11513749.0,11518932.0,11518933.0
1787252320.929,11513227.0,11518510.0,11518933.0
1787252325.994,11513805.0,11518494.0,11518933.0
1787252331.043,11517262.0,11519702.0,11518933.0
1787252336.110,11514673.0,11520049.0,11518933.0
1787252341.169,11514863.0,11521007.0,11518933.0
1787252346.244,11515371.0,11521003.0,11518933.0
1787252351.316,11515265.0,11520749.0,11518933.0
1787252356.359,11515265.0,11519298.0,11518933.0
1787252361.440,11515271.0,11519935.0,11518933.0
1787252366.480,11515265.0,11519935.0,11518933.0
1787252371.567,11515265.0,11518932.0,11518933.0
1787252376.631,11515265.0,11518264.0,11518933.0
1787252381.701,11515265.0,11517955.0,11518933.0
1787252386.769,11513270.0,11516894.0,11515265.0
1787252391.855,11513031.0,11515265.0,11513270.0
1787252396.927,11513031.0,11515265.0,11515265.0
1787252401.969,11513030.0,11515265.0,11515265.0
1787252407.027,11513030.0,11515265.0,11515265.0
1787252412.078,11513030.0,11515265.0,11515265.0
1787252417.122,11513030.0,11515265.0,11515265.0
1787252422.181,11513030.0,11515265.0,11515265.0
1787252427.245,11513030.0,11515265.0,11515265.0
1787252432.312,11513030.0,11515265.0,11515265.0
1787252437.379,11513030.0,11515265.0,11515265.0
1787252442.421,11513030.0,11515265.0,11515265.0
1787252447.578,11513030.0,11515265.0,11515265.0
1787252452.634,11513030.0,11515265.0,11515265.0
1787252457.681,11513030.0,11515265.0,11515265.0
1787252462.746,11513030.0,11515265.0,11515265.0
1787252467.814,11513030.0,11515265.0,11515265.0
1787252472.929,11513030.0,11515265.0,11515265.0
1787252478.480,11513030.0,11515265.0,11515265.0
1787252483.531,11513030.0,11515265.0,11515265.0
1787252488.589,11513030.0,11515265.0,11515265.0
1787252493.661,11513030.0,11515265.0,11515265.0
1787252498.722,11513030.0,11515265.0,11515265.0
1787252503.787,11513030.0,11515265.0,11515265.0
1787252508.852,11513030.0,11515265.0,11515265.0
1787252514.036,11513030.0,11515265.0,11515265.0
1787252519.155,11513030.0,11515265.0,11515265.0
1787252524.197,11513030.0,11515265.0,11515265.0
1787252529.245,11513030.0,11515265.0,11515265.0
1787252534.454,11513030.0,11515265.0,11515265.0
1787252539.561,11513030.0,11515265.0,11515265.0
1787252544.630,11513030.0,11515265.0,11515265.0
1787252549.701,11513030.0,11515265.0,11515265.0
1787252556.138,11513030.0,11515265.0,11515265.0
1787252561.792,11513030.0,11515265.0,11515265.0
1787252566.855,11513030.0,11515265.0,11515265.0
1787252571.925,11513030.0,11515265.0,11515265.0
1787252576.992,11513030.0,11515265.0,11515265.0
1787252582.036,11513030.0,11515265.0,11515265.0
1787252587.101,11513030.0,11515265.0,11515265.0
1787252592.146,11513030.0,11515265.0,11515265.0
1787252597.189,11513030.0,11515265.0,11515265.0
1787252602.230,11513030.0,11515265.0,11515265.0
1787252607.272,11513030.0,11515265.0,11515265.0
1787252612.378,11513030.0,11515265.0,11515265.0
1787252617.420,11513030.0,11515265.0,11515265.0
1787252622.460,11513030.0,11515265.0,11515265.0
1787252627.501,11513030.0,11515265.0,11515265.0
1787252632.541,11513030.0,11515265.0,11515265.0
1787252637.641,11513030.0,11515265.0,11515265.0
1787252642.727,11513030.0,11515265.0,11515265.0
1787252648.092,11513030.0,11515265.0,11515265.0
1787252653.180,11513030.0,11515265.0,11515265.0
1787252658.256,11513030.0,11515265.0,11515265.0
1787252663.342,11513030.0,11515265.0,11515265.0
1787252668.442,11513030.0,11515265.0,11515265.0
1787252673.545,11513030.0,11515265.0,11515265.0
1787252678.650,11513030.0,11515265.0,11515265.0
1787252683.727,11513030.0,11515265.0,11515265.0
1787252688.818,11513030.0,11515265.0,11515265.0
1787252693.870,11513030.0,11515265.0,11515265.0
1787252698.914,11513030.0,11515265.0,11515265.0
1787252703.980,11513030.0,11515265.0,11515265.0
1787252709.129,11513030.0,11515265.0,11515265.0
1787252714.174,11513030.0,11515265.0,11515265.0
1787252719.237,11513030.0,11515265.0,11515265.0
1787252724.298,11513030.0,11515265.0,11515265.0
1787252729.391,11513030.0,11515265.0,11515265.0
1787252734.473,11513030.0,11515265.0,11515265.0
1787252739.638,11513030.0,11515265.0,11515265.0
1787252744.717,11513030.0,11515265.0,11515265.0
1787252749.780,11513030.0,11515265.0,11515265.0
1787252754.849,11513030.0,11515265.0,11515265.0
1787252759.951,11513030.0,11515265.0,11515265.0
1787252768.098,11513030.0,11515265.0,11515265.0
1787252773.563,11513030.0,11515265.0,11515265.0
1787252778.629,11513030.0,11515265.0,11515265.0
1787252783.690,11513030.0,11515265.0,11515265.0
1787252788.732,11513030.0,11515265.0,11515265.0
1787252794.208,11513030.0,11515265.0,11515265.0
1787252799.287,11513030.0,11515265.0,11515265.0
1787252804.365,11513030.0,11515265.0,11515265.0
1787252810.905,11513030.0,11515265.0,11515265.0
1787252815.962,11513030.0,11515265.0,11515265.0
1787252821.023,11513030.0,11515265.0,11515265.0
1787252826.085,11513030.0,11515265.0,11515265.0
1787252831.129,11513030.0,11515265.0,11515265.0
1787252836.549,11513030.0,11515265.0,11515265.0
1787252841.622,11513030.0,11515265.0,11515265.0
1787252846.688,11513030.0,11515265.0,11515265.0
1787252851.810,11513030.0,11515265.0,11515265.0
1787252856.894,11513030.0,11515265.0,11515265.0
1787252862.354,11513030.0,11515265.0,11515265.0
1787252867.757,11513030.0,11515265.0,11515265.0
1787252873.095,11513030.0,11515265.0,11515265.0
1787252878.163,11513030.0,11515265.0,11515265.0
1787252883.232,11513030.0,11515265.0,11515265.0
1787252888.301,11513030.0,11515265.0,11515265.0
1787252893.360,11513030.0,11515265.0,11515265.0
1787252898.418,11513030.0,11515265.0,11515265.0
1787252903.467,11513030.0,11515265.0,11515265.0
1787252908.623,11513030.0,11515265.0,11515265.0
1787252913.715,11513030.0,11515265.0,11515265.0
1787252919.019,11513030.0,11515265.0,11515265.0
1787252924.061,11513030.0,11515265.0,11515265.0
1787252929.559,11513030.0,11515265.0,11515265.0
1787252934.709,11513030.0,11515265.0,11515265.0
1787252939.753,11513030.0,11515265.0,11515265.0
1787252944.915,11513030.0,11515265.0,11515265.0
1787252950.034,11513030.0,11515265.0,11515265.0
1787252955.114,11513030.0,11515265.0,11515265.0
1787252961.582,11513030.0,11515265.0,11515265.0
1787252966.656,11513030.0,11515265.0,11515265.0
1787252971.975,11513030.0,11515265.0,11515265.0
1787252977.040,11513030.0,11515265.0,11515265.0
1787252982.110,11513030.0,11515265.0,11515265.0
1787252987.177,11513030.0,11515265.0,11515265.0
1787252992.239,11513030.0,11515265.0,11515265.0
1787252997.757,11513030.0,11515265.0,11515265.0
1787253002.820,11513030.0,11515265.0,11515265.0
1787253007.897,11513030.0,11515265.0,11515265.0
1787253012.952,11515266.0,11515266.0,11515265.0
1787253018.137,11515266.0,11515266.0,11515265.0
1787253023.330,11515925.0,11515925.0,11515265.0
1787253028.372,11518360.0,11518360.0,11515265.0
1787253033.694,11518228.0,11518228.0,11515265.0
1787253038.775,11516742.0,11516742.0,11515265.0
1787253043.869,11516876.0,11516876.0,11515265.0
1787253048.954,11516876.0,11516876.0,11515265.0
1787253054.015,11517890.0,11517890.0,11515265.0
1787253059.081,11519005.0,11519005.0,11515265.0
1787253064.145,11514987.0,11514987.0,11515265.0
1787253069.254,11515604.0,11515604.0,11515265.0
1787253074.404,11513030.0,11513030.0,11515265.0
1787253079.655,11513030.0,11513030.0,11515265.0
1787253084.770,11514109.0,11514109.0,11515265.0
1787253089.838,11514145.0,11514145.0,11515265.0
1787253094.980,11514865.0,11514865.0,11515265.0
1787253100.037,11516011.0,11516011.0,11515265.0
1787253105.100,11516011.0,11516011.0,11515265.0
1787253110.141,11516011.0,11516011.0,11515265.0
1787253115.254,11516011.0,11516011.0,11515265.0
1787253120.337,11516011.0,11516011.0,11515265.0
1787253125.402,11517750.0,11519648.0,11518450.0
1787253130.496,11517770.0,11519584.0,11518450.0
1787253135.563,11516582.0,11518901.0,11518450.0
1787253140.634,11516582.0,11518901.0,11518450.0
1787253145.699,11515748.0,11518515.0,11518450.0
1787253150.821,11513772.0,11514850.0,11515742.0
1787253155.881,11514290.0,11515989.0,11515164.0
1787253160.923,11513030.0,11514167.0,11514271.0
1787253165.967,11513030.0,11513394.0,11514271.0
1787253171.043,11515430.0,11518445.0,11513394.0
1787253176.314,11513730.0,11515585.0,11513394.0
1787253181.355,11515990.0,11516068.0,11515990.0
1787253190.385,11514610.0,11516008.0,11514187.0
1787253195.428,11513450.0,11516008.0,11514187.0
1787253200.472,11515190.0,11515745.0,11514187.0
1787253205.517,11520210.0,11523112.0,11520941.0
1787253210.561,11515191.0,11518191.0,11513030.0
1787253215.625,11511538.0,11516374.0,11513006.0
1787253220.701,11513386.0,11514531.0,11514432.0
1787253225.788,11516331.0,11519025.0,11513400.0
1787253230.848,11517520.0,11523108.0,11522079.0
1787253238.967,11517540.0,11521842.0,11522079.0
1787253244.008,11518010.0,11520753.0,11522079.0
1787253249.058,11521676.0,11524121.0,11518453.0
1787253254.103,11519927.0,11524120.0,11522416.0
1787253259.148,11521447.0,11524121.0,11522416.0
1787253264.189,11520778.0,11524120.0,11522416.0
1787253269.232,11521447.0,11524121.0,11522416.0
1787253274.297,11519660.0,11524120.0,11522416.0
1787253279.349,11520900.0,11524120.0,11522416.0
1787253284.420,11518014.0,11524109.0,11522416.0
1787253289.477,11519203.0,11524050.0,11522416.0
1787253294.549,11519203.0,11523970.0,11522416.0
1787253299.625,11519203.0,11523950.0,11522416.0
1787253304.686,11519203.0,11523778.0,11522416.0
1787253309.754,11518545.0,11519869.0,11519869.0
1787253314.801,11517790.0,11522098.0,11517640.0
1787253319.868,11517980.0,11521967.0,11517640.0
1787253324.927,11518101.0,11520707.0,11521961.0
1787253329.987,11518583.0,11522091.0,11521961.0
1787253335.051,11519040.0,11522085.0,11521961.0
1787253340.090,11516949.0,11521904.0,11516917.0
1787253345.146,11519320.0,11522633.0,11516917.0
1787253350.203,11521413.0,11523116.0,11516917.0
1787253355.274,11519809.0,11523523.0,11516917.0
1787253360.384,11520721.0,11523203.0,11516917.0
1787253365.434,11519950.0,11523206.0,11516917.0
1787253370.481,11522511.0,11524121.0,11523635.0
1787253375.522,11522800.0,11524120.0,11522800.0
1787253380.561,11523000.0,11524121.0,11522800.0
1787253385.622,11523219.0,11524121.0,11522800.0
1787253390.691,11523230.0,11524121.0,11523219.0
1787253395.753,11528370.0,11531654.0,11528688.0
1787253400.810,11529490.0,11532759.0,11531959.0
1787253405.873,11530290.0,11533362.0,11532408.0
1787253410.936,11531700.0,11533863.0,11530310.0
1787253416.030,11530366.0,11531779.0,11531779.0
1787253421.109,11528540.0,11530244.0,11531779.0
1787253426.182,11528150.0,11530272.0,11531779.0
1787253431.244,11528190.0,11530538.0,11530185.0
1787253436.309,11528290.0,11530959.0,11530185.0
1787253441.367,11528412.0,11531618.0,11528402.0
1787253446.409,11528520.0,11533273.0,11528402.0
1787253452.233,11527648.0,11531038.0,11528402.0
1787253459.133,11527617.0,11530537.0,11528402.0
1787253466.226,11525769.0,11528598.0,11528402.0
1787253473.416,11525770.0,11527189.0,11527189.0
1787253481.360,11525230.0,11526861.0,11527189.0
1787253488.919,11523578.0,11525649.0,11525230.0
1787253495.900,11524301.0,11526703.0,11525230.0
1787253503.036,11525771.0,11530329.0,11525230.0
1787253512.451,11526211.0,11528690.0,11525230.0
1787253518.473,11526790.0,11530915.0,11525230.0
1787253524.878,11528851.0,11531331.0,11525230.0
1787253530.949,11527356.0,11530386.0,11525230.0
1787253538.229,11526363.0,11528374.0,11527855.0
1787253546.138,11525268.0,11526878.0,11526363.0
1787253555.611,11525268.0,11526429.0,11526363.0
1787253566.792,11522902.0,11524564.0,11524563.0
1787253574.767,11524469.0,11527075.0,11524564.0
1787253581.117,11523118.0,11526733.0,11524564.0
1787253587.592,11522924.0,11526730.0,11524564.0
1787253594.031,11522902.0,11524842.0,11524564.0
1787253601.378,11522902.0,11525001.0,11524564.0
1787253608.041,11522902.0,11525202.0,11524564.0
1787253614.749,11525280.0,11527446.0,11522906.0
1787253620.195,11524390.0,11527063.0,11522906.0
1787253626.710,11525280.0,11527335.0,11522906.0
1787253633.557,11525097.0,11528603.0,11529292.0
1787253639.692,11526840.0,11527869.0,11529292.0
1787253649.058,11527789.0,11531136.0,11529292.0
1787253655.892,11524796.0,11528133.0,11529292.0
1787253663.716,11522466.0,11525636.0,11526214.0
1787253670.574,11522028.0,11526200.0,11526214.0
1787253675.624,11521943.0,11524110.0,11526214.0
1787253680.692,11522013.0,11524360.0,11526214.0
1787253685.731,11521335.0,11526089.0,11526214.0
1787253690.791,11525257.0,11527446.0,11526215.0
1787253695.860,11525308.0,11527444.0,11526215.0
1787253700.917,11527831.0,11531168.0,11527446.0
1787253706.033,11530433.0,11532466.0,11527446.0
1787253711.117,11527699.0,11532469.0,11527446.0
1787253716.182,11526660.0,11530084.0,11527446.0
1787253721.227,11530302.0,11532822.0,11527446.0
1787253726.270,11531073.0,11534078.0,11532914.0
1787253731.417,11531414.0,11535003.0,11532914.0
1787253736.465,11532200.0,11534351.0,11532914.0
1787253741.534,11533120.0,11535569.0,11532914.0
1787253746.576,11534748.0,11535104.0,11536104.0
1787253751.632,11534063.0,11535104.0,11534748.0
1787253756.695,11533414.0,11535104.0,11534748.0
1787253761.759,11533436.0,11535104.0,11534748.0
1787253766.822,11533036.0,11536112.0,11534144.0
1787253771.864,11533872.0,11535549.0,11534144.0
1787253776.927,11533936.0,11535732.0,11534144.0
1787253781.967,11533629.0,11534144.0,11534144.0
1787253787.012,11532044.0,11534144.0,11534055.0
1787253792.055,11532438.0,11536112.0,11534144.0
1787253797.122,11533515.0,11536112.0,11534144.0
1787253802.167,11531904.0,11533316.0,11532869.0
1787253807.227,11530265.0,11533173.0,11530231.0
1787253812.290,11530265.0,11533171.0,11530231.0
1787253817.331,11530275.0,11532930.0,11530231.0
1787253822.384,11532551.0,11534717.0,11530231.0
1787253827.435,11533295.0,11534660.0,11530231.0
1787253832.478,11532601.0,11534574.0,11532601.0
1787253837.544,11533401.0,11536112.0,11534804.0
1787253842.607,11533668.0,11535545.0,11534804.0
1787253847.692,11533223.0,11536111.0,11534804.0
1787253852.756,11533520.0,11536110.0,11534804.0
1787253857.819,11533544.0,11536110.0,11534804.0
1787253862.876,11533544.0,11536112.0,11534804.0
1787253867.931,11533549.0,11534923.0,11534804.0
1787253872.993,11533619.0,11535572.0,11534804.0
1787253878.059,11533360.0,11535572.0,11534804.0
1787253883.121,11533450.0,11536112.0,11534804.0
1787253888.183,11534680.0,11538235.0,11536112.0
1787253893.238,11535011.0,11538493.0,11536112.0
1787253898.276,11536765.0,11539632.0,11538667.0
1787253903.331,11535863.0,11538398.0,11538667.0
1787253908.404,11536712.0,11537787.0,11534556.0
1787253913.465,11537583.0,11539026.0,11538299.0
1787253918.523,11537584.0,11539614.0,11538299.0
1787253923.566,11537869.0,11540971.0,11538299.0
1787253928.731,11539999.0,11540506.0,11538299.0
1787253933.902,11538300.0,11539070.0,11539999.0
1787253938.953,11536415.0,11538062.0,11537584.0
1787253944.003,11537000.0,11538612.0,11537584.0
1787253949.052,11537556.0,11539593.0,11538563.0
1787253954.109,11536750.0,11538571.0,11538563.0
1787253959.212,11538033.0,11539877.0,11538563.0
1787253964.244,11538686.0,11540357.0,11538563.0
1787253969.297,11538050.0,11539299.0,11538563.0
1787253974.330,11533318.0,11533992.0,11535329.0
1787253979.493,11533317.0,11537802.0,11533992.0
1787253984.547,11532357.0,11535692.0,11533317.0
1787253989.606,11537116.0,11537794.0,11535963.0
1787253994.666,11534341.0,11537007.0,11537116.0
1787253999.715,11536431.0,11539274.0,11537116.0
1787254004.768,11536470.0,11539576.0,11537116.0
1787254009.877,11537800.0,11540612.0,11537116.0
1787254014.927,11536941.0,11540378.0,11537116.0
1787254019.982,11536941.0,11539134.0,11537116.0
1787254025.038,11534960.0,11537351.0,11537116.0
1787254030.097,11534420.0,11537767.0,11537116.0
1787254035.156,11535774.0,11538724.0,11537116.0
1787254040.188,11536022.0,11538603.0,11537116.0
1787254045.268,11531080.0,11533666.0,11531350.0
1787254050.311,11528965.0,11530890.0,11529402.0
1787254055.428,11525949.0,11528832.0,11529402.0
1787254060.479,11525925.0,11528200.0,11525960.0
1787254065.512,11525926.0,11527953.0,11525960.0
1787254071.526,11526175.0,11529190.0,11527973.0
1787254076.560,11526197.0,11528603.0,11527973.0
1787254082.581,11526219.0,11528602.0,11527973.0
1787254091.274,11528907.0,11531536.0,11527973.0
1787254099.365,11528912.0,11531536.0,11527973.0
1787254105.687,11532549.0,11533938.0,11532446.0
1787254112.004,11532768.0,11535298.0,11536071.0
1787254117.773,11532085.0,11534687.0,11536071.0
1787254123.488,11532775.0,11535751.0,11536071.0
1787254129.726,11533338.0,11536297.0,11536428.0
1787254136.101,11533458.0,11535807.0,11536428.0
1787254142.532,11535384.0,11537946.0,11537041.0
1787254149.582,11535510.0,11537929.0,11537041.0
1787254155.366,11537500.0,11539719.0,11537041.0
1787254162.801,11537670.0,11539273.0,11537041.0
1787254169.688,11537779.0,11539719.0,11537041.0
1787254176.913,11538659.0,11540744.0,11537041.0
1787254184.691,11537359.0,11540740.0,11538574.0
1787254191.992,11537873.0,11540721.0,11540855.0
1787254198.054,11536427.0,11540470.0,11540627.0
1787254204.194,11535169.0,11537279.0,11537280.0
1787254210.472,11537849.0,11540974.0,11540974.0
1787254217.365,11538022.0,11540931.0,11540976.0
1787254224.017,11535461.0,11540671.0,11540707.0
1787254231.566,11537821.0,11540571.0,11540669.0
1787254237.464,11540679.0,11542127.0,11541698.0
1787254243.157,11541176.0,11543804.0,11544017.0
1787254248.216,11541446.0,11545608.0,11544017.0
1787254253.270,11537995.0,11543610.0,11540517.0
1787254258.324,11538385.0,11542869.0,11540517.0
1787254263.373,11537662.0,11540473.0,11538767.0
1787254268.411,11539145.0,11542732.0,11542602.0
1787254273.772,11540959.0,11544473.0,11542869.0
1787254280.185,11542252.0,11546039.0,11542869.0
1787254285.233,11542253.0,11545915.0,11542869.0
1787254290.266,11542253.0,11545917.0,11542869.0
1787254295.357,11538823.0,11544647.0,11540736.0
1787254300.404,11538114.0,11540397.0,11540736.0
1787254305.437,11539599.0,11543580.0,11540736.0
1787254310.470,11541773.0,11543239.0,11540736.0
1787254315.503,11542168.0,11545217.0,11543239.0
1787254320.535,11541807.0,11545200.0,11543239.0
1787254325.597,11542476.0,11545196.0,11543239.0
1787254330.650,11542496.0,11545190.0,11543239.0
1787254335.702,11542454.0,11545170.0,11543239.0
1787254340.758,11542454.0,11545130.0,11543239.0
1787254345.810,11541385.0,11544970.0,11541382.0
1787254350.863,11542279.0,11543310.0,11541382.0
1787254355.924,11542999.0,11543540.0,11543190.0
1787254360.958,11542999.0,11544492.0,11543190.0
1787254366.006,11543380.0,11544500.0,11544500.0
1787254371.105,11543008.0,11543380.0,11544500.0
1787254376.138,11543008.0,11543380.0,11543380.0
1787254381.202,11541104.0,11543380.0,11542415.0
1787254386.239,11541563.0,11542590.0,11546090.0
1787254391.272,11541563.0,11542590.0,11546090.0
1787254396.303,11541398.0,11542590.0,11542590.0
1787254401.358,11542950.0,11543923.0,11543379.0
1787254406.393,11543052.0,11543923.0,11543379.0
1787254411.426,11543880.0,11544786.0,11543923.0
1787254416.486,11543890.0,11544669.0,11543923.0
1787254421.518,11543890.0,11544786.0,11543923.0
1787254426.573,11543745.0,11544786.0,11543889.0
1787254431.632,11543821.0,11545122.0,11543821.0
1787254436.685,11543450.0,11544964.0,11545095.0
1787254441.734,11543070.0,11544666.0,11543450.0
1787254446.787,11538730.0,11541683.0,11541683.0
1787254452.413,11535513.0,11536492.0,11536322.0
1787254457.451,11535513.0,11535729.0,11536571.0
1787254462.507,11536094.0,11537600.0,11536527.0
1787254467.649,11536000.0,11537600.0,11536527.0
1787254472.702,11536000.0,11537600.0,11536527.0
1787254477.757,11533855.0,11535975.0,11536000.0
1787254482.794,11532452.0,11534870.0,11533759.0
1787254487.853,11536502.0,11538333.0,11536818.0
1787254492.906,11535130.0,11537472.0,11536818.0
1787254497.962,11535112.0,11537392.0,11536818.0
1787254503.021,11534577.0,11536500.0,11535458.0
1787254508.089,11533827.0,11535300.0,11534581.0
1787254513.125,11530224.0,11532300.0,11532295.0
1787254518.183,11530505.0,11532190.0,11532145.0
1787254523.241,11533140.0,11535200.0,11533664.0
1787254528.299,11536501.0,11539153.0,11538510.0
1787254533.360,11537830.0,11541149.0,11538510.0
1787254538.394,11539210.0,11541140.0,11538510.0
1787254543.429,11539254.0,11541140.0,11538510.0
1787254548.490,11539254.0,11541140.0,11538510.0
1787254553.526,11539254.0,11541135.0,11538510.0
1787254558.572,11540590.0,11541580.0,11538510.0
1787254563.629,11541952.0,11544659.0,11542344.0
1787254568.685,11543786.0,11545956.0,11544271.0
1787254573.742,11548557.0,11549250.0,11546179.0
1787254578.799,11544995.0,11548030.0,11546566.0
1787254583.857,11546985.0,11548880.0,11546675.0
1787254588.895,11546915.0,11549768.0,11546668.0
1787254593.931,11547382.0,11549724.0,11546918.0
1787254599.005,11548940.0,11551168.0,11548940.0
1787254604.041,11548568.0,11551097.0,11551097.0
1787254609.096,11552010.0,11552052.0,11547799.0
1787254614.130,11551946.0,11553200.0,11551298.0
1787254619.209,11548259.0,11549007.0,11549010.0
1787254624.269,11543892.0,11545697.0,11548258.0
1787254629.309,11545078.0,11547215.0,11544713.0
1787254634.344,11546867.0,11548664.0,11547506.0
1787254639.380,11546934.0,11548655.0,11548105.0
1787254644.416,11547475.0,11548655.0,11548105.0
1787254649.450,11547518.0,11548655.0,11547475.0
1787254654.486,11547538.0,11549487.0,11549428.0
1787254659.521,11548475.0,11552082.0,11549324.0
1787254664.555,11550794.0,11552139.0,11549324.0
1787254669.618,11552041.0,11554216.0,11552717.0
1787254674.671,11550226.0,11553789.0,11552085.0
1787254679.728,11550378.0,11553087.0,11553087.0
1787254684.787,11549961.0,11553521.0,11553087.0
1787254689.867,11550658.0,11553217.0,11553087.0
1787254694.903,11547489.0,11550123.0,11550648.0
1787254699.943,11548192.0,11550045.0,11547680.0
1787254704.996,11547692.0,11549631.0,11547680.0
1787254710.047,11547852.0,11550019.0,11547680.0
1787254715.082,11546033.0,11547596.0,11546943.0
1787254720.139,11546090.0,11547246.0,11546106.0
1787254725.191,11546229.0,11547897.0,11546499.0
1787254733.071,11547204.0,11550043.0,11546499.0
1787254738.134,11548079.0,11550342.0,11550343.0
1787254743.168,11548767.0,11551072.0,11551072.0
1787254748.238,11549109.0,11552246.0,11553060.0
1787254753.273,11549966.0,11552806.0,11553060.0
1787254758.342,11550430.0,11554039.0,11553060.0
1787254763.396,11553912.0,11556458.0,11555727.0
1787254768.431,11553810.0,11556486.0,11553812.0
1787254773.538,11555183.0,11557791.0,11557824.0
1787254778.574,11554729.0,11557733.0,11557824.0
1787254783.629,11551655.0,11553810.0,11553812.0
1787254788.699,11551207.0,11554961.0,11554995.0
1787254793.746,11551907.0,11555342.0,11554393.0
1787254798.782,11551916.0,11554364.0,11554393.0
1787254803.843,11548943.0,11551426.0,11551916.0
1787254808.907,11551435.0,11554975.0,11553529.0
1787254813.966,11552098.0,11555767.0,11553529.0
1787254819.018,11554449.0,11555758.0,11554449.0
1787254824.058,11555231.0,11557676.0,11555755.0
1787254829.121,11556080.0,11557667.0,11555755.0
1787254834.219,11555539.0,11557829.0,11555755.0
1787254839.285,11555031.0,11557094.0,11555628.0
1787254844.366,11556795.0,11558865.0,11555628.0
1787254849.402,11555865.0,11559229.0,11555865.0
1787254854.476,11556012.0,11559229.0,11556357.0
1787254859.718,11556014.0,11557114.0,11556012.0
1787254864.782,11555360.0,11558945.0,11556012.0
1787254869.842,11555576.0,11558835.0,11555484.0
1787254874.926,11555706.0,11558217.0,11555484.0
1787254880.012,11555725.0,11558829.0,11555484.0
1787254885.088,11555778.0,11558803.0,11555484.0
1787254890.137,11556836.0,11558726.0,11558725.0
1787254895.180,11557529.0,11559260.0,11558725.0
1787254900.254,11557036.0,11558887.0,11558725.0
1787254905.339,11561264.0,11564350.0,11561258.0
1787254910.528,11558948.0,11560560.0,11560560.0
1787254915.610,11560470.0,11561669.0,11563006.0
1787254920.727,11561079.0,11564096.0,11561725.0
1787254925.884,11559234.0,11563861.0,11561123.0
1787254930.944,11559145.0,11561067.0,11561123.0
1787254936.034,11561248.0,11564304.0,11561076.0
1787254941.102,11559045.0,11563252.0,11560635.0
1787254946.176,11559398.0,11562531.0,11560635.0
1787254951.278,11559447.0,11562013.0,11560635.0
1787254956.331,11559459.0,11561656.0,11560635.0
1787254961.385,11559518.0,11561933.0,11560635.0
1787254966.432,11560423.0,11564159.0,11560635.0
1787254971.484,11560631.0,11563252.0,11560635.0
1787254976.544,11564442.0,11565252.0,11564448.0
1787254981.648,11564023.0,11567446.0,11564977.0
1787254986.810,11562494.0,11566392.0,11564977.0
1787254991.870,11563979.0,11566536.0,11564977.0
1787254996.906,11563899.0,11567457.0,11564977.0
1787255001.964,11564043.0,11567179.0,11564977.0
1787255007.001,11564454.0,11566960.0,11564977.0
1787255012.058,11565310.0,11565490.0,11563228.0
1787255017.122,11563782.0,11564310.0,11565310.0
1787255022.175,11563229.0,11566111.0,11564310.0
1787255027.490,11560252.0,11562582.0,11562122.0
1787255032.523,11561623.0,11562171.0,11561623.0
1787255037.575,11559547.0,11561623.0,11559557.0
1787255042.658,11559557.0,11561622.0,11561623.0
1787255047.826,11559573.0,11561623.0,11561623.0
1787255052.860,11559950.0,11561623.0,11561623.0
1787255057.896,11559608.0,11561623.0,11561623.0
1787255062.929,11559512.0,11561623.0,11561623.0
1787255067.971,11560571.0,11563414.0,11561623.0
1787255073.005,11553219.0,11555715.0,11553612.0
1787255078.040,11554830.0,11558460.0,11556953.0
1787255083.074,11556163.0,11560974.0,11560974.0
1787255088.111,11556356.0,11558761.0,11560974.0
1787255093.146,11555383.0,11557013.0,11556606.0
1787255098.199,11554209.0,11555907.0,11555383.0
1787255103.233,11554217.0,11555365.0,11555383.0
1787255108.271,11554271.0,11557808.0,11558548.0
1787255113.305,11554823.0,11557559.0,11554713.0
1787255118.422,11556842.0,11559450.0,11554713.0
1787255123.481,11556447.0,11558922.0,11554713.0
1787255128.521,11556623.0,11559442.0,11554713.0
1787255133.555,11555676.0,11557097.0,11556628.0
1787255138.615,11554793.0,11558440.0,11556628.0
1787255143.741,11553460.0,11556505.0,11556628.0
1787255148.805,11556261.0,11559188.0,11556460.0
1787255153.864,11556259.0,11558135.0,11556460.0
1787255158.918,11556001.0,11557468.0,11556261.0
1787255164.317,11553460.0,11556509.0,11555564.0
1787255169.356,11552051.0,11553315.0,11553460.0
1787255174.411,11552051.0,11553325.0,11555435.0
1787255179.465,11545888.0,11551229.0,11552740.0
1787255184.500,11546657.0,11548810.0,11549859.0
1787255189.567,11545340.0,11549583.0,11549593.0
1787255194.621,11535742.0,11538669.0,11538248.0
1787255199.677,11537080.0,11539284.0,11538669.0
1787255204.736,11536171.0,11539006.0,11538669.0
1787255209.799,11537356.0,11539284.0,11538669.0
1787255214.854,11535786.0,11539592.0,11539283.0
1787255219.935,11536733.0,11539065.0,11539283.0
1787255224.993,11539316.0,11543762.0,11541311.0
1787255230.050,11539197.0,11544222.0,11542077.0
1787255235.108,11538672.0,11542966.0,11541313.0
1787255240.168,11540828.0,11542834.0,11541313.0
1787255245.207,11541653.0,11544353.0,11542826.0
1787255250.266,11539693.0,11543587.0,11542826.0
1787255255.346,11541559.0,11543789.0,11542826.0
1787255260.427,11540767.0,11543620.0,11543789.0
1787255265.462,11541119.0,11544982.0,11543789.0
1787255270.520,11543764.0,11545692.0,11543789.0
1787255275.563,11544561.0,11546496.0,11543789.0
1787255280.614,11546985.0,11548678.0,11543789.0
1787255285.672,11544867.0,11548274.0,11548677.0
1787255290.726,11543301.0,11546870.0,11548677.0
1787255295.777,11544005.0,11546856.0,11548677.0
1787255300.817,11541495.0,11544434.0,11548677.0
1787255305.948,11542025.0,11544270.0,11548677.0
1787255311.179,11541022.0,11543470.0,11541022.0
1787255316.476,11538562.0,11542146.0,11540732.0
1787255321.528,11538461.0,11541124.0,11540042.0
1787255326.564,11539688.0,11541123.0,11540042.0
1787255331.621,11540836.0,11543979.0,11544011.0
1787255336.681,11541835.0,11543899.0,11543978.0
1787255341.745,11544295.0,11546508.0,11543978.0
1787255346.784,11545378.0,11548153.0,11546508.0
1787255351.962,11544810.0,11547817.0,11546508.0
1787255357.181,11546638.0,11551820.0,11550189.0
1787255362.346,11549365.0,11551409.0,11550404.0
1787255367.421,11549538.0,11553636.0,11551967.0
1787255372.508,11549388.0,11551261.0,11551967.0
1787255377.545,11549661.0,11551322.0,11551967.0
1787255382.604,11549661.0,11551261.0,11551967.0
1787255387.658,11547004.0,11550643.0,11549374.0
1787255392.714,11549648.0,11552685.0,11549374.0
1787255397.775,11550355.0,11551750.0,11549374.0
1787255402.894,11546422.0,11547199.0,11547246.0
1787255407.960,11544267.0,11546590.0,11545941.0
1787255413.035,11545915.0,11549221.0,11549708.0
1787255418.073,11546671.0,11549136.0,11549708.0
1787255423.108,11550086.0,11552130.0,11550917.0
1787255428.165,11552107.0,11553724.0,11553069.0
1787255433.201,11550019.0,11553595.0,11553724.0
1787255438.268,11550509.0,11553352.0,11553724.0
1787255443.305,11550505.0,11553236.0,11553724.0
1787255448.341,11552883.0,11555494.0,11553724.0
1787255453.377,11552446.0,11555452.0,11553724.0
1787255458.412,11552506.0,11555031.0,11553724.0
1787255463.448,11549375.0,11551214.0,11553724.0
1787255468.497,11549761.0,11552235.0,11551168.0
1787255473.548,11552925.0,11555127.0,11552235.0
1787255478.601,11552849.0,11555101.0,11552235.0
1787255483.809,11552049.0,11555013.0,11552235.0
1787255488.866,11550961.0,11553383.0,11552005.0
1787255493.926,11550281.0,11553555.0,11550281.0
1787255498.961,11551022.0,11553444.0,11552015.0
1787255504.018,11551525.0,11553440.0,11552015.0
1787255509.071,11553048.0,11556170.0,11553588.0
1787255514.328,11553189.0,11555990.0,11553588.0
1787255519.363,11552551.0,11553925.0,11553588.0
1787255524.422,11553408.0,11555789.0,11553588.0
1787255529.477,11553408.0,11555764.0,11553588.0
1787255534.513,11552645.0,11555283.0,11553588.0
1787255539.549,11552513.0,11555721.0,11553588.0
1787255544.630,11553019.0,11555502.0,11553588.0
1787255549.686,11552423.0,11555367.0,11553588.0
1787255554.738,11554348.0,11555325.0,11553588.0
1787255559.808,11558062.0,11558724.0,11556918.0
1787255565.371,11559358.0,11561353.0,11558724.0
1787255570.406,11559661.0,11562615.0,11559661.0
1787255575.440,11559159.0,11560984.0,11559160.0
1787255580.523,11556424.0,11558837.0,11556423.0
1787255585.612,11554771.0,11556314.0,11556054.0
1787255590.677,11553654.0,11556318.0,11556054.0
1787255595.736,11554707.0,11556948.0,11556274.0
1787255600.790,11556402.0,11558632.0,11558827.0
1787255605.848,11556738.0,11558213.0,11556411.0
1787255610.912,11556728.0,11558831.0,11558184.0
1787255615.985,11559568.0,11562029.0,11562006.0
1787255621.020,11559102.0,11561608.0,11562006.0
1787255626.082,11554166.0,11557221.0,11556111.0
1787255631.118,11553673.0,11556008.0,11556111.0
1787255636.154,11553720.0,11556253.0,11556111.0
1787255641.204,11553729.0,11555161.0,11556111.0
1787255646.832,11553681.0,11556929.0,11556111.0
1787255651.975,11551920.0,11555713.0,11553221.0
1787255657.624,11552370.0,11554525.0,11553221.0
1787255663.527,11551904.0,11554153.0,11552140.0
1787255668.582,11551154.0,11553512.0,11552140.0
1787255673.636,11545913.0,11548681.0,11547191.0
1787255678.703,11546078.0,11549392.0,11547191.0
1787255683.741,11550290.0,11551805.0,11547191.0
1787255688.795,11547594.0,11549797.0,11547191.0
1787255693.852,11547730.0,11549768.0,11547191.0
1787255699.054,11549300.0,11550565.0,11547191.0
1787255707.433,11548013.0,11550076.0,11549300.0
1787255712.498,11546384.0,11548351.0,11545859.0
1787255719.107,11546060.0,11548646.0,11545859.0
1787255724.167,11544570.0,11547019.0,11546043.0
1787255729.228,11544917.0,11547354.0,11546043.0
1787255734.265,11545077.0,11547761.0,11546043.0
1787255739.302,11545115.0,11546941.0,11546043.0
1787255744.368,11545119.0,11546969.0,11546043.0
1787255749.420,11546080.0,11548760.0,11546043.0
1787255754.454,11546101.0,11547779.0,11546043.0
1787255762.100,11541993.0,11544058.0,11543025.0
1787255767.158,11541983.0,11543951.0,11543967.0
1787255772.229,11541330.0,11543024.0,11543025.0
1787255777.268,11542303.0,11545188.0,11543805.0
1787255782.305,11542806.0,11545247.0,11543805.0
1787255787.366,11545991.0,11547544.0,11542114.0
1787255792.404,11546048.0,11548000.0,11548000.0
1787255797.445,11546541.0,11548233.0,11548000.0
1787255802.485,11547668.0,11549300.0,11548000.0
1787255808.328,11550879.0,11552261.0,11551905.0
1787255813.420,11547822.0,11551947.0,11551905.0
1787255818.458,11547829.0,11548843.0,11551905.0
1787255823.495,11546435.0,11550468.0,11551905.0
1787255828.552,11544245.0,11547419.0,11546530.0
1787255833.606,11543567.0,11546668.0,11545245.0
1787255838.665,11542639.0,11545290.0,11543567.0
1787255843.722,11542127.0,11544575.0,11543567.0
1787255848.782,11543508.0,11545462.0,11543567.0
1787255853.843,11543254.0,11546284.0,11545866.0
1787255858.905,11542869.0,11545328.0,11545866.0
1787255863.963,11541157.0,11543870.0,11545866.0
1787255868.998,11538395.0,11541802.0,11545866.0
1787255874.059,11539568.0,11542726.0,11545866.0
1787255879.098,11538945.0,11541395.0,11545866.0
1787255884.136,11542566.0,11543950.0,11545866.0
1787255889.174,11542309.0,11543863.0,11545866.0
1787255894.235,11542550.0,11546513.0,11545866.0
1787255899.292,11545560.0,11546737.0,11545866.0
1787255904.330,11543882.0,11545342.0,11545600.0
1787255909.365,11546910.0,11549343.0,11547960.0
1787255918.462,11546487.0,11548390.0,11547960.0
1787255923.514,11546438.0,11548563.0,11547960.0
1787255928.551,11546219.0,11547810.0,11547960.0
1787255933.604,11551706.0,11553770.0,11552779.0
1787255938.660,11550591.0,11552374.0,11552779.0
1787255943.726,11548330.0,11552381.0,11548180.0
1787255953.652,11548058.0,11550518.0,11548180.0
1787255958.711,11547869.0,11551931.0,11549785.0
1787255963.769,11545460.0,11551346.0,11549785.0
1787255968.820,11545703.0,11550884.0,11549785.0
1787255973.882,11545552.0,11548626.0,11549785.0
1787255978.934,11544573.0,11548504.0,11549785.0
1787255983.991,11542388.0,11547774.0,11549785.0
1787255989.058,11540003.0,11542874.0,11549785.0
1787255994.118,11540945.0,11544938.0,11549785.0
1787255999.154,11543623.0,11545665.0,11549785.0
1787256004.217,11547822.0,11551046.0,11549091.0
1787256009.295,11547800.0,11549499.0,11546293.0
1787256014.356,11548300.0,11550649.0,11550649.0
1787256019.391,11546858.0,11549289.0,11546827.0
1787256024.437,11546858.0,11548763.0,11546827.0
1787256029.494,11547114.0,11551625.0,11548525.0
1787256034.556,11545372.0,11548087.0,11547102.0
1787256039.616,11541021.0,11544057.0,11543621.0
1787256044.667,11540711.0,11542505.0,11541019.0
1787256049.704,11540717.0,11543357.0,11541019.0
1787256054.740,11541960.0,11546048.0,11543358.0
1787256059.863,11544965.0,11547003.0,11546260.0
1787256064.898,11545645.0,11547101.0,11547102.0
1787256069.982,11547143.0,11549586.0,11547102.0
1787256075.040,11543737.0,11546698.0,11546559.0
1787256080.105,11545160.0,11546698.0,11546559.0
1787256085.181,11543674.0,11545798.0,11545160.0
1787256090.219,11544949.0,11548617.0,11548617.0
1787256095.277,11546120.0,11549269.0,11548617.0
1787256100.337,11548330.0,11550189.0,11548617.0
1787256105.398,11548440.0,11550761.0,11548617.0
1787256110.433,11549800.0,11554197.0,11553836.0
1787256115.473,11552051.0,11553751.0,11553300.0
1787256120.510,11552050.0,11553300.0,11553300.0
1787256125.548,11548950.0,11551742.0,11552075.0
1787256130.609,11548072.0,11550047.0,11550047.0
1787256135.645,11547405.0,11549349.0,11550047.0
1787256140.703,11547350.0,11549603.0,11550047.0
1787256145.763,11545578.0,11546551.0,11544281.0
1787256150.822,11546970.0,11549127.0,11548194.0
1787256155.885,11546970.0,11547821.0,11548194.0
1787256160.943,11547141.0,11549789.0,11548194.0
1787256166.015,11547610.0,11548239.0,11548194.0
1787256171.073,11547610.0,11548501.0,11548194.0
1787256176.127,11545780.0,11548224.0,11548194.0
1787256181.179,11545780.0,11547332.0,11548194.0
1787256186.240,11548559.0,11549606.0,11548194.0
1787256191.275,11548730.0,11550297.0,11548194.0
1787256196.312,11546605.0,11548787.0,11547640.0
1787256201.347,11547298.0,11549927.0,11547640.0
1787256206.403,11548038.0,11549511.0,11547640.0
1787256211.472,11548038.0,11549511.0,11547640.0
1787256216.506,11549172.0,11551003.0,11549886.0
1787256221.568,11548260.0,11551405.0,11549886.0
1787256226.658,11546916.0,11549229.0,11548260.0
1787256231.718,11546527.0,11550932.0,11548260.0
1787256236.775,11547271.0,11549703.0,11548260.0
1787256241.824,11547812.0,11549632.0,11548260.0
1787256246.923,11547595.0,11550741.0,11548260.0
1787256252.002,11550555.0,11553670.0,11548260.0
1787256257.054,11551500.0,11556636.0,11554534.0
1787256262.135,11553070.0,11555454.0,11554534.0
1787256267.187,11555180.0,11556616.0,11554534.0
1787256272.272,11553560.0,11555723.0,11554534.0
1787256277.372,11553620.0,11555100.0,11554534.0
1787256282.425,11553640.0,11555638.0,11554534.0
1787256287.497,11553750.0,11554523.0,11554534.0
1787256292.539,11551490.0,11553831.0,11554534.0
1787256297.597,11551620.0,11553279.0,11554534.0
1787256302.634,11551660.0,11553912.0,11554534.0
1787256307.673,11550064.0,11552357.0,11552357.0
1787256312.972,11551970.0,11554869.0,11552357.0
1787256318.820,11552300.0,11553920.0,11552357.0
1787256323.916,11554470.0,11557079.0,11553583.0
1787256328.969,11554470.0,11555727.0,11555730.0
1787256334.027,11554890.0,11555551.0,11555726.0
1787256339.092,11554890.0,11556146.0,11555726.0
1787256344.260,11554914.0,11556745.0,11555726.0
1787256349.504,11555340.0,11557600.0,11558408.0
1787256354.563,11554455.0,11555699.0,11558408.0
1787256359.621,11554383.0,11556333.0,11558408.0
1787256366.115,11554160.0,11556566.0,11553980.0
1787256371.158,11554310.0,11556036.0,11553980.0
1787256376.458,11554370.0,11556036.0,11554350.0
1787256381.526,11554430.0,11556036.0,11554350.0
1787256386.657,11554491.0,11556036.0,11554350.0
1787256391.713,11556010.0,11557547.0,11556036.0
1787256396.773,11555139.0,11556731.0,11556036.0
1787256401.990,11553660.0,11555884.0,11556036.0
1787256407.044,11553771.0,11556272.0,11556036.0
1787256412.110,11553661.0,11555367.0,11553773.0
1787256417.179,11553720.0,11554681.0,11553773.0
1787256422.243,11552446.0,11554636.0,11553719.0
1787256427.310,11552451.0,11554633.0,11553719.0
1787256432.363,11550211.0,11551637.0,11551637.0
1787256437.462,11551161.0,11553521.0,11552743.0
1787256442.498,11553190.0,11554898.0,11553808.0
1787256447.771,11551840.0,11554052.0,11553270.0
1787256453.016,11551964.0,11554756.0,11553270.0
1787256458.332,11552648.0,11554517.0,11553270.0
1787256463.370,11552076.0,11552283.0,11553270.0
1787256468.420,11551163.0,11552986.0,11553270.0
1787256473.479,11552208.0,11554037.0,11553270.0
1787256478.538,11553646.0,11555413.0,11553270.0
1787256483.598,11553649.0,11556077.0,11555364.0
1787256488.660,11553012.0,11555642.0,11555364.0
1787256494.183,11553395.0,11555463.0,11555364.0
1787256499.217,11553395.0,11555463.0,11555364.0
1787256504.473,11555161.0,11556420.0,11555364.0
1787256509.620,11551700.0,11553923.0,11555161.0
1787256515.089,11548398.0,11549677.0,11548398.0
1787256520.145,11548696.0,11550489.0,11548398.0
1787256525.188,11547476.0,11550068.0,11548398.0
1787256530.433,11547338.0,11549438.0,11547601.0
1787256535.466,11546761.0,11550012.0,11547601.0
1787256540.499,11549311.0,11550619.0,11547601.0
1787256545.595,11551424.0,11553876.0,11551253.0
1787256550.656,11551968.0,11554202.0,11554528.0
1787256555.733,11555121.0,11556388.0,11553546.0
1787256560.800,11554719.0,11557489.0,11553546.0
1787256565.895,11552546.0,11554558.0,11554718.0
1787256571.619,11552677.0,11555378.0,11554718.0
1787256576.672,11553632.0,11555849.0,11554718.0
1787256581.725,11553631.0,11555850.0,11555849.0
1787256588.582,11553835.0,11556176.0,11555849.0
1787256593.636,11553460.0,11556674.0,11555849.0
1787256598.695,11556498.0,11557585.0,11557580.0
1787256603.747,11557600.0,11560399.0,11557149.0
1787256608.834,11556876.0,11558988.0,11557149.0
1787256613.901,11559555.0,11562118.0,11557149.0
1787256618.960,11564140.0,11565734.0,11564140.0
1787256624.012,11564237.0,11566198.0,11564141.0
1787256629.072,11563954.0,11566570.0,11564141.0
1787256634.128,11562347.0,11564056.0,11563989.0
1787256639.185,11562718.0,11565425.0,11562989.0
1787256644.239,11562718.0,11564064.0,11562989.0
1787256649.306,11562180.0,11564919.0,11562180.0
1787256654.364,11563464.0,11565087.0,11561964.0
1787256659.401,11563464.0,11565030.0,11561964.0
1787256664.436,11561496.0,11563164.0,11561964.0
1787256669.474,11560554.0,11563866.0,11564091.0
1787256674.511,11560075.0,11562387.0,11560554.0
1787256679.566,11559360.0,11561602.0,11562267.0
1787256684.623,11558553.0,11561764.0,11562267.0
1787256689.680,11558624.0,11560559.0,11562267.0
1787256694.717,11558512.0,11560558.0,11562267.0
1787256699.772,11558358.0,11560658.0,11562267.0
1787256704.823,11558977.0,11560786.0,11562267.0
1787256709.859,11558977.0,11560798.0,11562267.0
1787256714.916,11558472.0,11560923.0,11562267.0
1787256719.952,11557750.0,11560003.0,11562267.0
1787256724.987,11555288.0,11557170.0,11555856.0
1787256730.050,11554900.0,11556149.0,11555856.0
1787256735.086,11554900.0,11556123.0,11555856.0
1787256740.122,11554276.0,11556148.0,11555856.0
1787256745.158,11554713.0,11555975.0,11555856.0
1787256750.194,11553971.0,11556254.0,11555381.0
1787256755.229,11553763.0,11556212.0,11555381.0
1787256760.267,11552682.0,11554714.0,11554722.0
1787256765.302,11553377.0,11554665.0,11554722.0
1787256770.337,11551089.0,11553664.0,11554722.0
1787256775.372,11551742.0,11553655.0,11554722.0
1787256780.418,11552093.0,11553589.0,11554722.0
1787256785.461,11548482.0,11550466.0,11550938.0
1787256790.518,11549302.0,11550600.0,11550938.0
1787256795.554,11551522.0,11553286.0,11553279.0
1787256800.614,11551658.0,11553431.0,11553279.0
1787256805.677,11550923.0,11553279.0,11553279.0
1787256810.730,11549582.0,11551783.0,11553279.0
1787256815.802,11550314.0,11551686.0,11553279.0
1787256820.960,11551008.0,11552154.0,11553279.0
1787256826.022,11548443.0,11549032.0,11549667.0
1787256831.075,11548323.0,11550991.0,11549032.0
1787256836.133,11548654.0,11550954.0,11549032.0
1787256841.185,11548774.0,11550945.0,11550945.0
1787256846.246,11548258.0,11550322.0,11550770.0
1787256851.305,11548404.0,11552090.0,11550332.0
1787256856.366,11548405.0,11550876.0,11550332.0
1787256861.422,11551994.0,11553279.0,11552461.0
1787256866.479,11551994.0,11553279.0,11552461.0
1787256871.516,11553569.0,11555767.0,11553279.0
1787256876.553,11553868.0,11555583.0,11553279.0
1787256881.609,11550469.0,11553902.0,11553279.0
1787256886.665,11548641.0,11552170.0,11551429.0
1787256891.718,11550793.0,11552181.0,11551429.0
1787256896.779,11551913.0,11554621.0,11552567.0
1787256901.840,11553772.0,11556327.0,11554535.0
1787256906.896,11553773.0,11556199.0,11554535.0
1787256911.931,11554175.0,11556188.0,11553772.0
1787256916.967,11553967.0,11556121.0,11553772.0
1787256922.003,11553772.0,11555887.0,11553772.0
1787256927.041,11554538.0,11555999.0,11553772.0
1787256932.102,11554489.0,11557754.0,11554302.0
1787256937.156,11554583.0,11557057.0,11554302.0
1787256942.214,11549424.0,11552890.0,11551533.0
1787256947.274,11549716.0,11551936.0,11551533.0
1787256952.325,11547476.0,11549208.0,11549208.0
1787256957.360,11545016.0,11549173.0,11547512.0
1787256962.397,11545337.0,11547852.0,11547512.0
1787256967.615,11545880.0,11547458.0,11547889.0
1787256972.669,11545838.0,11549584.0,11547947.0
1787256977.732,11547306.0,11551048.0,11547227.0
1787256982.766,11547402.0,11549823.0,11547227.0
1787256987.820,11545398.0,11547748.0,11545483.0
1787256992.854,11546827.0,11550634.0,11547747.0
1787256997.891,11548431.0,11550881.0,11551026.0
1787257002.924,11549990.0,11551371.0,11551355.0
1787257007.961,11549509.0,11551298.0,11550052.0
1787257012.995,11549648.0,11551298.0,11550052.0
1787257018.048,11549115.0,11550880.0,11550770.0
1787257023.082,11549115.0,11551298.0,11550770.0
1787257028.181,11541847.0,11543570.0,11543569.0
1787257033.216,11544209.0,11546376.0,11544528.0
1787257038.253,11542624.0,11544265.0,11543961.0
1787257043.287,11538276.0,11542509.0,11538143.0
1787257048.345,11538603.0,11542178.0,11538143.0
1787257053.379,11539707.0,11543221.0,11538468.0
1787257058.415,11539925.0,11543221.0,11539916.0
1787257064.020,11541709.0,11545298.0,11544375.0
1787257071.491,11539241.0,11542681.0,11541760.0
1787257078.874,11539801.0,11542365.0,11541760.0
1787257086.955,11541375.0,11543530.0,11542360.0
1787257095.858,11542428.0,11544884.0,11542360.0
1787257103.022,11545240.0,11545707.0,11542360.0
1787257109.495,11544045.0,11547142.0,11542360.0
1787257115.836,11544694.0,11547889.0,11542360.0
1787257123.309,11543702.0,11547662.0,11542360.0
1787257129.750,11543012.0,11547041.0,11544799.0
1787257137.727,11547224.0,11551468.0,11547046.0
1787257143.819,11548694.0,11552034.0,11547046.0
1787257151.586,11551215.0,11553975.0,11552971.0
1787257158.962,11551336.0,11553781.0,11553972.0
1787257166.782,11551414.0,11554202.0,11553858.0
1787257173.464,11552824.0,11555527.0,11554972.0
1787257181.592,11552061.0,11554504.0,11554504.0
1787257189.353,11556329.0,11557189.0,11554734.0
1787257195.917,11554731.0,11557704.0,11556329.0
1787257203.999,11554750.0,11557968.0,11554750.0
1787257214.061,11556616.0,11559250.0,11559252.0
1787257220.094,11557084.0,11559734.0,11559252.0
1787257226.837,11558468.0,11559251.0,11559251.0
1787257234.875,11555640.0,11557085.0,11555543.0
1787257240.788,11552063.0,11555337.0,11558005.0
1787257245.825,11552552.0,11555250.0,11552210.0
1787257250.885,11552026.0,11554352.0,11551971.0
1787257255.948,11553562.0,11555704.0,11551971.0
1787257261.007,11554140.0,11556490.0,11554140.0
1787257266.082,11549020.0,11551109.0,11550765.0
1787257271.134,11548941.0,11550351.0,11549031.0
1787257276.170,11548492.0,11551224.0,11548941.0
1787257281.207,11550695.0,11553887.0,11551224.0
1787257286.259,11551320.0,11555459.0,11554705.0
1787257291.294,11550554.0,11552830.0,11554705.0
1787257296.354,11549434.0,11551885.0,11551885.0
1787257301.413,11549436.0,11552362.0,11551885.0
1787257306.448,11549434.0,11552188.0,11551885.0
1787257311.483,11549524.0,11551992.0,11551885.0
1787257316.521,11549665.0,11552514.0,11551885.0
1787257321.557,11549570.0,11552614.0,11551885.0
1787257326.619,11549719.0,11552672.0,11551885.0
1787257331.671,11550911.0,11554034.0,11551885.0
1787257336.738,11550638.0,11553831.0,11551885.0
1787257341.795,11550294.0,11553674.0,11551885.0
1787257346.886,11550451.0,11553293.0,11551885.0
1787257351.947,11552068.0,11554609.0,11554448.0
1787257356.982,11552563.0,11554705.0,11554609.0
1787257362.018,11554280.0,11556649.0,11556118.0
1787257367.053,11556777.0,11558003.0,11557927.0
1787257372.090,11556871.0,11559249.0,11557927.0
1787257377.143,11558902.0,11561252.0,11558902.0
1787257382.201,11558202.0,11561042.0,11558902.0
1787257387.240,11559077.0,11562641.0,11562198.0
1787257392.313,11561866.0,11564709.0,11561685.0
1787257397.368,11564331.0,11566690.0,11565349.0
1787257402.405,11564540.0,11566883.0,11566883.0
1787257407.450,11564794.0,11567642.0,11566883.0
1787257412.515,11562211.0,11564726.0,11565987.0
1787257417.574,11562692.0,11564952.0,11562050.0
1787257422.634,11561407.0,11565183.0,11561071.0
1787257427.669,11563762.0,11567100.0,11561071.0
1787257432.729,11563393.0,11567054.0,11561071.0
1787257437.765,11563563.0,11566598.0,11561071.0
1787257442.810,11563568.0,11566894.0,11561071.0
1787257447.873,11562560.0,11565465.0,11565465.0
1787257452.930,11562600.0,11565749.0,11565465.0
1787257457.966,11563426.0,11566879.0,11565465.0
1787257463.003,11563471.0,11565897.0,11565465.0
1787257468.057,11564432.0,11567570.0,11565465.0
1787257473.093,11564760.0,11569214.0,11564670.0
1787257478.129,11564981.0,11569012.0,11564670.0
1787257483.188,11564360.0,11567525.0,11566807.0
1787257488.224,11566120.0,11568288.0,11566807.0
1787257493.260,11566121.0,11568672.0,11566120.0
1787257498.294,11566598.0,11568762.0,11566142.0
1787257503.330,11565575.0,11567721.0,11568762.0
1787257508.369,11565057.0,11567315.0,11567411.0
1787257513.403,11565832.0,11567306.0,11568471.0
1787257518.462,11565833.0,11567023.0,11568471.0
1787257523.497,11565764.0,11567499.0,11567483.0
1787257528.552,11565764.0,11567828.0,11567483.0
1787257533.610,11566150.0,11569600.0,11567483.0
1787257538.675,11566634.0,11569185.0,11567483.0
1787257543.735,11569102.0,11571877.0,11569130.0
1787257548.800,11570107.0,11571904.0,11569130.0
1787257553.865,11570238.0,11572856.0,11571904.0
1787257558.917,11570745.0,11572856.0,11571904.0
1787257563.953,11571565.0,11572856.0,11571904.0
1787257569.017,11577933.0,11578216.0,11577905.0
1787257574.053,11575711.0,11577827.0,11577827.0
1787257579.111,11575840.0,11577755.0,11577728.0
1787257584.147,11579648.0,11583019.0,11579644.0
1787257589.182,11578812.0,11580949.0,11579644.0
1787257594.236,11579833.0,11580788.0,11578676.0
1787257599.289,11578610.0,11580101.0,11578735.0
1787257604.324,11578650.0,11580145.0,11578735.0
1787257609.358,11578650.0,11579668.0,11578735.0
1787257614.401,11578455.0,11578922.0,11576093.0
1787257621.019,11579090.0,11581258.0,11580177.0
1787257626.056,11576749.0,11579686.0,11579090.0
1787257631.112,11578071.0,11580204.0,11579090.0
1787257636.166,11579090.0,11579333.0,11579090.0
1787257641.201,11575007.0,11577649.0,11577453.0
1787257646.235,11574690.0,11577284.0,11577608.0
1787257651.286,11574994.0,11577009.0,11577608.0
1787257656.319,11574647.0,11576845.0,11577608.0
1787257661.353,11573631.0,11576830.0,11576135.0
1787257666.387,11573631.0,11575769.0,11576135.0
1787257671.438,11571949.0,11574787.0,11572905.0
1787257676.554,11571989.0,11574732.0,11575496.0
1787257681.613,11570784.0,11574571.0,11575496.0
1787257686.668,11570809.0,11573778.0,11575496.0
1787257691.710,11571679.0,11573746.0,11570645.0
1787257696.767,11572611.0,11574229.0,11573745.0
1787257701.803,11570140.0,11573765.0,11572052.0
1787257706.839,11570649.0,11573754.0,11572052.0
1787257711.896,11570717.0,11571693.0,11571693.0
1787257716.975,11568303.0,11570540.0,11568884.0
1787257722.034,11572698.0,11574116.0,11572698.0
1787257727.070,11572980.0,11574450.0,11571787.0
1787257732.128,11574275.0,11577461.0,11576595.0
1787257737.195,11575939.0,11577598.0,11576595.0
1787257742.235,11574046.0,11577361.0,11576595.0
1787257747.372,11572750.0,11575534.0,11576595.0
1787257752.408,11571983.0,11574998.0,11576595.0
1787257757.461,11571983.0,11574393.0,11576595.0
1787257762.520,11572784.0,11574364.0,11576595.0
1787257767.556,11570738.0,11572095.0,11576595.0
1787257772.612,11570738.0,11573259.0,11576595.0
1787257777.779,11569994.0,11572217.0,11576595.0
1787257782.843,11570238.0,11572371.0,11576595.0
1787257787.899,11570238.0,11572348.0,11576595.0
1787257792.963,11570112.0,11571541.0,11576595.0
1787257798.020,11570477.0,11573944.0,11573956.0
1787257803.080,11569604.0,11573632.0,11573956.0
1787257808.309,11570090.0,11571516.0,11573956.0
1787257813.347,11570010.0,11571505.0,11569415.0
1787257818.382,11569389.0,11571505.0,11569415.0
1787257823.418,11569389.0,11570861.0,11569415.0
1787257828.481,11569390.0,11571112.0,11571112.0
1787257833.533,11568106.0,11569831.0,11571100.0
1787257838.586,11567021.0,11569888.0,11570107.0
1787257843.641,11568844.0,11570106.0,11570107.0
1787257848.699,11568844.0,11570763.0,11570107.0
1787257853.758,11571921.0,11575302.0,11574765.0
1787257858.818,11570022.0,11572706.0,11571742.0
1787257863.879,11570618.0,11572704.0,11571742.0
1787257868.917,11570603.0,11572411.0,11571742.0
1787257874.016,11569473.0,11571675.0,11571742.0
1787257879.074,11569931.0,11572790.0,11571742.0
1787257884.142,11570792.0,11572640.0,11571742.0
1787257889.204,11570859.0,11575229.0,11572791.0
1787257894.270,11574151.0,11577665.0,11576609.0
1787257899.321,11575270.0,11577976.0,11577395.0
1787257904.375,11576850.0,11579334.0,11578577.0
1787257909.434,11577935.0,11580513.0,11578577.0
1787257914.477,11578626.0,11580299.0,11578577.0
1787257919.513,11582808.0,11583143.0,11582562.0
1787257924.549,11582682.0,11583143.0,11582562.0
1787257929.606,11581551.0,11582493.0,11581551.0
1787257934.665,11577630.0,11580634.0,11579252.0
1787257939.701,11577650.0,11579122.0,11577650.0
1787257944.795,11577155.0,11579934.0,11577185.0
1787257949.855,11577657.0,11580292.0,11577657.0
1787257954.913,11577257.0,11579985.0,11577657.0
1787257959.963,11576641.0,11579382.0,11577657.0
1787257965.000,11576515.0,11579556.0,11577657.0
1787257970.062,11576403.0,11579589.0,11577657.0
1787257975.097,11580832.0,11582682.0,11580293.0
1787257980.141,11580569.0,11582680.0,11580832.0
1787257985.217,11580933.0,11582682.0,11580832.0
1787257990.274,11582698.0,11585000.0,11585000.0
1787257995.338,11582672.0,11584693.0,11584693.0
1787258000.376,11581905.0,11583693.0,11582498.0
1787258005.437,11582539.0,11585000.0,11583693.0
1787258010.473,11583982.0,11585000.0,11585000.0
1787258017.287,11584219.0,11585000.0,11585000.0
1787258022.350,11583017.0,11585480.0,11585334.0
1787258027.444,11583671.0,11586275.0,11585227.0
1787258032.497,11580401.0,11582887.0,11582008.0
1787258037.532,11581218.0,11584169.0,11581363.0
1787258042.628,11579280.0,11582319.0,11581226.0
1787258047.689,11577813.0,11580648.0,11581226.0
1787258055.097,11575160.0,11578814.0,11576716.0
1787258060.166,11574691.0,11577985.0,11574900.0
1787258065.226,11573001.0,11575919.0,11576307.0
1787258070.262,11572124.0,11575425.0,11575910.0
1787258075.394,11572305.0,11574609.0,11575910.0
1787258080.454,11573738.0,11576771.0,11574574.0
1787258085.489,11573950.0,11576526.0,11574574.0
1787258090.543,11577276.0,11578610.0,11576151.0
1787258095.600,11577847.0,11579411.0,11578609.0
1787258100.654,11574583.0,11578536.0,11577803.0
1787258105.708,11575795.0,11578508.0,11577803.0
1787258110.784,11576394.0,11578022.0,11577803.0
1787258115.851,11575700.0,11579951.0,11573935.0
1787258120.907,11577728.0,11579473.0,11573935.0
1787258125.962,11577258.0,11581061.0,11581061.0
1787258132.378,11577170.0,11580556.0,11581061.0
1787258138.685,11578983.0,11580916.0,11579216.0
1787258144.781,11581495.0,11583867.0,11581678.0
1787258150.559,11580461.0,11583897.0,11581788.0
1787258158.223,11579859.0,11582575.0,11583055.0
1787258164.132,11583170.0,11586059.0,11586059.0
1787258171.042,11583746.0,11587043.0,11586059.0
1787258177.585,11581318.0,11584448.0,11581318.0
1787258184.014,11580499.0,11584199.0,11581318.0
1787258190.362,11580381.0,11584026.0,11584152.0
1787258197.497,11580413.0,11584317.0,11584187.0
1787258203.426,11580433.0,11584317.0,11584187.0
1787258209.633,11580465.0,11584317.0,11584187.0
1787258217.894,11580497.0,11584278.0,11584187.0
1787258225.137,11581490.0,11584312.0,11582708.0
1787258233.612,11581869.0,11584303.0,11584304.0
1787258240.660,11581946.0,11584292.0,11584304.0
1787258247.459,11588645.0,11591156.0,11588645.0
1787258254.820,11589204.0,11591835.0,11591704.0
1787258261.585,11591206.0,11592053.0,11593893.0
1787258268.976,11591653.0,11592579.0,11593738.0
1787258277.097,11594987.0,11597619.0,11596066.0
1787258283.466,11590772.0,11596240.0,11592702.0
1787258292.215,11589050.0,11590889.0,11589746.0
1787258299.166,11587557.0,11591602.0,11592382.0
1787258304.203,11588124.0,11591350.0,11592382.0
1787258309.238,11585586.0,11588932.0,11585974.0
1787258314.273,11582156.0,11585190.0,11584051.0
1787258319.309,11579512.0,11584290.0,11584051.0
1787258324.343,11578990.0,11582230.0,11584051.0
1787258329.379,11579482.0,11581929.0,11584051.0
1787258334.412,11578271.0,11580620.0,11578546.0
1787258339.447,11573565.0,11575622.0,11575622.0
1787258344.481,11571142.0,11574500.0,11570719.0
1787258349.552,11571603.0,11574567.0,11571603.0
1787258354.608,11568702.0,11570690.0,11567823.0
1787258359.657,11569158.0,11570720.0,11567823.0
1787258364.732,11567761.0,11569904.0,11567823.0
1787258369.765,11566678.0,11567194.0,11567716.0
1787258374.822,11565454.0,11567487.0,11567194.0
1787258379.855,11564665.0,11567014.0,11567487.0
1787258384.910,11562761.0,11565429.0,11565557.0
1787258389.942,11563648.0,11565179.0,11565180.0
1787258395.197,11560745.0,11562580.0,11561098.0
1787258402.215,11556861.0,11559008.0,11555663.0
1787258411.137,11558175.0,11561744.0,11558142.0
1787258418.836,11559412.0,11561473.0,11558142.0
1787258425.899,11561557.0,11565053.0,11563773.0
1787258432.756,11562764.0,11565501.0,11565291.0
1787258440.153,11563967.0,11566251.0,11564763.0
1787258447.610,11561808.0,11566406.0,11564763.0
1787258455.541,11562962.0,11567025.0,11565498.0
1787258462.854,11561250.0,11564613.0,11561250.0
1787258471.875,11563838.0,11565200.0,11564291.0
1787258478.801,11563214.0,11566760.0,11565200.0
1787258484.531,11563346.0,11564889.0,11564054.0
1787258491.464,11559647.0,11562651.0,11564889.0
1787258498.754,11559666.0,11563582.0,11562548.0
1787258506.338,11565147.0,11566665.0,11564889.0
1787258513.323,11564441.0,11566296.0,11564889.0
1787258520.692,11560974.0,11563267.0,11561633.0
1787258527.346,11560974.0,11561812.0,11560975.0
1787258532.381,11555000.0,11557530.0,11559323.0
1787258537.961,11553934.0,11554919.0,11550068.0
1787258545.328,11552436.0,11553934.0,11553934.0
1787258552.643,11554317.0,11556527.0,11556537.0
1787258560.064,11551119.0,11552644.0,11552582.0
1787258567.489,11554973.0,11557282.0,11557299.0
1787258574.815,11554327.0,11557281.0,11556046.0
1787258582.232,11558893.0,11561821.0,11560977.0
1787258590.827,11568403.0,11569705.0,11568403.0
1787258598.132,11566726.0,11573265.0,11569732.0
1787258605.363,11569565.0,11572974.0,11569563.0
1787258612.020,11569231.0,11571631.0,11569224.0
1787258618.272,11567371.0,11569456.0,11562930.0
1787258624.997,11565244.0,11566364.0,11565244.0
1787258631.125,11562339.0,11563424.0,11564099.0
1787258638.466,11559341.0,11563904.0,11561316.0
1787258644.437,11561776.0,11564870.0,11561620.0
1787258653.083,11564220.0,11566498.0,11561620.0
1787258660.080,11565786.0,11568225.0,11565786.0
1787258666.293,11565786.0,11567900.0,11565786.0
1787258673.862,11562860.0,11566884.0,11562422.0
1787258681.583,11556391.0,11560226.0,11559340.0
1787258689.070,11554591.0,11556395.0,11554519.0
1787258696.125,11556154.0,11560021.0,11557485.0
1787258703.291,11556729.0,11559755.0,11559755.0
1787258710.134,11555437.0,11558047.0,11559620.0
1787258715.322,11554867.0,11558042.0,11554739.0
1787258720.623,11556812.0,11560015.0,11560021.0
1787258726.332,11556958.0,11560829.0,11560021.0
1787258731.364,11559502.0,11562345.0,11561333.0
1787258736.398,11559685.0,11561954.0,11561333.0
1787258741.461,11559686.0,11561887.0,11561333.0
1787258746.561,11559688.0,11561338.0,11559686.0
1787258751.623,11559388.0,11560832.0,11559688.0
1787258756.682,11555953.0,11559379.0,11559387.0
1787258761.738,11554858.0,11556871.0,11559387.0
1787258766.777,11554858.0,11557899.0,11556873.0
1787258771.835,11554859.0,11557642.0,11557142.0
1787258776.870,11556577.0,11559653.0,11556855.0
1787258781.906,11554858.0,11556827.0,11556855.0
1787258786.973,11554149.0,11555220.0,11554858.0
1787258792.007,11554149.0,11556030.0,11554858.0
1787258797.044,11551955.0,11553066.0,11553097.0
1787258802.078,11551955.0,11553188.0,11552990.0
1787258807.114,11550717.0,11552804.0,11552990.0
1787258812.151,11553006.0,11554797.0,11555138.0
1787258817.212,11553305.0,11555913.0,11555138.0
1787258822.245,11550551.0,11553301.0,11555138.0
1787258827.303,11551940.0,11555858.0,11555138.0
1787258832.336,11553123.0,11554431.0,11555138.0
1787258837.419,11553240.0,11554809.0,11555138.0
1787258842.451,11550311.0,11552724.0,11551982.0
1787258847.511,11550613.0,11551594.0,11551982.0
1787258852.543,11552791.0,11554619.0,11552791.0
1787258857.667,11552792.0,11555062.0,11552791.0
1787258862.892,11554105.0,11555787.0,11554105.0
1787258867.952,11554105.0,11555500.0,11554105.0
1787258873.010,11554105.0,11555442.0,11554105.0
1787258878.196,11560273.0,11562710.0,11561640.0
1787258883.231,11558715.0,11561566.0,11561640.0
1787258888.268,11559673.0,11562478.0,11561640.0
1787258893.324,11559673.0,11562233.0,11561640.0
1787258898.358,11559673.0,11562477.0,11561640.0
1787258903.389,11559673.0,11562258.0,11561640.0
1787258908.424,11560162.0,11562741.0,11561640.0
1787258913.458,11560861.0,11562708.0,11561640.0
1787258918.493,11558745.0,11562637.0,11561640.0
1787258923.527,11557175.0,11560035.0,11560036.0
1787258928.588,11555291.0,11558825.0,11557701.0
1787258933.639,11552039.0,11555063.0,11554110.0
1787258938.692,11550219.0,11553744.0,11554110.0
1787258943.750,11552247.0,11557498.0,11553904.0
1787258948.851,11552313.0,11555413.0,11553904.0
1787258953.927,11552221.0,11555068.0,11554161.0
1787258958.962,11552482.0,11555551.0,11554161.0
1787258963.995,11552733.0,11556991.0,11554161.0
1787258969.047,11553781.0,11556239.0,11554161.0
1787258974.082,11551870.0,11553407.0,11554161.0
1787258979.133,11551125.0,11554015.0,11554161.0
1787258984.190,11551447.0,11554444.0,11554161.0
1787258989.223,11551448.0,11553873.0,11554161.0
1787258994.257,11551124.0,11552512.0,11554161.0
1787258999.313,11550003.0,11552149.0,11551198.0
1787259004.373,11550178.0,11555155.0,11553675.0
1787259009.427,11552242.0,11553809.0,11553675.0
1787259014.459,11550003.0,11551157.0,11550003.0
1787259019.493,11545675.0,11548301.0,11548392.0
1787259024.524,11546649.0,11549581.0,11548107.0
1787259029.592,11548546.0,11550801.0,11550231.0
1787259034.626,11546433.0,11549207.0,11549094.0
1787259039.680,11545391.0,11548303.0,11549094.0
1787259044.712,11545460.0,11547373.0,11545350.0
1787259049.748,11544504.0,11546371.0,11544503.0
1787259054.780,11544897.0,11547546.0,11546810.0
1787259059.838,11544896.0,11547546.0,11546810.0
1787259064.870,11541679.0,11544619.0,11543138.0
1787259069.933,11539386.0,11541557.0,11541637.0
1787259074.965,11540969.0,11542693.0,11541637.0
1787259079.997,11542589.0,11543415.0,11541637.0
1787259085.029,11542821.0,11544080.0,11542798.0
1787259090.082,11543088.0,11544055.0,11542352.0
1787259095.117,11543224.0,11545188.0,11542352.0
1787259100.162,11544872.0,11548459.0,11542352.0
1787259105.192,11543340.0,11545442.0,11542352.0
1787259110.260,11542544.0,11544304.0,11542352.0
1787259115.291,11541937.0,11544057.0,11542352.0
1787259120.431,11540502.0,11542722.0,11542352.0
1787259125.466,11544358.0,11546270.0,11544410.0
1787259130.514,11542895.0,11545343.0,11544410.0
1787259135.549,11543252.0,11545848.0,11544410.0
1787259140.612,11536519.0,11539884.0,11538760.0
1787259145.667,11538581.0,11540856.0,11539843.0
1787259150.719,11537651.0,11538676.0,11537651.0
1787259155.784,11537651.0,11538969.0,11538969.0
1787259160.907,11538279.0,11540329.0,11539639.0
1787259165.966,11538610.0,11540315.0,11539639.0
1787259171.020,11537800.0,11540217.0,11539639.0
1787259176.077,11538653.0,11540960.0,11537566.0
1787259181.113,11534326.0,11537258.0,11537266.0
1787259186.149,11536269.0,11538930.0,11537926.0
1787259191.182,11536553.0,11538836.0,11537926.0
1787259196.240,11534183.0,11538482.0,11537926.0
1787259201.284,11534974.0,11537667.0,11537926.0
1787259206.318,11534248.0,11535895.0,11536373.0
1787259211.355,11534946.0,11536000.0,11536373.0
1787259216.391,11534386.0,11536000.0,11536373.0
1787259221.425,11533787.0,11536000.0,11534450.0
1787259226.474,11534101.0,11535964.0,11534450.0
1787259231.514,11535552.0,11536000.0,11536000.0
1787259236.612,11534182.0,11535963.0,11536000.0
1787259241.659,11532072.0,11535632.0,11531878.0
1787259246.744,11533634.0,11535821.0,11531878.0
1787259251.816,11533634.0,11535822.0,11531878.0
1787259256.893,11534168.0,11535873.0,11531878.0
1787259262.029,11534168.0,11535218.0,11531878.0
1787259267.792,11533811.0,11535875.0,11531878.0
1787259272.891,11533948.0,11535253.0,11531878.0
1787259277.955,11531951.0,11534397.0,11531878.0
1787259283.115,11531993.0,11535167.0,11533000.0
1787259288.206,11532124.0,11535167.0,11533000.0
1787259293.303,11532128.0,11534896.0,11533000.0
1787259298.368,11532812.0,11535166.0,11533000.0
1787259303.424,11534008.0,11536667.0,11535167.0
1787259308.556,11534450.0,11537364.0,11535167.0
1787259313.644,11535812.0,11537974.0,11537974.0
1787259318.712,11536198.0,11537973.0,11537974.0
1787259323.770,11536263.0,11537977.0,11537974.0
1787259328.843,11538968.0,11541465.0,11540433.0
1787259333.907,11535044.0,11537761.0,11536278.0
1787259338.978,11535198.0,11536667.0,11535077.0
1787259344.024,11534561.0,11537423.0,11535077.0
1787259349.080,11535154.0,11537423.0,11535077.0
1787259354.151,11537485.0,11538510.0,11535077.0
1787259359.213,11535849.0,11538332.0,11536144.0
1787259364.271,11536209.0,11538240.0,11536144.0
1787259369.378,11536295.0,11538230.0,11536144.0
1787259374.422,11536296.0,11537672.0,11536144.0
1787259379.468,11533638.0,11535761.0,11533638.0
1787259384.539,11530709.0,11535417.0,11529978.0
1787259389.589,11531991.0,11535216.0,11529978.0
1787259395.875,11532109.0,11536898.0,11535510.0
1787259400.933,11533766.0,11537240.0,11536898.0
1787259405.995,11532614.0,11534827.0,11532615.0
1787259411.093,11530592.0,11534266.0,11532614.0
1787259416.127,11530593.0,11533612.0,11532614.0
1787259421.161,11530593.0,11533521.0,11532614.0
1787259426.216,11530593.0,11533522.0,11532614.0
1787259431.249,11530594.0,11532755.0,11532755.0
1787259436.304,11532456.0,11534685.0,11533260.0
1787259441.585,11535106.0,11536620.0,11535508.0
1787259446.642,11535066.0,11537435.0,11537437.0
1787259451.696,11533397.0,11536060.0,11534856.0
1787259456.756,11535479.0,11537234.0,11534856.0
1787259461.808,11535514.0,11537434.0,11534856.0
1787259466.866,11536361.0,11537437.0,11534856.0
1787259471.923,11534865.0,11539639.0,11537577.0
1787259476.976,11538280.0,11540000.0,11537577.0
1787259482.010,11538744.0,11540000.0,11537577.0
1787259487.045,11537901.0,11539747.0,11540000.0
1787259492.078,11539770.0,11541603.0,11540000.0
1787259497.109,11542720.0,11544658.0,11543085.0
1787259502.163,11542518.0,11544658.0,11543085.0
1787259507.196,11542756.0,11544658.0,11543085.0
1787259512.604,11542686.0,11544658.0,11543085.0
1787259517.656,11542075.0,11544304.0,11543085.0
1787259522.713,11540705.0,11543343.0,11543085.0
1787259527.765,11541129.0,11543377.0,11543377.0
1787259532.799,11541460.0,11543377.0,11543377.0
1787259537.834,11541940.0,11543377.0,11543377.0
1787259542.893,11542488.0,11543377.0,11543377.0
1787259547.965,11542488.0,11543377.0,11543377.0
1787259553.000,11542312.0,11545000.0,11543377.0
1787259558.035,11538853.0,11540262.0,11540000.0
1787259563.070,11538104.0,11540106.0,11540000.0
1787259568.108,11537053.0,11539021.0,11538438.0
1787259573.166,11537534.0,11538987.0,11538438.0
1787259578.222,11537534.0,11539021.0,11538438.0
1787259583.284,11540516.0,11543013.0,11541294.0
1787259588.317,11540581.0,11544803.0,11542742.0
1787259593.352,11541869.0,11544802.0,11542742.0
1787259598.401,11542122.0,11544741.0,11544992.0
1787259603.437,11538431.0,11544309.0,11542122.0
1787259608.496,11538464.0,11543304.0,11543642.0
1787259613.547,11537655.0,11541006.0,11538179.0
1787259618.603,11537079.0,11540893.0,11538179.0
1787259623.657,11536578.0,11540848.0,11540848.0
1787259628.707,11536830.0,11539135.0,11540848.0
1787259633.764,11536656.0,11538515.0,11538515.0
1787259638.816,11539976.0,11541712.0,11539214.0
1787259643.850,11535767.0,11538017.0,11539214.0
1787259648.900,11533830.0,11537066.0,11535109.0
1787259653.951,11533761.0,11535827.0,11535109.0
1787259658.986,11531802.0,11534220.0,11531802.0
1787259664.041,11530831.0,11535665.0,11531802.0
1787259669.107,11534936.0,11538203.0,11535665.0
1787259674.139,11537063.0,11539642.0,11540040.0
1787259679.173,11536731.0,11538519.0,11537068.0
1787259684.228,11539339.0,11541841.0,11537068.0
1787259689.260,11539340.0,11541841.0,11537068.0
1787259694.294,11538423.0,11541632.0,11537068.0
1787259699.348,11536810.0,11540273.0,11537068.0
1787259704.391,11532959.0,11534434.0,11532957.0
1787259709.447,11530535.0,11534006.0,11532959.0
1787259714.480,11530715.0,11533852.0,11534011.0
1787259719.525,11529064.0,11530000.0,11530000.0
1787259724.580,11530359.0,11532480.0,11532696.0
1787259729.640,11530642.0,11532483.0,11532696.0
1787259734.696,11530906.0,11532483.0,11530690.0
1787259739.731,11530347.0,11533438.0,11530956.0
1787259744.787,11531763.0,11534059.0,11533445.0
1787259749.821,11530269.0,11533459.0,11533445.0
1787259754.878,11531943.0,11532613.0,11531991.0
1787259759.927,11531584.0,11534399.0,11532613.0
1787259764.991,11532575.0,11534414.0,11533443.0
1787259770.043,11532575.0,11532612.0,11532575.0
1787259775.077,11534123.0,11535000.0,11535000.0
1787259780.126,11533469.0,11535000.0,11532666.0
1787259785.188,11534562.0,11537273.0,11536625.0
1787259790.238,11532083.0,11534910.0,11531772.0
1787259795.290,11531190.0,11532792.0,11532083.0
1787259800.324,11531190.0,11532792.0,11532083.0
1787259805.381,11529684.0,11532202.0,11529684.0
1787259810.439,11529860.0,11532085.0,11529395.0
1787259815.473,11529936.0,11532085.0,11529395.0
1787259820.527,11530598.0,11535332.0,11532085.0
1787259825.580,11530637.0,11533755.0,11530731.0
1787259830.635,11529008.0,11532072.0,11530637.0
1787259835.690,11530190.0,11532579.0,11531165.0
1787259840.744,11529293.0,11532308.0,11532129.0
1787259845.810,11528644.0,11530935.0,11532129.0
1787259850.879,11528642.0,11532184.0,11532129.0
1787259855.926,11529300.0,11531757.0,11532129.0
1787259860.978,11529302.0,11531765.0,11532129.0
1787259866.028,11529759.0,11531754.0,11531757.0
1787259871.071,11530226.0,11531579.0,11531757.0
1787259876.121,11529868.0,11531579.0,11531757.0
1787259881.184,11529594.0,11531579.0,11531757.0
1787259886.236,11530217.0,11531579.0,11531757.0
1787259891.281,11529126.0,11531579.0,11528641.0
1787259896.318,11529117.0,11531579.0,11528641.0
1787259901.352,11529117.0,11531576.0,11531576.0
1787259906.416,11528470.0,11531310.0,11527970.0
1787259911.512,11527477.0,11530861.0,11531180.0
1787259917.972,11529290.0,11531546.0,11530861.0
1787259923.011,11529791.0,11533014.0,11532148.0
1787259928.068,11529963.0,11533004.0,11533005.0
1787259933.101,11530068.0,11532833.0,11532995.0
1787259938.411,11530071.0,11532895.0,11532995.0
1787259943.445,11530169.0,11531331.0,11532995.0
1787259948.753,11530263.0,11532802.0,11532995.0
1787259953.807,11530402.0,11532803.0,11532995.0
1787259958.840,11531266.0,11533007.0,11533007.0
1787259963.892,11531266.0,11533003.0,11533007.0
1787259971.240,11530763.0,11533007.0,11533007.0
1787259976.274,11527608.0,11530215.0,11530000.0
1787259981.330,11528342.0,11530140.0,11530215.0
1787259986.405,11523971.0,11526098.0,11525341.0
1787259991.509,11523988.0,11526098.0,11524219.0
1787259996.574,11524084.0,11525608.0,11525609.0
1787260001.626,11524265.0,11524986.0,11525609.0
1787260006.702,11523439.0,11524987.0,11525609.0
1787260011.755,11523363.0,11524987.0,11525609.0
1787260016.811,11524463.0,11525335.0,11523948.0
1787260022.296,11524429.0,11525335.0,11523948.0
1787260028.027,11524375.0,11525335.0,11524391.0
1787260033.083,11523846.0,11525335.0,11524471.0
1787260038.163,11527361.0,11529654.0,11528560.0
1787260043.279,11528522.0,11529654.0,11528560.0
1787260048.382,11530754.0,11532423.0,11528522.0
1787260053.438,11532611.0,11534240.0,11533009.0
1787260058.501,11533102.0,11535411.0,11533009.0
1787260063.862,11532130.0,11534705.0,11534705.0
1787260068.895,11532926.0,11534624.0,11534705.0
1787260073.928,11532480.0,11535017.0,11534705.0
1787260078.979,11532586.0,11535276.0,11534705.0
1787260084.034,11531948.0,11533509.0,11532343.0
1787260089.113,11532493.0,11533731.0,11529038.0
1787260094.211,11533563.0,11536074.0,11536543.0
1787260099.520,11532095.0,11535784.0,11534335.0
1787260104.552,11526415.0,11528578.0,11528674.0
1787260109.778,11524809.0,11527710.0,11528674.0
1787260114.841,11523272.0,11525682.0,11523916.0
1787260119.887,11523429.0,11526002.0,11523916.0
1787260124.920,11524592.0,11528524.0,11524280.0
1787260129.960,11526116.0,11528397.0,11524280.0
1787260134.993,11525423.0,11528039.0,11527444.0
1787260140.024,11525426.0,11527860.0,11527444.0
1787260145.071,11527309.0,11532104.0,11528007.0
1787260150.103,11528198.0,11530291.0,11530291.0
1787260155.177,11528381.0,11530466.0,11530291.0
1787260160.207,11532611.0,11532861.0,11530291.0
1787260165.261,11530670.0,11532377.0,11532611.0
1787260170.552,11530671.0,11532070.0,11532611.0
1787260175.603,11532029.0,11534072.0,11533798.0
1787260180.663,11531651.0,11533255.0,11533255.0
1787260185.715,11531992.0,11533940.0,11533255.0
1787260190.765,11532824.0,11535180.0,11533255.0
1787260195.822,11532824.0,11534743.0,11533255.0
1787260200.889,11532824.0,11534743.0,11533255.0
1787260205.928,11533329.0,11535789.0,11535240.0
1787260210.983,11533548.0,11535383.0,11535240.0
1787260216.043,11533548.0,11535346.0,11533548.0
1787260221.094,11534822.0,11536941.0,11537071.0
1787260226.128,11534828.0,11536347.0,11534828.0
1787260231.179,11535105.0,11536897.0,11534828.0
1787260236.212,11535586.0,11537071.0,11534828.0
1787260241.244,11535912.0,11539013.0,11537071.0
1787260246.279,11536856.0,11538735.0,11537071.0
1787260251.311,11538189.0,11540300.0,11537071.0
1787260256.351,11537798.0,11538279.0,11539253.0
1787260261.383,11537276.0,11538830.0,11537276.0
1787260266.421,11536739.0,11538139.0,11537276.0
1787260271.452,11534057.0,11536371.0,11536371.0
1787260276.486,11534004.0,11536911.0,11536371.0
1787260281.519,11536154.0,11537554.0,11536371.0
1787260286.571,11536565.0,11537662.0,11536371.0
1787260291.605,11535823.0,11538529.0,11538573.0
1787260296.639,11536846.0,11538521.0,11538573.0
1787260301.672,11536251.0,11537662.0,11538588.0
1787260306.728,11536352.0,11537662.0,11538588.0
1787260311.761,11536393.0,11537662.0,11538588.0
1787260316.796,11536428.0,11537656.0,11538588.0
1787260321.830,11536503.0,11537633.0,11536482.0
1787260326.898,11535544.0,11537195.0,11535543.0
1787260331.931,11536456.0,11539524.0,11536456.0
1787260336.964,11536520.0,11539632.0,11536456.0
1787260342.020,11536487.0,11538515.0,11536456.0
1787260347.054,11536543.0,11539249.0,11536456.0
1787260352.088,11536246.0,11539249.0,11536456.0
1787260357.144,11536280.0,11538672.0,11536456.0
1787260362.178,11535527.0,11538356.0,11536456.0
1787260367.235,11536468.0,11538356.0,11536456.0
1787260372.267,11537058.0,11538355.0,11536456.0
1787260377.301,11538387.0,11539634.0,11536456.0
1787260382.333,11538928.0,11539999.0,11539643.0
1787260387.387,11540901.0,11542119.0,11542045.0
1787260392.420,11543297.0,11544993.0,11543886.0
1787260397.454,11540279.0,11544003.0,11543886.0
1787260402.511,11538979.0,11541293.0,11539123.0
1787260407.545,11538979.0,11541265.0,11539123.0
1787260412.605,11540167.0,11541843.0,11541360.0
1787260417.668,11542014.0,11543942.0,11541843.0
1787260422.724,11541085.0,11543833.0,11541843.0
1787260427.785,11539123.0,11541265.0,11542576.0
1787260432.841,11539683.0,11541254.0,11542576.0
1787260437.924,11539683.0,11541246.0,11542576.0
1787260442.958,11540311.0,11542992.0,11541246.0
1787260448.032,11542151.0,11542838.0,11540311.0
1787260453.065,11543060.0,11544925.0,11543592.0
1787260458.127,11543379.0,11545807.0,11545600.0
1787260463.162,11542812.0,11544742.0,11543288.0
1787260468.221,11543282.0,11544893.0,11543288.0
1787260473.255,11543283.0,11544893.0,11543288.0
1787260478.313,11542259.0,11544813.0,11543288.0
1787260483.364,11544244.0,11546177.0,11545807.0
1787260488.398,11545156.0,11546157.0,11545156.0
1787260493.455,11545157.0,11546177.0,11545156.0
1787260498.511,11544083.0,11545929.0,11545156.0
1787260503.544,11544566.0,11546177.0,11545156.0
1787260508.609,11546194.0,11547134.0,11546321.0
1787260513.663,11546011.0,11547134.0,11547115.0
1787260518.721,11548936.0,11548939.0,11547895.0
1787260523.776,11550514.0,11550526.0,11550526.0
1787260528.829,11550427.0,11550526.0,11552025.0
1787260533.879,11548796.0,11551826.0,11550294.0
1787260538.913,11549957.0,11552025.0,11550526.0
1787260543.964,11549948.0,11552025.0,11549947.0
1787260549.031,11559802.0,11563501.0,11563051.0
1787260554.088,11567457.0,11568865.0,11566318.0
1787260559.124,11567934.0,11569329.0,11567672.0
1787260564.157,11565595.0,11568652.0,11566507.0
1787260569.216,11564443.0,11566137.0,11566900.0
1787260574.267,11562603.0,11564361.0,11563532.0
1787260579.322,11559285.0,11563279.0,11562650.0
1787260584.376,11560492.0,11562869.0,11562125.0
1787260589.432,11559985.0,11561935.0,11562167.0
1787260594.466,11559957.0,11561852.0,11562167.0
1787260599.506,11559960.0,11563279.0,11562167.0
1787260604.563,11560303.0,11562970.0,11562167.0
1787260609.621,11560618.0,11562172.0,11563940.0
1787260614.686,11560906.0,11562558.0,11560904.0
1787260619.740,11560908.0,11562970.0,11560904.0
1787260624.791,11558379.0,11561742.0,11559793.0
1787260629.879,11558522.0,11561495.0,11559793.0
1787260634.930,11558281.0,11561376.0,11559793.0
1787260639.965,11558895.0,11561592.0,11558895.0
1787260645.020,11559099.0,11560737.0,11561497.0
1787260650.055,11562330.0,11564573.0,11563550.0
1787260655.103,11564107.0,11565104.0,11564573.0
1787260660.158,11562394.0,11565089.0,11564573.0
1787260665.211,11563824.0,11565093.0,11564573.0
1787260670.270,11559667.0,11560800.0,11559667.0
1787260675.320,11556707.0,11558665.0,11559667.0
1787260680.357,11555534.0,11558174.0,11558665.0
1787260685.416,11554983.0,11558589.0,11558665.0
1787260690.450,11555828.0,11558550.0,11558665.0
1787260695.620,11556690.0,11559760.0,11558608.0
1787260700.670,11555254.0,11557397.0,11558608.0
1787260705.805,11554063.0,11555940.0,11555781.0
1787260710.857,11553846.0,11555410.0,11555781.0
1787260715.891,11553095.0,11554907.0,11555781.0
1787260720.943,11553442.0,11554800.0,11555781.0
1787260726.000,11556803.0,11557863.0,11556550.0
1787260731.036,11557966.0,11559719.0,11557863.0
1787260736.099,11556941.0,11559997.0,11557863.0
1787260741.132,11557626.0,11559449.0,11557863.0
1787260746.168,11556562.0,11558607.0,11557863.0
1787260751.227,11556580.0,11558607.0,11558607.0
1787260756.280,11556291.0,11558083.0,11558607.0
1787260761.313,11555305.0,11558228.0,11558607.0
1787260766.370,11556522.0,11558228.0,11558607.0
1787260771.499,11556575.0,11558193.0,11558607.0
1787260776.532,11556575.0,11558193.0,11558607.0
1787260781.588,11558139.0,11559426.0,11558607.0
1787260786.646,11555717.0,11558484.0,11556389.0
1787260791.705,11555703.0,11557437.0,11556389.0
1787260796.765,11550439.0,11553162.0,11550439.0
1787260801.821,11548581.0,11551198.0,11552444.0
1787260806.879,11548995.0,11551143.0,11552444.0
1787260811.937,11548995.0,11552731.0,11551140.0
1787260816.994,11549477.0,11552120.0,11551140.0
1787260822.043,11548897.0,11552049.0,11551140.0
1787260827.101,11548897.0,11552009.0,11551140.0
1787260832.132,11549903.0,11551975.0,11551140.0
1787260837.188,11549903.0,11551972.0,11551140.0
1787260842.259,11549638.0,11551973.0,11551140.0
1787260847.311,11549638.0,11551969.0,11551140.0
1787260852.367,11549638.0,11551966.0,11551140.0
1787260857.417,11550128.0,11551963.0,11551140.0
1787260862.489,11550118.0,11551959.0,11551140.0
1787260867.575,11548327.0,11549415.0,11549417.0
1787260872.633,11548327.0,11549412.0,11549417.0
1787260877.682,11548327.0,11551044.0,11549417.0
1787260882.740,11548327.0,11550958.0,11549417.0
1787260887.795,11552128.0,11553932.0,11552989.0
1787260892.854,11550927.0,11553932.0,11552989.0
1787260897.905,11550142.0,11553034.0,11553035.0
1787260902.958,11552616.0,11555440.0,11553500.0
1787260908.014,11552651.0,11555434.0,11553500.0
1787260913.069,11552991.0,11556139.0,11555434.0
1787260918.126,11553150.0,11555162.0,11552987.0
1787260923.181,11553321.0,11555095.0,11552987.0
1787260928.220,11553280.0,11555089.0,11555091.0
1787260933.275,11552968.0,11555200.0,11555199.0
1787260938.327,11552855.0,11554424.0,11552963.0
1787260943.384,11553398.0,11556273.0,11554426.0
1787260948.457,11553717.0,11556274.0,11554426.0
1787260953.513,11553376.0,11556157.0,11554426.0
1787260958.546,11554051.0,11556157.0,11554426.0
1787260963.601,11553329.0,11556154.0,11554426.0
1787260968.650,11554200.0,11556154.0,11554426.0
1787260973.704,11550149.0,11551901.0,11551001.0
1787260978.762,11548697.0,11551357.0,11551001.0
1787260983.812,11546310.0,11548811.0,11548169.0
1787260988.870,11545435.0,11547527.0,11548169.0
1787260993.904,11545864.0,11547526.0,11548169.0
1787260998.937,11545731.0,11547526.0,11548169.0
1787261003.998,11546754.0,11549485.0,11547526.0
1787261009.055,11545977.0,11548605.0,11547526.0
1787261014.110,11546185.0,11548346.0,11547526.0
1787261019.161,11546185.0,11548605.0,11547526.0
1787261024.194,11545713.0,11548061.0,11547526.0
1787261029.254,11544959.0,11547570.0,11547526.0
1787261034.308,11545674.0,11547264.0,11543680.0
1787261039.341,11545675.0,11547131.0,11543680.0
1787261044.374,11547170.0,11548726.0,11549838.0
1787261049.463,11545768.0,11549395.0,11549838.0
1787261054.551,11547858.0,11549388.0,11549839.0
1787261059.607,11548221.0,11549838.0,11549839.0
1787261064.661,11548221.0,11550000.0,11549839.0
1787261069.716,11548221.0,11549934.0,11549839.0
1787261074.776,11548074.0,11550000.0,11549839.0
1787261079.809,11548071.0,11550000.0,11549839.0
1787261084.839,11548050.0,11550000.0,11549839.0
1787261089.878,11548064.0,11550000.0,11549839.0
1787261094.909,11547636.0,11550000.0,11549839.0
1787261099.967,11547636.0,11550000.0,11549839.0
1787261104.999,11545932.0,11548189.0,11546445.0
1787261110.039,11547975.0,11549999.0,11549998.0
1787261115.070,11547997.0,11549998.0,11549998.0
1787261120.108,11549137.0,11550000.0,11550000.0
1787261125.139,11549137.0,11550000.0,11550000.0
1787261130.205,11549100.0,11550000.0,11549137.0
1787261135.238,11549100.0,11550000.0,11549137.0
1787261140.300,11549100.0,11550000.0,11549137.0
1787261145.330,11549100.0,11550000.0,11549137.0
1787261150.363,11549100.0,11550000.0,11549137.0
1787261155.394,11549701.0,11551801.0,11550000.0
1787261160.452,11550513.0,11551801.0,11551801.0
1787261165.487,11553176.0,11555231.0,11553658.0
1787261170.542,11554240.0,11556458.0,11555231.0
1787261175.601,11554529.0,11556827.0,11555231.0
1787261180.659,11555263.0,11556827.0,11555231.0
1787261185.715,11550077.0,11552972.0,11552687.0
1787261190.774,11549365.0,11551670.0,11552687.0
1787261195.834,11549365.0,11551670.0,11552687.0
1787261200.888,11549431.0,11551700.0,11552687.0
1787261205.947,11548662.0,11551682.0,11552687.0
1787261211.000,11548774.0,11551682.0,11552687.0
1787261216.055,11548925.0,11551682.0,11552687.0
1787261221.089,11548926.0,11551567.0,11549199.0
1787261226.124,11548926.0,11551502.0,11549199.0
1787261231.179,11546235.0,11549002.0,11548925.0
1787261236.210,11546312.0,11548398.0,11548925.0
1787261241.244,11545418.0,11548353.0,11548925.0
1787261246.275,11545672.0,11548354.0,11548925.0
1787261251.334,11545607.0,11548354.0,11548925.0
1787261256.364,11546528.0,11548534.0,11548911.0
1787261261.415,11545550.0,11547766.0,11546529.0
1787261266.446,11544909.0,11546898.0,11546529.0
1787261271.503,11544407.0,11546096.0,11546529.0
1787261276.534,11544501.0,11548644.0,11547163.0
1787261281.591,11546567.0,11549122.0,11547163.0
1787261286.648,11545985.0,11548699.0,11547163.0
1787261291.701,11545984.0,11548699.0,11547163.0
1787261296.751,11543861.0,11546297.0,11547163.0
1787261301.808,11540188.0,11544843.0,11543138.0
1787261306.864,11539624.0,11543262.0,11543001.0
1787261311.898,11539154.0,11541417.0,11543001.0
1787261316.978,11539154.0,11541329.0,11541375.0
1787261322.034,11536206.0,11538762.0,11539123.0
1787261327.089,11537302.0,11539762.0,11538098.0
1787261332.123,11538425.0,11540477.0,11538098.0
1787261337.158,11537921.0,11540475.0,11538098.0
1787261342.191,11539098.0,11540477.0,11538098.0
1787261347.276,11537266.0,11540015.0,11539098.0
1787261352.310,11537276.0,11540014.0,11539098.0
1787261357.366,11537383.0,11540015.0,11539098.0
1787261362.401,11537298.0,11538784.0,11538784.0
1787261367.436,11536746.0,11539409.0,11538784.0
1787261372.470,11536180.0,11540795.0,11540795.0
1787261377.503,11536647.0,11540250.0,11540795.0
1787261382.537,11536644.0,11540241.0,11540795.0
1787261387.595,11538569.0,11540238.0,11540795.0
1787261392.646,11538666.0,11541590.0,11540795.0
1787261397.707,11539094.0,11541573.0,11540795.0
1787261402.764,11539088.0,11541563.0,11540795.0
1787261407.822,11539088.0,11541544.0,11540795.0
1787261412.857,11538275.0,11539088.0,11537974.0
1787261417.911,11539068.0,11542309.0,11539088.0
1787261422.969,11539960.0,11543740.0,11540080.0
1787261428.024,11542546.0,11545709.0,11540080.0
1787261433.081,11543482.0,11547054.0,11540080.0
1787261438.135,11543429.0,11546204.0,11543517.0
1787261443.170,11544084.0,11546517.0,11544769.0
1787261448.229,11542867.0,11546514.0,11544769.0
1787261453.309,11544739.0,11548131.0,11548427.0
1787261458.358,11546094.0,11548382.0,11546091.0
1787261463.391,11546410.0,11548427.0,11548427.0
1787261468.450,11546780.0,11549558.0,11546780.0
1787261473.502,11548867.0,11551176.0,11549143.0
1787261478.535,11548698.0,11551349.0,11549143.0
1787261483.595,11551453.0,11553441.0,11549143.0
1787261488.651,11551740.0,11554886.0,11549143.0
1787261493.709,11552851.0,11554886.0,11549143.0
1787261498.771,11552981.0,11554886.0,11549143.0
1787261503.826,11553215.0,11556488.0,11554886.0
1787261508.890,11553222.0,11555601.0,11554886.0
1787261513.946,11553185.0,11555601.0,11554886.0
1787261518.978,11555601.0,11557346.0,11554886.0
1787261524.034,11554836.0,11557345.0,11554981.0
1787261529.091,11552744.0,11554602.0,11557345.0
1787261534.146,11554795.0,11556258.0,11557345.0
1787261539.200,11552320.0,11554786.0,11554848.0
1787261544.260,11552405.0,11553848.0,11554848.0
1787261549.311,11552488.0,11553825.0,11554848.0
1787261554.363,11554926.0,11557569.0,11555000.0
1787261559.398,11556276.0,11557573.0,11555000.0
1787261564.454,11555377.0,11557205.0,11555000.0
1787261569.509,11556779.0,11559128.0,11557574.0
1787261574.570,11557616.0,11559127.0,11557574.0
1787261579.626,11558105.0,11560374.0,11557767.0
1787261584.677,11558581.0,11560815.0,11557767.0
1787261589.732,11558686.0,11561345.0,11557767.0
1787261594.787,11558766.0,11561345.0,11557767.0
1787261599.845,11558138.0,11560772.0,11557767.0
1787261604.878,11557866.0,11560713.0,11557767.0
1787261609.912,11560301.0,11562426.0,11560508.0
1787261614.966,11559387.0,11561376.0,11560508.0
1787261620.020,11559386.0,11561344.0,11560508.0
1787261625.077,11559386.0,11561344.0,11560508.0
1787261630.140,11559543.0,11562050.0,11560508.0
1787261635.174,11559465.0,11562051.0,11560508.0
1787261640.225,11559466.0,11562013.0,11560508.0
1787261645.280,11559465.0,11562013.0,11560508.0
1787261650.312,11559464.0,11562013.0,11560508.0
1787261655.884,11559509.0,11561973.0,11559508.0
1787261660.943,11558602.0,11561975.0,11559508.0
1787261665.999,11560097.0,11561939.0,11561940.0
1787261671.037,11560097.0,11562007.0,11561939.0
1787261676.123,11557412.0,11557768.0,11557412.0
1787261681.336,11556736.0,11559649.0,11557768.0
1787261686.386,11557850.0,11559643.0,11559649.0
1787261691.443,11557380.0,11560656.0,11559649.0
1787261696.476,11560295.0,11562051.0,11560764.0
1787261701.590,11561162.0,11562051.0,11560764.0
1787261706.651,11564046.0,11565469.0,11564045.0
1787261711.701,11562140.0,11563443.0,11563443.0
1787261716.743,11559179.0,11561704.0,11562140.0
1787261721.802,11559410.0,11560544.0,11562140.0
1787261726.842,11559410.0,11561064.0,11561064.0
1787261731.875,11559410.0,11561064.0,11561064.0
1787261736.918,11558640.0,11560114.0,11560971.0
1787261741.981,11558171.0,11560820.0,11558640.0
1787261747.048,11557673.0,11560774.0,11558848.0
1787261752.083,11557673.0,11560127.0,11558848.0
1787261757.117,11558680.0,11560873.0,11558848.0
1787261762.170,11559325.0,11560874.0,11558848.0
1787261767.212,11559325.0,11560874.0,11558848.0
1787261772.269,11560160.0,11561688.0,11558848.0
1787261777.302,11560380.0,11562111.0,11561688.0
1787261782.827,11561930.0,11563848.0,11562111.0
1787261790.261,11562690.0,11564913.0,11563848.0
1787261797.781,11563120.0,11564870.0,11563848.0
1787261803.931,11563140.0,11564870.0,11563848.0
1787261810.097,11563240.0,11565361.0,11563848.0
1787261816.625,11563329.0,11565359.0,11565359.0
1787261823.630,11563240.0,11565359.0,11565359.0
1787261829.857,11560827.0,11564142.0,11563518.0
1787261836.601,11560873.0,11564309.0,11564310.0
1787261843.467,11561477.0,11564312.0,11564489.0
1787261850.530,11561553.0,11565215.0,11563691.0
1787261857.885,11561527.0,11563691.0,11563691.0
1787261864.697,11561542.0,11563691.0,11563691.0
1787261871.377,11561305.0,11562860.0,11561305.0
1787261878.996,11561282.0,11562860.0,11562860.0
1787261885.918,11560198.0,11562397.0,11559722.0
1787261893.885,11559741.0,11561266.0,11558501.0
1787261900.310,11559802.0,11561258.0,11558501.0
1787261907.513,11559740.0,11561496.0,11559797.0
1787261915.080,11560093.0,11562178.0,11562178.0
1787261922.095,11560101.0,11562362.0,11562172.0
1787261927.841,11560107.0,11561826.0,11562172.0
1787261934.068,11560114.0,11562497.0,11562172.0
1787261939.103,11559929.0,11562176.0,11560117.0
1787261944.156,11559929.0,11562138.0,11562161.0
1787261949.266,11560610.0,11562137.0,11562161.0
1787261954.299,11560610.0,11562137.0,11562161.0
1787261959.331,11560610.0,11562137.0,11562161.0
1787261964.402,11560615.0,11562515.0,11562161.0
1787261969.499,11560615.0,11562510.0,11562161.0
1787261974.539,11560615.0,11562500.0,11562161.0
1787261979.589,11560615.0,11562499.0,11562161.0
1787261985.936,11557708.0,11560282.0,11558501.0
1787261990.988,11555364.0,11556690.0,11556690.0
1787261996.044,11555536.0,11557266.0,11558773.0
1787262001.101,11551568.0,11552543.0,11552732.0
1787262006.189,11553889.0,11556980.0,11553441.0
1787262011.241,11554967.0,11557825.0,11553441.0
1787262016.294,11554960.0,11557175.0,11554968.0
1787262021.347,11554586.0,11556370.0,11556118.0
1787262026.407,11555468.0,11559089.0,11557770.0
1787262031.441,11558567.0,11560274.0,11559089.0
1787262036.498,11559052.0,11559522.0,11559089.0
1787262041.539,11559052.0,11561372.0,11559089.0
1787262046.610,11559051.0,11560904.0,11560904.0
1787262051.646,11558217.0,11560931.0,11557055.0
1787262056.682,11558951.0,11561283.0,11557055.0
1787262061.716,11559115.0,11561283.0,11557055.0
1787262066.753,11558868.0,11560985.0,11557055.0
1787262071.808,11558868.0,11560956.0,11557055.0
1787262076.844,11558310.0,11561248.0,11557055.0
1787262081.904,11559182.0,11561288.0,11557055.0
1787262086.940,11559332.0,11561288.0,11557055.0
1787262091.990,11559486.0,11561827.0,11561832.0
1787262097.025,11559681.0,11561835.0,11561832.0
1787262102.064,11559716.0,11561039.0,11561832.0
1787262107.097,11559832.0,11561816.0,11561832.0
1787262112.130,11560016.0,11562224.0,11561832.0
1787262117.163,11560463.0,11562280.0,11562513.0
1787262122.221,11561102.0,11563071.0,11562513.0
1787262127.281,11557225.0,11560263.0,11560890.0
1787262132.337,11556773.0,11558801.0,11557224.0
1787262137.396,11556184.0,11558047.0,11557445.0
1787262142.430,11555712.0,11558010.0,11557445.0
1787262147.464,11557631.0,11559690.0,11558045.0
1787262152.498,11557719.0,11559675.0,11558045.0
1787262157.536,11557795.0,11559588.0,11559588.0
1787262162.603,11557897.0,11559583.0,11559588.0
1787262167.650,11558165.0,11559603.0,11559588.0
1787262172.701,11558171.0,11559603.0,11559588.0
1787262177.759,11558368.0,11559553.0,11559588.0
1787262182.814,11558678.0,11559603.0,11557083.0
1787262187.883,11553418.0,11555880.0,11554405.0
1787262192.940,11552229.0,11553901.0,11555080.0
1787262198.004,11552930.0,11553862.0,11555080.0
1787262203.060,11550023.0,11551575.0,11552222.0
1787262208.116,11547510.0,11550873.0,11547400.0
1787262213.171,11547516.0,11550171.0,11547400.0
1787262218.231,11547338.0,11549830.0,11549830.0
1787262223.264,11546494.0,11549548.0,11549830.0
1787262228.327,11548628.0,11549830.0,11548836.0
1787262233.403,11548762.0,11549830.0,11548836.0
1787262238.438,11547463.0,11549830.0,11549830.0
1787262243.497,11547987.0,11549821.0,11550947.0
1787262248.536,11550975.0,11553069.0,11552327.0
1787262253.586,11552476.0,11554426.0,11553872.0
1787262258.635,11554016.0,11556190.0,11556240.0
1787262263.690,11553872.0,11556120.0,11556240.0
1787262268.754,11549328.0,11551350.0,11551888.0
1787262273.819,11548721.0,11549328.0,11551888.0
1787262278.869,11548520.0,11548724.0,11548724.0
1787262283.929,11548191.0,11548724.0,11548523.0
1787262288.990,11548191.0,11548724.0,11548724.0
1787262294.026,11547814.0,11548724.0,11547951.0
1787262299.074,11549200.0,11552660.0,11551807.0
1787262304.250,11551386.0,11553853.0,11554087.0
1787262309.394,11551873.0,11554769.0,11551268.0
1787262314.454,11552404.0,11554769.0,11551268.0
1787262319.510,11549235.0,11552288.0,11551828.0
1787262324.543,11551097.0,11553399.0,11551220.0
1787262329.740,11551086.0,11553399.0,11551178.0
1787262334.808,11552249.0,11554800.0,11553399.0
1787262339.915,11552660.0,11555169.0,11554521.0
1787262344.948,11552729.0,11555169.0,11554521.0
1787262351.277,11552801.0,11555052.0,11554521.0
1787262357.245,11552714.0,11555052.0,11554521.0
1787262364.801,11552722.0,11555432.0,11554521.0
1787262373.717,11549757.0,11551508.0,11550529.0
1787262381.235,11549757.0,11551637.0,11550529.0
1787262388.782,11548534.0,11549670.0,11548532.0
1787262395.732,11548544.0,11550610.0,11549670.0
1787262402.752,11551639.0,11555415.0,11553303.0
1787262409.560,11551661.0,11554031.0,11553303.0
1787262416.973,11551661.0,11553761.0,11553303.0
1787262424.124,11551834.0,11554410.0,11553303.0
1787262432.765,11553080.0,11555570.0,11554236.0
1787262439.577,11550241.0,11552300.0,11553070.0
1787262446.921,11550253.0,11551870.0,11551870.0
1787262453.657,11549913.0,11552170.0,11552038.0
1787262461.258,11550290.0,11552150.0,11552038.0
1787262468.979,11550421.0,11552150.0,11552038.0
1787262476.915,11549514.0,11552240.0,11550821.0
1787262484.066,11550456.0,11552160.0,11550821.0
1787262493.480,11550369.0,11552130.0,11550455.0
1787262500.108,11550387.0,11552090.0,11550455.0
1787262505.171,11550293.0,11552090.0,11550300.0
1787262510.228,11550336.0,11552090.0,11550300.0
1787262515.274,11550969.0,11552090.0,11550300.0
1787262520.310,11550931.0,11552090.0,11550300.0
1787262525.368,11549750.0,11552090.0,11550931.0
1787262530.418,11550256.0,11552070.0,11550931.0
1787262535.487,11550445.0,11552070.0,11550931.0
1787262540.544,11550384.0,11552070.0,11550931.0
1787262545.604,11550236.0,11552069.0,11550931.0
1787262550.678,11551034.0,11552070.0,11552070.0
1787262555.734,11551015.0,11552070.0,11552070.0
1787262560.812,11551057.0,11552070.0,11552070.0
1787262565.846,11550435.0,11551620.0,11551650.0
1787262570.908,11550435.0,11551531.0,11551650.0
1787262575.960,11549989.0,11552069.0,11551650.0
1787262581.011,11549983.0,11551339.0,11551650.0
1787262586.061,11549994.0,11551231.0,11551650.0
1787262591.121,11549048.0,11551731.0,11550003.0
1787262596.156,11547821.0,11550560.0,11548388.0
1787262601.191,11547822.0,11549008.0,11547821.0
1787262606.249,11547619.0,11549008.0,11547821.0
1787262611.299,11546763.0,11549051.0,11546396.0
1787262616.344,11546460.0,11548512.0,11549021.0
1787262621.402,11546493.0,11548512.0,11549021.0
1787262626.460,11546993.0,11549605.0,11549057.0
1787262631.519,11547924.0,11550519.0,11549057.0
1787262636.572,11548024.0,11550519.0,11549057.0
1787262641.629,11547991.0,11550519.0,11549057.0
1787262646.685,11548045.0,11550519.0,11549057.0
1787262652.816,11548242.0,11551046.0,11549057.0
1787262659.800,11548323.0,11551043.0,11549057.0
1787262666.940,11548550.0,11551477.0,11550044.0
1787262678.188,11549537.0,11552263.0,11550044.0
1787262684.821,11548845.0,11552265.0,11549501.0
1787262691.663,11549184.0,11551765.0,11549501.0
1787262699.049,11549976.0,11552405.0,11551521.0
1787262706.518,11550038.0,11552396.0,11551521.0
1787262714.013,11550058.0,11552586.0,11551521.0
1787262721.811,11550530.0,11552775.0,11551521.0
1787262731.719,11550930.0,11552786.0,11552786.0
1787262743.817,11551682.0,11552786.0,11552786.0
1787262749.711,11551020.0,11552786.0,11552786.0
1787262756.951,11551090.0,11552786.0,11552786.0
1787262763.480,11552119.0,11552786.0,11552786.0
1787262769.733,11553528.0,11556043.0,11552786.0
1787262778.457,11553573.0,11556351.0,11552786.0
1787262786.713,11553591.0,11555822.0,11552786.0
1787262795.004,11549417.0,11551256.0,11551256.0
1787262801.506,11554515.0,11556192.0,11554797.0
1787262808.761,11554221.0,11555971.0,11554220.0
1787262818.897,11552001.0,11554443.0,11554443.0
1787262824.951,11555377.0,11556567.0,11554383.0
1787262834.272,11556281.0,11558147.0,11556567.0
1787262841.486,11555517.0,11557911.0,11556567.0
1787262849.322,11554852.0,11557089.0,11557099.0
1787262858.983,11554776.0,11556531.0,11554776.0
1787262870.134,11553834.0,11555585.0,11554776.0
1787262877.111,11552515.0,11556077.0,11554483.0
1787262884.906,11553277.0,11555663.0,11554483.0
1787262891.961,11552899.0,11555632.0,11554483.0
1787262898.753,11552899.0,11555415.0,11554483.0
1787262907.389,11547149.0,11549309.0,11549413.0
1787262915.660,11546421.0,11548082.0,11549837.0
1787262924.138,11544681.0,11548115.0,11549837.0
1787262933.094,11544986.0,11546332.0,11544846.0
1787262939.382,11544986.0,11546323.0,11546332.0
1787262946.371,11543677.0,11546323.0,11546319.0
1787262951.888,11544636.0,11546323.0,11546319.0
1787262958.026,11547833.0,11551136.0,11549610.0
1787262963.476,11552731.0,11553817.0,11552261.0
1787262968.567,11552844.0,11554424.0,11552909.0
1787262973.619,11552113.0,11554718.0,11552909.0
1787262978.675,11553075.0,11555517.0,11556114.0
1787262983.737,11555534.0,11557581.0,11556114.0
1787262988.795,11555832.0,11557838.0,11558694.0
1787262993.870,11555752.0,11557837.0,11558694.0
1787262998.930,11556633.0,11558911.0,11558694.0
1787263003.984,11556633.0,11558911.0,11558694.0
1787263010.920,11553892.0,11556202.0,11555890.0
1787263017.652,11552412.0,11554677.0,11552967.0
1787263025.242,11553340.0,11555784.0,11552967.0
1787263032.099,11553340.0,11555860.0,11552967.0
1787263040.272,11552994.0,11555200.0,11552967.0
1787263047.626,11552544.0,11554739.0,11552967.0
1787263057.594,11550310.0,11551527.0,11552517.0
1787263063.789,11548376.0,11549686.0,11550000.0
1787263069.594,11549537.0,11550987.0,11549686.0
1787263079.191,11549537.0,11550961.0,11549686.0
1787263089.883,11550072.0,11552275.0,11549654.0
1787263096.492,11550543.0,11552026.0,11549654.0
1787263103.369,11549820.0,11551405.0,11549654.0
1787263110.409,11550020.0,11551635.0,11549654.0
1787263116.675,11549173.0,11551020.0,11549654.0
1787263123.484,11548771.0,11550685.0,11549654.0
1787263129.720,11548551.0,11549029.0,11548551.0
1787263135.849,11548551.0,11549029.0,11548551.0
1787263145.499,11548551.0,11548980.0,11548980.0
1787263154.353,11549121.0,11551490.0,11548980.0
1787263160.805,11549977.0,11551571.0,11551571.0
1787263168.810,11549975.0,11551571.0,11551571.0
1787263175.025,11549975.0,11551534.0,11551571.0
1787263182.079,11549975.0,11551571.0,11551571.0
1787263188.228,11549975.0,11551571.0,11551571.0
1787263196.793,11550895.0,11552210.0,11551571.0
1787263205.775,11553463.0,11555201.0,11553726.0
1787263214.675,11552528.0,11554934.0,11555203.0
1787263224.844,11553526.0,11556140.0,11552529.0
1787263234.697,11553590.0,11556100.0,11552529.0
1787263241.675,11553594.0,11556060.0,11552529.0
1787263251.879,11554424.0,11556060.0,11556547.0
1787263261.684,11553877.0,11556050.0,11556547.0
1787263269.696,11550895.0,11550924.0,11551175.0
1787263275.599,11548633.0,11550914.0,11549977.0
1787263282.975,11548563.0,11550914.0,11549977.0
1787263289.888,11546733.0,11548235.0,11547313.0
1787263296.819,11543639.0,11546460.0,11545975.0
1787263303.415,11543458.0,11546311.0,11545975.0
1787263310.059,11544345.0,11546279.0,11545975.0
1787263316.883,11544273.0,11546193.0,11545975.0
1787263323.422,11542072.0,11544483.0,11542531.0
1787263330.144,11542772.0,11545337.0,11545326.0
1787263336.447,11543573.0,11544628.0,11543573.0
1787263342.866,11529831.0,11532011.0,11530499.0
1787263349.888,11524345.0,11526837.0,11528203.0
1787263355.839,11535584.0,11538176.0,11538614.0
1787263361.763,11533994.0,11536919.0,11534819.0
1787263367.936,11536210.0,11539134.0,11536865.0
1787263374.187,11534011.0,11536503.0,11536593.0
1787263379.413,11534840.0,11538154.0,11536405.0
1787263384.620,11532900.0,11534997.0,11534346.0
1787263389.725,11529061.0,11531920.0,11530264.0
1787263394.797,11530168.0,11532164.0,11532164.0
1787263400.104,11531256.0,11533433.0,11532409.0
1787263405.185,11520000.0,11522341.0,11520450.0
1787263410.284,11523015.0,11523091.0,11522953.0
1787263415.330,11520897.0,11524161.0,11522142.0
1787263420.371,11521303.0,11524765.0,11522565.0
1787263425.427,11519209.0,11520173.0,11520472.0
1787263430.486,11519058.0,11520006.0,11518063.0
1787263435.537,11515088.0,11517420.0,11517214.0
1787263440.602,11510425.0,11512446.0,11512332.0
1787263445.661,11516474.0,11519271.0,11517193.0
1787263450.749,11518120.0,11520474.0,11517079.0
1787263455.834,11516860.0,11520548.0,11519100.0
1787263460.910,11518770.0,11520415.0,11517020.0
1787263465.995,11515117.0,11518591.0,11516413.0
1787263471.047,11515117.0,11518304.0,11516413.0
1787263476.133,11512510.0,11516865.0,11515339.0
1787263481.197,11515222.0,11517045.0,11516865.0
1787263486.273,11517111.0,11518359.0,11516977.0
1787263491.345,11513446.0,11516959.0,11514030.0
1787263496.408,11512109.0,11515411.0,11515414.0
1787263501.471,11512485.0,11515403.0,11515414.0
1787263506.511,11515485.0,11517375.0,11515414.0
1787263511.569,11517272.0,11520945.0,11519178.0
1787263516.659,11519131.0,11521244.0,11519178.0
1787263521.759,11524843.0,11527454.0,11524940.0
1787263526.818,11522306.0,11525656.0,11522668.0
1787263532.107,11523746.0,11527004.0,11527275.0
1787263537.173,11522668.0,11526874.0,11527275.0
1787263542.253,11526995.0,11530321.0,11526994.0
1787263547.346,11526937.0,11531793.0,11527826.0
1787263552.381,11530045.0,11531744.0,11527826.0
1787263558.029,11531127.0,11534659.0,11533000.0
1787263564.140,11528901.0,11534264.0,11530069.0
1787263569.425,11531659.0,11534082.0,11530069.0
1787263575.902,11530031.0,11534005.0,11530069.0
1787263580.959,11529685.0,11531874.0,11530069.0
1787263586.060,11528620.0,11530565.0,11530069.0
1787263591.291,11526995.0,11530746.0,11528850.0
1787263596.536,11527914.0,11528850.0,11528850.0
1787263603.325,11527944.0,11528850.0,11530002.0
1787263608.863,11525590.0,11528048.0,11530002.0
1787263613.948,11526387.0,11531103.0,11528850.0
1787263619.027,11526820.0,11531171.0,11528850.0
1787263624.144,11529372.0,11531551.0,11530767.0
1787263629.244,11527800.0,11531003.0,11530767.0
1787263634.302,11528196.0,11530041.0,11530767.0
1787263639.337,11528355.0,11530571.0,11530767.0
1787263644.500,11528677.0,11530451.0,11530767.0
1787263649.662,11529148.0,11530572.0,11530767.0
1787263655.500,11528336.0,11530355.0,11530767.0
1787263660.567,11527670.0,11529612.0,11530767.0
1787263665.784,11527124.0,11529603.0,11530767.0
1787263671.782,11525771.0,11527973.0,11527157.0
1787263676.836,11531224.0,11534252.0,11532199.0
1787263681.982,11535298.0,11537152.0,11537152.0
1787263687.022,11535684.0,11539428.0,11536671.0
1787263692.107,11535911.0,11538104.0,11536671.0
1787263697.145,11534763.0,11536298.0,11535690.0
1787263702.396,11534763.0,11536142.0,11535690.0
1787263707.466,11534763.0,11536348.0,11535690.0
1787263712.527,11534763.0,11536304.0,11535690.0
1787263717.583,11531106.0,11533441.0,11533611.0
1787263722.645,11531673.0,11533745.0,11531512.0
1787263727.697,11531673.0,11533626.0,11531512.0
1787263732.776,11531360.0,11533555.0,11531673.0
1787263737.834,11531756.0,11534416.0,11531673.0
1787263742.870,11530216.0,11532352.0,11531124.0
1787263748.384,11531213.0,11532401.0,11531124.0
1787263753.440,11529332.0,11532369.0,11532401.0
1787263758.647,11529462.0,11532186.0,11532401.0
1787263764.457,11530895.0,11533086.0,11530552.0
1787263769.490,11530364.0,11533086.0,11530552.0
1787263774.525,11530172.0,11532662.0,11530552.0
1787263779.586,11534081.0,11535318.0,11533055.0
1787263784.644,11535696.0,11537832.0,11535318.0
1787263789.700,11534922.0,11537414.0,11535318.0
1787263794.777,11534543.0,11536071.0,11534697.0
1787263799.913,11534542.0,11536028.0,11534697.0
1787263804.979,11534191.0,11535989.0,11534542.0
1787263810.187,11535977.0,11539033.0,11535946.0
1787263815.240,11537745.0,11540039.0,11537439.0
1787263820.299,11537194.0,11540221.0,11537439.0
1787263825.350,11537439.0,11540231.0,11537439.0
1787263830.401,11537439.0,11538603.0,11537439.0
1787263835.460,11533362.0,11537038.0,11537439.0
1787263840.541,11532150.0,11535246.0,11535819.0
1787263845.601,11535819.0,11536595.0,11535819.0
1787263850.929,11534601.0,11536518.0,11536518.0
1787263856.174,11535073.0,11536518.0,11536518.0
1787263861.278,11535502.0,11536518.0,11536518.0
1787263866.342,11535454.0,11535474.0,11536518.0
1787263871.506,11535452.0,11535474.0,11536518.0
1787263876.574,11535101.0,11537708.0,11537708.0
1787263881.621,11534455.0,11536064.0,11537708.0
1787263886.684,11534455.0,11537206.0,11537708.0
1787263896.165,11529205.0,11531981.0,11530275.0
1787263901.221,11529508.0,11531930.0,11530275.0
1787263906.261,11528903.0,11531227.0,11530275.0
1787263911.318,11529438.0,11531270.0,11528553.0
1787263916.393,11531126.0,11533513.0,11532352.0
1787263921.428,11532713.0,11534540.0,11533513.0
1787263926.495,11530853.0,11534404.0,11531152.0
1787263931.553,11529880.0,11532943.0,11531152.0
1787263936.606,11529231.0,11532380.0,11531152.0
1787263941.661,11529559.0,11532170.0,11531152.0
1787263946.713,11529778.0,11532000.0,11531152.0
1787263951.767,11531827.0,11533849.0,11531901.0
1787263956.821,11529851.0,11533594.0,11531822.0
1787263961.856,11532790.0,11533580.0,11531822.0
1787263966.891,11530423.0,11533646.0,11531822.0
1787263971.927,11531640.0,11533640.0,11531822.0
1787263976.964,11534776.0,11535984.0,11534859.0
1787263981.999,11533149.0,11535420.0,11534859.0
1787263987.039,11531879.0,11534725.0,11534859.0
1787263992.073,11532700.0,11534715.0,11534859.0
1787263997.130,11534575.0,11537050.0,11534715.0
1787264002.191,11536740.0,11539638.0,11534715.0
1787264007.225,11536754.0,11539601.0,11534715.0
1787264012.259,11537690.0,11540138.0,11534715.0
1787264017.298,11537534.0,11540137.0,11534715.0
1787264022.336,11533605.0,11537549.0,11536745.0
1787264027.372,11534610.0,11537472.0,11537543.0
1787264032.443,11535854.0,11539307.0,11537498.0
1787264037.479,11527908.0,11529973.0,11528276.0
1787264042.515,11527557.0,11531434.0,11529900.0
1787264047.579,11529828.0,11533431.0,11532395.0
1787264052.634,11531199.0,11533425.0,11532395.0
1787264057.709,11529916.0,11534488.0,11533419.0
1787264062.743,11530749.0,11533867.0,11533419.0
1787264067.799,11529206.0,11532817.0,11533419.0
1787264072.856,11529861.0,11534290.0,11533419.0
1787264077.917,11530047.0,11533324.0,11533419.0
1787264082.977,11529835.0,11533324.0,11533419.0
1787264088.017,11529835.0,11533278.0,11533419.0
1787264093.074,11530270.0,11533442.0,11533278.0
1787264098.112,11528213.0,11530746.0,11533278.0
1787264103.168,11527038.0,11530025.0,11533278.0
1787264108.242,11527666.0,11531495.0,11530746.0
1787264113.297,11527717.0,11530032.0,11531490.0
1787264118.338,11528371.0,11531375.0,11531490.0
1787264123.372,11530000.0,11530562.0,11530000.0
1787264128.430,11524241.0,11525462.0,11525284.0
1787264133.488,11524415.0,11527161.0,11526270.0
1787264138.525,11526400.0,11528782.0,11527161.0
1787264143.580,11524236.0,11525181.0,11524236.0
1787264148.635,11524236.0,11524492.0,11524236.0
1787264153.695,11524236.0,11525003.0,11525003.0
1787264158.778,11523601.0,11524845.0,11524236.0
1787264163.833,11523601.0,11524575.0,11524236.0
1787264168.896,11524584.0,11527804.0,11527247.0
1787264173.951,11526043.0,11528384.0,11524584.0
1787264179.003,11525650.0,11527527.0,11527491.0
1787264184.040,11525626.0,11528350.0,11527491.0
1787264189.075,11524849.0,11526739.0,11527491.0
1787264194.111,11523613.0,11526150.0,11524971.0
1787264199.167,11522556.0,11525100.0,11524971.0
1787264204.226,11526388.0,11527827.0,11527574.0
1787264209.287,11527515.0,11529240.0,11527827.0
1787264214.347,11529133.0,11531213.0,11529231.0
1787264219.422,11528829.0,11531295.0,11529135.0
1787264224.486,11528868.0,11529467.0,11528868.0
1787264229.675,11528836.0,11529467.0,11528868.0
1787264234.826,11528685.0,11529467.0,11528868.0
1787264239.895,11529669.0,11530417.0,11529467.0
1787264245.003,11529618.0,11530417.0,11529467.0
1787264250.038,11528027.0,11530411.0,11529569.0
1787264255.079,11530375.0,11530417.0,11529569.0
1787264260.132,11529379.0,11531489.0,11530417.0
1787264265.188,11531723.0,11533478.0,11532159.0
1787264270.251,11534375.0,11536384.0,11534621.0
1787264275.295,11534565.0,11537101.0,11537101.0
1787264280.386,11536272.0,11537971.0,11537350.0
1787264285.453,11535401.0,11538437.0,11537350.0
1787264290.490,11536397.0,11538198.0,11536397.0
1787264295.524,11537090.0,11539611.0,11536397.0
1787264300.599,11537161.0,11538774.0,11539480.0
1787264305.671,11536126.0,11538168.0,11537205.0
1787264310.797,11536135.0,11537692.0,11537205.0
1787264315.855,11532952.0,11536013.0,11533872.0
1787264320.890,11529615.0,11532785.0,11532417.0
1787264325.946,11528737.0,11530338.0,11532417.0
1787264331.003,11528056.0,11530304.0,11532417.0
1787264336.041,11530092.0,11532417.0,11530338.0
1787264341.094,11530872.0,11533086.0,11530338.0
1787264346.131,11532105.0,11533613.0,11533381.0
1787264351.165,11529352.0,11531980.0,11531712.0
1787264356.229,11528538.0,11531328.0,11531712.0
1787264361.268,11529052.0,11531415.0,11532525.0
1787264366.320,11529284.0,11532764.0,11532525.0
1787264371.356,11529234.0,11532203.0,11532525.0
1787264376.412,11528223.0,11530526.0,11532525.0
1787264381.469,11530526.0,11533830.0,11530924.0
1787264386.505,11531589.0,11533670.0,11530924.0
1787264391.575,11532684.0,11533670.0,11530924.0
1787264396.670,11532341.0,11533670.0,11530924.0
1787264401.783,11532893.0,11533670.0,11530924.0
1787264406.874,11534915.0,11537186.0,11530924.0
1787264411.948,11536364.0,11537404.0,11530924.0
1787264417.025,11537516.0,11538776.0,11538152.0
1787264422.123,11535921.0,11539501.0,11537476.0
1787264427.164,11537966.0,11540875.0,11539489.0
1787264432.251,11538732.0,11540855.0,11539489.0
1787264437.326,11539265.0,11540844.0,11539489.0
1787264442.403,11540844.0,11540995.0,11540995.0
1787264447.442,11542356.0,11543629.0,11542760.0
1787264452.503,11543642.0,11544502.0,11544502.0
1787264457.575,11543782.0,11546622.0,11544502.0
1787264462.654,11545331.0,11548114.0,11545122.0
1787264467.788,11546111.0,11548222.0,11548104.0
1787264472.871,11546405.0,11548222.0,11548104.0
1787264477.951,11547037.0,11548228.0,11546396.0
1787264483.010,11547747.0,11549202.0,11547037.0
1787264488.095,11548149.0,11549992.0,11547037.0
1787264493.156,11547792.0,11549690.0,11547037.0
1787264498.255,11547417.0,11549173.0,11547037.0
1787264503.329,11547417.0,11549332.0,11547912.0
1787264508.389,11546397.0,11548570.0,11547417.0
1787264513.570,11546397.0,11547906.0,11547417.0
1787264518.672,11546896.0,11548600.0,11547906.0
1787264523.713,11548328.0,11549998.0,11548600.0
1787264528.962,11547618.0,11549968.0,11548600.0
1787264534.073,11546396.0,11549790.0,11547600.0
1787264539.149,11547554.0,11548600.0,11548452.0
1787264544.226,11546856.0,11548600.0,11547554.0
1787264549.300,11546399.0,11548540.0,11548293.0
1787264554.353,11546396.0,11548498.0,11548293.0
1787264559.428,11547528.0,11548600.0,11548293.0
1787264564.517,11550578.0,11553956.0,11551492.0
1787264569.577,11550572.0,11552809.0,11552675.0
1787264574.650,11550468.0,11552141.0,11552675.0
1787264579.708,11551036.0,11553066.0,11552819.0
1787264584.763,11551111.0,11552675.0,11552819.0
1787264589.843,11551688.0,11552666.0,11552819.0
1787264594.913,11551765.0,11555345.0,11556134.0
1787264600.040,11553685.0,11555226.0,11554589.0
1787264605.103,11556239.0,11558612.0,11559270.0
1787264610.181,11555480.0,11560945.0,11560000.0
1787264615.245,11556241.0,11558189.0,11560000.0
1787264620.281,11556372.0,11559060.0,11560000.0
1787264625.409,11556477.0,11559044.0,11560000.0
1787264630.491,11558609.0,11561259.0,11560000.0
1787264635.528,11559310.0,11561680.0,11561109.0
1787264640.590,11560870.0,11562137.0,11560822.0
1787264645.666,11559938.0,11562135.0,11562137.0
1787264650.702,11559683.0,11560800.0,11559589.0
1787264655.763,11559706.0,11560800.0,11559589.0
1787264660.852,11559717.0,11560800.0,11560116.0
1787264666.018,11559955.0,11560800.0,11560116.0
1787264671.076,11560043.0,11560800.0,11560116.0
1787264676.132,11559287.0,11560800.0,11560116.0
1787264681.187,11560907.0,11562611.0,11560116.0
1787264686.238,11560842.0,11562611.0,11560116.0
1787264691.299,11558471.0,11560400.0,11558893.0
1787264696.678,11558471.0,11560366.0,11558893.0
1787264701.732,11558471.0,11560401.0,11558893.0
1787264706.839,11558411.0,11559938.0,11559952.0
1787264711.914,11558502.0,11559938.0,11559938.0
1787264716.955,11558319.0,11559905.0,11559938.0
1787264722.000,11557362.0,11559872.0,11558437.0
1787264727.041,11561938.0,11562706.0,11560736.0
1787264732.083,11560552.0,11562705.0,11561320.0
1787264737.140,11560473.0,11562700.0,11561320.0
1787264742.206,11560473.0,11561052.0,11561335.0
1787264747.295,11561420.0,11563652.0,11562706.0
1787264753.478,11563344.0,11564256.0,11564256.0
1787264758.543,11560176.0,11561163.0,11560176.0
1787264763.625,11556242.0,11557156.0,11556788.0
1787264768.675,11556241.0,11558136.0,11557240.0
1787264773.736,11556394.0,11558101.0,11557240.0
1787264778.791,11556413.0,11557872.0,11557240.0
1787264783.831,11556241.0,11558130.0,11557240.0
1787264788.880,11556268.0,11558106.0,11557240.0
1787264793.933,11556339.0,11559019.0,11558106.0
1787264799.008,11556717.0,11559012.0,11558106.0
1787264804.132,11557221.0,11559018.0,11558106.0
1787264809.244,11559307.0,11561476.0,11561324.0
1787264814.295,11562325.0,11564256.0,11564256.0
1787264819.338,11562868.0,11564256.0,11564256.0
1787264824.396,11561469.0,11564253.0,11562859.0
1787264829.513,11557203.0,11559040.0,11559275.0
1787264834.571,11556241.0,11557025.0,11557203.0
1787264839.636,11555523.0,11555855.0,11555855.0
1787264845.270,11556136.0,11557906.0,11556812.0
1787264850.333,11558698.0,11560352.0,11560234.0
1787264855.394,11558698.0,11560627.0,11559205.0
1787264860.459,11561594.0,11561661.0,11561594.0
1787264865.528,11559660.0,11561406.0,11561594.0
1787264870.598,11556529.0,11558843.0,11561594.0
1787264875.670,11555825.0,11558119.0,11556538.0
1787264880.750,11555958.0,11556855.0,11556538.0
1787264885.821,11555525.0,11557057.0,11555579.0
1787264890.884,11554189.0,11555494.0,11555523.0
1787264895.924,11553478.0,11553974.0,11554122.0
1787264900.984,11553481.0,11553974.0,11554122.0
1787264906.096,11552481.0,11553647.0,11553693.0
1787264911.166,11551448.0,11553649.0,11552484.0
1787264916.231,11552944.0,11554323.0,11553436.0
1787264921.295,11552741.0,11554278.0,11553436.0
1787264926.359,11551429.0,11553700.0,11553436.0
1787264931.429,11550934.0,11554766.0,11553436.0
1787264936.469,11551460.0,11554708.0,11553436.0
1787264941.509,11552447.0,11554568.0,11553436.0
1787264946.613,11556318.0,11557589.0,11556145.0
1787264951.697,11557022.0,11557580.0,11557580.0
1787264956.763,11557033.0,11559240.0,11557580.0
1787264961.833,11557789.0,11559307.0,11557580.0
1787264966.901,11557169.0,11559794.0,11557580.0
1787264971.963,11557298.0,11559774.0,11559786.0
1787264977.026,11557298.0,11559762.0,11559786.0
1787264982.096,11557298.0,11559735.0,11559786.0
1787264987.140,11557298.0,11559701.0,11559786.0
1787264992.188,11557343.0,11559659.0,11559786.0
1787264997.261,11558430.0,11559774.0,11559786.0
1787265002.318,11558431.0,11559774.0,11559786.0
1787265007.369,11558608.0,11559774.0,11559786.0
1787265012.409,11557787.0,11559774.0,11559774.0
1787265017.455,11557482.0,11559751.0,11559774.0
1787265022.509,11554182.0,11556019.0,11555166.0
1787265027.592,11554527.0,11556248.0,11555166.0
1787265032.657,11554527.0,11556394.0,11555166.0
1787265037.715,11556171.0,11559663.0,11558178.0
1787265042.778,11555398.0,11558720.0,11556218.0
1787265047.835,11555915.0,11558137.0,11556218.0
1787265052.899,11554739.0,11555094.0,11555094.0
1787265057.956,11554981.0,11557142.0,11555094.0
1787265062.995,11554553.0,11557690.0,11554343.0
1787265068.069,11553959.0,11555674.0,11555674.0
1787265073.113,11553978.0,11555674.0,11555674.0
1787265078.228,11551466.0,11552920.0,11553949.0
1787265083.302,11550033.0,11551784.0,11551785.0
1787265088.347,11550000.0,11550847.0,11550847.0
1787265093.412,11550000.0,11550332.0,11550000.0
1787265098.453,11548824.0,11549840.0,11550000.0
1787265103.564,11547777.0,11549554.0,11548618.0
1787265108.621,11546481.0,11548745.0,11546536.0
1787265113.694,11542295.0,11545021.0,11543216.0
1787265118.736,11542895.0,11545098.0,11543216.0
1787265123.807,11544216.0,11545071.0,11543216.0
1787265128.856,11542895.0,11543541.0,11544216.0
1787265133.938,11540001.0,11542086.0,11542223.0
1787265139.002,11542687.0,11544971.0,11544459.0
1787265144.065,11541706.0,11543970.0,11543617.0
1787265149.132,11547624.0,11548600.0,11547641.0
1787265154.176,11547583.0,11548600.0,11547641.0
1787265159.254,11547583.0,11548587.0,11547641.0
1787265164.320,11547583.0,11548587.0,11547641.0
1787265169.388,11549250.0,11551404.0,11549353.0
1787265174.453,11549687.0,11552372.0,11549254.0
1787265179.518,11549305.0,11551548.0,11549254.0
1787265184.583,11549296.0,11551497.0,11549254.0
1787265189.648,11548900.0,11550717.0,11549254.0
1787265194.749,11549978.0,11552382.0,11550706.0
1787265199.814,11550270.0,11555295.0,11552382.0
1787265204.868,11551081.0,11554148.0,11552382.0
1787265209.929,11552382.0,11553354.0,11552382.0
1787265214.996,11552382.0,11554144.0,11552382.0
1787265220.085,11552382.0,11554564.0,11552382.0
1787265225.124,11552382.0,11554323.0,11552382.0
1787265230.187,11552534.0,11554561.0,11552382.0
1787265235.250,11552382.0,11554301.0,11552466.0
1787265240.310,11552382.0,11554277.0,11552466.0
1787265245.368,11548760.0,11549763.0,11548760.0
1787265250.431,11545411.0,11547597.0,11547597.0
1787265255.524,11547369.0,11549383.0,11547597.0
1787265261.017,11547369.0,11549252.0,11547369.0
1787265266.093,11546756.0,11547800.0,11547369.0
1787265271.158,11545347.0,11546531.0,11546542.0
1787265276.212,11548050.0,11549284.0,11547174.0
1787265281.279,11549931.0,11551311.0,11548709.0
1787265286.418,11549931.0,11551808.0,11549931.0
1787265291.475,11550516.0,11551823.0,11549931.0
1787265296.536,11549174.0,11551680.0,11549931.0
1787265301.603,11550430.0,11552293.0,11551679.0
1787265306.647,11550368.0,11552222.0,11551679.0
1787265311.708,11549541.0,11551407.0,11552213.0
1787265316.773,11550756.0,11552886.0,11550129.0
1787265321.832,11555359.0,11556492.0,11556491.0
1787265326.919,11555772.0,11557630.0,11556491.0
1787265331.961,11555411.0,11557589.0,11556491.0
1787265337.008,11558688.0,11560000.0,11557762.0
1787265342.068,11559546.0,11561149.0,11560000.0
1787265347.129,11559546.0,11561150.0,11560000.0
1787265352.170,11559602.0,11561150.0,11560000.0
1787265357.215,11559272.0,11561146.0,11559602.0
1787265362.273,11559573.0,11561146.0,11559602.0
1787265367.326,11557967.0,11560566.0,11559602.0
1787265372.366,11556181.0,11558559.0,11556564.0
1787265377.430,11555179.0,11557746.0,11556181.0
1787265382.654,11553604.0,11555884.0,11556181.0
1787265387.711,11551845.0,11555623.0,11556181.0
1787265392.773,11551845.0,11554625.0,11556181.0
1787265397.834,11552426.0,11554592.0,11556181.0
1787265402.901,11551969.0,11553636.0,11551554.0
1787265407.946,11552033.0,11553627.0,11551554.0
1787265413.026,11552750.0,11553627.0,11551554.0
1787265418.067,11552048.0,11553627.0,11551554.0
1787265423.108,11550930.0,11552833.0,11551554.0
1787265428.155,11551427.0,11553984.0,11551554.0
1787265433.222,11553020.0,11554682.0,11551554.0
1787265438.287,11552464.0,11554315.0,11554673.0
1787265443.350,11553124.0,11554755.0,11554673.0
1787265448.389,11554031.0,11556837.0,11555800.0
1787265453.453,11549856.0,11552116.0,11551254.0
1787265458.494,11549858.0,11552147.0,11551254.0
1787265463.559,11548648.0,11550981.0,11549858.0
1787265468.623,11547600.0,11548975.0,11548648.0
1787265473.666,11547600.0,11550140.0,11548648.0
1787265478.726,11547607.0,11550139.0,11548648.0
1787265483.790,11547600.0,11548941.0,11548648.0
1787265488.850,11546018.0,11546694.0,11546901.0
1787265493.915,11546018.0,11547395.0,11546694.0
1787265498.982,11548117.0,11549564.0,11549564.0
1787265504.041,11547401.0,11548557.0,11549564.0
1787265509.084,11547401.0,11549265.0,11549564.0
1787265514.149,11546783.0,11548671.0,11549564.0
1787265519.208,11547180.0,11550347.0,11549564.0
1787265524.271,11546783.0,11548427.0,11549564.0
1787265529.341,11546783.0,11548427.0,11549564.0
1787265534.397,11550436.0,11553060.0,11548948.0
1787265539.462,11548431.0,11550363.0,11550726.0
1787265544.500,11549191.0,11551132.0,11550726.0
1787265549.568,11550623.0,11553516.0,11550726.0
1787265554.631,11550364.0,11553101.0,11550726.0
1787265559.694,11550180.0,11551553.0,11550726.0
1787265564.752,11550180.0,11551719.0,11550726.0
1787265569.809,11550180.0,11551719.0,11550726.0
1787265574.868,11550180.0,11551719.0,11550726.0
1787265579.924,11550180.0,11551296.0,11550726.0
1787265584.985,11550937.0,11553304.0,11552881.0
1787265590.063,11550420.0,11554218.0,11552881.0
1787265595.102,11550440.0,11554139.0,11552881.0
1787265600.177,11550473.0,11554160.0,11552881.0
1787265605.222,11547044.0,11548788.0,11547600.0
1787265610.264,11546783.0,11548492.0,11547600.0
1787265615.339,11546783.0,11549530.0,11547600.0
1787265620.394,11546783.0,11549530.0,11547600.0
1787265625.451,11544537.0,11547613.0,11543226.0
1787265630.558,11544537.0,11547645.0,11543226.0
1787265635.618,11545081.0,11547606.0,11543226.0
1787265640.682,11543799.0,11546404.0,11543472.0
1787265645.742,11544158.0,11548293.0,11543472.0
1787265650.804,11545669.0,11548249.0,11543472.0
1787265655.875,11549233.0,11551701.0,11548249.0
1787265660.916,11549696.0,11552540.0,11549256.0
1787265665.983,11550485.0,11553109.0,11550119.0
1787265671.047,11550484.0,11553082.0,11550119.0
1787265676.107,11548167.0,11550973.0,11550119.0
1787265681.212,11548167.0,11550846.0,11550119.0
1787265686.276,11548603.0,11550978.0,11550119.0
1787265691.317,11547299.0,11550087.0,11550087.0
1787265696.376,11547251.0,11550061.0,11550087.0
1787265701.432,11547284.0,11550087.0,11550087.0
1787265706.488,11547480.0,11549620.0,11550087.0
1787265711.545,11547700.0,11550295.0,11550087.0
1787265716.620,11547959.0,11551838.0,11550266.0
1787265721.690,11546045.0,11549508.0,11547251.0
1787265726.752,11545520.0,11549560.0,11548242.0
1787265731.816,11546550.0,11548398.0,11547882.0
1787265736.858,11546550.0,11548375.0,11547882.0
1787265741.904,11544841.0,11547079.0,11547882.0
1787265746.975,11545852.0,11548517.0,11546134.0
1787265752.014,11545852.0,11548413.0,11546134.0
1787265757.061,11545852.0,11548409.0,11546134.0
1787265762.129,11546308.0,11549384.0,11549554.0
1787265767.180,11546408.0,11548528.0,11549554.0
1787265772.219,11544915.0,11547830.0,11549554.0
1787265777.260,11545910.0,11548569.0,11549554.0
1787265782.299,11546456.0,11549035.0,11549554.0
1787265787.381,11546456.0,11548724.0,11549554.0
1787265792.449,11545619.0,11548616.0,11545260.0
1787265797.490,11545605.0,11547683.0,11545260.0
1787265802.559,11544890.0,11547058.0,11545260.0
1787265807.647,11544871.0,11546852.0,11545260.0
1787265812.735,11544808.0,11546728.0,11544870.0
1787265817.824,11542807.0,11544368.0,11543223.0
1787265822.887,11542567.0,11543383.0,11543288.0
1787265827.945,11542572.0,11544546.0,11544554.0
1787265833.005,11542567.0,11544643.0,11544554.0
1787265838.060,11542567.0,11544643.0,11544554.0
1787265843.133,11542751.0,11545400.0,11544733.0
1787265848.203,11542967.0,11545376.0,11544733.0
1787265853.243,11542820.0,11545378.0,11544733.0
1787265858.301,11542820.0,11544770.0,11544733.0
1787265863.397,11541841.0,11543825.0,11542567.0
1787265868.469,11541841.0,11542987.0,11541841.0
1787265873.532,11541585.0,11542083.0,11541585.0
1787265878.609,11541585.0,11542655.0,11542085.0
1787265883.669,11541585.0,11542651.0,11542085.0
1787265888.738,11541585.0,11542842.0,11541585.0
1787265893.807,11540502.0,11543199.0,11540991.0
1787265898.870,11540502.0,11543070.0,11540991.0
1787265903.927,11542712.0,11544699.0,11544539.0
1787265908.995,11541991.0,11544605.0,11544539.0
1787265914.060,11542694.0,11544518.0,11542694.0
1787265919.122,11541348.0,11541694.0,11541821.0
1787265924.174,11540795.0,11541651.0,11541821.0
1787265929.212,11542908.0,11543864.0,11542704.0
1787265934.253,11542568.0,11543859.0,11542704.0
1787265939.312,11543674.0,11544739.0,11543859.0
1787265944.351,11543366.0,11544738.0,11543859.0
1787265949.396,11543478.0,11546226.0,11545637.0
1787265954.435,11543912.0,11546223.0,11545637.0
1787265959.480,11544240.0,11546218.0,11545637.0
1787265964.671,11543296.0,11546048.0,11545637.0
1787265969.742,11543517.0,11545955.0,11545637.0
1787265974.810,11541493.0,11545475.0,11541444.0
1787265979.874,11542024.0,11544967.0,11541444.0
1787265984.943,11543994.0,11546830.0,11541444.0
1787265990.016,11543972.0,11546809.0,11541444.0
1787265995.076,11544292.0,11546063.0,11545036.0
1787266000.136,11544268.0,11544957.0,11545036.0
1787266005.254,11544268.0,11544957.0,11545036.0
1787266010.319,11544268.0,11544953.0,11545036.0
1787266015.383,11544268.0,11544950.0,11545036.0
1787266020.449,11540001.0,11541804.0,11540539.0
1787266025.516,11540318.0,11542821.0,11541979.0
1787266030.583,11542705.0,11543968.0,11542941.0
1787266035.657,11542115.0,11543855.0,11542941.0
1787266040.734,11543677.0,11544698.0,11543658.0
1787266045.814,11542842.0,11544698.0,11543658.0
1787266050.919,11543325.0,11544694.0,11543658.0
1787266055.995,11543325.0,11544692.0,11543658.0
1787266061.035,11544342.0,11545866.0,11543658.0
1787266066.109,11543658.0,11543949.0,11544103.0
1787266071.167,11543658.0,11545122.0,11543658.0
1787266076.230,11542048.0,11544888.0,11542749.0
1787266081.294,11542048.0,11544388.0,11542749.0
1787266086.365,11543198.0,11546759.0,11544478.0
1787266091.430,11542562.0,11546620.0,11544478.0
1787266096.472,11542694.0,11545760.0,11544478.0
1787266101.600,11541545.0,11545273.0,11542000.0
1787266106.669,11542311.0,11545114.0,11542000.0
1787266111.768,11542362.0,11545103.0,11542000.0
1787266116.844,11541817.0,11544865.0,11542000.0
1787266122.685,11541595.0,11543662.0,11542000.0
1787266127.762,11541595.0,11544714.0,11542000.0
1787266132.827,11541634.0,11544275.0,11542000.0
1787266137.893,11541798.0,11544808.0,11542000.0
1787266142.963,11544592.0,11546294.0,11543503.0
1787266148.102,11548210.0,11549849.0,11549456.0
1787266153.349,11548259.0,11549843.0,11549802.0
1787266158.396,11548568.0,11549850.0,11549802.0
1787266163.507,11547703.0,11549394.0,11548254.0
1787266168.579,11547698.0,11549688.0,11548254.0
1787266173.645,11545658.0,11547859.0,11548254.0
1787266178.704,11545371.0,11547691.0,11545713.0
1787266183.772,11544297.0,11547688.0,11546447.0
1787266188.838,11544306.0,11546947.0,11546447.0
1787266193.916,11544392.0,11546608.0,11546447.0
1787266198.956,11545870.0,11547690.0,11546447.0
1787266203.995,11544877.0,11547663.0,11546447.0
1787266209.042,11545228.0,11549094.0,11546447.0
1787266214.085,11546296.0,11548682.0,11546447.0
1787266219.142,11547187.0,11549105.0,11546451.0
1787266224.179,11546488.0,11549104.0,11546451.0
1787266229.215,11546480.0,11549063.0,11546451.0
1787266234.254,11545079.0,11547207.0,11546480.0
1787266239.290,11545860.0,11547701.0,11546480.0
1787266244.333,11545596.0,11547692.0,11546480.0
1787266249.373,11545624.0,11547692.0,11546480.0
1787266254.413,11543951.0,11545692.0,11545620.0
1787266259.451,11543950.0,11545272.0,11545620.0
1787266264.599,11544075.0,11547702.0,11545620.0
1787266269.668,11545898.0,11547906.0,11545620.0
1787266274.720,11545530.0,11547758.0,11545620.0
1787266279.799,11547069.0,11549493.0,11549150.0
1787266284.866,11548603.0,11549850.0,11549150.0
1787266289.922,11548706.0,11550350.0,11549850.0
1787266295.006,11548007.0,11550485.0,11550350.0
1787266300.068,11548033.0,11550512.0,11550350.0
1787266305.109,11548008.0,11550485.0,11550350.0
1787266310.343,11548279.0,11550496.0,11550350.0
1787266315.423,11548010.0,11550496.0,11550496.0
1787266320.473,11548587.0,11550496.0,11550496.0
1787266325.526,11548228.0,11550494.0,11548308.0
1787266330.591,11549160.0,11551349.0,11549289.0
1787266335.653,11550689.0,11551600.0,11551600.0
1787266340.723,11550254.0,11552400.0,11551600.0
1787266345.804,11552581.0,11555315.0,11552400.0
1787266350.874,11554921.0,11557284.0,11554747.0
1787266355.946,11557190.0,11559300.0,11558602.0
1787266361.009,11557261.0,11559001.0,11557602.0
1787266366.124,11558052.0,11559300.0,11557602.0
1787266371.211,11557107.0,11558195.0,11558070.0
1787266376.253,11558970.0,11559236.0,11558970.0
1787266381.301,11565230.0,11567776.0,11564743.0
1787266386.368,11566896.0,11568500.0,11567080.0
1787266391.435,11565441.0,11567599.0,11565440.0
1787266396.493,11567050.0,11569955.0,11568613.0
1787266401.646,11564644.0,11566685.0,11568613.0
1787266406.708,11565468.0,11567881.0,11568047.0
1787266411.772,11565922.0,11567882.0,11567882.0
1787266416.814,11563578.0,11565953.0,11565128.0
1787266421.877,11562311.0,11564863.0,11563925.0
1787266427.069,11559584.0,11563061.0,11562311.0
1787266432.132,11559763.0,11562038.0,11559763.0
1787266437.177,11559241.0,11564104.0,11559763.0
1787266442.230,11561480.0,11564703.0,11561480.0
1787266447.278,11561477.0,11563403.0,11561480.0
1787266452.323,11564552.0,11565929.0,11563396.0
1787266457.377,11564659.0,11566609.0,11563396.0
1787266462.436,11561675.0,11563932.0,11563396.0
1787266467.500,11559784.0,11561940.0,11561480.0
1787266472.602,11559784.0,11561613.0,11561480.0
1787266477.668,11559975.0,11561474.0,11561480.0
1787266482.731,11559975.0,11561678.0,11561480.0
1787266487.801,11562050.0,11565606.0,11564017.0
1787266492.862,11563744.0,11565571.0,11564017.0
1787266497.961,11564204.0,11566073.0,11564017.0
1787266503.024,11564204.0,11565607.0,11564017.0
1787266508.090,11562577.0,11564482.0,11564017.0
1787266513.143,11559662.0,11561877.0,11562137.0
1787266518.242,11558769.0,11560457.0,11562137.0
1787266523.291,11558596.0,11560457.0,11560457.0
1787266528.337,11557889.0,11559880.0,11559880.0
1787266533.390,11559181.0,11560858.0,11559880.0
1787266538.458,11559960.0,11561787.0,11560858.0
1787266543.531,11558568.0,11559880.0,11559960.0
1787266548.623,11556960.0,11558933.0,11559880.0
1787266553.784,11554601.0,11558103.0,11557794.0
1787266558.842,11556031.0,11557837.0,11557794.0
1787266563.905,11556031.0,11557911.0,11557794.0
1787266569.003,11552145.0,11555222.0,11554301.0
1787266574.042,11552767.0,11555357.0,11555358.0
1787266579.083,11552660.0,11556699.0,11557237.0
1787266584.177,11553334.0,11555358.0,11557237.0
1787266589.225,11553458.0,11555358.0,11552202.0
1787266594.263,11553265.0,11555357.0,11552202.0
1787266599.304,11552301.0,11555273.0,11555358.0
1787266604.343,11550719.0,11554185.0,11555358.0
1787266609.396,11547169.0,11550692.0,11551073.0
1787266614.438,11551034.0,11552436.0,11550692.0
1787266619.477,11551430.0,11553916.0,11551431.0
1787266624.677,11547430.0,11553139.0,11549567.0
1787266629.748,11547620.0,11550300.0,11548342.0
1787266634.825,11548060.0,11550595.0,11548342.0
1787266639.892,11547021.0,11550050.0,11550731.0
1787266644.954,11541025.0,11543233.0,11542073.0
1787266650.016,11541028.0,11543942.0,11542799.0
1787266655.183,11541476.0,11543851.0,11542799.0
1787266660.231,11541235.0,11545831.0,11542834.0
1787266665.344,11543834.0,11545773.0,11542834.0
1787266670.400,11543920.0,11546598.0,11544733.0
1787266675.446,11543921.0,11547594.0,11544733.0
1787266680.507,11540000.0,11541989.0,11540073.0
1787266685.608,11540000.0,11541706.0,11540073.0
1787266690.672,11540946.0,11542024.0,11542350.0
1787266695.742,11538837.0,11540869.0,11540000.0
1787266700.811,11538979.0,11540860.0,11540869.0
1787266705.882,11539467.0,11540860.0,11540869.0
1787266710.969,11539869.0,11540860.0,11540869.0
1787266716.021,11540045.0,11543026.0,11540869.0
1787266721.073,11540101.0,11541330.0,11540869.0
1787266726.148,11538982.0,11540870.0,11540869.0
1787266731.189,11538982.0,11540870.0,11540870.0
1787266736.249,11539094.0,11541132.0,11540870.0
1787266741.328,11539237.0,11541130.0,11540870.0
1787266746.419,11539192.0,11540343.0,11540870.0
1787266751.460,11539807.0,11541260.0,11541016.0
1787266756.743,11539220.0,11541260.0,11541016.0
1787266761.817,11540354.0,11541599.0,11541601.0
1787266766.892,11539508.0,11539798.0,11540354.0
1787266771.958,11537987.0,11539264.0,11540354.0
1787266777.048,11536363.0,11538417.0,11538626.0
1787266782.110,11536761.0,11538417.0,11538626.0
1787266787.180,11538303.0,11539900.0,11538626.0
1787266792.241,11537184.0,11539197.0,11538298.0
1787266797.286,11537274.0,11539456.0,11538298.0
1787266802.329,11537274.0,11539384.0,11538298.0
1787266807.400,11536425.0,11538288.0,11536787.0
1787266812.472,11538709.0,11541147.0,11540589.0
1787266817.570,11539179.0,11541091.0,11540589.0
1787266822.635,11539150.0,11541453.0,11540589.0
1787266827.706,11537619.0,11539877.0,11540589.0
1787266832.773,11537033.0,11539645.0,11540589.0
1787266837.820,11537186.0,11539429.0,11538866.0
1787266842.863,11537033.0,11538510.0,11538866.0
1787266847.909,11535764.0,11537876.0,11537033.0
1787266852.972,11535652.0,11537875.0,11537033.0
1787266858.015,11534679.0,11537654.0,11537685.0
1787266863.059,11536964.0,11537998.0,11537177.0
1787266868.104,11536964.0,11537998.0,11537177.0
1787266873.148,11533728.0,11536225.0,11534608.0
1787266878.195,11535417.0,11541624.0,11538106.0
1787266883.259,11539583.0,11541216.0,11540390.0
1787266888.321,11539583.0,11541216.0,11540390.0
1787266893.383,11538441.0,11540390.0,11540390.0
1787266898.470,11538489.0,11540390.0,11540390.0
1787266903.535,11538489.0,11540390.0,11540390.0
1787266908.602,11538527.0,11540390.0,11540390.0
1787266913.676,11538558.0,11541660.0,11542313.0
1787266918.740,11541411.0,11543558.0,11540533.0
1787266923.781,11541421.0,11544423.0,11540533.0
1787266928.858,11542584.0,11545316.0,11541475.0
1787266933.928,11542657.0,11545268.0,11541475.0
1787266938.994,11543791.0,11546941.0,11541475.0
1787266944.082,11543836.0,11546655.0,11541475.0
1787266949.156,11543803.0,11546622.0,11541475.0
1787266954.198,11543804.0,11546470.0,11541475.0
1787266959.239,11543805.0,11546560.0,11541475.0
1787266964.280,11543209.0,11546377.0,11541475.0
1787266969.353,11540752.0,11544005.0,11541937.0
1787266974.391,11541018.0,11544005.0,11541937.0
1787266979.440,11541451.0,11545676.0,11544053.0
1787266984.491,11543356.0,11545676.0,11544053.0
1787266989.625,11542489.0,11545560.0,11544053.0
1787266994.686,11541017.0,11542681.0,11541781.0
1787266999.804,11541195.0,11544247.0,11543000.0
1787267004.885,11542533.0,11544626.0,11543000.0
1787267009.968,11541334.0,11545128.0,11540949.0
1787267015.015,11541844.0,11543000.0,11543000.0
1787267020.059,11542402.0,11544115.0,11543000.0
1787267025.122,11542161.0,11544283.0,11542578.0
1787267030.178,11542161.0,11544283.0,11542578.0
1787267035.248,11540447.0,11543540.0,11542159.0
1787267040.295,11541498.0,11544629.0,11542159.0
1787267045.394,11541562.0,11544371.0,11542159.0
1787267050.534,11541566.0,11544371.0,11542159.0
1787267055.614,11542285.0,11545751.0,11544390.0
1787267060.715,11542863.0,11545742.0,11544390.0
1787267065.805,11542877.0,11544895.0,11544390.0
1787267070.897,11540750.0,11542893.0,11542867.0
1787267075.970,11540784.0,11542888.0,11542891.0
1787267081.032,11540752.0,11542072.0,11542891.0
1787267086.127,11540752.0,11542071.0,11542891.0
1787267091.205,11540752.0,11542071.0,11542891.0
1787267096.370,11540752.0,11542071.0,11542891.0
1787267101.413,11540752.0,11542000.0,11542891.0
1787267106.457,11539889.0,11541999.0,11542891.0
1787267111.503,11539985.0,11541999.0,11542891.0
1787267116.570,11543186.0,11545186.0,11542000.0
1787267123.712,11542541.0,11544158.0,11543006.0
1787267128.762,11542541.0,11544158.0,11543006.0
1787267133.832,11541749.0,11544635.0,11544665.0
1787267138.899,11541730.0,11542891.0,11544665.0
1787267144.311,11541764.0,11544544.0,11544637.0
1787267149.478,11541764.0,11544664.0,11544637.0
1787267154.521,11543848.0,11546129.0,11544637.0
1787267159.586,11548081.0,11549756.0,11549152.0
1787267165.040,11550058.0,11551879.0,11550622.0
1787267170.291,11550622.0,11551879.0,11550622.0
1787267175.444,11551798.0,11553073.0,11551879.0
1787267180.538,11551895.0,11553073.0,11551855.0
1787267185.606,11551936.0,11553768.0,11554395.0
1787267190.669,11550622.0,11553045.0,11551339.0
1787267195.875,11550868.0,11552861.0,11551339.0
1787267200.957,11550622.0,11552825.0,11551339.0
1787267206.026,11550622.0,11550863.0,11550622.0
1787267211.284,11548315.0,11550473.0,11550622.0
1787267216.419,11548801.0,11550473.0,11550622.0
1787267221.480,11549638.0,11551444.0,11548808.0
1787267226.592,11550319.0,11551444.0,11548808.0
1787267231.680,11549717.0,11551448.0,11551448.0
1787267236.721,11549817.0,11551448.0,11551448.0
1787267241.770,11551619.0,11553099.0,11551448.0
1787267246.827,11550813.0,11551727.0,11551448.0
1787267252.704,11550858.0,11553098.0,11551448.0
1787267257.878,11551512.0,11552474.0,11551448.0
1787267262.941,11549831.0,11551286.0,11551532.0
1787267268.012,11549883.0,11551682.0,11551286.0
1787267273.144,11550253.0,11551675.0,11551286.0
1787267278.293,11551037.0,11553689.0,11551682.0
1787267283.353,11551610.0,11553991.0,11551682.0
1787267288.834,11554829.0,11557519.0,11554756.0
1787267294.149,11554906.0,11558292.0,11554756.0
1787267299.196,11554965.0,11557571.0,11554756.0
1787267304.563,11555682.0,11558298.0,11554756.0
1787267309.753,11557610.0,11561073.0,11559978.0
1787267314.821,11558040.0,11560801.0,11561464.0
1787267319.884,11558791.0,11560004.0,11561464.0
1787267326.766,11559115.0,11560546.0,11562326.0
1787267331.819,11559176.0,11561326.0,11562326.0
1787267342.920,11561202.0,11562727.0,11561326.0
1787267349.347,11558271.0,11561977.0,11559446.0
1787267354.419,11560684.0,11562464.0,11559446.0
1787267359.458,11560267.0,11561161.0,11559446.0
1787267364.619,11560396.0,11562726.0,11559446.0
1787267369.746,11560511.0,11561422.0,11559446.0
1787267374.817,11560787.0,11561707.0,11559446.0
1787267379.883,11557305.0,11560394.0,11558872.0
1787267384.960,11558221.0,11558865.0,11558872.0
1787267390.064,11557270.0,11559273.0,11558872.0
1787267395.113,11556788.0,11559913.0,11555560.0
1787267400.320,11556155.0,11557530.0,11555560.0
1787267405.365,11559238.0,11560000.0,11557530.0
1787267410.419,11559247.0,11560000.0,11557530.0
1787267415.461,11559750.0,11562273.0,11559247.0
1787267420.501,11562045.0,11562974.0,11562045.0
1787267425.578,11563350.0,11564502.0,11562974.0
1787267430.677,11565604.0,11567882.0,11566794.0
1787267435.752,11565816.0,11567743.0,11565816.0
1787267440.902,11565815.0,11567743.0,11565816.0
1787267445.964,11565833.0,11567743.0,11565824.0
1787267451.008,11565833.0,11567743.0,11565824.0
1787267456.074,11566703.0,11567882.0,11565824.0
1787267461.141,11561410.0,11566039.0,11563381.0
1787267466.212,11562130.0,11563314.0,11562931.0
1787267471.295,11564963.0,11566895.0,11563220.0
1787267476.437,11564450.0,11566660.0,11563220.0
1787267481.508,11564530.0,11566245.0,11563220.0
1787267486.586,11564550.0,11565350.0,11564550.0
1787267491.644,11564550.0,11565854.0,11564550.0
1787267496.706,11564550.0,11565394.0,11564550.0
1787267501.779,11561403.0,11563498.0,11562625.0
1787267506.837,11561315.0,11563435.0,11562625.0
1787267511.954,11561326.0,11563588.0,11562625.0
1787267517.147,11561370.0,11563810.0,11562683.0
1787267522.234,11563284.0,11565071.0,11564258.0
1787267527.389,11560958.0,11562699.0,11563284.0
1787267532.486,11560769.0,11562746.0,11563284.0
1787267537.558,11560821.0,11563071.0,11563284.0
1787267542.624,11561612.0,11565168.0,11563284.0
1787267547.688,11562368.0,11564849.0,11563284.0
1787267552.756,11563035.0,11565725.0,11563284.0
1787267557.821,11563044.0,11563998.0,11566173.0
1787267562.886,11563045.0,11563979.0,11566173.0
1787267567.937,11563044.0,11563922.0,11566173.0
1787267573.002,11564575.0,11567037.0,11565000.0
1787267578.165,11564925.0,11567037.0,11565000.0
1787267583.235,11564213.0,11566444.0,11565000.0
1787267588.353,11563020.0,11565480.0,11564323.0
1787267593.409,11563044.0,11565275.0,11564323.0
1787267598.470,11563115.0,11565277.0,11563496.0
1787267603.570,11564250.0,11566632.0,11563496.0
1787267608.640,11564504.0,11567161.0,11566900.0
1787267613.704,11565940.0,11569597.0,11568920.0
1787267618.768,11566200.0,11567631.0,11568920.0
1787267623.831,11566242.0,11568257.0,11568920.0
1787267628.889,11566230.0,11567632.0,11568920.0
1787267633.955,11566303.0,11569099.0,11568162.0
1787267639.042,11566321.0,11569034.0,11569044.0
1787267644.123,11566320.0,11569062.0,11569044.0
1787267649.170,11566320.0,11569071.0,11569044.0
1787267654.271,11566320.0,11568985.0,11569044.0
1787267659.386,11566321.0,11568041.0,11569044.0
1787267664.455,11567166.0,11568966.0,11568116.0
1787267669.529,11567596.0,11568984.0,11567157.0
1787267674.661,11567605.0,11568984.0,11567157.0
1787267679.732,11567605.0,11568984.0,11567605.0
1787267684.793,11567605.0,11568984.0,11567605.0
1787267689.861,11567605.0,11568984.0,11567605.0
1787267694.920,11568986.0,11570000.0,11569999.0
1787267700.024,11571950.0,11574113.0,11573527.0
1787267705.077,11568570.0,11572798.0,11568870.0
1787267710.144,11568614.0,11570513.0,11570513.0
1787267715.254,11570967.0,11572717.0,11572020.0
1787267720.316,11570791.0,11573459.0,11572020.0
1787267725.419,11570670.0,11573875.0,11572020.0
1787267730.482,11572469.0,11573849.0,11572020.0
1787267735.550,11572548.0,11574098.0,11572020.0
1787267740.616,11572502.0,11574483.0,11572020.0
1787267745.668,11573006.0,11574450.0,11572020.0
1787267750.732,11573383.0,11574527.0,11574527.0
1787267755.776,11573578.0,11574527.0,11574527.0
1787267760.841,11573944.0,11574856.0,11574527.0
1787267765.911,11568111.0,11570212.0,11570000.0
1787267770.985,11571378.0,11572445.0,11570300.0
1787267776.028,11572148.0,11573563.0,11572445.0
1787267781.090,11574760.0,11574856.0,11574856.0
1787267786.157,11573861.0,11576560.0,11574856.0
1787267791.261,11575986.0,11576560.0,11574990.0
1787267796.303,11574781.0,11576828.0,11576098.0
1787267801.402,11576241.0,11578145.0,11578288.0
1787267806.471,11576391.0,11577950.0,11577950.0
1787267811.541,11576430.0,11577949.0,11576430.0
1787267816.599,11575725.0,11577870.0,11576430.0
1787267821.680,11572404.0,11574654.0,11573112.0
1787267826.744,11571010.0,11573189.0,11572695.0
1787267831.807,11571011.0,11573189.0,11571011.0
1787267836.884,11570460.0,11571654.0,11571776.0
1787267841.948,11569327.0,11574410.0,11572465.0
1787267847.021,11569536.0,11573429.0,11572465.0
1787267852.072,11567501.0,11570488.0,11569538.0
1787267857.128,11567610.0,11569894.0,11570739.0
1787267862.171,11567443.0,11569392.0,11570739.0
1787267867.229,11567302.0,11569239.0,11570739.0
1787267872.272,11566324.0,11568429.0,11570739.0
1787267877.315,11568884.0,11569841.0,11569841.0
1787267882.359,11565899.0,11567399.0,11566375.0
1787267887.466,11568733.0,11570280.0,11568555.0
1787267892.508,11567764.0,11569613.0,11568555.0
1787267897.569,11568208.0,11569892.0,11568555.0
1787267902.627,11568208.0,11570058.0,11568555.0
1787267907.690,11573010.0,11574481.0,11570264.0
1787267912.751,11573431.0,11574481.0,11570264.0
1787267917.820,11573440.0,11574481.0,11574481.0
1787267922.860,11574326.0,11574481.0,11574481.0
1787267927.919,11574195.0,11574481.0,11574481.0
1787267932.984,11576048.0,11577412.0,11576135.0
1787267938.046,11573626.0,11574786.0,11576051.0
1787267943.149,11572121.0,11574398.0,11574438.0
1787267948.217,11576882.0,11579241.0,11576213.0
1787267953.281,11582108.0,11582925.0,11582777.0
1787267958.326,11581480.0,11582925.0,11582335.0
1787267963.388,11581695.0,11586371.0,11586275.0
1787267968.446,11581918.0,11584939.0,11586275.0
1787267973.543,11582170.0,11584925.0,11584924.0
1787267978.584,11582537.0,11586030.0,11585384.0
1787267983.790,11584561.0,11586704.0,11585409.0
1787267988.861,11583209.0,11586064.0,11584561.0
1787267993.924,11583607.0,11585083.0,11583561.0
1787267998.979,11584988.0,11585875.0,11585193.0
1787268004.020,11579055.0,11586337.0,11583738.0
1787268009.120,11580384.0,11581211.0,11583738.0
1787268014.186,11580467.0,11580868.0,11581174.0
1787268019.241,11577540.0,11580138.0,11577811.0
1787268024.299,11576926.0,11579394.0,11580963.0
1787268029.338,11576835.0,11579776.0,11575824.0
1787268034.380,11575741.0,11577750.0,11575824.0
1787268039.443,11574277.0,11575900.0,11575856.0
1787268044.504,11573407.0,11575532.0,11576637.0
1787268049.571,11573406.0,11574774.0,11575290.0
1787268054.637,11572884.0,11574803.0,11573406.0
1787268059.700,11572213.0,11572884.0,11572884.0
1787268064.753,11567083.0,11568982.0,11567733.0
1787268069.819,11566287.0,11568303.0,11567733.0
1787268074.881,11568172.0,11570199.0,11568982.0
1787268079.941,11566479.0,11567936.0,11567252.0
1787268084.990,11566491.0,11567994.0,11567252.0
1787268090.031,11566213.0,11567994.0,11566662.0
1787268095.103,11566213.0,11567994.0,11566219.0
1787268100.183,11566213.0,11566215.0,11566215.0
1787268105.245,11566213.0,11567994.0,11566215.0
1787268110.319,11565193.0,11566215.0,11565192.0
1787268115.411,11567980.0,11569020.0,11566832.0
1787268120.477,11568335.0,11569763.0,11570923.0
1787268125.562,11565411.0,11568030.0,11565144.0
1787268130.628,11565806.0,11568170.0,11568144.0
1787268135.689,11566015.0,11569344.0,11568144.0
1787268140.750,11568500.0,11571629.0,11570467.0
1787268145.896,11571154.0,11573080.0,11572218.0
1787268150.957,11571497.0,11574618.0,11572218.0
1787268156.056,11569270.0,11570808.0,11571153.0
1787268161.118,11571755.0,11573172.0,11571541.0
1787268166.182,11569429.0,11572752.0,11572368.0
1787268171.239,11569436.0,11570062.0,11572368.0
1787268176.405,11569090.0,11570062.0,11569415.0
1787268181.447,11575110.0,11578388.0,11578388.0
1787268186.552,11575012.0,11576892.0,11575867.0
1787268191.629,11576044.0,11577304.0,11575867.0
1787268196.710,11575411.0,11578842.0,11576076.0
1787268201.782,11575464.0,11580134.0,11576076.0
1787268206.855,11576135.0,11580064.0,11576076.0
1787268211.924,11576138.0,11579019.0,11579019.0
1787268216.997,11575343.0,11576708.0,11576165.0
1787268222.064,11575007.0,11576538.0,11575186.0
1787268227.145,11575281.0,11576426.0,11574782.0
1787268232.218,11575281.0,11576426.0,11574782.0
1787268237.285,11578936.0,11579814.0,11578418.0
1787268242.326,11581406.0,11583037.0,11582700.0
1787268247.371,11580862.0,11583037.0,11582700.0
1787268252.450,11582700.0,11582986.0,11582700.0
1787268257.509,11579193.0,11581909.0,11582700.0
1787268262.578,11579514.0,11581809.0,11582271.0
1787268267.634,11579527.0,11581804.0,11582271.0
1787268272.698,11580014.0,11582664.0,11582271.0
1787268277.758,11580028.0,11581694.0,11582271.0
1787268282.815,11580618.0,11582510.0,11580028.0
1787268287.881,11580121.0,11582614.0,11580028.0
1787268292.946,11580545.0,11582734.0,11580028.0
1787268298.009,11580765.0,11582734.0,11580028.0
1787268303.053,11583756.0,11585012.0,11583923.0
1787268308.140,11613945.0,11618927.0,11615498.0
1787268313.205,11608756.0,11613060.0,11610639.0
1787268318.272,11605339.0,11608817.0,11607237.0
1787268323.336,11598525.0,11601373.0,11599850.0
1787268328.411,11597569.0,11601136.0,11599146.0
1787268333.477,11600645.0,11605770.0,11601094.0
1787268338.541,11598081.0,11602963.0,11599557.0
1787268343.607,11594187.0,11600533.0,11600543.0
1787268348.666,11601423.0,11603777.0,11602405.0
1787268353.734,11604711.0,11608186.0,11605713.0
1787268358.799,11605845.0,11608495.0,11609272.0
1787268363.864,11606124.0,11607542.0,11609327.0
1787268368.944,11600246.0,11603551.0,11601150.0
1787268374.006,11606210.0,11610629.0,11606612.0
1787268379.069,11619253.0,11620423.0,11619253.0
1787268384.135,11636686.0,11643273.0,11640000.0
1787268389.211,11623621.0,11631369.0,11627591.0
1787268394.277,11626511.0,11629546.0,11623621.0
1787268399.340,11621010.0,11627499.0,11625264.0
1787268404.403,11621650.0,11624988.0,11627313.0
1787268409.453,11622118.0,11624749.0,11624749.0
1787268414.499,11607301.0,11609436.0,11608427.0
1787268419.568,11602155.0,11605009.0,11605009.0
1787268424.636,11600000.0,11603489.0,11602615.0
1787268429.753,11612323.0,11615918.0,11614529.0
1787268434.815,11610174.0,11614226.0,11611631.0
1787268439.859,11612287.0,11618841.0,11617386.0
1787268444.918,11617002.0,11619397.0,11618174.0
1787268449.984,11620330.0,11623572.0,11622679.0
1787268455.099,11624489.0,11631186.0,11627314.0
1787268460.143,11624065.0,11629552.0,11625524.0
1787268465.229,11621664.0,11629382.0,11624166.0
1787268470.335,11624062.0,11628803.0,11626307.0
1787268475.421,11626807.0,11631954.0,11625524.0
1787268480.491,11631653.0,11635660.0,11633663.0
1787268486.591,11632520.0,11635852.0,11633814.0
1787268491.651,11626416.0,11632168.0,11630078.0
1787268496.712,11625042.0,11628461.0,11626415.0
1787268501.797,11627147.0,11630103.0,11627147.0
1787268506.865,11626172.0,11629418.0,11627290.0
1787268511.917,11624784.0,11629432.0,11627776.0
1787268516.979,11622309.0,11625192.0,11622309.0
1787268522.049,11624161.0,11627482.0,11628807.0
1787268527.099,11626639.0,11628515.0,11624910.0
1787268532.159,11627684.0,11631925.0,11627642.0
1787268537.214,11630257.0,11633960.0,11633435.0
1787268542.291,11630362.0,11633840.0,11630354.0
1787268547.684,11629822.0,11633775.0,11632356.0
1787268552.743,11626884.0,11631492.0,11629169.0
1787268557.808,11629552.0,11633384.0,11632086.0
1787268562.871,11623293.0,11628481.0,11624290.0
1787268567.935,11621869.0,11624370.0,11627746.0
1787268573.066,11618077.0,11621876.0,11615293.0
1787268578.261,11616393.0,11617543.0,11621250.0
1787268583.330,11615788.0,11617224.0,11619782.0
1787268588.494,11611631.0,11616116.0,11612748.0
1787268593.577,11610708.0,11614545.0,11610912.0
1787268598.647,11611988.0,11615536.0,11613827.0
1787268603.720,11617935.0,11622132.0,11622132.0
1787268608.806,11615213.0,11616786.0,11616786.0
1787268613.869,11616195.0,11619244.0,11615315.0
1787268618.937,11618536.0,11621243.0,11618541.0
1787268624.000,11620749.0,11625454.0,11623058.0
1787268629.067,11619870.0,11622286.0,11619760.0
1787268634.173,11620662.0,11623503.0,11622100.0
1787268639.331,11623699.0,11629412.0,11625529.0
1787268644.374,11622906.0,11628197.0,11622730.0
1787268649.433,11624960.0,11629414.0,11626311.0
1787268654.523,11626819.0,11631016.0,11628516.0
1787268659.589,11633536.0,11635690.0,11634110.0
1787268664.659,11626820.0,11627438.0,11628600.0
1787268669.733,11626601.0,11630443.0,11628600.0
1787268674.774,11627765.0,11632222.0,11630250.0
1787268679.831,11626633.0,11630686.0,11630250.0
1787268684.917,11630517.0,11635123.0,11633680.0
1787268689.982,11630071.0,11635702.0,11632915.0
1787268695.044,11631650.0,11633375.0,11635702.0
1787268700.112,11631068.0,11636014.0,11636015.0
1787268705.182,11632066.0,11635971.0,11636015.0
1787268710.368,11631785.0,11635480.0,11632219.0
1787268715.439,11629628.0,11634304.0,11629628.0
1787268720.514,11632073.0,11635321.0,11630504.0
1787268725.594,11628622.0,11631285.0,11629517.0
1787268730.657,11629913.0,11632707.0,11631616.0
1787268735.730,11629695.0,11632706.0,11631616.0
1787268740.819,11629682.0,11632706.0,11631315.0
1787268745.901,11634213.0,11635965.0,11634449.0
1787268750.966,11636836.0,11640612.0,11636836.0
1787268756.017,11644276.0,11646978.0,11644488.0
1787268761.086,11642747.0,11646742.0,11643892.0
1787268766.150,11641105.0,11644223.0,11644332.0
1787268771.195,11640000.0,11643134.0,11639719.0
1787268776.238,11636752.0,11642557.0,11640000.0
1787268781.301,11637083.0,11641579.0,11636749.0
1787268786.387,11637294.0,11640047.0,11639345.0
1787268791.480,11637726.0,11639940.0,11639345.0
1787268796.550,11637151.0,11639850.0,11639929.0
1787268801.615,11637572.0,11639269.0,11637572.0
1787268806.702,11636995.0,11639476.0,11639551.0
1787268811.766,11634684.0,11636061.0,11634684.0
1787268816.814,11635780.0,11637850.0,11637959.0
1787268821.862,11634225.0,11637478.0,11634974.0
1787268826.937,11634526.0,11637695.0,11637158.0
1787268831.982,11635696.0,11638474.0,11637158.0
1787268837.046,11634800.0,11638257.0,11637158.0
1787268842.107,11633474.0,11635428.0,11637158.0
1787268847.211,11632600.0,11634881.0,11634383.0
1787268852.253,11633054.0,11634677.0,11634383.0
1787268857.300,11632756.0,11633374.0,11633396.0
1787268863.763,11624695.0,11628080.0,11626416.0
1787268868.832,11622316.0,11626833.0,11624101.0
1787268873.901,11622244.0,11624538.0,11624101.0
1787268878.971,11619441.0,11624640.0,11621687.0
1787268884.012,11619785.0,11623754.0,11620157.0
1787268889.081,11620572.0,11624495.0,11621687.0
1787268894.249,11622937.0,11624827.0,11624599.0
1787268899.314,11621230.0,11623633.0,11624599.0
1787268904.380,11623334.0,11626764.0,11625816.0
1787268909.446,11621507.0,11623780.0,11625816.0
1787268914.494,11620921.0,11624256.0,11620113.0
1787268919.551,11620383.0,11622811.0,11622811.0
1787268924.660,11620613.0,11625986.0,11624967.0
1787268929.731,11621921.0,11625742.0,11624967.0
1787268934.808,11622822.0,11625450.0,11625339.0
1787268939.875,11620650.0,11623090.0,11622119.0
1787268944.961,11619846.0,11623273.0,11621000.0
1787268950.050,11620836.0,11623958.0,11621000.0
1787268955.125,11619042.0,11621994.0,11621000.0
1787268960.192,11614563.0,11615588.0,11615588.0
1787268965.248,11614925.0,11615862.0,11616451.0
1787268970.317,11613360.0,11615069.0,11613360.0
1787268975.421,11614350.0,11617111.0,11611786.0
1787268980.465,11615675.0,11617117.0,11617118.0
1787268985.527,11613590.0,11616158.0,11617118.0
1787268990.589,11610000.0,11615690.0,11617118.0
1787268995.750,11612345.0,11614884.0,11617118.0
1787269000.825,11610089.0,11613978.0,11617118.0
1787269005.937,11607618.0,11610043.0,11610807.0
1787269011.014,11604852.0,11607351.0,11605962.0
1787269016.097,11604607.0,11607097.0,11607236.0
1787269021.180,11602538.0,11606416.0,11604607.0
1787269026.267,11602820.0,11604970.0,11604607.0
1787269031.337,11600737.0,11602677.0,11600738.0
1787269036.395,11600000.0,11601099.0,11600729.0
1787269041.470,11600845.0,11606139.0,11600739.0
1787269046.514,11606608.0,11610094.0,11608167.0
1787269051.573,11608922.0,11612865.0,11611717.0
1787269056.647,11608904.0,11612168.0,11611717.0
1787269061.719,11609404.0,11612060.0,11610440.0
1787269066.792,11610086.0,11612684.0,11611717.0
1787269071.896,11607413.0,11610021.0,11608586.0
1787269076.965,11607974.0,11610546.0,11612287.0
1787269082.029,11607121.0,11609690.0,11612287.0
1787269087.138,11602880.0,11605495.0,11604306.0
1787269092.206,11605495.0,11605849.0,11605495.0
1787269097.270,11603090.0,11605845.0,11605495.0
1787269102.338,11600837.0,11602174.0,11601292.0
1787269107.389,11600838.0,11602263.0,11601443.0
1787269112.445,11600847.0,11602872.0,11602540.0
1787269117.489,11600847.0,11601375.0,11602540.0
1787269122.558,11598276.0,11601808.0,11598271.0
1787269127.672,11599056.0,11601235.0,11598271.0
1787269132.740,11598283.0,11600650.0,11599059.0
1787269137.811,11599059.0,11600114.0,11599059.0
1787269142.904,11600345.0,11602128.0,11602128.0
1787269147.977,11599595.0,11601056.0,11602128.0
1787269153.041,11603246.0,11605410.0,11601056.0
1787269158.135,11603068.0,11606284.0,11603595.0
1787269163.256,11603773.0,11606468.0,11603595.0
1787269168.299,11603389.0,11606468.0,11605779.0
1787269173.366,11601742.0,11605669.0,11605779.0
1787269178.430,11607960.0,11609726.0,11608046.0
1787269183.503,11607394.0,11609726.0,11608046.0
1787269188.570,11605450.0,11609764.0,11608046.0
1787269193.640,11604824.0,11609786.0,11605455.0
1787269198.706,11604802.0,11609429.0,11605455.0
1787269203.784,11608244.0,11611090.0,11609772.0
1787269208.899,11607522.0,11609772.0,11609772.0
1787269213.984,11607325.0,11609192.0,11609193.0
1787269219.059,11609393.0,11609772.0,11609772.0
1787269224.149,11609867.0,11611433.0,11609772.0
1787269229.213,11608863.0,11610582.0,11609870.0
1787269234.285,11607894.0,11609556.0,11609144.0
1787269239.352,11607325.0,11609643.0,11609639.0
1787269244.420,11607590.0,11608770.0,11609639.0
1787269249.485,11604951.0,11605979.0,11605460.0
1787269254.666,11604379.0,11605978.0,11605460.0
1787269259.707,11604447.0,11605860.0,11605972.0
1787269264.752,11604532.0,11607569.0,11605972.0
1787269269.810,11604052.0,11605826.0,11605972.0
1787269274.856,11604051.0,11607075.0,11605553.0
1787269279.932,11604870.0,11606972.0,11604050.0
1787269284.985,11604926.0,11606971.0,11604050.0
1787269290.038,11604180.0,11605589.0,11604050.0
1787269295.081,11603485.0,11606513.0,11604180.0
1787269300.131,11604433.0,11606131.0,11604180.0
1787269305.175,11603711.0,11607796.0,11604180.0
1787269310.231,11604549.0,11607533.0,11607566.0
1787269315.296,11603108.0,11607241.0,11603729.0
1787269320.338,11603819.0,11607207.0,11603729.0
1787269325.401,11603111.0,11606898.0,11603729.0
1787269330.444,11603010.0,11606520.0,11603729.0
1787269335.521,11605412.0,11607516.0,11606058.0
1787269340.597,11605407.0,11607511.0,11606058.0
1787269345.656,11606421.0,11607565.0,11606058.0
1787269350.794,11605586.0,11607564.0,11606058.0
1787269355.840,11605586.0,11607838.0,11606058.0
1787269360.907,11604867.0,11607579.0,11606058.0
1787269365.949,11603771.0,11605320.0,11606058.0
1787269371.021,11603472.0,11605319.0,11603771.0
1787269376.087,11602913.0,11606363.0,11603771.0
1787269381.157,11604169.0,11606712.0,11603771.0
1787269386.210,11607523.0,11609339.0,11608131.0
1787269391.283,11605978.0,11608411.0,11605977.0
1787269396.346,11604133.0,11608131.0,11607962.0
1787269401.441,11600044.0,11604681.0,11603046.0
1787269406.507,11600867.0,11603150.0,11600867.0
1787269411.597,11603548.0,11605577.0,11604330.0
1787269416.664,11603005.0,11604974.0,11603680.0
1787269421.724,11602349.0,11604479.0,11602500.0
1787269426.800,11602792.0,11603584.0,11602500.0
1787269431.903,11602707.0,11604258.0,11602707.0
1787269437.007,11603063.0,11605575.0,11602707.0
1787269442.109,11603063.0,11605002.0,11602707.0
1787269447.169,11606028.0,11608130.0,11608131.0
1787269452.234,11609954.0,11610830.0,11608131.0
1787269457.278,11608870.0,11611806.0,11608131.0
1787269462.344,11606798.0,11612212.0,11609312.0
1787269467.390,11605495.0,11608591.0,11606762.0
1787269472.460,11605044.0,11608456.0,11604681.0
1787269477.508,11603914.0,11607091.0,11604681.0
1787269482.579,11600100.0,11603256.0,11602009.0
1787269487.643,11600106.0,11602003.0,11600103.0
1787269492.709,11600103.0,11601471.0,11600005.0
1787269497.773,11597984.0,11602003.0,11600780.0
1787269502.824,11597514.0,11600907.0,11598521.0
1787269508.034,11596893.0,11600491.0,11596759.0
1787269513.090,11597021.0,11599288.0,11597703.0
1787269518.172,11592987.0,11594187.0,11592985.0
1787269523.240,11591302.0,11592912.0,11592988.0
1787269528.320,11593220.0,11596325.0,11594623.0
1787269533.407,11592985.0,11594487.0,11594623.0
1787269538.472,11590616.0,11593106.0,11590239.0
1787269543.587,11590239.0,11593912.0,11591676.0
1787269548.650,11590281.0,11593500.0,11590732.0
1787269553.717,11591016.0,11593959.0,11590000.0
1787269558.807,11594145.0,11597672.0,11597678.0
1787269563.885,11593250.0,11596162.0,11593993.0
1787269568.995,11593251.0,11595068.0,11595539.0
1787269574.160,11595746.0,11599027.0,11597165.0
1787269579.240,11596740.0,11597165.0,11592383.0
1787269584.289,11597027.0,11599762.0,11598604.0
1787269589.348,11599037.0,11601382.0,11599752.0
1787269594.426,11601413.0,11602589.0,11601822.0
1787269599.503,11598944.0,11600726.0,11600726.0
1787269604.580,11599580.0,11601822.0,11600726.0
1787269609.646,11599594.0,11601440.0,11600726.0
1787269614.688,11601466.0,11603113.0,11601822.0
1787269619.770,11602656.0,11605775.0,11604039.0
1787269624.815,11601477.0,11602493.0,11602711.0
1787269629.895,11600283.0,11603406.0,11600282.0
1787269634.978,11598177.0,11600726.0,11598518.0
1787269640.041,11596850.0,11598789.0,11598789.0
1787269645.095,11597010.0,11599576.0,11597656.0
1787269650.171,11597010.0,11598327.0,11597010.0
1787269655.217,11599323.0,11600704.0,11599323.0
1787269660.301,11597881.0,11600000.0,11599790.0
1787269665.350,11598388.0,11600000.0,11599790.0
1787269670.499,11599107.0,11600874.0,11601968.0
1787269675.566,11601199.0,11603893.0,11601968.0
1787269680.629,11599381.0,11601904.0,11600095.0
1787269685.699,11601009.0,11603130.0,11602890.0
1787269690.771,11600444.0,11603905.0,11602890.0
1787269695.834,11600443.0,11603906.0,11602890.0
1787269700.901,11595475.0,11596996.0,11597001.0
1787269705.965,11596610.0,11598521.0,11595544.0
1787269711.042,11599852.0,11600526.0,11599308.0
1787269716.102,11598267.0,11601164.0,11600902.0
1787269721.163,11597185.0,11600165.0,11600902.0
1787269726.242,11596594.0,11599367.0,11600902.0
1787269731.315,11595404.0,11599312.0,11600902.0
1787269736.359,11601442.0,11602503.0,11601389.0
1787269741.432,11601159.0,11603538.0,11601389.0
1787269746.514,11600550.0,11602593.0,11600809.0
1787269751.581,11598045.0,11601721.0,11600550.0
1787269756.644,11598892.0,11602367.0,11601305.0
1787269761.694,11600858.0,11602992.0,11600858.0
1787269766.739,11601206.0,11603230.0,11601621.0
1787269771.800,11601414.0,11603173.0,11601643.0
1787269776.875,11597491.0,11599950.0,11597917.0
1787269781.934,11595579.0,11597102.0,11595429.0
1787269786.977,11595845.0,11597102.0,11595429.0
1787269792.038,11594676.0,11597806.0,11594264.0
1787269797.179,11597676.0,11600601.0,11597282.0
1787269802.247,11595295.0,11599072.0,11597406.0
1787269807.315,11591730.0,11595822.0,11593110.0
1787269812.384,11592201.0,11594220.0,11592872.0
1787269817.446,11591484.0,11592238.0,11591483.0
1787269822.493,11593397.0,11594872.0,11593427.0
1787269827.557,11592602.0,11594397.0,11593427.0
1787269832.628,11590642.0,11592410.0,11594176.0
1787269837.706,11590261.0,11593824.0,11594176.0
1787269842.770,11588676.0,11591194.0,11590261.0
1787269847.827,11590219.0,11591993.0,11591194.0
1787269852.911,11590944.0,11593196.0,11591194.0
1787269857.956,11592089.0,11593560.0,11593561.0
1787269863.000,11590998.0,11591375.0,11591361.0
1787269868.132,11584875.0,11586221.0,11586282.0
1787269873.177,11584590.0,11585193.0,11586159.0
1787269878.236,11585903.0,11586271.0,11586271.0
1787269883.279,11587718.0,11590098.0,11589553.0
1787269888.320,11590073.0,11591825.0,11589472.0
1787269893.388,11588450.0,11590534.0,11589472.0
1787269898.453,11588120.0,11590152.0,11589472.0
1787269903.538,11590000.0,11590738.0,11588916.0
1787269908.617,11588143.0,11590995.0,11590000.0
1787269913.696,11589652.0,11591911.0,11590000.0
1787269918.772,11589616.0,11591608.0,11590000.0
1787269923.848,11587932.0,11589868.0,11588705.0
1787269928.920,11587075.0,11589678.0,11588705.0
1787269933.973,11587048.0,11589455.0,11588705.0
1787269939.021,11586228.0,11588515.0,11588705.0
1787269944.082,11588000.0,11590144.0,11588966.0
1787269949.129,11584478.0,11588835.0,11588966.0
1787269954.199,11585049.0,11587181.0,11588966.0
1787269959.261,11584547.0,11586181.0,11585082.0
1787269964.336,11584096.0,11585260.0,11585082.0
1787269969.377,11584702.0,11586260.0,11584735.0
1787269974.450,11584869.0,11587598.0,11584831.0
1787269979.515,11586660.0,11588839.0,11589586.0
1787269984.585,11586571.0,11588412.0,11589586.0
1787269989.721,11585008.0,11587066.0,11586561.0
1787269994.762,11582167.0,11586561.0,11586560.0
1787269999.813,11586450.0,11588247.0,11587068.0
1787270004.881,11587546.0,11590000.0,11588248.0
1787270009.919,11586430.0,11588248.0,11587619.0
1787270014.957,11584727.0,11586519.0,11584727.0
1787270020.004,11583839.0,11587509.0,11584727.0
1787270025.040,11582279.0,11585001.0,11585325.0
1787270030.078,11591235.0,11593079.0,11590527.0
1787270035.121,11591795.0,11593238.0,11593212.0
1787270040.159,11589623.0,11591617.0,11590135.0
1787270045.207,11584556.0,11587585.0,11586778.0
1787270050.248,11583109.0,11586702.0,11583402.0
1787270055.287,11584215.0,11587091.0,11585385.0
1787270060.381,11585184.0,11588822.0,11587109.0
1787270065.421,11587078.0,11591579.0,11590135.0
1787270070.597,11588614.0,11592489.0,11590135.0
1787270075.665,11591953.0,11594266.0,11593913.0
1787270080.739,11593194.0,11596332.0,11595426.0
1787270085.820,11597505.0,11599384.0,11598287.0
1787270090.889,11598623.0,11600000.0,11597508.0
1787270095.931,11597656.0,11599342.0,11599510.0
1787270100.996,11596328.0,11597722.0,11597723.0
1787270106.071,11593794.0,11595725.0,11596329.0
1787270111.137,11592762.0,11594942.0,11593403.0
1787270116.206,11592515.0,11594662.0,11594730.0
1787270121.264,11593460.0,11595515.0,11594557.0
1787270126.333,11593501.0,11594730.0,11594557.0
1787270131.388,11592619.0,11594730.0,11594557.0
1787270136.442,11591123.0,11592545.0,11592060.0
1787270141.512,11588969.0,11591124.0,11590141.0
1787270146.566,11588394.0,11590396.0,11588394.0
1787270151.612,11586770.0,11589349.0,11586663.0
1787270156.665,11586791.0,11589162.0,11586663.0
1787270161.746,11586885.0,11588975.0,11586663.0
1787270166.853,11586797.0,11588965.0,11586797.0
1787270171.919,11586885.0,11588427.0,11586790.0
1787270176.992,11589112.0,11590154.0,11590000.0
1787270182.107,11588465.0,11590481.0,11590000.0
1787270187.162,11585040.0,11585317.0,11585527.0
1787270192.207,11585040.0,11585672.0,11585672.0
1787270197.270,11585413.0,11588056.0,11585900.0
1787270202.337,11586576.0,11589450.0,11590226.0
1787270207.382,11582412.0,11584367.0,11584400.0
1787270212.462,11582632.0,11587035.0,11587194.0
1787270217.522,11585628.0,11588187.0,11586889.0
1787270222.569,11585715.0,11588187.0,11585715.0
1787270227.647,11585136.0,11588524.0,11585675.0
1787270232.768,11585226.0,11588980.0,11585675.0
1787270237.820,11587145.0,11590106.0,11588979.0
1787270242.898,11586198.0,11589987.0,11586198.0
1787270247.976,11587146.0,11589900.0,11586198.0
1787270253.043,11586437.0,11589824.0,11590378.0
1787270258.129,11587166.0,11590160.0,11590378.0
1787270263.203,11586150.0,11588982.0,11587151.0
1787270268.250,11586150.0,11588317.0,11587151.0
1787270273.294,11586162.0,11588985.0,11587151.0
1787270278.369,11586684.0,11588803.0,11587151.0
1787270283.437,11586150.0,11587684.0,11586683.0
1787270288.506,11585340.0,11588556.0,11586150.0
1787270293.575,11588918.0,11590378.0,11588616.0
1787270298.669,11589009.0,11590214.0,11588616.0
1787270303.743,11589025.0,11590378.0,11588616.0
1787270308.787,11588795.0,11591527.0,11590378.0
1787270313.856,11590277.0,11591526.0,11590378.0
1787270318.939,11589868.0,11592746.0,11591896.0
1787270323.987,11591850.0,11593639.0,11591896.0
1787270329.058,11589931.0,11592929.0,11591896.0
1787270334.102,11589141.0,11592589.0,11591896.0
1787270339.180,11589152.0,11592908.0,11591896.0
1787270344.286,11587922.0,11591837.0,11589194.0
1787270349.355,11587925.0,11591498.0,11589194.0
1787270354.430,11590138.0,11591266.0,11589194.0
1787270359.484,11591550.0,11592771.0,11591265.0
1787270364.547,11591663.0,11593640.0,11591896.0
1787270369.613,11590265.0,11592893.0,11593640.0
1787270374.677,11590295.0,11592056.0,11593640.0
1787270379.741,11590215.0,11593588.0,11593640.0
1787270384.818,11590412.0,11593479.0,11593640.0
1787270389.878,11585592.0,11588833.0,11587319.0
1787270394.929,11585488.0,11588713.0,11587319.0
1787270399.969,11584060.0,11587177.0,11585450.0
1787270405.007,11586156.0,11589411.0,11586156.0
1787270410.087,11589944.0,11591606.0,11589944.0
1787270415.126,11592409.0,11594681.0,11594681.0
1787270420.162,11593350.0,11594681.0,11594554.0
1787270425.201,11593402.0,11594681.0,11594554.0
1787270430.240,11591795.0,11594370.0,11593265.0
1787270435.281,11596460.0,11599175.0,11596787.0
1787270440.320,11594681.0,11598840.0,11599139.0
1787270445.365,11594991.0,11597329.0,11597308.0
1787270450.402,11597576.0,11598410.0,11600961.0
1787270455.438,11590340.0,11593300.0,11593365.0
1787270460.481,11589820.0,11592557.0,11591582.0
1787270465.572,11593342.0,11595682.0,11597591.0
1787270470.639,11594332.0,11599217.0,11594332.0
1787270475.716,11595311.0,11598202.0,11596363.0
1787270480.798,11597361.0,11599182.0,11599920.0
1787270485.892,11601486.0,11603232.0,11603232.0
1787270490.960,11599749.0,11603962.0,11601623.0
1787270496.002,11594437.0,11598752.0,11596950.0
1787270501.043,11594941.0,11600334.0,11599103.0
1787270506.109,11596501.0,11600880.0,11599103.0
1787270511.189,11600553.0,11604325.0,11604040.0
1787270516.250,11601237.0,11605993.0,11605994.0
1787270521.306,11608292.0,11610776.0,11609884.0
1787270526.377,11604184.0,11606235.0,11606235.0
1787270531.438,11604470.0,11607358.0,11604339.0
1787270536.480,11599950.0,11602318.0,11601689.0
1787270541.545,11596316.0,11598315.0,11596973.0
1787270546.677,11591896.0,11593125.0,11594546.0
1787270551.753,11593718.0,11594583.0,11594383.0
1787270556.820,11594088.0,11595909.0,11594083.0
1787270561.871,11595699.0,11596612.0,11597273.0
1787270566.917,11599746.0,11602077.0,11601152.0
1787270571.965,11599617.0,11601512.0,11600923.0
1787270577.025,11604164.0,11606763.0,11604072.0
1787270582.069,11606420.0,11610775.0,11608619.0
1787270587.128,11606124.0,11608451.0,11605724.0
1787270592.196,11603388.0,11606454.0,11604230.0
1787270597.272,11602777.0,11605780.0,11604230.0
1787270602.349,11601572.0,11605683.0,11605998.0
1787270607.439,11602504.0,11605560.0,11605998.0
1787270612.501,11604429.0,11607510.0,11605998.0
1787270617.613,11603346.0,11606369.0,11606554.0
1787270622.678,11605440.0,11608515.0,11605441.0
1787270627.743,11604036.0,11608486.0,11605112.0
1787270632.806,11602837.0,11605878.0,11608095.0
1787270637.875,11603243.0,11605875.0,11603674.0
1787270642.954,11598714.0,11601975.0,11600764.0
1787270648.041,11603300.0,11605331.0,11606430.0
1787270653.131,11604242.0,11607274.0,11605079.0
1787270658.228,11602454.0,11604080.0,11602392.0
1787270663.326,11604158.0,11606807.0,11607345.0
1787270668.397,11604039.0,11605136.0,11606172.0
1787270673.477,11605239.0,11606457.0,11608170.0
1787270678.586,11604158.0,11605686.0,11608170.0
1787270683.772,11604158.0,11608452.0,11604158.0
1787270688.846,11605124.0,11606049.0,11605124.0
1787270693.948,11601759.0,11604878.0,11604158.0
1787270699.051,11601804.0,11605750.0,11606464.0
1787270704.123,11600875.0,11603883.0,11600967.0
1787270709.184,11601588.0,11606498.0,11604495.0
1787270714.231,11603252.0,11605472.0,11603252.0
1787270719.311,11608290.0,11610582.0,11608290.0
1787270724.356,11610537.0,11614201.0,11608290.0
1787270729.442,11610605.0,11612862.0,11610920.0
1787270735.117,11611154.0,11613444.0,11613000.0
1787270740.197,11611479.0,11613825.0,11611154.0
1787270745.520,11614019.0,11615905.0,11615904.0
1787270750.596,11613744.0,11616838.0,11614019.0
1787270755.756,11613125.0,11615696.0,11613744.0
1787270761.169,11613946.0,11616041.0,11613744.0
1787270766.308,11615229.0,11618371.0,11616621.0
1787270771.576,11616246.0,11619363.0,11617983.0
1787270776.804,11616561.0,11619801.0,11615711.0
1787270782.271,11618833.0,11620980.0,11619800.0
1787270787.319,11618151.0,11621460.0,11621460.0
1787270792.364,11621306.0,11623410.0,11621304.0
1787270797.470,11624337.0,11627270.0,11624341.0
1787270802.582,11633666.0,11635445.0,11635498.0
1787270807.653,11635445.0,11636226.0,11635445.0
1787270813.039,11632132.0,11634276.0,11634063.0
1787270818.160,11633229.0,11635898.0,11632132.0
1787270823.202,11637608.0,11638714.0,11638527.0
1787270828.519,11642359.0,11644681.0,11645700.0
1787270834.292,11642155.0,11647552.0,11642154.0
1787270839.360,11647417.0,11648680.0,11650000.0
1787270844.428,11644115.0,11647467.0,11645958.0
1787270849.502,11640759.0,11646566.0,11642959.0
1787270854.611,11638483.0,11642093.0,11639933.0
1787270859.683,11637420.0,11642940.0,11639917.0
1787270864.756,11636870.0,11640440.0,11639513.0
1787270869.973,11633648.0,11637878.0,11634643.0
1787270875.039,11629662.0,11631888.0,11630789.0
1787270880.077,11631257.0,11633847.0,11633847.0
1787270885.381,11628289.0,11632472.0,11630915.0
1787270890.614,11626025.0,11627725.0,11625697.0
1787270895.679,11624947.0,11629139.0,11627001.0
1787270900.946,11629127.0,11631794.0,11630404.0
1787270906.031,11626771.0,11629450.0,11627692.0
1787270911.083,11623159.0,11626033.0,11628954.0
1787270916.131,11624857.0,11628550.0,11628590.0
1787270921.362,11626663.0,11628762.0,11628590.0
1787270926.417,11624653.0,11628632.0,11628141.0
1787270931.883,11624504.0,11627377.0,11623670.0
1787270940.711,11622388.0,11624338.0,11622388.0
1787270945.783,11619511.0,11621397.0,11621503.0
1787270950.883,11620585.0,11623896.0,11621291.0
1787270955.999,11621030.0,11622381.0,11620722.0
1787270961.077,11619582.0,11622786.0,11621210.0
1787270966.142,11620729.0,11622597.0,11619454.0
1787270971.255,11622796.0,11624718.0,11625558.0
1787270976.308,11624163.0,11626953.0,11625558.0
1787270981.397,11628973.0,11631796.0,11629628.0
1787270986.510,11634015.0,11636685.0,11634620.0
1787270991.580,11633757.0,11636671.0,11636674.0
1787270996.652,11633758.0,11636417.0,11633757.0
1787271001.714,11635544.0,11637756.0,11637192.0
1787271006.790,11635209.0,11637806.0,11638917.0
1787271011.832,11638442.0,11642937.0,11638442.0
1787271016.876,11640606.0,11643019.0,11642936.0
1787271021.919,11643834.0,11645000.0,11643554.0
1787271026.965,11644966.0,11648449.0,11645664.0
1787271032.032,11644966.0,11645769.0,11646888.0
1787271037.118,11642836.0,11644066.0,11642074.0
1787271042.196,11642304.0,11645305.0,11643116.0
1787271047.237,11643714.0,11645750.0,11645258.0
1787271052.284,11641188.0,11644792.0,11642135.0
1787271057.330,11642274.0,11644953.0,11642626.0
1787271062.375,11641312.0,11643255.0,11643255.0
1787271067.423,11640440.0,11643605.0,11641521.0
1787271072.496,11639854.0,11642641.0,11643551.0
1787271077.631,11642007.0,11644894.0,11644622.0
1787271082.698,11641839.0,11644521.0,11644622.0
1787271087.767,11641019.0,11643858.0,11644622.0
1787271092.887,11638935.0,11641123.0,11639867.0
1787271097.967,11639222.0,11641770.0,11639867.0
1787271103.032,11635975.0,11638693.0,11636517.0
1787271108.078,11637328.0,11639715.0,11637236.0
1787271113.174,11637391.0,11640370.0,11637236.0
1787271118.265,11637877.0,11640000.0,11637236.0
1787271123.333,11637967.0,11639902.0,11640000.0
1787271128.582,11641035.0,11643997.0,11643997.0
1787271133.735,11642049.0,11644324.0,11641035.0
1787271138.810,11638097.0,11640829.0,11639340.0
1787271143.888,11636511.0,11640750.0,11636235.0
1787271148.933,11638111.0,11640231.0,11638642.0
1787271153.998,11640026.0,11642733.0,11638642.0
1787271159.060,11641340.0,11642700.0,11642700.0
1787271164.150,11641172.0,11642700.0,11642700.0
1787271169.214,11641331.0,11644240.0,11642700.0
1787271174.290,11642858.0,11645000.0,11642858.0
1787271179.361,11649326.0,11651847.0,11650599.0
1787271184.425,11647083.0,11649667.0,11648441.0
1787271189.504,11645545.0,11648257.0,11646685.0
1787271194.591,11649050.0,11652599.0,11649050.0
1787271199.666,11654061.0,11657396.0,11654061.0
1787271204.736,11654319.0,11658248.0,11659320.0
1787271209.786,11657558.0,11661232.0,11660492.0
1787271214.876,11658292.0,11661232.0,11660492.0
1787271219.925,11655883.0,11659471.0,11657651.0
1787271225.053,11648411.0,11650616.0,11648411.0
1787271230.096,11644019.0,11646767.0,11648411.0
1787271235.139,11642551.0,11645832.0,11645509.0
1787271240.184,11641070.0,11641137.0,11641118.0
1787271245.231,11635185.0,11636864.0,11634642.0
1787271250.275,11637779.0,11641051.0,11637779.0
1787271255.321,11639815.0,11644377.0,11638187.0
1787271260.365,11642953.0,11646751.0,11645737.0
1787271265.409,11643820.0,11647518.0,11645474.0
1787271270.451,11646277.0,11649010.0,11642354.0
1787271275.492,11653563.0,11657435.0,11655410.0
1787271280.577,11658792.0,11660000.0,11658734.0
1787271285.930,11664247.0,11668340.0,11664200.0
1787271291.256,11663396.0,11664918.0,11663603.0
1787271296.324,11661846.0,11665670.0,11660366.0
1787271301.389,11660367.0,11662675.0,11660366.0
1787271306.509,11660965.0,11663009.0,11661980.0
1787271311.580,11661523.0,11663771.0,11665338.0
1787271316.651,11659169.0,11665168.0,11663548.0
1787271321.731,11662536.0,11665503.0,11665394.0
1787271326.795,11660994.0,11663011.0,11661476.0
1787271331.864,11659445.0,11661412.0,11661476.0
1787271336.915,11652231.0,11656674.0,11654247.0
1787271341.960,11649625.0,11655612.0,11656323.0
1787271347.005,11648252.0,11652002.0,11648543.0
1787271352.049,11646430.0,11649566.0,11648543.0
1787271357.129,11645483.0,11651012.0,11650070.0
1787271362.212,11648968.0,11653027.0,11651942.0
1787271367.319,11653271.0,11656779.0,11654948.0
1787271372.379,11660216.0,11662313.0,11661870.0
1787271377.798,11659339.0,11663767.0,11659339.0
1787271382.870,11660835.0,11663635.0,11660888.0
1787271387.943,11656647.0,11661429.0,11656602.0
1787271393.330,11656978.0,11658855.0,11658855.0
1787271398.438,11656178.0,11659177.0,11656172.0
1787271403.555,11656645.0,11658390.0,11657939.0
1787271409.244,11660007.0,11662329.0,11660007.0
1787271414.495,11657523.0,11662195.0,11657594.0
1787271419.566,11656401.0,11661161.0,11657714.0
1787271424.681,11659084.0,11663428.0,11661935.0
1787271429.802,11658016.0,11661799.0,11658016.0
1787271434.869,11659000.0,11661200.0,11659000.0
1787271439.942,11663980.0,11666983.0,11664099.0
1787271445.014,11660560.0,11666632.0,11663975.0
1787271450.164,11665256.0,11668762.0,11667325.0
1787271455.204,11666271.0,11668691.0,11663979.0
1787271460.248,11665436.0,11670351.0,11667623.0
1787271465.293,11665968.0,11669390.0,11667623.0
1787271470.339,11664680.0,11668340.0,11668508.0
1787271475.387,11662922.0,11665754.0,11663869.0
1787271480.435,11662924.0,11668249.0,11663869.0
1787271485.591,11665524.0,11668340.0,11666830.0
1787271490.660,11668169.0,11670317.0,11666830.0
1787271495.792,11669593.0,11672331.0,11669212.0
1787271500.863,11680033.0,11685376.0,11680033.0
1787271505.931,11693087.0,11698500.0,11696109.0
1787271511.007,11694801.0,11698368.0,11696498.0
1787271516.089,11699377.0,11702767.0,11697315.0
1787271521.137,11709428.0,11715778.0,11717247.0
1787271526.274,11720332.0,11726712.0,11720332.0
1787271531.375,11703356.0,11705288.0,11705380.0
1787271536.450,11703505.0,11708624.0,11702453.0
1787271541.521,11692440.0,11697924.0,11693996.0
1787271546.593,11705540.0,11708334.0,11705540.0
1787271551.662,11711630.0,11715338.0,11711478.0
1787271556.754,11715845.0,11722497.0,11722953.0
1787271561.835,11708470.0,11712206.0,11710001.0
1787271566.909,11706364.0,11709146.0,11710844.0
1787271571.972,11705052.0,11711075.0,11709089.0
1787271577.017,11707567.0,11712830.0,11707391.0
1787271582.090,11700003.0,11706156.0,11700407.0
1787271587.131,11700057.0,11702854.0,11707200.0
1787271592.208,11697073.0,11697577.0,11697073.0
1787271597.281,11698818.0,11703491.0,11698770.0
1787271602.325,11689828.0,11692112.0,11695421.0
1787271607.390,11686524.0,11695388.0,11693693.0
1787271612.463,11687566.0,11691813.0,11690158.0
1787271617.531,11692832.0,11695006.0,11693304.0
1787271622.613,11690360.0,11690673.0,11691631.0
1787271627.691,11694311.0,11696983.0,11694086.0
1787271632.768,11691950.0,11696983.0,11694649.0
1787271637.835,11691706.0,11695886.0,11695420.0
1787271642.887,11692606.0,11697205.0,11695190.0
1787271647.950,11692748.0,11694576.0,11694649.0
1787271653.028,11694662.0,11695146.0,11694662.0
1787271658.101,11693531.0,11694996.0,11691397.0
1787271663.174,11693297.0,11697073.0,11696985.0
1787271668.248,11696356.0,11701125.0,11699573.0
1787271673.300,11696024.0,11698096.0,11698096.0
1787271678.378,11692542.0,11696762.0,11692780.0
1787271683.448,11697851.0,11700779.0,11695512.0
1787271688.497,11698553.0,11702579.0,11698511.0
1787271693.597,11696570.0,11701554.0,11694226.0
1787271698.640,11696788.0,11701193.0,11701327.0
1787271703.713,11697496.0,11701397.0,11697496.0
1787271708.823,11702868.0,11709531.0,11709531.0
1787271713.864,11703377.0,11708021.0,11703374.0
1787271718.932,11702809.0,11704394.0,11703883.0
1787271723.998,11704592.0,11709548.0,11707483.0
1787271729.134,11705459.0,11708164.0,11709026.0
1787271734.203,11706279.0,11708754.0,11705304.0
1787271739.272,11706279.0,11708548.0,11705304.0
1787271744.318,11705303.0,11707493.0,11705303.0
1787271749.383,11703725.0,11705015.0,11703725.0
1787271754.472,11704801.0,11709584.0,11709184.0
1787271759.535,11700000.0,11704920.0,11702567.0
1787271764.609,11703106.0,11705326.0,11704677.0
1787271769.657,11702621.0,11706459.0,11705718.0
1787271774.716,11701878.0,11707321.0,11703065.0
1787271779.782,11702928.0,11706210.0,11704749.0
1787271784.833,11700211.0,11706618.0,11705275.0
1787271789.935,11703619.0,11706515.0,11705275.0
1787271795.001,11702053.0,11706292.0,11701980.0
1787271800.066,11702571.0,11706119.0,11705071.0
1787271805.182,11700262.0,11704523.0,11702843.0
1787271810.232,11703974.0,11710086.0,11707509.0
1787271815.278,11707586.0,11713876.0,11712055.0
1787271820.326,11713510.0,11717203.0,11716575.0
1787271825.389,11714204.0,11717310.0,11717441.0
1787271830.436,11714923.0,11717500.0,11717441.0
1787271835.487,11716629.0,11718192.0,11716628.0
1787271840.552,11711502.0,11715353.0,11713087.0
1787271845.621,11707052.0,11710826.0,11710826.0
1787271850.691,11710328.0,11714073.0,11712871.0
1787271855.757,11715312.0,11718875.0,11714048.0
1787271860.823,11725583.0,11731409.0,11726348.0
1787271865.912,11721199.0,11724220.0,11724220.0
1787271871.020,11718737.0,11722595.0,11719543.0
1787271876.070,11717224.0,11720333.0,11718700.0
1787271881.113,11715528.0,11719233.0,11718357.0
1787271886.174,11716029.0,11718155.0,11716765.0
1787271891.271,11715896.0,11720268.0,11718081.0
1787271896.338,11717160.0,11720982.0,11719123.0
1787271901.385,11718659.0,11722871.0,11718659.0
1787271906.453,11721554.0,11724598.0,11722606.0
1787271911.514,11720484.0,11722606.0,11724088.0
1787271916.574,11727730.0,11728670.0,11727154.0
1787271921.651,11721913.0,11726230.0,11724237.0
1787271926.697,11724393.0,11727512.0,11724217.0
1787271931.760,11723988.0,11727376.0,11722696.0
1787271936.816,11722910.0,11726391.0,11722499.0
1787271941.880,11724105.0,11728249.0,11727377.0
1787271946.943,11725000.0,11727937.0,11727377.0
1787271952.010,11722981.0,11727133.0,11725000.0
1787271957.159,11724617.0,11726725.0,11725000.0
1787271962.202,11724182.0,11727298.0,11725188.0
1787271967.279,11722661.0,11723920.0,11723208.0
1787271972.422,11722819.0,11725804.0,11723593.0
1787271977.464,11720644.0,11722136.0,11722484.0
1787271982.526,11722385.0,11726578.0,11725104.0
1787271987.587,11727754.0,11727768.0,11727769.0
1787271992.657,11722600.0,11723706.0,11723707.0
1787271997.731,11720881.0,11724795.0,11725673.0
1787272002.889,11723747.0,11726552.0,11724829.0
1787272007.961,11720813.0,11724694.0,11724829.0
1787272013.062,11721839.0,11724827.0,11724697.0
1787272018.130,11724876.0,11728370.0,11727156.0
1787272023.197,11724795.0,11727684.0,11724705.0
1787272028.272,11724705.0,11728908.0,11724705.0
1787272033.329,11724704.0,11725152.0,11724704.0
1787272038.418,11721874.0,11724704.0,11724704.0
1787272043.482,11725702.0,11729185.0,11725702.0
1787272048.546,11726847.0,11730000.0,11725702.0
1787272053.620,11728682.0,11731652.0,11727803.0
1787272058.716,11727928.0,11730053.0,11729749.0
1787272063.778,11727650.0,11730695.0,11727650.0
1787272068.856,11724714.0,11727242.0,11724690.0
1787272073.939,11730499.0,11731323.0,11732703.0
1787272079.012,11728625.0,11732436.0,11731307.0
1787272084.057,11723039.0,11726011.0,11725659.0
1787272089.143,11725659.0,11725716.0,11723052.0
1787272094.212,11723054.0,11725661.0,11726649.0
1787272099.343,11725675.0,11729342.0,11727429.0
1787272104.405,11725801.0,11727155.0,11727155.0
1787272109.472,11725846.0,11727187.0,11729034.0
1787272114.539,11725855.0,11728708.0,11725853.0
1787272119.611,11721518.0,11723146.0,11721722.0
1787272124.716,11723945.0,11729792.0,11726688.0
1787272129.828,11724289.0,11728659.0,11726688.0
1787272134.946,11726055.0,11731070.0,11722445.0
1787272140.017,11727817.0,11731394.0,11731395.0
1787272145.081,11721604.0,11726436.0,11723102.0
1787272150.147,11723888.0,11724582.0,11723761.0
1787272155.213,11717410.0,11720720.0,11718794.0
1787272160.310,11717595.0,11721743.0,11719895.0
1787272165.360,11721323.0,11726801.0,11726616.0
1787272170.404,11722170.0,11726725.0,11728331.0
1787272175.448,11720978.0,11723078.0,11721022.0
1787272180.492,11713760.0,11716578.0,11714249.0
1787272185.581,11711579.0,11713492.0,11712930.0
1787272190.649,11701353.0,11703999.0,11701353.0
1787272195.721,11700318.0,11703043.0,11701604.0
1787272200.806,11703794.0,11707381.0,11703718.0
1787272205.857,11701836.0,11703118.0,11703575.0
1787272210.914,11704715.0,11706340.0,11706704.0
1787272215.962,11698906.0,11700500.0,11700961.0
1787272221.029,11699659.0,11703286.0,11701673.0
1787272226.099,11700295.0,11703720.0,11701673.0
1787272231.305,11708866.0,11712060.0,11707129.0
1787272236.354,11707435.0,11712397.0,11709799.0
1787272241.418,11710227.0,11715111.0,11713672.0
1787272246.601,11706828.0,11710730.0,11710730.0
1787272251.687,11708894.0,11715967.0,11710519.0
1787272256.761,11708345.0,11712324.0,11710519.0
1787272261.847,11708555.0,11713995.0,11712324.0
1787272266.960,11709091.0,11713182.0,11710837.0
1787272272.027,11711329.0,11715070.0,11713383.0
1787272277.092,11711723.0,11715717.0,11711292.0
1787272282.165,11712831.0,11716444.0,11712829.0
1787272287.208,11723681.0,11726955.0,11724788.0
1787272292.278,11726267.0,11731128.0,11726895.0
1787272297.331,11725522.0,11728598.0,11726430.0
1787272302.412,11729293.0,11733798.0,11733302.0
1787272307.455,11740510.0,11743616.0,11740950.0
1787272312.538,11741066.0,11748053.0,11742979.0
1787272317.613,11734417.0,11738582.0,11742209.0
1787272322.681,11742488.0,11747497.0,11743560.0
1787272327.765,11747634.0,11751548.0,11748697.0
1787272332.835,11750674.0,11757806.0,11750674.0
1787272337.997,11742874.0,11749562.0,11751010.0
1787272343.108,11740780.0,11742802.0,11741646.0
1787272348.169,11740606.0,11746211.0,11742780.0
1787272353.287,11738322.0,11740163.0,11739303.0
1787272358.356,11735979.0,11739826.0,11739399.0
1787272363.414,11730635.0,11735420.0,11730635.0
1787272368.481,11727680.0,11734381.0,11730635.0
1787272373.547,11734594.0,11737690.0,11731651.0
1787272378.616,11734028.0,11739403.0,11739403.0
1787272383.709,11725583.0,11729924.0,11728312.0
1787272388.854,11728331.0,11730635.0,11728399.0
1787272393.916,11728506.0,11731926.0,11731314.0
1787272398.981,11728332.0,11730024.0,11730420.0
1787272404.046,11725878.0,11729389.0,11725766.0
1787272409.091,11726387.0,11730424.0,11730425.0
1787272414.171,11725301.0,11729632.0,11725301.0
1787272419.287,11724198.0,11726577.0,11724225.0
1787272424.411,11717328.0,11720382.0,11720382.0
1787272429.474,11715795.0,11720329.0,11722771.0
1787272434.553,11717628.0,11719566.0,11717088.0
1787272439.694,11715499.0,11718012.0,11715499.0
1787272444.755,11711659.0,11714089.0,11711659.0
1787272449.829,11704386.0,11710083.0,11707739.0
1787272454.920,11705297.0,11707780.0,11709221.0
1787272459.989,11714309.0,11715011.0,11709942.0
1787272465.607,11713080.0,11714342.0,11714780.0
1787272470.681,11712802.0,11717025.0,11716286.0
1787272475.748,11711639.0,11714850.0,11714850.0
1787272480.843,11712331.0,11715225.0,11716856.0
1787272485.887,11713497.0,11716862.0,11715960.0
1787272490.953,11714935.0,11716864.0,11716864.0
1787272496.069,11715015.0,11716864.0,11716864.0
1787272501.229,11713329.0,11716854.0,11714935.0
1787272506.407,11713329.0,11715482.0,11716416.0
1787272511.464,11708783.0,11712954.0,11711478.0
1787272516.551,11710073.0,11713186.0,11711047.0
1787272521.611,11710971.0,11716102.0,11713294.0
1787272526.653,11718401.0,11723314.0,11721689.0
1787272531.698,11719571.0,11723272.0,11721719.0
1787272536.751,11717111.0,11720540.0,11717442.0
1787272541.894,11713811.0,11714441.0,11715612.0
1787272546.995,11712827.0,11717053.0,11717479.0
1787272552.043,11710896.0,11715457.0,11711756.0
1787272557.088,11709566.0,11712933.0,11711756.0
1787272562.159,11709566.0,11712725.0,11709566.0
1787272567.233,11705687.0,11709321.0,11706040.0
1787272572.308,11700000.0,11702605.0,11701831.0
1787272577.399,11700554.0,11701877.0,11701700.0
1787272582.443,11699196.0,11703366.0,11700434.0
1787272587.487,11696659.0,11702584.0,11699195.0
1787272592.591,11698625.0,11702260.0,11698240.0
1787272597.662,11698961.0,11704210.0,11702251.0
1787272602.732,11698413.0,11702039.0,11702251.0
1787272607.871,11694870.0,11698910.0,11697005.0
1787272612.936,11694154.0,11698583.0,11694810.0
1787272618.020,11693561.0,11696834.0,11693561.0
1787272623.093,11694415.0,11697554.0,11692484.0
1787272628.166,11697554.0,11697875.0,11693607.0
1787272633.236,11695871.0,11697542.0,11696282.0
1787272638.277,11695273.0,11697494.0,11696282.0
1787272643.352,11686610.0,11690416.0,11688888.0
1787272648.394,11682213.0,11685101.0,11682213.0
1787272653.462,11678209.0,11682494.0,11677611.0
1787272658.553,11681357.0,11685789.0,11685789.0
1787272663.618,11684216.0,11687693.0,11687693.0
1787272668.685,11684806.0,11688630.0,11687642.0
1787272673.748,11683085.0,11687704.0,11684920.0
1787272678.796,11683845.0,11686941.0,11684920.0
1787272683.840,11683571.0,11688163.0,11687154.0
1787272688.948,11688346.0,11691387.0,11689235.0
1787272694.078,11691048.0,11693271.0,11695793.0
1787272699.168,11685140.0,11688811.0,11685015.0
1787272704.232,11685698.0,11691305.0,11685015.0
1787272709.295,11688588.0,11695076.0,11691894.0
1787272714.359,11691652.0,11696279.0,11691894.0
1787272719.433,11693109.0,11698785.0,11692556.0
1787272724.510,11696207.0,11699758.0,11692556.0
1787272729.590,11697128.0,11699758.0,11692556.0
1787272734.671,11706587.0,11710749.0,11708852.0
1787272739.729,11712130.0,11717798.0,11710913.0
1787272744.790,11709862.0,11713371.0,11710890.0
1787272749.875,11705673.0,11709054.0,11703893.0
1787272754.946,11705336.0,11708978.0,11703893.0
1787272760.048,11704159.0,11708896.0,11703893.0
1787272765.120,11700908.0,11704327.0,11702502.0
1787272770.223,11698851.0,11703890.0,11701431.0
1787272775.268,11701293.0,11704306.0,11701431.0
1787272780.354,11700689.0,11703885.0,11701431.0
1787272785.397,11699395.0,11703473.0,11703520.0
1787272790.440,11702960.0,11706814.0,11704848.0
1787272795.481,11700218.0,11704370.0,11701567.0
1787272800.526,11700442.0,11703899.0,11704614.0
1787272805.599,11699243.0,11703781.0,11704614.0
1787272810.703,11695021.0,11699407.0,11698502.0
1787272815.777,11698024.0,11701442.0,11698502.0
1787272820.847,11691501.0,11696148.0,11692961.0
1787272825.918,11690593.0,11695256.0,11696130.0
1787272830.987,11694356.0,11698180.0,11696573.0
1787272836.064,11694487.0,11697756.0,11696573.0
1787272841.139,11694356.0,11695404.0,11696573.0
1787272846.194,11690464.0,11695538.0,11694356.0
1787272851.256,11690854.0,11696740.0,11690854.0
1787272856.302,11690703.0,11695076.0,11690854.0
1787272861.351,11694676.0,11696090.0,11694645.0
1787272866.438,11688667.0,11693916.0,11693137.0
1787272871.510,11686028.0,11688821.0,11693137.0
1787272876.612,11687655.0,11690300.0,11693137.0
1787272881.712,11685663.0,11689784.0,11693137.0
1787272886.756,11688170.0,11690772.0,11688395.0
1787272891.806,11690369.0,11695458.0,11693138.0
1787272896.873,11694027.0,11697336.0,11695639.0
1787272901.956,11697192.0,11698030.0,11698030.0
1787272907.005,11695870.0,11699249.0,11699526.0
1787272912.073,11692578.0,11694459.0,11695174.0
1787272917.144,11690560.0,11692895.0,11692504.0
1787272922.186,11690696.0,11693295.0,11692504.0
1787272927.236,11689099.0,11691115.0,11690461.0
1787272932.286,11687144.0,11692760.0,11690391.0
1787272937.330,11689689.0,11693236.0,11687362.0
1787272942.390,11691895.0,11695879.0,11693244.0
1787272947.449,11692179.0,11695709.0,11693244.0
1787272952.493,11697931.0,11699565.0,11697398.0
1787272957.567,11697205.0,11700475.0,11697398.0
1787272962.629,11699663.0,11701356.0,11700324.0
1787272967.696,11696742.0,11700768.0,11697954.0
1787272972.762,11696403.0,11700568.0,11697954.0
1787272977.835,11699761.0,11701356.0,11701356.0
1787272982.909,11709764.0,11715289.0,11720752.0
1787272987.988,11716665.0,11718153.0,11716287.0
1787272993.047,11712422.0,11715375.0,11713858.0
1787272998.105,11715741.0,11716024.0,11712416.0
1787273003.146,11715782.0,11718399.0,11716024.0
1787273008.211,11713600.0,11716817.0,11715725.0
1787273013.275,11713402.0,11717929.0,11715725.0
1787273018.340,11713192.0,11715760.0,11715408.0
1787273023.432,11710731.0,11714047.0,11711920.0
1787273028.499,11714602.0,11716799.0,11712073.0
1787273033.577,11713493.0,11715410.0,11714839.0
1787273038.647,11713763.0,11717608.0,11716287.0
1787273043.720,11713420.0,11714109.0,11713420.0
1787273048.821,11712771.0,11715815.0,11715926.0
1787273053.880,11714773.0,11718405.0,11717429.0
1787273058.953,11714035.0,11716467.0,11714709.0
1787273064.020,11715224.0,11718104.0,11715709.0
1787273069.086,11715727.0,11718330.0,11715709.0
1787273074.161,11713869.0,11715826.0,11714292.0
1787273079.259,11713618.0,11716235.0,11714858.0
1787273084.325,11715035.0,11717713.0,11718204.0
1787273089.385,11714558.0,11717611.0,11715044.0
1787273094.446,11713195.0,11714685.0,11714468.0
1787273099.515,11710182.0,11714101.0,11709915.0
1787273104.576,11711658.0,11712121.0,11711658.0
1787273109.684,11710357.0,11712526.0,11711083.0
1787273114.755,11713298.0,11716094.0,11713744.0
1787273119.832,11713303.0,11715910.0,11713744.0
1787273124.904,11715831.0,11718239.0,11715831.0
1787273129.966,11716304.0,11718374.0,11715831.0
1787273135.010,11721580.0,11725079.0,11721676.0
1787273140.079,11714939.0,11718743.0,11716582.0
1787273145.131,11714939.0,11716395.0,11718739.0
1787273150.202,11712073.0,11714434.0,11711758.0
1787273155.271,11712179.0,11713619.0,11712179.0
1787273160.333,11708598.0,11709837.0,11712179.0
1787273165.406,11708598.0,11710404.0,11710339.0
1787273170.448,11706047.0,11708083.0,11708598.0
1787273175.488,11705807.0,11709370.0,11708336.0
1787273180.548,11705768.0,11708759.0,11706940.0
1787273185.612,11706940.0,11710507.0,11708717.0
1787273190.685,11705578.0,11708597.0,11705577.0
1787273195.752,11709884.0,11712261.0,11708597.0
1787273200.822,11708192.0,11710002.0,11709074.0
1787273205.871,11707244.0,11709842.0,11708196.0
1787273210.939,11707859.0,11710499.0,11709230.0
1787273215.991,11708450.0,11712623.0,11710040.0
1787273221.063,11710809.0,11712687.0,11713261.0
1787273226.137,11709618.0,11712667.0,11713261.0
1787273231.271,11708640.0,11711328.0,11713261.0
1787273236.315,11708737.0,11711604.0,11713261.0
1787273241.356,11709515.0,11712063.0,11706777.0
1787273246.415,11708991.0,11710534.0,11706777.0
1787273251.457,11708495.0,11709605.0,11706777.0
1787273256.503,11706739.0,11708814.0,11706739.0
1787273261.572,11705199.0,11707732.0,11708033.0
1787273266.614,11705967.0,11707827.0,11707688.0
1787273271.673,11703807.0,11705714.0,11704138.0
1787273276.744,11704325.0,11707279.0,11707340.0
1787273281.861,11705011.0,11708462.0,11707340.0
1787273287.015,11710513.0,11715823.0,11713262.0
1787273292.147,11714559.0,11718701.0,11714559.0
1787273297.240,11714941.0,11718012.0,11714820.0
1787273302.308,11716019.0,11720252.0,11716734.0
1787273307.366,11720183.0,11725332.0,11722480.0
1787273312.440,11725424.0,11728238.0,11724238.0
1787273317.491,11729468.0,11731796.0,11729000.0
1787273322.556,11728569.0,11732727.0,11729000.0
1787273327.620,11729180.0,11731530.0,11729000.0
1787273332.685,11727076.0,11728687.0,11729438.0
1787273337.752,11725806.0,11728124.0,11728233.0
1787273342.851,11723603.0,11725578.0,11725805.0
1787273347.926,11724506.0,11728094.0,11725805.0
1787273352.972,11727796.0,11731422.0,11730561.0
1787273358.048,11729845.0,11731396.0,11730061.0
1787273363.089,11731554.0,11732590.0,11730061.0
1787273368.198,11733283.0,11736934.0,11735000.0
1787273373.315,11731274.0,11734343.0,11733034.0
1787273378.359,11732569.0,11733585.0,11732569.0
1787273383.407,11732665.0,11734227.0,11733585.0
1787273388.474,11730776.0,11732364.0,11730172.0
1787273393.548,11722764.0,11724050.0,11722764.0
1787273398.634,11724661.0,11726470.0,11725204.0
1787273403.698,11724022.0,11726673.0,11724022.0
1787273408.771,11720026.0,11722295.0,11721557.0
1787273413.842,11721425.0,11723119.0,11721557.0
1787273418.916,11722713.0,11725329.0,11723119.0
1787273423.979,11720297.0,11723980.0,11723119.0
1787273429.021,11721736.0,11725010.0,11723119.0
1787273434.081,11720285.0,11722977.0,11720518.0
1787273439.151,11720979.0,11722830.0,11720518.0
1787273444.192,11718585.0,11719448.0,11718678.0
1787273449.255,11716617.0,11721265.0,11715860.0
1787273454.324,11721661.0,11724712.0,11721648.0
1787273459.369,11722106.0,11725424.0,11721648.0
1787273464.436,11722107.0,11725840.0,11722226.0
1787273469.506,11727158.0,11729853.0,11730185.0
1787273474.570,11725726.0,11729099.0,11727971.0
1787273479.637,11726877.0,11729284.0,11731409.0
1787273484.701,11723533.0,11726767.0,11724992.0
1787273489.762,11723591.0,11726145.0,11726145.0
1787273494.823,11722360.0,11724817.0,11725102.0
1787273499.881,11722814.0,11726105.0,11723059.0
1787273504.949,11723516.0,11726526.0,11722814.0
1787273510.015,11722535.0,11726626.0,11722814.0
1787273515.065,11722795.0,11725822.0,11722538.0
1787273520.123,11722809.0,11725938.0,11725365.0
1787273525.236,11731517.0,11735652.0,11734541.0
1787273530.358,11730800.0,11734694.0,11732536.0
1787273535.400,11730850.0,11734663.0,11732536.0
1787273540.474,11733710.0,11737794.0,11735768.0
1787273545.521,11732800.0,11735609.0,11732800.0
1787273550.579,11727280.0,11729843.0,11728806.0
1787273555.639,11725991.0,11729124.0,11725991.0
1787273560.710,11731342.0,11733600.0,11731119.0
1787273565.779,11728743.0,11731044.0,11731119.0
1787273570.843,11728306.0,11731733.0,11731119.0
1787273575.889,11730279.0,11733421.0,11731604.0
1787273580.964,11733490.0,11735868.0,11733630.0
1787273586.037,11726002.0,11729544.0,11729879.0
1787273591.110,11724047.0,11726917.0,11725992.0
1787273596.154,11724653.0,11727325.0,11727345.0
1787273601.284,11728061.0,11730438.0,11728776.0
1787273606.345,11728204.0,11730257.0,11728061.0
1787273611.491,11724071.0,11728481.0,11727430.0
1787273616.577,11729089.0,11730677.0,11731052.0
1787273621.728,11724059.0,11727227.0,11726126.0
1787273626.802,11724061.0,11726467.0,11726126.0
1787273631.870,11724066.0,11727241.0,11725871.0
1787273636.931,11723160.0,11725870.0,11725871.0
1787273642.005,11723345.0,11725870.0,11725871.0
1787273647.071,11715119.0,11715455.0,11715483.0
1787273652.113,11718044.0,11719854.0,11717039.0
1787273657.179,11716544.0,11719585.0,11718040.0
1787273662.238,11713116.0,11715545.0,11715119.0
1787273667.302,11712913.0,11715111.0,11715119.0
1787273672.407,11715796.0,11718031.0,11715369.0
1787273677.495,11711810.0,11716279.0,11713822.0
1787273682.570,11708152.0,11710509.0,11707606.0
1787273687.637,11709831.0,11712353.0,11709831.0
1787273692.703,11708677.0,11713324.0,11709150.0
1787273697.757,11707606.0,11709678.0,11709181.0
1787273702.806,11706098.0,11707787.0,11707606.0
1787273707.890,11706930.0,11709296.0,11707610.0
1787273712.960,11705895.0,11709197.0,11709295.0
1787273718.027,11705229.0,11707284.0,11706652.0
1787273723.098,11700000.0,11704793.0,11703257.0
1787273728.184,11700000.0,11702656.0,11700000.0
1787273733.260,11695912.0,11699750.0,11697527.0
1787273738.301,11698927.0,11700369.0,11697653.0
1787273743.345,11702467.0,11706643.0,11702203.0
1787273748.396,11703376.0,11706643.0,11706643.0
1787273753.462,11704012.0,11708909.0,11707519.0
1787273758.521,11701830.0,11705407.0,11703155.0
1787273763.601,11697639.0,11700530.0,11701413.0
1787273768.686,11693995.0,11697954.0,11695181.0
1787273773.746,11696784.0,11700344.0,11698556.0
1787273778.900,11703790.0,11710214.0,11705969.0
1787273783.966,11704852.0,11708042.0,11704833.0
1787273789.165,11704371.0,11706651.0,11704858.0
1787273794.267,11705069.0,11706853.0,11706682.0
1787273799.341,11705137.0,11707729.0,11706682.0
1787273804.427,11707928.0,11709016.0,11707963.0
1787273809.510,11706223.0,11711150.0,11707928.0
1787273814.598,11701787.0,11705584.0,11703713.0
1787273819.660,11702997.0,11707206.0,11706587.0
1787273824.740,11700557.0,11703801.0,11703113.0
1787273829.857,11700958.0,11704718.0,11700957.0
1787273834.926,11703337.0,11706046.0,11700957.0
1787273839.990,11703588.0,11707335.0,11700957.0
1787273845.072,11703923.0,11706792.0,11703890.0
1787273850.153,11704159.0,11707764.0,11706749.0
1787273855.232,11707113.0,11709201.0,11709356.0
1787273860.314,11708662.0,11710390.0,11709356.0
1787273865.374,11711579.0,11714815.0,11713712.0
1787273870.447,11706904.0,11710870.0,11708219.0
1787273875.490,11707048.0,11710033.0,11708724.0
1787273880.551,11708697.0,11711772.0,11708724.0
1787273885.599,11709602.0,11712936.0,11708724.0
1787273890.659,11712279.0,11714342.0,11711724.0
1787273895.734,11712971.0,11715229.0,11711724.0
1787273900.782,11714158.0,11716092.0,11715229.0
1787273905.847,11714543.0,11716092.0,11716092.0
1787273910.895,11715022.0,11716092.0,11714552.0
1787273915.949,11716163.0,11719101.0,11719101.0
1787273920.992,11714601.0,11717596.0,11717938.0
1787273926.056,11714667.0,11718031.0,11718767.0
1787273931.132,11713188.0,11716673.0,11715643.0
1787273936.218,11713917.0,11717700.0,11715643.0
1787273941.279,11715357.0,11717139.0,11718030.0
1787273946.352,11711053.0,11713350.0,11711724.0
1787273951.409,11710089.0,11712276.0,11711724.0
1787273956.456,11710307.0,11712639.0,11711724.0
1787273961.568,11710472.0,11716187.0,11713108.0
1787273966.694,11710088.0,11714490.0,11712511.0
1787273971.760,11712773.0,11715342.0,11712511.0
1787273976.826,11711003.0,11715740.0,11712511.0
1787273981.870,11713809.0,11716696.0,11712511.0
1787273986.923,11713695.0,11716334.0,11712855.0
1787273992.008,11711905.0,11715306.0,11714401.0
1787273997.067,11712437.0,11716101.0,11714266.0
1787274002.131,11710220.0,11715183.0,11717272.0
1787274007.863,11708057.0,11712800.0,11713000.0
1787274012.910,11711000.0,11713443.0,11709970.0
1787274018.108,11708446.0,11712883.0,11709698.0
1787274023.169,11709653.0,11713395.0,11712278.0
1787274028.240,11709916.0,11712324.0,11712278.0
1787274033.286,11710400.0,11713057.0,11712278.0
1787274038.343,11710185.0,11712901.0,11711674.0
1787274043.413,11709029.0,11713057.0,11711881.0
1787274048.458,11709039.0,11712261.0,11711881.0
1787274053.521,11708687.0,11710706.0,11709270.0
1787274058.592,11709759.0,11712507.0,11709270.0
1787274063.677,11712711.0,11715902.0,11713697.0
1787274068.749,11710737.0,11714613.0,11712750.0
1787274073.823,11708610.0,11710316.0,11707440.0
1787274078.888,11713350.0,11715767.0,11713404.0
1787274083.956,11715866.0,11717967.0,11713404.0
1787274089.032,11714751.0,11717267.0,11715747.0
1787274094.114,11712959.0,11715068.0,11712776.0
1787274099.179,11713256.0,11717178.0,11713223.0
1787274104.267,11714734.0,11715900.0,11713223.0
1787274109.557,11713603.0,11715509.0,11713223.0
1787274114.634,11717461.0,11719006.0,11719653.0
1787274119.705,11720958.0,11723308.0,11723308.0
1787274124.770,11725928.0,11728138.0,11723583.0
1787274129.842,11727193.0,11730552.0,11726138.0
1787274134.952,11729148.0,11733882.0,11730552.0
1787274139.995,11731013.0,11732825.0,11730927.0
1787274145.055,11729640.0,11732839.0,11728820.0
1787274150.123,11731166.0,11734234.0,11734234.0
1787274155.188,11729054.0,11732995.0,11729054.0
1787274160.235,11731228.0,11734352.0,11734352.0
1787274165.323,11733141.0,11735727.0,11734352.0
1787274170.406,11732285.0,11735293.0,11734851.0
1787274175.466,11734396.0,11735955.0,11736090.0
1787274180.565,11732609.0,11734791.0,11733657.0
1787274185.657,11732799.0,11736086.0,11732799.0
1787274190.706,11732609.0,11734490.0,11735971.0
1787274195.772,11732671.0,11735658.0,11735971.0
1787274200.822,11732273.0,11733801.0,11733715.0
1787274205.909,11730158.0,11732158.0,11733715.0
1787274210.983,11731998.0,11733184.0,11733656.0
1787274216.023,11731998.0,11735456.0,11733656.0
1787274221.106,11733427.0,11735648.0,11734974.0
1787274226.153,11733768.0,11734974.0,11735649.0
1787274231.214,11739611.0,11742959.0,11742780.0
1787274236.616,11740933.0,11742231.0,11739784.0
1787274241.683,11740520.0,11742522.0,11740059.0
1787274246.769,11737728.0,11740846.0,11740766.0
1787274251.840,11744290.0,11747080.0,11747155.0
1787274256.988,11741742.0,11746808.0,11746782.0
1787274262.057,11744781.0,11747497.0,11746782.0
1787274267.148,11743401.0,11746727.0,11744695.0
1787274272.249,11742909.0,11744800.0,11744113.0
1787274277.333,11745081.0,11747923.0,11747054.0
1787274282.431,11747169.0,11749980.0,11747169.0
1787274287.596,11746603.0,11750000.0,11747926.0
1787274292.705,11743100.0,11745263.0,11744961.0
1787274297.770,11736180.0,11738122.0,11736180.0
1787274302.812,11733578.0,11735531.0,11735975.0
1787274307.980,11729045.0,11733275.0,11733275.0
1787274313.138,11728252.0,11730314.0,11729092.0
1787274318.266,11728757.0,11732959.0,11729092.0
1787274323.864,11731406.0,11734037.0,11730357.0
1787274328.939,11732369.0,11737826.0,11732067.0
1787274334.079,11734425.0,11736479.0,11736194.0
1787274339.188,11733701.0,11735836.0,11737146.0
1787274344.246,11729664.0,11731742.0,11730164.0
1787274349.314,11729730.0,11733702.0,11730164.0
1787274354.413,11729748.0,11733413.0,11732090.0
1787274359.477,11730786.0,11733402.0,11730482.0
1787274364.817,11731154.0,11734917.0,11730482.0
1787274370.196,11733073.0,11734430.0,11737414.0
1787274376.750,11735991.0,11738901.0,11734631.0
1787274381.818,11736364.0,11738473.0,11736633.0
1787274386.876,11737560.0,11740293.0,11736633.0
1787274391.952,11735248.0,11737617.0,11737560.0
1787274397.015,11733082.0,11736054.0,11737560.0
1787274402.084,11729689.0,11731383.0,11730482.0
1787274407.199,11734324.0,11738921.0,11734291.0
1787274412.270,11735493.0,11738978.0,11739665.0
1787274417.344,11737762.0,11740090.0,11735692.0
1787274422.490,11741477.0,11742800.0,11741510.0
1787274427.587,11738283.0,11742049.0,11740628.0
1787274432.659,11739107.0,11742591.0,11737792.0
1787274437.738,11737077.0,11741682.0,11740206.0
1787274442.843,11735079.0,11739907.0,11735999.0
1787274448.133,11736280.0,11742547.0,11740138.0
1787274453.203,11739988.0,11742749.0,11740138.0
1787274458.492,11734630.0,11738409.0,11735984.0
1787274463.758,11740333.0,11742885.0,11738297.0
1787274468.823,11741519.0,11744576.0,11738297.0
1787274473.906,11741487.0,11744569.0,11742392.0
1787274478.976,11738370.0,11742421.0,11739281.0
1787274484.961,11740199.0,11740242.0,11740723.0
1787274490.382,11741707.0,11746600.0,11743612.0
1787274495.504,11745443.0,11748210.0,11748211.0
1787274500.565,11748511.0,11752110.0,11751957.0
1787274505.627,11748604.0,11751346.0,11754623.0
1787274510.801,11744463.0,11749286.0,11745338.0
1787274515.842,11745647.0,11748861.0,11745338.0
1787274525.759,11744859.0,11747588.0,11746352.0
1787274530.982,11741955.0,11744488.0,11744488.0
1787274536.057,11739015.0,11741445.0,11740221.0
1787274541.116,11742562.0,11744533.0,11744533.0
1787274546.214,11740872.0,11745485.0,11742971.0
1787274551.266,11740125.0,11743797.0,11742971.0
1787274556.359,11742297.0,11745443.0,11743753.0
1787274561.433,11745355.0,11745841.0,11745355.0
1787274566.497,11745556.0,11748095.0,11745556.0
1787274571.569,11746308.0,11748095.0,11745556.0
1787274576.658,11749405.0,11753332.0,11750375.0
1787274581.725,11750860.0,11753395.0,11747879.0
1787274586.810,11749691.0,11752180.0,11750860.0
1787274591.896,11747914.0,11751416.0,11749726.0
1787274597.004,11748513.0,11752306.0,11749726.0
1787274602.083,11750562.0,11753394.0,11749726.0
1787274607.156,11752090.0,11753991.0,11753307.0
1787274612.226,11753839.0,11755655.0,11753697.0
1787274617.309,11752344.0,11754442.0,11753697.0
1787274622.357,11753090.0,11755176.0,11755572.0
1787274627.430,11750594.0,11753840.0,11753160.0
1787274632.497,11754426.0,11755651.0,11750721.0
1787274637.567,11753206.0,11755462.0,11755651.0
1787274642.636,11753887.0,11755655.0,11755651.0
1787274647.732,11754495.0,11755263.0,11755651.0
1787274652.804,11751905.0,11755103.0,11753108.0
1787274657.904,11752288.0,11756714.0,11755655.0
1787274662.968,11746264.0,11749740.0,11747277.0
1787274668.030,11746540.0,11750402.0,11746243.0
1787274673.098,11746068.0,11750341.0,11748416.0
1787274678.159,11746342.0,11750710.0,11748416.0
1787274683.280,11746380.0,11748823.0,11747722.0
1787274688.329,11744179.0,11747058.0,11746060.0
1787274693.397,11745048.0,11748771.0,11747969.0
1787274698.474,11745684.0,11749596.0,11747195.0
1787274703.544,11750986.0,11753206.0,11751405.0
1787274708.617,11749139.0,11751630.0,11750093.0
1787274713.698,11750259.0,11752418.0,11751630.0
1787274718.763,11751062.0,11754073.0,11752418.0
1787274723.828,11752652.0,11756817.0,11754491.0
1787274728.886,11754709.0,11758635.0,11756820.0
1787274734.011,11750000.0,11754886.0,11751499.0
1787274739.086,11747712.0,11751641.0,11750000.0
1787274744.147,11747587.0,11752317.0,11748740.0
1787274749.223,11748778.0,11751981.0,11752129.0
1787274754.309,11747364.0,11752330.0,11748638.0
1787274759.375,11747597.0,11749981.0,11748638.0
1787274764.444,11749322.0,11753169.0,11753183.0
1787274769.532,11749443.0,11751166.0,11749875.0
1787274774.637,11747762.0,11751162.0,11751165.0
1787274779.707,11748104.0,11750407.0,11750549.0
1787274784.774,11749353.0,11752658.0,11750549.0
1787274789.872,11753461.0,11756231.0,11753318.0
1787274794.932,11756739.0,11760000.0,11758250.0
1787274800.016,11755673.0,11759493.0,11756740.0
1787274805.089,11756335.0,11761639.0,11756221.0
1787274810.192,11757643.0,11761248.0,11757110.0
1787274815.282,11757087.0,11760707.0,11757833.0
1787274820.348,11758065.0,11760736.0,11758027.0
1787274825.417,11760734.0,11763935.0,11760734.0
1787274830.473,11758580.0,11760942.0,11758580.0
1787274835.543,11758581.0,11761412.0,11758580.0
1787274840.616,11757605.0,11761299.0,11758580.0
1787274845.809,11757035.0,11760814.0,11757608.0
1787274850.882,11757512.0,11760511.0,11757608.0
1787274855.919,11755098.0,11757447.0,11755608.0
1787274860.986,11755097.0,11757999.0,11755608.0
1787274866.057,11753441.0,11753761.0,11753441.0
1787274871.116,11752815.0,11754389.0,11752815.0
1787274876.153,11749655.0,11752468.0,11750192.0
1787274881.191,11753732.0,11756195.0,11754584.0
1787274886.227,11753211.0,11756195.0,11755731.0
1787274891.290,11754584.0,11756195.0,11754584.0
1787274896.332,11757525.0,11759695.0,11756195.0
1787274901.379,11759633.0,11763019.0,11760562.0
1787274906.446,11759326.0,11762433.0,11760334.0
1787274911.505,11760222.0,11763686.0,11759698.0
1787274916.566,11756802.0,11761726.0,11757649.0
1787274921.618,11755689.0,11757358.0,11756961.0
1787274926.683,11759771.0,11763404.0,11761127.0
1787274931.746,11759809.0,11761962.0,11759947.0
1787274936.806,11757476.0,11758845.0,11760446.0
1787274941.863,11756787.0,11760094.0,11757755.0
1787274946.924,11757462.0,11760344.0,11759254.0
1787274951.988,11759947.0,11760003.0,11759940.0
1787274957.045,11754756.0,11758673.0,11755985.0
1787274962.108,11755985.0,11760195.0,11757790.0
1787274967.212,11759991.0,11761792.0,11759947.0
1787274972.249,11760747.0,11763485.0,11760232.0
1787274977.287,11759947.0,11762511.0,11759947.0
1787274982.340,11760178.0,11762303.0,11759947.0
1787274987.377,11760880.0,11762303.0,11760880.0
1787274992.415,11761468.0,11762303.0,11761468.0
1787274997.470,11759602.0,11761153.0,11759601.0
1787275002.541,11757936.0,11760591.0,11758041.0
1787275007.604,11758147.0,11761943.0,11760920.0
1787275012.668,11769627.0,11770898.0,11770898.0
1787275017.742,11788012.0,11790651.0,11788012.0
1787275022.797,11785506.0,11790286.0,11786414.0
1787275027.859,11784260.0,11785959.0,11784195.0
1787275032.923,11782387.0,11787919.0,11784700.0
1787275038.022,11779760.0,11783348.0,11784276.0
1787275043.059,11780461.0,11784667.0,11780461.0
1787275048.121,11781690.0,11783540.0,11778989.0
1787275053.184,11770572.0,11775357.0,11775869.0
1787275058.253,11774385.0,11778597.0,11775248.0
1787275063.316,11781126.0,11785941.0,11784747.0
1787275068.350,11780761.0,11783919.0,11784747.0
1787275073.414,11789933.0,11793012.0,11792082.0
1787275078.517,11794818.0,11796056.0,11793510.0
1787275083.577,11821492.0,11826043.0,11820767.0
1787275089.002,11829802.0,11833333.0,11830017.0
1787275094.040,11875274.0,11877902.0,11876281.0
1787275099.075,11881188.0,11886082.0,11881005.0
1787275104.134,11887356.0,11892987.0,11892862.0
1787275109.169,11867219.0,11874821.0,11870516.0
1787275114.223,11871732.0,11878927.0,11873454.0
1787275119.257,11863961.0,11869420.0,11867706.0
1787275124.339,11861480.0,11864005.0,11861480.0
1787275129.374,11859049.0,11863478.0,11860470.0
1787275134.432,11858318.0,11863320.0,11863641.0
1787275139.473,11863141.0,11863453.0,11861669.0
1787275144.528,11856586.0,11860677.0,11857480.0
1787275149.604,11873912.0,11877907.0,11873912.0
1787275154.667,11867948.0,11875624.0,11871470.0
1787275159.721,11854906.0,11861033.0,11853810.0
1787275164.790,11850909.0,11852641.0,11851989.0
1787275169.847,11847776.0,11853659.0,11853659.0
1787275174.905,11855448.0,11860299.0,11859164.0
1787275179.960,11862967.0,11868356.0,11864685.0
1787275185.027,11864530.0,11871001.0,11866854.0
1787275190.148,11862228.0,11869644.0,11864049.0
1787275195.237,11864900.0,11869504.0,11871612.0
1787275200.279,11863607.0,11866851.0,11868031.0
1787275205.378,11863843.0,11867465.0,11863778.0
1787275210.412,11860187.0,11865833.0,11867781.0
1787275215.473,11864794.0,11869946.0,11865550.0
1787275220.529,11864988.0,11870252.0,11865281.0
1787275225.602,11865959.0,11873147.0,11867008.0
1787275230.670,11865088.0,11868969.0,11864199.0
1787275235.736,11860278.0,11866325.0,11864976.0
1787275240.826,11856863.0,11861045.0,11856862.0
1787275245.886,11855515.0,11860906.0,11861002.0
1787275250.924,11846207.0,11852937.0,11848494.0
1787275255.961,11841650.0,11848570.0,11845941.0
1787275261.011,11835494.0,11841939.0,11838297.0
1787275266.127,11850576.0,11851076.0,11849517.0
1787275271.180,11858651.0,11858841.0,11855162.0
1787275276.217,11850756.0,11855279.0,11855280.0
1787275281.309,11840000.0,11843030.0,11842596.0
1787275286.356,11823620.0,11831235.0,11823620.0
1787275291.416,11821056.0,11825026.0,11825026.0
1787275296.478,11822165.0,11824196.0,11828099.0
1787275301.561,11814422.0,11818470.0,11818919.0
1787275306.636,11815546.0,11818045.0,11818050.0
1787275311.690,11823820.0,11828505.0,11826697.0
1787275316.752,11820120.0,11822739.0,11820805.0
1787275321.853,11811525.0,11817129.0,11811524.0
1787275326.917,11813042.0,11819279.0,11817902.0
1787275331.964,11818755.0,11822210.0,11816825.0
1787275337.027,11813810.0,11818553.0,11816224.0
1787275342.095,11806267.0,11812758.0,11810350.0
1787275347.151,11810352.0,11815996.0,11815100.0
1787275352.217,11810550.0,11813557.0,11810550.0
1787275357.254,11818463.0,11821490.0,11821915.0
1787275362.322,11812504.0,11817411.0,11814835.0
1787275367.398,11806307.0,11810445.0,11806558.0
1787275372.453,11805982.0,11808125.0,11809104.0
1787275377.519,11801744.0,11807869.0,11802453.0
1787275382.580,11796067.0,11797561.0,11798959.0
1787275387.698,11801876.0,11807763.0,11807763.0
1787275392.757,11802456.0,11807432.0,11807432.0
1787275397.818,11803213.0,11808908.0,11807615.0
1787275402.885,11812171.0,11815890.0,11811557.0
1787275407.944,11825737.0,11832242.0,11831271.0
1787275413.010,11816865.0,11823591.0,11822037.0
1787275418.088,11822188.0,11829108.0,11829997.0
1787275423.155,11820489.0,11822860.0,11824019.0
1787275428.269,11816409.0,11820907.0,11820696.0
1787275433.314,11818243.0,11820915.0,11820909.0
1787275438.360,11814090.0,11819060.0,11816154.0
1787275443.401,11817200.0,11819738.0,11818025.0
1787275448.468,11813442.0,11817329.0,11817520.0
1787275453.522,11815420.0,11817329.0,11813441.0
1787275458.587,11814500.0,11818335.0,11815894.0
1787275463.652,11821559.0,11825720.0,11823809.0
1787275468.734,11827878.0,11834357.0,11835245.0
1787275473.811,11828561.0,11831536.0,11831725.0
1787275478.869,11834345.0,11837490.0,11839046.0
1787275483.934,11840006.0,11844427.0,11839560.0
1787275489.090,11838604.0,11843710.0,11841900.0
1787275494.153,11834475.0,11841632.0,11838433.0
1787275499.213,11833485.0,11838664.0,11836137.0
1787275504.277,11832364.0,11835788.0,11835788.0
1787275509.332,11838841.0,11841562.0,11838100.0
1787275514.390,11839446.0,11844550.0,11840628.0
1787275519.453,11845045.0,11847350.0,11845045.0
1787275524.514,11845046.0,11849644.0,11846681.0
1787275529.584,11844494.0,11848775.0,11843017.0
1787275534.653,11846325.0,11849458.0,11849518.0
1787275539.714,11844745.0,11849513.0,11849518.0
1787275544.783,11843593.0,11848045.0,11849980.0
1787275549.845,11840511.0,11847482.0,11845875.0
1787275554.916,11838757.0,11840395.0,11840457.0
1787275560.027,11841624.0,11844141.0,11838812.0
1787275565.098,11838001.0,11843182.0,11841222.0
1787275570.171,11835826.0,11839755.0,11835825.0
1787275575.239,11839841.0,11843061.0,11838169.0
1787275580.304,11836934.0,11840649.0,11838169.0
1787275585.364,11835745.0,11840038.0,11838169.0
1787275590.407,11835187.0,11838140.0,11838169.0
1787275595.471,11833378.0,11839765.0,11838495.0
1787275600.541,11837094.0,11840377.0,11839762.0
1787275605.605,11836517.0,11840376.0,11835734.0
1787275610.671,11837005.0,11839634.0,11841637.0
1787275615.733,11835083.0,11839164.0,11836487.0
1787275620.796,11835707.0,11841174.0,11838785.0
1787275625.868,11835081.0,11839871.0,11837442.0
1787275630.934,11844584.0,11847746.0,11847746.0
1787275635.984,11849113.0,11852399.0,11848962.0
1787275641.023,11844741.0,11851166.0,11847746.0
1787275646.062,11853623.0,11857294.0,11853574.0
1787275651.105,11863677.0,11864423.0,11863818.0
1787275656.143,11863710.0,11864287.0,11864287.0
1787275661.182,11857664.0,11861939.0,11859264.0
1787275666.223,11858212.0,11861980.0,11860558.0
1787275671.263,11861249.0,11865571.0,11864423.0
1787275676.314,11860955.0,11868000.0,11862421.0
1787275681.355,11861496.0,11867911.0,11862421.0
1787275686.418,11863331.0,11865572.0,11868072.0
1787275691.476,11860341.0,11864890.0,11864850.0
1787275696.532,11859232.0,11861238.0,11863645.0
1787275701.593,11859232.0,11859912.0,11863645.0
1787275706.657,11857565.0,11862645.0,11862645.0
1787275711.727,11852577.0,11858695.0,11857840.0
1787275716.793,11854489.0,11861561.0,11858109.0
1787275721.883,11857153.0,11861490.0,11854494.0
1787275727.107,11859739.0,11862645.0,11861490.0
1787275732.174,11863466.0,11866900.0,11865752.0
1787275737.233,11864084.0,11866987.0,11864501.0
1787275742.271,11868168.0,11870517.0,11870495.0
1787275747.322,11873019.0,11875368.0,11873019.0
1787275752.360,11872277.0,11874126.0,11874126.0
1787275757.411,11873136.0,11878500.0,11875669.0
1787275762.454,11870911.0,11876168.0,11871764.0
1787275767.517,11874011.0,11877964.0,11879133.0
1787275772.580,11874512.0,11876262.0,11876262.0
1787275777.649,11872915.0,11876261.0,11874162.0
1787275782.688,11871321.0,11875665.0,11876258.0
1787275787.743,11872496.0,11877028.0,11877026.0
1787275792.784,11873121.0,11876775.0,11874982.0
1787275797.823,11869156.0,11874545.0,11869151.0
1787275802.857,11869305.0,11874914.0,11869151.0
1787275807.929,11869687.0,11874504.0,11874505.0
1787275812.976,11870905.0,11872495.0,11872201.0
1787275818.043,11864487.0,11866682.0,11864487.0
1787275823.079,11853541.0,11857202.0,11853616.0
1787275828.145,11849023.0,11853045.0,11853089.0
1787275833.184,11847602.0,11852643.0,11849547.0
1787275838.242,11853018.0,11854481.0,11852628.0
1787275843.283,11857080.0,11860273.0,11858237.0
1787275848.339,11853870.0,11855509.0,11859330.0
1787275853.390,11855262.0,11856893.0,11855435.0
1787275858.449,11859067.0,11859846.0,11858722.0
1787275863.489,11859887.0,11863477.0,11861856.0
1787275868.557,11869326.0,11872006.0,11869575.0
1787275873.614,11874470.0,11878805.0,11872872.0
1787275878.670,11877198.0,11879592.0,11872872.0
1787275883.761,11871922.0,11874553.0,11873499.0
1787275888.889,11874510.0,11876944.0,11874508.0
1787275893.962,11883261.0,11884570.0,11877419.0
1787275899.021,11890863.0,11895977.0,11889800.0
1787275904.084,11893998.0,11896127.0,11893962.0
1787275909.208,11889030.0,11893610.0,11890742.0
1787275914.266,11877479.0,11878842.0,11879248.0
1787275919.308,11875121.0,11880033.0,11879814.0
1787275924.347,11877437.0,11882755.0,11886106.0
1787275929.412,11874663.0,11877396.0,11874520.0
1787275934.447,11874680.0,11876352.0,11876353.0
1787275939.579,11880572.0,11883150.0,11877174.0
1787275944.618,11874620.0,11876723.0,11877257.0
1787275949.678,11880962.0,11883144.0,11882381.0
1787275954.746,11883081.0,11884756.0,11883175.0
1787275959.815,11887816.0,11893180.0,11887816.0
1787275964.882,11893328.0,11897113.0,11893328.0
1787275969.949,11896402.0,11900731.0,11894608.0
1787275975.018,11888785.0,11895924.0,11894820.0
1787275980.092,11897409.0,11903585.0,11905967.0
1787275985.137,11915622.0,11919655.0,11914934.0
1787275990.205,11902050.0,11909743.0,11909918.0
1787275995.275,11901440.0,11906439.0,11901440.0
1787276000.318,11898038.0,11900159.0,11900081.0
1787276005.384,11888797.0,11893550.0,11891239.0
1787276010.457,11886309.0,11890248.0,11890424.0
1787276015.516,11884965.0,11890334.0,11886998.0
1787276020.591,11886998.0,11888264.0,11887752.0
1787276025.662,11880096.0,11883430.0,11880096.0
1787276030.724,11874459.0,11877350.0,11874459.0
1787276035.792,11869904.0,11875095.0,11874459.0
1787276040.884,11869748.0,11874913.0,11873586.0
1787276046.013,11866426.0,11868489.0,11866426.0
1787276051.074,11865640.0,11867287.0,11865640.0
1787276056.118,11869726.0,11877434.0,11870907.0
1787276061.188,11876140.0,11881144.0,11877125.0
1787276066.770,11885393.0,11889717.0,11888274.0
1787276071.830,11886667.0,11886834.0,11887763.0
1787276076.890,11877849.0,11878702.0,11878702.0
1787276081.973,11874595.0,11876835.0,11876917.0
1787276087.013,11874229.0,11876813.0,11876917.0
1787276092.053,11871185.0,11873082.0,11873680.0
1787276097.112,11874177.0,11875425.0,11875539.0
1787276102.153,11874290.0,11875726.0,11875489.0
1787276107.382,11870263.0,11874307.0,11873680.0
1787276112.420,11873680.0,11875707.0,11876449.0
1787276117.462,11867197.0,11868601.0,11870000.0
1787276122.611,11868139.0,11869681.0,11869681.0
1787276127.693,11867290.0,11870651.0,11870474.0
1787276132.751,11864410.0,11869106.0,11865074.0
1787276137.816,11863503.0,11868295.0,11868785.0
1787276142.872,11862468.0,11868450.0,11868785.0
1787276147.945,11860459.0,11864347.0,11864347.0
1787276153.007,11862700.0,11864876.0,11864347.0
1787276158.067,11861272.0,11862750.0,11864347.0
1787276163.141,11861577.0,11863445.0,11863445.0
1787276168.220,11854442.0,11858911.0,11858756.0
1787276173.286,11855223.0,11858708.0,11858272.0
1787276178.323,11854461.0,11856379.0,11855726.0
1787276183.381,11852756.0,11854512.0,11855726.0
1787276188.465,11853805.0,11856004.0,11855223.0
1787276193.533,11850148.0,11854561.0,11852462.0
1787276198.611,11851896.0,11856646.0,11850357.0
1787276203.679,11848327.0,11850734.0,11849694.0
1787276208.739,11850437.0,11856589.0,11854933.0
1787276213.799,11855018.0,11856410.0,11858338.0
1787276218.860,11849694.0,11851790.0,11854599.0
1787276223.930,11847664.0,11850180.0,11849694.0
1787276229.098,11851433.0,11853250.0,11849543.0
1787276234.203,11842852.0,11844562.0,11845019.0
1787276239.239,11842573.0,11848208.0,11842748.0
1787276244.302,11849444.0,11853962.0,11849791.0
1787276249.372,11858127.0,11861371.0,11860585.0
1787276254.433,11860359.0,11862336.0,11859875.0
1787276259.470,11856996.0,11860876.0,11859370.0
1787276264.649,11856051.0,11860135.0,11862864.0
1787276269.718,11856007.0,11862101.0,11858343.0
1787276274.758,11856216.0,11860917.0,11858343.0
1787276279.920,11857946.0,11862831.0,11860843.0
1787276284.990,11850744.0,11856143.0,11850744.0
1787276290.057,11845501.0,11852500.0,11849550.0
1787276295.118,11847330.0,11849816.0,11845754.0
1787276300.161,11848669.0,11850819.0,11852009.0
1787276305.222,11844174.0,11847106.0,11847106.0
1787276310.306,11842573.0,11845400.0,11847106.0
1787276315.354,11841042.0,11843215.0,11842940.0
1787276320.416,11840215.0,11846040.0,11843859.0
1787276325.475,11840000.0,11840868.0,11840000.0
1787276330.536,11840071.0,11842734.0,11843982.0
1787276335.754,11840000.0,11841150.0,11843982.0
1787276340.827,11840210.0,11844363.0,11843050.0
1787276345.940,11843649.0,11846927.0,11843932.0
1787276351.000,11843747.0,11845965.0,11843932.0
1787276356.045,11844193.0,11848251.0,11850000.0
1787276361.172,11844198.0,11846729.0,11846729.0
1787276366.216,11840003.0,11842653.0,11842304.0
1787276371.257,11840195.0,11845316.0,11842795.0
1787276376.346,11845416.0,11849200.0,11842795.0
1787276381.388,11845748.0,11848699.0,11845748.0
1787276386.430,11847130.0,11849173.0,11847515.0
1787276391.473,11845010.0,11849820.0,11849970.0
1787276396.544,11846882.0,11849556.0,11850000.0
1787276401.608,11851663.0,11857961.0,11854324.0
1787276406.693,11856607.0,11858388.0,11854324.0
1787276411.770,11857087.0,11861770.0,11857087.0
1787276416.831,11851750.0,11855631.0,11853779.0
1787276421.898,11850586.0,11854696.0,11852646.0
1787276426.959,11855277.0,11862114.0,11852646.0
1787276432.022,11858382.0,11860629.0,11852646.0
1787276437.087,11860247.0,11862579.0,11858382.0
1787276442.133,11853109.0,11857054.0,11855181.0
1787276447.182,11853984.0,11856693.0,11855181.0
1787276452.224,11847671.0,11849632.0,11855181.0
1787276457.269,11847818.0,11851998.0,11855181.0
1787276462.309,11846046.0,11847155.0,11847819.0
1787276467.396,11846045.0,11847175.0,11847819.0
1787276472.435,11845753.0,11846298.0,11846298.0
1787276477.472,11844914.0,11846298.0,11846298.0
1787276482.528,11840000.0,11844890.0,11842361.0
1787276487.568,11845373.0,11848473.0,11847032.0
1787276492.662,11844027.0,11847428.0,11845078.0
1787276497.703,11844704.0,11849330.0,11847313.0
1787276502.763,11851322.0,11857317.0,11851319.0
1787276507.799,11847566.0,11851640.0,11849579.0
1787276512.859,11843799.0,11844971.0,11845292.0
1787276517.911,11842651.0,11845867.0,11845051.0
1787276522.952,11842346.0,11845821.0,11844097.0
1787276528.036,11850579.0,11855617.0,11855490.0
1787276533.106,11849549.0,11854720.0,11850041.0
1787276538.149,11859873.0,11863080.0,11861349.0
1787276543.221,11864575.0,11869120.0,11864714.0
1787276548.256,11866169.0,11868677.0,11866169.0
1787276553.315,11869856.0,11871493.0,11866988.0
1787276558.359,11870206.0,11872910.0,11872579.0
1787276563.419,11878664.0,11882053.0,11878664.0
1787276568.460,11876330.0,11878402.0,11878497.0
1787276573.542,11877111.0,11879405.0,11878062.0
1787276578.614,11877112.0,11880187.0,11878062.0
1787276583.681,11877611.0,11880723.0,11877611.0
1787276588.725,11878236.0,11885250.0,11879488.0
1787276593.803,11878137.0,11881980.0,11878007.0
1787276598.863,11876555.0,11880688.0,11881820.0
1787276603.925,11873544.0,11878839.0,11881820.0
1787276608.989,11871241.0,11872237.0,11871241.0
1787276614.053,11871241.0,11871589.0,11871590.0
1787276619.150,11873391.0,11875543.0,11871589.0
1787276624.246,11873523.0,11875543.0,11874396.0
1787276629.322,11869866.0,11872873.0,11872504.0
1787276634.403,11871608.0,11874642.0,11874396.0
1787276639.459,11874944.0,11877974.0,11877504.0
1787276644.535,11875228.0,11875922.0,11876927.0
1787276649.603,11869879.0,11873334.0,11873003.0
1787276654.670,11870141.0,11873949.0,11873003.0
1787276659.736,11871592.0,11873334.0,11873003.0
1787276664.775,11877180.0,11879504.0,11875276.0
1787276669.843,11874849.0,11876609.0,11875811.0
1787276674.879,11874682.0,11878228.0,11875500.0
1787276679.941,11874706.0,11878082.0,11875981.0
1787276684.980,11871353.0,11875161.0,11872528.0
1787276690.037,11870699.0,11875900.0,11872528.0
1787276695.072,11872662.0,11875521.0,11872528.0
1787276700.128,11873194.0,11875224.0,11872662.0
1787276705.172,11875844.0,11879356.0,11876539.0
1787276710.209,11878100.0,11880000.0,11880000.0
1787276715.244,11875156.0,11877708.0,11877107.0
1787276720.282,11877106.0,11879001.0,11877708.0
1787276725.321,11871654.0,11873576.0,11873418.0
1787276730.368,11870387.0,11874210.0,11871769.0
1787276735.412,11868195.0,11872401.0,11871727.0
1787276740.479,11872106.0,11874740.0,11873462.0
1787276745.540,11876099.0,11878369.0,11876870.0
1787276750.637,11877981.0,11880930.0,11880370.0
1787276755.704,11875984.0,11880462.0,11877616.0
1787276760.774,11870432.0,11872607.0,11868791.0
1787276765.840,11870495.0,11872699.0,11871700.0
1787276770.914,11872330.0,11876750.0,11875155.0
1787276775.954,11875515.0,11877186.0,11875155.0
1787276781.018,11874185.0,11877307.0,11877309.0
1787276786.052,11873463.0,11876927.0,11873061.0
1787276791.116,11874297.0,11878716.0,11876959.0
1787276796.157,11877806.0,11880521.0,11880521.0
1787276801.203,11889542.0,11892140.0,11890236.0
1787276806.250,11891432.0,11897107.0,11895467.0
1787276811.290,11889585.0,11892442.0,11891575.0
1787276816.331,11888040.0,11890353.0,11887657.0
1787276821.373,11889493.0,11893369.0,11892852.0
1787276826.424,11894146.0,11896529.0,11896520.0
1787276831.476,11899692.0,11904178.0,11899739.0
1787276836.538,11896110.0,11898793.0,11897353.0
1787276841.611,11897374.0,11899739.0,11897704.0
1787276846.655,11909351.0,11915087.0,11911570.0
1787276851.728,11962871.0,11971100.0,11962904.0
1787276856.796,11980000.0,11980227.0,11980000.0
1787276861.860,11958935.0,11964836.0,11958935.0
1787276866.917,11946425.0,11957327.0,11946425.0
1787276872.007,11951286.0,11957743.0,11951031.0
1787276877.048,11963411.0,11965770.0,11965770.0
1787276882.097,11972688.0,11975200.0,11977641.0
1787276887.151,11984629.0,11990790.0,11986676.0
1787276892.198,11987993.0,11996642.0,11993580.0
1787276897.235,12024844.0,12027896.0,12027896.0
1787276902.271,11997520.0,12005282.0,11997520.0
1787276907.309,11988040.0,11991539.0,11991745.0
1787276912.367,11996284.0,12000808.0,11992931.0
1787276917.408,11987075.0,11991449.0,11988961.0
1787276922.444,11983086.0,11989261.0,11983049.0
1787276927.479,11981439.0,11987530.0,11982299.0
1787276932.541,11978011.0,11982954.0,11978011.0
1787276937.609,11971245.0,11976936.0,11971051.0
1787276942.673,11963789.0,11969350.0,11965248.0
1787276947.749,11982733.0,11985370.0,11985490.0
1787276952.809,11996906.0,12000000.0,11996906.0
1787276957.847,11983856.0,11988081.0,11983857.0
1787276962.918,11990977.0,11997559.0,11993411.0
1787276967.955,12000985.0,12004096.0,12001810.0
1787276972.994,12002259.0,12008460.0,12006657.0
1787276978.028,12001836.0,12005896.0,12005896.0
1787276983.068,11998678.0,12002209.0,11998678.0
1787276988.107,11997933.0,12000968.0,12001170.0
1787276993.148,12000361.0,12006023.0,12004326.0
1787276998.197,12001986.0,12010737.0,12003460.0
1787277003.244,12003052.0,12004489.0,12003431.0
1787277008.312,11990060.0,11993130.0,11993382.0
1787277013.355,11993828.0,11997927.0,11998866.0
1787277018.390,11990060.0,11995596.0,11990450.0
1787277023.450,11993875.0,12000000.0,11997880.0
1787277028.517,11985295.0,11991133.0,11986825.0
1787277033.584,11986990.0,11991384.0,11990714.0
1787277038.651,11989960.0,11994173.0,11992879.0
1787277043.708,11983334.0,11987497.0,11983334.0
1787277048.765,11978243.0,11985822.0,11985822.0
1787277053.820,11975059.0,11977559.0,11976820.0
1787277058.876,11980651.0,11983000.0,11977559.0
1787277063.988,11982250.0,11984208.0,11980780.0
1787277069.055,11989225.0,11992421.0,11989224.0
1787277074.121,11982801.0,11987030.0,11989266.0
1787277079.159,11990362.0,11993885.0,11990556.0
1787277084.199,11990267.0,11993879.0,11990269.0
1787277089.263,12000987.0,12006073.0,12002928.0
1787277094.309,12000987.0,12008957.0,12001914.0
1787277099.345,11999677.0,12005207.0,11999678.0
1787277104.383,12000500.0,12005207.0,12003626.0
1787277109.439,12000000.0,12004993.0,12001314.0
1787277114.502,12001974.0,12004531.0,12001974.0
1787277119.600,12008337.0,12010676.0,12010677.0
1787277124.660,12002270.0,12006595.0,12004844.0
1787277129.748,12003176.0,12008045.0,12006476.0
1787277134.807,12003688.0,12006027.0,12007493.0
1787277139.876,11994318.0,11997766.0,11994318.0
1787277144.939,11992563.0,11994992.0,11992563.0
1787277149.995,11987595.0,11990227.0,11986079.0
1787277155.053,11985633.0,11990708.0,11985261.0
1787277160.110,11985103.0,11990368.0,11989623.0
1787277165.189,11987786.0,11990681.0,11990032.0
1787277170.226,11986243.0,11990212.0,11987539.0
1787277175.300,11988207.0,11990483.0,11988207.0
1787277180.357,11990689.0,11992563.0,11993891.0
1787277185.408,11990483.0,11992563.0,11992563.0
1787277190.447,11986157.0,11988283.0,11987267.0
1787277195.482,11984272.0,11985836.0,11984271.0
1787277200.612,11986530.0,11990267.0,11989000.0
1787277205.692,11997070.0,11998920.0,11997068.0
1787277210.752,11992594.0,11993094.0,11993832.0
1787277215.809,11985060.0,11987471.0,11986465.0
1787277220.849,11981295.0,11983719.0,11983125.0
1787277225.909,11980873.0,11986739.0,11981269.0
1787277230.950,11982184.0,11985741.0,11984058.0
1787277236.006,11980116.0,11983249.0,11980036.0
1787277241.066,11976784.0,11979570.0,11977631.0
1787277246.119,11980057.0,11986327.0,11983793.0
1787277251.183,11980000.0,11980141.0,11980000.0
1787277256.250,11975809.0,11978326.0,11977161.0
1787277261.294,11977351.0,11981403.0,11980000.0
1787277266.372,11976202.0,11980734.0,11977905.0
1787277271.423,11978815.0,11982800.0,11980000.0
1787277276.510,11983477.0,11984863.0,11984763.0
1787277281.569,11975670.0,11978668.0,11977147.0
1787277286.629,11975059.0,11976602.0,11975670.0
1787277291.703,11975122.0,11978397.0,11979701.0
1787277296.769,11976579.0,11980585.0,11977401.0
1787277301.812,11972660.0,11979328.0,11974969.0
1787277306.891,11972732.0,11978354.0,11976015.0
1787277311.952,11970060.0,11972157.0,11970060.0
1787277317.012,11970060.0,11971217.0,11971290.0
1787277322.080,11970060.0,11971114.0,11971290.0
1787277327.123,11972680.0,11974425.0,11974425.0
1787277332.160,11973551.0,11974410.0,11973551.0
1787277337.222,11973582.0,11974410.0,11971637.0
1787277342.277,11970060.0,11970526.0,11970614.0
1787277347.346,11974231.0,11977418.0,11974800.0
1787277352.391,11976830.0,11977418.0,11977076.0
1787277357.433,11976392.0,11977688.0,11977076.0
1787277362.469,11975723.0,11976392.0,11976393.0
1787277367.554,11971704.0,11974300.0,11972032.0
1787277372.643,11975898.0,11977288.0,11978000.0
1787277377.709,11972845.0,11972934.0,11973779.0
1787277382.777,11974777.0,11978700.0,11973779.0
1787277387.841,11974352.0,11977454.0,11973160.0
1787277392.911,11970302.0,11973022.0,11971661.0
1787277397.979,11965367.0,11968688.0,11965344.0
1787277403.053,11962730.0,11967252.0,11964211.0
1787277408.114,11963461.0,11965515.0,11965086.0
1787277413.167,11957132.0,11961232.0,11960301.0
1787277418.204,11955741.0,11959735.0,11957131.0
1787277423.252,11953768.0,11957241.0,11957131.0
1787277428.332,11939152.0,11942595.0,11942611.0
1787277433.372,11939818.0,11944558.0,11941426.0
1787277438.411,11938244.0,11940717.0,11938244.0
1787277443.458,11937412.0,11940222.0,11942266.0
1787277448.554,11934618.0,11935661.0,11937220.0
1787277453.614,11936400.0,11937753.0,11933662.0
1787277458.681,11938232.0,11939955.0,11939177.0
1787277463.718,11930001.0,11933101.0,11930000.0
1787277468.834,11936570.0,11940981.0,11936570.0
1787277473.903,11934610.0,11938463.0,11938358.0
1787277478.967,11936958.0,11940695.0,11938407.0
1787277484.009,11938899.0,11940725.0,11940725.0
1787277489.090,11939353.0,11942129.0,11939353.0
1787277494.178,11939050.0,11943179.0,11940626.0
1787277499.253,11939176.0,11941554.0,11938911.0
1787277504.324,11935504.0,11937992.0,11938672.0
1787277509.364,11936862.0,11938366.0,11937323.0
1787277514.428,11932139.0,11936676.0,11933975.0
1787277519.484,11933035.0,11934221.0,11934221.0
1787277524.553,11937632.0,11940754.0,11936905.0
1787277529.629,11940542.0,11942918.0,11941699.0
1787277534.698,11938461.0,11942505.0,11942902.0
1787277539.772,11937288.0,11941707.0,11938170.0
1787277544.829,11937769.0,11941324.0,11938170.0
1787277549.897,11938901.0,11941495.0,11940375.0
1787277554.989,11939488.0,11943355.0,11939311.0
1787277560.033,11937359.0,11940644.0,11937359.0
1787277565.082,11932912.0,11934357.0,11935000.0
1787277570.160,11930000.0,11930806.0,11930000.0
1787277575.221,11926844.0,11928199.0,11928779.0
1787277580.273,11929326.0,11932342.0,11931991.0
1787277585.343,11931921.0,11935331.0,11932446.0
1787277590.422,11934210.0,11936947.0,11934125.0
1787277595.476,11934219.0,11937260.0,11937271.0
1787277600.552,11934695.0,11936269.0,11934695.0
1787277605.604,11933911.0,11935990.0,11934695.0
1787277610.675,11928568.0,11930140.0,11930017.0
1787277615.740,11925561.0,11926404.0,11926987.0
1787277620.816,11926440.0,11928716.0,11926440.0
1787277625.894,11924019.0,11926439.0,11926440.0
1787277630.961,11923232.0,11924358.0,11926440.0
1787277636.007,11920000.0,11922366.0,11920249.0
1787277641.081,11914528.0,11916990.0,11913494.0
1787277646.125,11913589.0,11916633.0,11910946.0
1787277651.186,11918881.0,11923182.0,11920830.0
1787277656.250,11918647.0,11920000.0,11918646.0
1787277661.295,11916774.0,11918069.0,11916774.0
1787277666.350,11910943.0,11911337.0,11912602.0
1787277671.420,11909766.0,11912457.0,11912457.0
1787277676.464,11912439.0,11916074.0,11912319.0
1787277681.530,11910693.0,11911470.0,11911486.0
1787277686.597,11913896.0,11916485.0,11915000.0
1787277691.663,11903346.0,11908563.0,11907103.0
1787277696.730,11894370.0,11899608.0,11894367.0
1787277701.799,11901394.0,11906276.0,11901571.0
1787277706.885,11904348.0,11908195.0,11908195.0
1787277711.955,11904431.0,11907000.0,11907000.0
1787277717.029,11902460.0,11906280.0,11904938.0
1787277722.073,11904503.0,11906921.0,11907000.0
1787277727.149,11900000.0,11900827.0,11900534.0
1787277732.195,11899198.0,11900000.0,11900000.0
1787277737.250,11899969.0,11900739.0,11900000.0
1787277742.301,11900325.0,11902131.0,11899923.0
1787277747.349,11897838.0,11900669.0,11900004.0
1787277752.391,11896053.0,11898659.0,11896052.0
1787277757.448,11896053.0,11898463.0,11897837.0
1787277762.512,11890000.0,11890831.0,11890928.0
1787277767.580,11887479.0,11889847.0,11890731.0
1787277772.655,11888265.0,11890000.0,11889041.0
1787277777.728,11891561.0,11894311.0,11891561.0
1787277782.784,11883752.0,11887884.0,11885190.0
1787277788.222,11880000.0,11882261.0,11882262.0
1787277793.440,11881264.0,11886401.0,11886299.0
1787277798.519,11878723.0,11879927.0,11881344.0
1787277803.600,11885502.0,11890337.0,11885580.0
1787277808.666,11890758.0,11896256.0,11891000.0
1787277813.736,11890485.0,11893597.0,11892746.0
1787277818.815,11890863.0,11895073.0,11894781.0
1787277823.879,11895100.0,11898481.0,11898481.0
1787277828.944,11897173.0,11898000.0,11895100.0
1787277834.049,11895059.0,11898481.0,11898481.0
1787277839.108,11896488.0,11898481.0,11898481.0
1787277844.179,11897930.0,11900000.0,11900000.0
1787277849.247,11906206.0,11909735.0,11909732.0
1787277854.324,11904267.0,11904571.0,11904571.0
1787277859.406,11904362.0,11905939.0,11905939.0
1787277864.462,11902476.0,11903239.0,11902476.0
1787277869.575,11900460.0,11904192.0,11903332.0
1787277874.663,11900005.0,11902925.0,11900460.0
1787277879.757,11900111.0,11902298.0,11902969.0
1787277884.846,11901519.0,11905142.0,11903389.0
1787277889.944,11907908.0,11909700.0,11909700.0
1787277895.048,11908589.0,11913031.0,11911748.0
1787277900.112,11917527.0,11920964.0,11915820.0
1787277905.196,11913035.0,11915641.0,11914295.0
1787277910.251,11909206.0,11911090.0,11911742.0
1787277915.341,11906879.0,11910529.0,11909099.0
1787277920.424,11904912.0,11908665.0,11908665.0
1787277925.486,11900004.0,11904292.0,11905661.0
1787277930.556,11899042.0,11901031.0,11901105.0
1787277935.631,11896449.0,11898738.0,11899040.0
1787277940.697,11893742.0,11897061.0,11896448.0
1787277945.763,11893401.0,11895943.0,11894986.0
1787277950.837,11902781.0,11904121.0,11902651.0
1787277955.913,11901511.0,11903721.0,11900149.0
1787277960.952,11909457.0,11912556.0,11912556.0
1787277966.032,11913402.0,11917811.0,11915313.0
1787277971.121,11914414.0,11915590.0,11911241.0
1787277976.162,11918048.0,11921947.0,11917816.0
1787277981.238,11924943.0,11934386.0,11931649.0
1787277986.282,11928061.0,11932850.0,11933652.0
1787277991.651,11930000.0,11931621.0,11932256.0
1787277997.703,11927100.0,11929196.0,11927132.0
1787278002.764,11927729.0,11927788.0,11927788.0
1787278007.831,11933299.0,11937244.0,11933467.0
1787278012.933,11934601.0,11937348.0,11934414.0
1787278017.999,11934615.0,11938134.0,11935864.0
1787278023.940,11939881.0,11941382.0,11940295.0
1787278028.993,11937702.0,11939066.0,11939141.0
1787278034.047,11935382.0,11939680.0,11938584.0
1787278039.114,11933353.0,11936710.0,11937923.0
1787278044.429,11932550.0,11937618.0,11937618.0
1787278049.504,11930411.0,11935490.0,11932271.0
1787278054.584,11924510.0,11930016.0,11927218.0
1787278059.656,11924098.0,11928505.0,11928972.0
1787278064.730,11921280.0,11925710.0,11923704.0
1787278069.799,11922895.0,11926770.0,11928182.0
1787278074.842,11926053.0,11927748.0,11927845.0
1787278079.891,11921152.0,11926664.0,11921433.0
1787278084.938,11920147.0,11923728.0,11921433.0
1787278090.015,11914631.0,11916295.0,11917668.0
1787278095.059,11914592.0,11915581.0,11912948.0
1787278100.269,11915664.0,11920268.0,11917951.0
1787278105.310,11919379.0,11924668.0,11921847.0
1787278110.472,11911515.0,11915125.0,11913243.0
1787278115.550,11909803.0,11912013.0,11909261.0
1787278120.617,11908667.0,11910692.0,11912012.0
1787278125.685,11907698.0,11911947.0,11912012.0
1787278130.930,11907788.0,11909368.0,11909368.0
1787278136.010,11906910.0,11910830.0,11909436.0
1787278141.077,11906770.0,11909390.0,11909436.0
1787278146.662,11906472.0,11908993.0,11908384.0
1787278151.721,11906586.0,11912435.0,11906586.0
1787278156.770,11908013.0,11911071.0,11906506.0
1787278166.188,11900063.0,11902556.0,11903016.0
1787278171.240,11897424.0,11901415.0,11897416.0
1787278176.319,11895363.0,11899379.0,11895363.0
1787278181.360,11895587.0,11897974.0,11895363.0
1787278186.476,11895624.0,11899379.0,11899379.0
1787278191.554,11897465.0,11901117.0,11896998.0
1787278196.596,11898866.0,11902395.0,11896998.0
1787278201.658,11895589.0,11896761.0,11896997.0
1787278206.726,11898587.0,11900825.0,11899399.0
1787278211.788,11891941.0,11896525.0,11893109.0
1787278216.835,11891941.0,11894226.0,11893072.0
1787278221.887,11891589.0,11893917.0,11891997.0
1787278226.965,11890538.0,11892997.0,11891592.0
1787278232.033,11890557.0,11891731.0,11889557.0
1787278237.095,11888963.0,11891017.0,11888985.0
1787278242.138,11888101.0,11890846.0,11888100.0
1787278247.209,11885076.0,11887270.0,11885940.0
1787278252.255,11881836.0,11885282.0,11883236.0
1787278257.297,11876531.0,11878525.0,11877142.0
1787278262.345,11873826.0,11879946.0,11874770.0
1787278267.456,11878013.0,11879384.0,11877773.0
1787278272.530,11879845.0,11880147.0,11880147.0
1787278277.587,11877621.0,11880902.0,11877560.0
1787278282.650,11877802.0,11880304.0,11880150.0
1787278287.692,11877859.0,11880449.0,11880150.0
1787278292.760,11880098.0,11881000.0,11881000.0
1787278297.821,11879335.0,11881000.0,11881000.0
1787278302.910,11878825.0,11879898.0,11878942.0
1787278307.992,11873484.0,11876118.0,11875321.0
1787278313.126,11872183.0,11874580.0,11872598.0
1787278318.168,11866979.0,11870524.0,11871145.0
1787278323.218,11871112.0,11875341.0,11875864.0
1787278328.268,11870362.0,11875237.0,11873703.0
1787278333.335,11872132.0,11875237.0,11875237.0
1787278338.383,11872525.0,11875181.0,11872430.0
1787278343.429,11872838.0,11875000.0,11872430.0
1787278348.504,11876480.0,11878244.0,11877588.0
1787278353.579,11872007.0,11872583.0,11872692.0
1787278358.656,11871554.0,11876388.0,11876085.0
1787278363.746,11873067.0,11876729.0,11873035.0
1787278368.805,11870752.0,11873339.0,11871315.0
1787278373.955,11867105.0,11870711.0,11866987.0
1787278379.066,11863589.0,11867306.0,11866989.0
1787278384.107,11864154.0,11867259.0,11867305.0
1787278389.159,11867079.0,11870361.0,11870631.0
1787278394.216,11856549.0,11858311.0,11856570.0
1787278399.296,11856912.0,11860840.0,11856585.0
1787278404.343,11855321.0,11858515.0,11856584.0
1787278409.393,11859737.0,11864509.0,11862969.0
1787278414.446,11861726.0,11862969.0,11861725.0
1787278419.509,11860936.0,11862569.0,11863944.0
1787278424.586,11862144.0,11865075.0,11865637.0
1787278429.661,11863846.0,11866151.0,11866152.0
1787278434.722,11866080.0,11869208.0,11867639.0
1787278439.791,11873459.0,11875738.0,11873853.0
1787278444.856,11873163.0,11874917.0,11874917.0
1787278449.946,11876468.0,11878843.0,11878843.0
1787278454.987,11876307.0,11877686.0,11878843.0
1787278460.043,11876307.0,11879129.0,11876723.0
1787278465.108,11877355.0,11882017.0,11882017.0
1787278470.168,11877696.0,11881505.0,11883629.0
1787278475.215,11878278.0,11879233.0,11882162.0
1787278480.261,11876351.0,11879500.0,11876307.0
1787278485.329,11877974.0,11881106.0,11878012.0
1787278490.417,11881537.0,11883630.0,11881565.0
1787278495.489,11885592.0,11889323.0,11883630.0
1787278500.550,11886188.0,11886881.0,11888069.0
1787278505.612,11882960.0,11887696.0,11883150.0
1787278510.675,11885969.0,11889897.0,11887846.0
1787278515.739,11886702.0,11889531.0,11890120.0
1787278520.841,11885007.0,11888876.0,11885002.0
1787278525.910,11884845.0,11887903.0,11887189.0
1787278530.977,11880203.0,11884549.0,11887189.0
1787278536.034,11878774.0,11883384.0,11880233.0
1787278541.098,11872891.0,11878190.0,11875635.0
1787278546.140,11874964.0,11879450.0,11876790.0
1787278551.184,11874147.0,11877879.0,11874288.0
1787278556.228,11873832.0,11877312.0,11873339.0
1787278561.334,11872279.0,11877021.0,11875019.0
1787278566.474,11871213.0,11874289.0,11874282.0
1787278571.533,11866670.0,11868941.0,11868628.0
1787278576.609,11858655.0,11861137.0,11861237.0
1787278581.676,11859540.0,11863886.0,11860971.0
1787278586.719,11859251.0,11861656.0,11861940.0
1787278591.783,11862944.0,11865000.0,11865000.0
1787278596.837,11858372.0,11861480.0,11861480.0
1787278601.882,11857716.0,11863314.0,11863358.0
1787278606.956,11858733.0,11862582.0,11863358.0
1787278612.002,11858757.0,11863628.0,11862089.0
1787278617.050,11852918.0,11859405.0,11858733.0
1787278622.099,11868454.0,11872046.0,11870792.0
1787278627.208,11865557.0,11869512.0,11867275.0
1787278632.254,11866562.0,11869641.0,11867275.0
1787278637.298,11867331.0,11870455.0,11867275.0
1787278642.363,11883999.0,11887402.0,11883667.0
1787278647.413,11888998.0,11892932.0,11888998.0
1787278652.456,11889274.0,11891243.0,11890214.0
1787278657.533,11885454.0,11889421.0,11888302.0
1787278662.591,11878789.0,11882493.0,11880661.0
1787278667.657,11878526.0,11882903.0,11884034.0
1787278672.718,11879255.0,11883260.0,11882222.0
1787278677.756,11877057.0,11882299.0,11879887.0
1787278682.801,11871516.0,11875003.0,11873546.0
1787278688.265,11871686.0,11874992.0,11873546.0
1787278693.338,11868206.0,11873188.0,11873546.0
1787278698.413,11866268.0,11869468.0,11873546.0
1787278703.455,11867488.0,11870649.0,11869577.0
1787278708.533,11866385.0,11870054.0,11867153.0
1787278713.609,11872640.0,11877712.0,11874496.0
1787278718.655,11871320.0,11873619.0,11873394.0
1787278723.727,11874191.0,11876271.0,11876146.0
1787278728.798,11868403.0,11871624.0,11870639.0
1787278733.844,11869469.0,11871973.0,11871973.0
1787278738.915,11869806.0,11871978.0,11871969.0
1787278743.961,11867233.0,11870493.0,11870493.0
1787278749.063,11866745.0,11868385.0,11870493.0
1787278754.102,11874317.0,11876757.0,11874023.0
1787278759.149,11876079.0,11878912.0,11876924.0
1787278764.220,11875353.0,11877768.0,11876174.0
1787278769.276,11874434.0,11876431.0,11874434.0
1787278774.319,11874438.0,11877436.0,11877436.0
1787278779.383,11870442.0,11873762.0,11874434.0
1787278784.442,11866783.0,11871514.0,11868317.0
1787278789.498,11870265.0,11875674.0,11868368.0
1787278794.562,11868159.0,11870213.0,11868368.0
1787278799.628,11865485.0,11867567.0,11867567.0
1787278804.698,11863473.0,11865494.0,11865484.0
1787278809.778,11864434.0,11867116.0,11867082.0
1787278814.865,11864474.0,11867417.0,11867082.0
1787278819.931,11859156.0,11865340.0,11861954.0
1787278825.007,11855241.0,11859334.0,11858470.0
1787278830.045,11858689.0,11862395.0,11858641.0
1787278835.118,11859607.0,11862173.0,11861117.0
1787278840.172,11865583.0,11870330.0,11865314.0
1787278845.236,11864633.0,11868725.0,11867587.0
1787278850.311,11866248.0,11868766.0,11869267.0
1787278855.362,11867405.0,11870112.0,11870115.0
1787278860.423,11871847.0,11873475.0,11873291.0
1787278865.506,11869084.0,11872902.0,11869124.0
1787278870.555,11869842.0,11871723.0,11870660.0
1787278875.617,11870659.0,11873281.0,11870660.0
1787278880.686,11871312.0,11872799.0,11870660.0
1787278885.758,11872755.0,11875167.0,11870660.0
1787278890.832,11872416.0,11875430.0,11874218.0
1787278895.892,11876061.0,11878318.0,11875430.0
1787278900.965,11875341.0,11877934.0,11874568.0
1787278906.011,11874346.0,11876472.0,11874568.0
1787278911.074,11874842.0,11876464.0,11874568.0
1787278916.122,11874843.0,11876662.0,11874568.0
1787278921.166,11874844.0,11876662.0,11874568.0
1787278926.276,11874550.0,11876501.0,11874843.0
1787278931.325,11869492.0,11871648.0,11873054.0
1787278936.365,11864561.0,11865778.0,11866645.0
1787278941.444,11861360.0,11863987.0,11865010.0
1787278946.523,11864258.0,11868013.0,11864453.0
1787278951.582,11866271.0,11869411.0,11870018.0
1787278956.665,11864677.0,11867297.0,11870018.0
1787278961.723,11864700.0,11868010.0,11870018.0
1787278966.797,11864461.0,11868679.0,11864461.0
1787278971.851,11864614.0,11868630.0,11865023.0
1787278976.894,11865884.0,11868378.0,11865023.0
1787278981.936,11865922.0,11868379.0,11865023.0
1787278987.027,11864039.0,11866794.0,11864478.0
1787278992.071,11860909.0,11863901.0,11864130.0
1787278997.141,11861604.0,11863887.0,11864130.0
1787279002.234,11861043.0,11863198.0,11862467.0
1787279007.280,11867377.0,11869673.0,11868591.0
1787279012.335,11870813.0,11871085.0,11870812.0
1787279017.388,11865402.0,11868107.0,11866093.0
1787279022.434,11864942.0,11867744.0,11866364.0
1787279027.493,11864801.0,11867482.0,11865458.0
1787279032.556,11863544.0,11865859.0,11864768.0
1787279037.619,11861812.0,11863011.0,11861812.0
1787279042.688,11857936.0,11859613.0,11858971.0
1787279047.767,11854851.0,11855533.0,11855613.0
1787279052.845,11853700.0,11855246.0,11855614.0
1787279057.900,11850659.0,11851588.0,11851589.0
1787279062.964,11851311.0,11853226.0,11855186.0
1787279068.034,11853038.0,11854154.0,11857033.0
1787279073.071,11853834.0,11857691.0,11854154.0
1787279078.108,11854248.0,11857451.0,11854154.0
1787279083.172,11856650.0,11860516.0,11854154.0
1787279088.246,11856720.0,11858910.0,11856720.0
1787279093.304,11857399.0,11860181.0,11857127.0
1787279098.382,11853964.0,11856996.0,11856809.0
1787279103.449,11855540.0,11858911.0,11858918.0
1787279108.530,11860804.0,11862137.0,11860418.0
1787279113.593,11864436.0,11866953.0,11862137.0
1787279118.662,11867792.0,11870128.0,11868844.0
1787279123.738,11867635.0,11870052.0,11868844.0
1787279128.781,11866691.0,11869167.0,11867635.0
1787279133.931,11869075.0,11871434.0,11871442.0
1787279139.000,11873167.0,11875108.0,11872565.0
1787279144.093,11871772.0,11874825.0,11875014.0
1787279149.138,11868689.0,11871212.0,11870447.0
1787279154.204,11869864.0,11873222.0,11871264.0
1787279159.246,11872953.0,11875009.0,11871955.0
1787279164.320,11873918.0,11874977.0,11871955.0
1787279169.411,11875139.0,11876799.0,11876799.0
1787279174.469,11870537.0,11871524.0,11871005.0
1787279179.540,11870138.0,11873179.0,11871387.0
1787279184.603,11872601.0,11874315.0,11872601.0
1787279189.659,11867897.0,11872137.0,11868591.0
1787279194.729,11871412.0,11874767.0,11871412.0
1787279199.794,11872147.0,11873754.0,11873092.0
1787279204.842,11872518.0,11875087.0,11872147.0
1787279209.882,11872712.0,11875621.0,11876345.0
1787279214.947,11873881.0,11875731.0,11875731.0
1787279219.996,11874102.0,11877170.0,11874109.0
1787279225.045,11872114.0,11873574.0,11872507.0
1787279230.146,11874271.0,11876211.0,11876211.0
1787279235.189,11877094.0,11878766.0,11879799.0
1787279240.273,11874091.0,11876988.0,11876988.0
1787279245.337,11878271.0,11879798.0,11878726.0
1787279250.406,11876821.0,11879623.0,11878726.0
1787279255.456,11876855.0,11878952.0,11878726.0
1787279260.548,11880750.0,11883428.0,11881053.0
1787279265.622,11880249.0,11883214.0,11880750.0
1787279270.747,11880374.0,11882807.0,11880750.0
1787279275.807,11881510.0,11883387.0,11884400.0
1787279280.866,11883940.0,11887341.0,11887943.0
1787279285.936,11885602.0,11888644.0,11888577.0
1787279290.984,11891224.0,11892817.0,11890803.0
1787279296.051,11887700.0,11890292.0,11887700.0
1787279301.120,11886638.0,11889085.0,11887700.0
1787279306.162,11891841.0,11893790.0,11893394.0
1787279311.232,11891236.0,11893095.0,11891964.0
1787279316.278,11894822.0,11898400.0,11898551.0
1787279321.318,11890261.0,11892699.0,11890240.0
1787279326.367,11891128.0,11893473.0,11890240.0
1787279331.413,11892320.0,11893426.0,11892899.0
1787279336.453,11895442.0,11898551.0,11897551.0
1787279341.531,11895443.0,11898021.0,11895443.0
1787279346.665,11895810.0,11897968.0,11897968.0
1787279351.734,11895443.0,11897566.0,11896071.0
1787279356.816,11894818.0,11897008.0,11896104.0
1787279361.860,11894178.0,11896439.0,11894818.0
1787279366.926,11901513.0,11902682.0,11901867.0
1787279371.962,11902413.0,11903970.0,11904498.0
1787279377.001,11900918.0,11902000.0,11902000.0
1787279382.040,11901768.0,11903058.0,11902000.0
1787279387.102,11902571.0,11904500.0,11901923.0
1787279392.145,11902752.0,11904918.0,11904500.0
1787279397.186,11903008.0,11904917.0,11904500.0
1787279402.223,11904383.0,11906267.0,11906454.0
1787279407.340,11904414.0,11906155.0,11906454.0
1787279412.378,11901276.0,11904411.0,11900338.0
1787279417.445,11901864.0,11904972.0,11904045.0
1787279422.586,11907610.0,11910492.0,11910492.0
1787279427.651,11913642.0,11916561.0,11913883.0
1787279432.716,11915112.0,11918730.0,11917454.0
1787279437.780,11912709.0,11917435.0,11915173.0
1787279442.869,11915650.0,11918259.0,11916322.0
1787279447.939,11907392.0,11913124.0,11910677.0
1787279452.986,11906659.0,11909269.0,11908540.0
1787279458.038,11906019.0,11910048.0,11908342.0
1787279463.079,11900316.0,11903674.0,11902517.0
1787279468.191,11902947.0,11906413.0,11905030.0
1787279473.230,11900163.0,11903074.0,11900517.0
1787279478.275,11903442.0,11907669.0,11905533.0
1787279483.317,11903099.0,11906650.0,11905122.0
1787279488.394,11905379.0,11908031.0,11906358.0
1787279493.430,11906327.0,11906460.0,11904895.0
1787279498.469,11903972.0,11906312.0,11906327.0
1787279503.535,11910597.0,11911494.0,11910022.0
1787279508.591,11907235.0,11910135.0,11909317.0
1787279513.654,11909857.0,11913399.0,11913586.0
1787279518.713,11903787.0,11906222.0,11905416.0
1787279523.783,11904621.0,11907740.0,11905623.0
1787279529.718,11902221.0,11906832.0,11905128.0
1787279534.793,11903065.0,11906369.0,11905128.0
1787279539.846,11903977.0,11907528.0,11903856.0
1787279544.969,11905358.0,11908841.0,11908841.0
1787279550.040,11908928.0,11911625.0,11909133.0
1787279555.109,11911209.0,11912221.0,11909133.0
1787279560.149,11912995.0,11915614.0,11915221.0
1787279565.205,11911319.0,11913787.0,11911408.0
1787279570.250,11908473.0,11912023.0,11912034.0
1787279575.309,11908010.0,11911292.0,11908473.0
1787279580.372,11908000.0,11910033.0,11908010.0
1787279585.462,11902126.0,11902419.0,11902077.0
1787279590.692,11895210.0,11901038.0,11897453.0
1787279595.740,11894622.0,11897991.0,11895479.0
1787279600.808,11888767.0,11890887.0,11889870.0
1787279605.855,11878318.0,11880632.0,11879800.0
1787279610.924,11859515.0,11860184.0,11860926.0
1787279615.970,11846256.0,11848603.0,11846823.0
1787279621.035,11849553.0,11856152.0,11853249.0
1787279626.093,11853397.0,11855787.0,11854430.0
1787279631.158,11854758.0,11858195.0,11856740.0
1787279636.208,11861188.0,11863129.0,11861188.0
1787279641.276,11857836.0,11860155.0,11858150.0
1787279646.326,11852749.0,11856926.0,11854693.0
1787279651.367,11862972.0,11868714.0,11866850.0
1787279656.403,11861774.0,11867073.0,11867263.0
1787279661.443,11863905.0,11866438.0,11865330.0
1787279666.521,11861091.0,11863560.0,11863943.0
1787279672.157,11858172.0,11861092.0,11859892.0
1787279677.195,11854296.0,11860622.0,11859916.0
1787279682.240,11862474.0,11867789.0,11864791.0
1787279687.278,11864068.0,11866359.0,11864068.0
1787279692.322,11865847.0,11869781.0,11869791.0
1787279697.363,11869835.0,11870322.0,11870321.0
1787279702.432,11873405.0,11876368.0,11875400.0
1787279707.509,11869808.0,11873317.0,11872177.0
1787279712.653,11870335.0,11873597.0,11872177.0
1787279717.725,11870754.0,11874047.0,11871154.0
1787279722.795,11872528.0,11876112.0,11873252.0
1787279727.861,11867949.0,11870868.0,11867369.0
1787279732.929,11868647.0,11870858.0,11867369.0
1787279738.021,11855132.0,11862413.0,11860329.0
1787279743.079,11854880.0,11860178.0,11857118.0
1787279748.137,11851889.0,11855606.0,11853264.0
1787279753.217,11856440.0,11859694.0,11858858.0
1787279758.279,11857500.0,11858456.0,11857604.0
1787279763.322,11855198.0,11857372.0,11858719.0
1787279768.398,11860094.0,11862666.0,11861416.0
1787279773.465,11861184.0,11865482.0,11863043.0
1787279778.523,11860294.0,11864702.0,11861760.0
1787279783.585,11862509.0,11865487.0,11861760.0
1787279788.653,11864794.0,11867295.0,11865487.0
1787279793.709,11864800.0,11868133.0,11867643.0
1787279798.776,11863572.0,11865830.0,11867643.0
1787279803.846,11863906.0,11866469.0,11864568.0
1787279808.910,11865487.0,11867960.0,11866718.0
1787279813.973,11867158.0,11871893.0,11866718.0
1787279819.017,11866480.0,11868493.0,11867097.0
1787279824.087,11869352.0,11873194.0,11872803.0
1787279829.188,11869244.0,11873302.0,11873196.0
1787279834.239,11865313.0,11869950.0,11866990.0
1787279839.278,11863946.0,11866269.0,11866308.0
1787279844.314,11869397.0,11869746.0,11869746.0
1787279849.350,11869498.0,11871812.0,11871239.0
1787279854.415,11867759.0,11871050.0,11871239.0
1787279859.462,11872451.0,11874786.0,11873066.0
1787279864.528,11873586.0,11876384.0,11873066.0
1787279869.596,11876122.0,11878622.0,11876321.0
1787279874.669,11871707.0,11876645.0,11873342.0
1787279879.704,11874002.0,11877540.0,11873342.0
1787279884.799,11875123.0,11878211.0,11876320.0
1787279889.870,11871663.0,11876280.0,11876320.0
1787279894.930,11870954.0,11874449.0,11872919.0
1787279899.974,11871022.0,11872045.0,11872919.0
1787279905.012,11870898.0,11873083.0,11872919.0
1787279910.049,11873489.0,11875418.0,11873468.0
1787279915.118,11875185.0,11876320.0,11873468.0
1787279920.181,11871598.0,11874502.0,11875770.0
1787279925.241,11874573.0,11877930.0,11877650.0
1787279930.283,11873094.0,11876814.0,11874006.0
1787279935.323,11870923.0,11873681.0,11874006.0
1787279940.386,11868242.0,11871087.0,11869242.0
1787279945.439,11866378.0,11869289.0,11867468.0
1787279950.510,11869509.0,11871741.0,11870174.0
1787279955.564,11873294.0,11876928.0,11874067.0
1787279960.600,11873400.0,11876183.0,11872593.0
1787279965.676,11869771.0,11874410.0,11872634.0
1787279970.735,11870451.0,11872679.0,11871112.0
1787279975.802,11867708.0,11873310.0,11870190.0
1787279980.885,11870424.0,11873202.0,11870190.0
1787279985.923,11870434.0,11873933.0,11870190.0
1787279990.989,11871714.0,11873671.0,11873804.0
1787279996.030,11871775.0,11876083.0,11873654.0
1787280001.095,11870788.0,11874247.0,11872263.0
1787280006.141,11870129.0,11872407.0,11870698.0
1787280011.207,11868735.0,11871552.0,11870643.0
1787280016.270,11867143.0,11870875.0,11868210.0
1787280021.332,11868062.0,11870643.0,11868210.0
1787280026.371,11868324.0,11870549.0,11868210.0
1787280031.413,11868522.0,11871156.0,11868210.0
1787280036.455,11871078.0,11873674.0,11868210.0
1787280041.537,11874894.0,11876883.0,11876923.0
1787280046.602,11874847.0,11876928.0,11876928.0
1787280051.671,11871836.0,11874280.0,11872255.0
1787280056.727,11871190.0,11873511.0,11876075.0
1787280061.790,11868308.0,11871211.0,11871195.0
1787280066.859,11867942.0,11869605.0,11868391.0
1787280071.928,11867945.0,11870421.0,11868380.0
1787280076.965,11867942.0,11869143.0,11870281.0
1787280082.000,11867942.0,11869126.0,11869134.0
1787280087.041,11867199.0,11868651.0,11865851.0
1787280092.084,11864119.0,11864247.0,11865468.0
1787280097.121,11860054.0,11863622.0,11860054.0
1787280102.162,11861846.0,11866155.0,11861846.0
1787280107.206,11863506.0,11866773.0,11864685.0
1787280112.244,11866316.0,11869552.0,11864604.0
1787280117.292,11864466.0,11867130.0,11866553.0
1787280122.332,11861433.0,11863802.0,11866553.0
1787280127.395,11861467.0,11864485.0,11866553.0
1787280132.441,11862738.0,11866290.0,11866553.0
1787280137.514,11862097.0,11865416.0,11866553.0
1787280142.583,11863253.0,11867903.0,11866553.0
1787280147.643,11866200.0,11869294.0,11866553.0
1787280152.711,11866311.0,11868889.0,11866301.0
1787280157.790,11862270.0,11865291.0,11866320.0
1787280162.833,11860906.0,11864046.0,11862238.0
1787280167.908,11862848.0,11865550.0,11864272.0
1787280172.973,11860907.0,11863441.0,11862848.0
1787280178.044,11859824.0,11862143.0,11860906.0
1787280183.086,11862888.0,11865544.0,11863322.0
1787280188.157,11860966.0,11864069.0,11863965.0
1787280193.201,11862235.0,11865674.0,11863965.0
1787280198.300,11867098.0,11869412.0,11867867.0
1787280203.359,11865838.0,11867968.0,11865921.0
1787280208.435,11866364.0,11868721.0,11865921.0
1787280213.563,11866002.0,11867655.0,11866327.0
1787280218.641,11862703.0,11865033.0,11863185.0
1787280223.759,11863185.0,11865459.0,11863185.0
1787280228.801,11863185.0,11865359.0,11863185.0
1787280233.875,11863269.0,11865149.0,11863185.0
1787280238.945,11860779.0,11863335.0,11863551.0
1787280244.015,11863551.0,11864977.0,11861316.0
1787280249.124,11863551.0,11864288.0,11863551.0
1787280254.183,11861077.0,11862365.0,11863551.0
1787280259.244,11861077.0,11862566.0,11862365.0
1787280264.281,11862412.0,11864895.0,11862566.0
1787280269.324,11862397.0,11864769.0,11862396.0
1787280274.384,11864019.0,11865943.0,11863933.0
1787280279.453,11862089.0,11865541.0,11864019.0
1787280284.525,11864019.0,11864792.0,11864750.0
1787280289.598,11864019.0,11865122.0,11864019.0
1787280294.638,11863099.0,11864882.0,11864019.0
1787280299.698,11863100.0,11865147.0,11864863.0
1787280304.776,11863099.0,11864396.0,11865582.0
1787280309.904,11863099.0,11864983.0,11865582.0
1787280314.968,11863622.0,11865111.0,11864690.0
1787280320.036,11863099.0,11864408.0,11863099.0
1787280325.098,11863099.0,11864200.0,11863099.0
1787280330.140,11861077.0,11863660.0,11861077.0
1787280335.210,11861205.0,11862530.0,11862544.0
1787280340.249,11857257.0,11859253.0,11860110.0
1787280345.285,11854047.0,11857320.0,11857320.0
1787280350.330,11847719.0,11848781.0,11850234.0
1787280355.388,11847217.0,11850140.0,11847846.0
1787280360.433,11846113.0,11848115.0,11846128.0
1787280365.502,11844668.0,11847247.0,11844748.0
1787280370.570,11844392.0,11847979.0,11845064.0
1787280375.635,11845392.0,11847206.0,11846082.0
1787280380.708,11844748.0,11848533.0,11844748.0
1787280385.775,11845771.0,11847723.0,11846154.0
1787280390.849,11843354.0,11845426.0,11846607.0
1787280395.894,11844789.0,11846413.0,11845427.0
1787280400.950,11843337.0,11846854.0,11846413.0
1787280406.018,11843383.0,11846275.0,11846392.0
1787280411.060,11843383.0,11845379.0,11845379.0
1787280416.117,11838819.0,11841622.0,11838819.0
1787280421.180,11837361.0,11839359.0,11837731.0
1787280426.260,11821120.0,11821567.0,11820167.0
1787280431.324,11823694.0,11826271.0,11822491.0
1787280436.363,11822535.0,11827320.0,11824128.0
1787280441.403,11824221.0,11826650.0,11824128.0
1787280446.465,11829760.0,11833215.0,11829760.0
1787280451.575,11832071.0,11835073.0,11833435.0
1787280456.642,11833992.0,11835885.0,11836487.0
1787280461.717,11834139.0,11836863.0,11833991.0
1787280466.755,11837563.0,11840663.0,11837906.0
1787280471.847,11838447.0,11841751.0,11838332.0
1787280476.920,11839171.0,11842142.0,11838298.0
1787280481.977,11841703.0,11843115.0,11842142.0
1787280487.085,11831916.0,11833476.0,11833757.0
1787280492.129,11830610.0,11830855.0,11830799.0
1787280497.170,11826166.0,11830412.0,11828047.0
1787280502.212,11826313.0,11829916.0,11828120.0
1787280507.248,11827230.0,11829734.0,11829464.0
1787280512.286,11825111.0,11827809.0,11828426.0
1787280517.323,11823070.0,11825780.0,11824156.0
1787280522.366,11821954.0,11825780.0,11824400.0
1787280527.444,11819290.0,11822476.0,11821897.0
1787280532.522,11817060.0,11820734.0,11820320.0
1787280537.589,11818776.0,11819124.0,11820643.0
1787280542.659,11818891.0,11820643.0,11820643.0
1787280547.735,11818903.0,11822316.0,11819610.0
1787280552.776,11814550.0,11817651.0,11817686.0
1787280557.842,11814075.0,11817495.0,11817651.0
1787280562.883,11814400.0,11816207.0,11817651.0
1787280568.016,11815613.0,11817259.0,11817260.0
1787280573.051,11815623.0,11817258.0,11815614.0
1787280578.112,11815545.0,11817804.0,11816214.0
1787280583.161,11813834.0,11816532.0,11815543.0
1787280588.231,11815767.0,11818581.0,11818200.0
1787280593.292,11816213.0,11820118.0,11819874.0
1787280602.309,11814643.0,11819499.0,11817678.0
1787280607.388,11818548.0,11823344.0,11822082.0
1787280612.432,11823191.0,11826205.0,11824274.0
1787280617.498,11824274.0,11826214.0,11824954.0
1787280622.568,11822546.0,11824933.0,11822862.0
1787280627.634,11822473.0,11824701.0,11822862.0
1787280632.711,11822472.0,11823717.0,11822472.0
1787280637.765,11818211.0,11820718.0,11820545.0
1787280642.828,11818316.0,11821365.0,11820545.0
1787280647.875,11814160.0,11815988.0,11816539.0
1787280652.943,11814160.0,11815655.0,11815655.0
1787280658.047,11815133.0,11818549.0,11815520.0
1787280663.087,11816162.0,11820027.0,11817116.0
1787280668.138,11815679.0,11817746.0,11817116.0
1787280673.204,11814499.0,11816647.0,11816647.0
1787280678.250,11813322.0,11815660.0,11814203.0
1787280683.306,11812049.0,11816541.0,11817660.0
1787280688.346,11813466.0,11815293.0,11815294.0
1787280693.399,11812128.0,11814452.0,11812319.0
1787280698.443,11812372.0,11817289.0,11817660.0
1787280703.509,11810588.0,11814471.0,11813372.0
1787280708.577,11813181.0,11816339.0,11816339.0
1787280713.649,11813667.0,11817754.0,11816950.0
1787280718.713,11815563.0,11818239.0,11818239.0
1787280723.767,11816419.0,11818450.0,11814056.0
1787280728.858,11820955.0,11824358.0,11818590.0
1787280733.916,11821008.0,11823375.0,11823736.0
1787280738.979,11821539.0,11825416.0,11823736.0
1787280744.081,11823805.0,11826931.0,11823736.0
1787280749.126,11820963.0,11823736.0,11823175.0
1787280754.167,11816217.0,11818535.0,11818045.0
1787280759.212,11816277.0,11818987.0,11818530.0
1787280764.299,11821489.0,11823479.0,11821059.0
1787280769.353,11820919.0,11823499.0,11821059.0
1787280774.395,11819715.0,11820863.0,11821982.0
1787280779.440,11821799.0,11824722.0,11824727.0
1787280784.513,11817344.0,11818691.0,11818552.0
1787280789.578,11815927.0,11818737.0,11816768.0
1787280794.645,11810680.0,11813498.0,11813617.0
1787280799.717,11810390.0,11813324.0,11813617.0
1787280804.781,11810081.0,11813460.0,11813498.0
1787280809.849,11810340.0,11813214.0,11813498.0
1787280814.914,11810127.0,11813460.0,11813498.0
1787280819.978,11807217.0,11810405.0,11808203.0
1787280825.047,11805368.0,11807831.0,11806682.0
1787280830.114,11805655.0,11808630.0,11808028.0
1787280835.153,11806179.0,11808741.0,11806682.0
1787280840.217,11807253.0,11810669.0,11810384.0
1787280845.360,11805365.0,11807152.0,11807263.0
1787280850.412,11805523.0,11809139.0,11805434.0
1787280855.475,11806121.0,11809521.0,11809886.0
1787280860.516,11807175.0,11817289.0,11808166.0
1787280865.580,11809972.0,11813604.0,11812463.0
1787280870.650,11808508.0,11810771.0,11808889.0
1787280875.715,11809498.0,11812766.0,11808889.0
1787280880.770,11810289.0,11816236.0,11815783.0
1787280885.833,11810213.0,11812078.0,11810391.0
1787280890.909,11806545.0,11808029.0,11806788.0
1787280895.985,11807384.0,11808908.0,11807963.0
1787280901.056,11806056.0,11811270.0,11807963.0
1787280906.224,11809688.0,11811056.0,11807963.0
1787280911.300,11809879.0,11811864.0,11807963.0
1787280916.347,11809879.0,11811864.0,11807963.0
1787280921.425,11810378.0,11811741.0,11809594.0
1787280926.497,11806918.0,11812491.0,11806553.0
1787280931.555,11807022.0,11811704.0,11806553.0
1787280936.626,11809601.0,11812229.0,11812229.0
1787280941.702,11812286.0,11818966.0,11816720.0
1787280946.761,11811575.0,11814890.0,11815963.0
1787280951.795,11810930.0,11814117.0,11815963.0
1787280956.875,11809187.0,11812430.0,11810930.0
1787280961.948,11808454.0,11811365.0,11810930.0
1787280966.998,11807798.0,11810959.0,11810930.0
1787280972.080,11809207.0,11811516.0,11812835.0
1787280977.119,11809606.0,11812350.0,11812835.0
1787280982.178,11814428.0,11817419.0,11817419.0
1787280987.224,11816514.0,11818340.0,11817419.0
1787280992.281,11812089.0,11817486.0,11816013.0
1787280997.326,11812198.0,11815492.0,11811640.0
1787281002.375,11813282.0,11817419.0,11816341.0
1787281007.444,11813904.0,11815886.0,11815809.0
1787281012.636,11813643.0,11816333.0,11817082.0
1787281017.696,11814920.0,11817419.0,11817082.0
1787281022.757,11817798.0,11819448.0,11819110.0
1787281027.825,11813573.0,11817197.0,11817202.0
1787281032.889,11815731.0,11818749.0,11817576.0
1787281037.970,11815299.0,11818498.0,11815398.0
1787281043.005,11815668.0,11819313.0,11815398.0
1787281048.091,11815204.0,11816882.0,11815398.0
1787281053.125,11815417.0,11818235.0,11815398.0
1787281058.161,11817880.0,11820632.0,11819825.0
1787281063.276,11811844.0,11813997.0,11812505.0
1787281068.348,11811860.0,11814184.0,11813968.0
1787281073.389,11811875.0,11815210.0,11813968.0
1787281078.502,11812791.0,11815090.0,11813968.0
1787281083.562,11812088.0,11814208.0,11813858.0
1787281088.661,11813627.0,11814208.0,11813858.0
1787281093.766,11815775.0,11817762.0,11816070.0
1787281098.815,11816405.0,11817762.0,11816070.0
1787281103.852,11818595.0,11820872.0,11820308.0
1787281108.933,11808790.0,11809905.0,11808790.0
1787281113.974,11808572.0,11810594.0,11810594.0
1787281119.039,11809359.0,11812112.0,11812112.0
1787281124.106,11814076.0,11816461.0,11815738.0
1787281129.174,11812876.0,11815627.0,11813472.0
1787281134.215,11809719.0,11811657.0,11812870.0
1787281139.283,11808456.0,11811012.0,11808877.0
1787281144.319,11809996.0,11812660.0,11812693.0
1787281149.398,11809377.0,11811597.0,11809615.0
1787281154.434,11809735.0,11811552.0,11811561.0
1787281159.560,11811057.0,11812640.0,11811822.0
1787281164.639,11811257.0,11812788.0,11811822.0
1787281169.694,11811191.0,11812788.0,11812788.0
1787281174.764,11807650.0,11810673.0,11808990.0
1787281179.829,11807685.0,11810468.0,11809531.0
1787281184.868,11814997.0,11817938.0,11816240.0
1787281189.954,11816705.0,11817938.0,11817938.0
1787281195.019,11816491.0,11817938.0,11816705.0
1787281200.082,11814715.0,11817302.0,11817839.0
1787281205.233,11821206.0,11822790.0,11822788.0
1787281210.287,11817160.0,11821620.0,11821652.0
1787281215.350,11816582.0,11820173.0,11821652.0
1787281220.392,11815451.0,11817446.0,11817445.0
1787281225.455,11814422.0,11816939.0,11815451.0
1787281230.495,11811612.0,11814313.0,11816920.0
1787281235.562,11815263.0,11817989.0,11816920.0
1787281240.620,11815176.0,11817196.0,11816920.0
1787281245.678,11815416.0,11817978.0,11817970.0
1787281250.745,11812282.0,11814967.0,11817330.0
1787281255.807,11812134.0,11814964.0,11814966.0
1787281260.850,11812586.0,11814960.0,11814963.0
1787281266.413,11813707.0,11816593.0,11814964.0
1787281271.455,11814352.0,11816926.0,11816926.0
1787281276.520,11813255.0,11816707.0,11816926.0
1787281281.589,11812367.0,11816330.0,11816551.0
1787281286.657,11813184.0,11815009.0,11812367.0
1787281291.726,11814890.0,11817234.0,11815001.0
1787281296.769,11813826.0,11816551.0,11815001.0
1787281301.836,11814875.0,11816551.0,11816551.0
1787281306.891,11813392.0,11816474.0,11816551.0
1787281311.937,11813547.0,11815533.0,11812358.0
1787281316.979,11812355.0,11815440.0,11812358.0
1787281322.022,11813717.0,11815745.0,11814840.0
1787281327.109,11819126.0,11820011.0,11819259.0
1787281332.156,11819288.0,11821659.0,11820685.0
1787281337.216,11814110.0,11817481.0,11814674.0
1787281342.261,11813545.0,11815469.0,11813545.0
1787281347.300,11811821.0,11814551.0,11811611.0
1787281352.351,11812231.0,11814549.0,11811382.0
1787281357.396,11812428.0,11814549.0,11811382.0
1787281362.440,11812468.0,11814137.0,11811382.0
1787281367.506,11813859.0,11816220.0,11816220.0
1787281372.575,11816561.0,11818917.0,11816551.0
1787281377.639,11818440.0,11820563.0,11820179.0
1787281382.714,11818680.0,11820986.0,11820988.0
1787281387.789,11817684.0,11819281.0,11820400.0
1787281392.857,11816271.0,11818036.0,11820400.0
1787281397.918,11813286.0,11814375.0,11813999.0
1787281402.981,11813286.0,11814719.0,11813999.0
1787281408.048,11811959.0,11814521.0,11813135.0
1787281413.117,11817644.0,11819870.0,11819574.0
1787281418.156,11816575.0,11819739.0,11819574.0
1787281423.206,11814971.0,11817533.0,11819574.0
1787281428.241,11814874.0,11817530.0,11819574.0
1787281433.279,11814875.0,11817530.0,11819574.0
1787281438.322,11814056.0,11816387.0,11819574.0
1787281443.384,11811589.0,11813780.0,11813780.0
1787281448.551,11806160.0,11807650.0,11807650.0
1787281453.661,11809474.0,11811878.0,11809374.0
1787281458.737,11805365.0,11807709.0,11806393.0
1787281463.845,11807547.0,11810214.0,11806334.0
1787281469.098,11806327.0,11809624.0,11808700.0
1787281474.177,11804917.0,11807029.0,11807030.0
1787281479.243,11803909.0,11806082.0,11807276.0
1787281484.342,11805475.0,11810463.0,11807252.0
1787281489.403,11807344.0,11809364.0,11807252.0
1787281494.489,11809394.0,11811249.0,11811323.0
1787281499.575,11809277.0,11812007.0,11811249.0
1787281504.658,11808495.0,11810745.0,11811249.0
1787281509.786,11804794.0,11807534.0,11808077.0
1787281514.841,11805218.0,11807861.0,11805000.0
1787281519.907,11806586.0,11809280.0,11806578.0
1787281524.982,11806603.0,11809281.0,11806578.0
1787281530.041,11807119.0,11809281.0,11809281.0
1787281535.108,11805264.0,11805589.0,11805589.0
1787281540.205,11803780.0,11804544.0,11804544.0
1787281545.245,11802657.0,11803211.0,11804124.0
1787281550.349,11804449.0,11806502.0,11804291.0
1787281555.445,11807609.0,11809985.0,11806428.0
1787281560.525,11802938.0,11805229.0,11805330.0
1787281566.029,11801889.0,11803819.0,11802061.0
1787281571.266,11796378.0,11796847.0,11798004.0
1787281576.404,11790744.0,11791925.0,11792963.0
1787281581.484,11788324.0,11792154.0,11791264.0
1787281586.569,11787307.0,11790516.0,11786520.0
1787281591.629,11790362.0,11793518.0,11789631.0
1787281596.731,11796345.0,11799726.0,11799986.0
1787281601.812,11786593.0,11791035.0,11788596.0
1787281606.909,11785932.0,11788790.0,11788596.0
1787281611.969,11791386.0,11793728.0,11791284.0
1787281617.017,11792756.0,11797073.0,11795157.0
1787281622.085,11798485.0,11800870.0,11800897.0
1787281627.181,11798367.0,11801395.0,11800897.0
1787281632.310,11798230.0,11800811.0,11798230.0
1787281637.451,11798230.0,11799100.0,11799263.0
1787281642.560,11799577.0,11802086.0,11801052.0
1787281647.860,11799070.0,11802054.0,11798230.0
1787281652.926,11799670.0,11803046.0,11799664.0
1787281658.269,11800576.0,11803593.0,11799664.0
1787281663.347,11799913.0,11801303.0,11801605.0
1787281668.393,11795479.0,11797323.0,11795815.0
1787281673.488,11792461.0,11793294.0,11793088.0
1787281678.555,11791530.0,11793888.0,11791110.0
1787281683.665,11796252.0,11801948.0,11796252.0
1787281688.749,11799244.0,11803036.0,11801446.0
1787281693.794,11796123.0,11797935.0,11796122.0
1787281698.861,11797259.0,11798853.0,11797936.0
1787281703.933,11800030.0,11801875.0,11799871.0
1787281708.979,11799388.0,11802306.0,11799871.0
1787281714.220,11795825.0,11799461.0,11797657.0
1787281719.261,11794764.0,11797786.0,11795714.0
1787281724.298,11794197.0,11797853.0,11795714.0
1787281729.385,11795181.0,11798001.0,11798001.0
1787281734.483,11792929.0,11796128.0,11794957.0
1787281739.544,11793930.0,11798000.0,11794805.0
1787281744.605,11797057.0,11800684.0,11794805.0
1787281749.692,11796165.0,11799632.0,11794805.0
1787281755.036,11794926.0,11798004.0,11795984.0
1787281760.504,11793184.0,11796318.0,11796682.0
1787281765.851,11795331.0,11798113.0,11796318.0
1787281771.138,11793668.0,11795786.0,11796186.0
1787281776.200,11793668.0,11795496.0,11795496.0
1787281781.435,11793311.0,11794993.0,11793311.0
1787281786.555,11793346.0,11796661.0,11793311.0
1787281791.655,11797783.0,11799536.0,11798425.0
1787281796.737,11797664.0,11800787.0,11798425.0
1787281801.836,11801960.0,11803846.0,11798425.0
1787281806.910,11796875.0,11800486.0,11798891.0
1787281811.987,11796755.0,11799393.0,11798425.0
1787281817.064,11797474.0,11800000.0,11799301.0
1787281822.113,11802056.0,11806099.0,11803621.0
1787281827.684,11804299.0,11807330.0,11806949.0
1787281840.499,11804090.0,11806155.0,11803592.0
1787281845.565,11806078.0,11808217.0,11806146.0
1787281850.651,11807436.0,11809298.0,11806146.0
1787281855.689,11807446.0,11809261.0,11809313.0
1787281860.729,11808442.0,11809313.0,11809313.0
1787281866.279,11808761.0,11809308.0,11808486.0
1787281871.314,11808699.0,11811573.0,11809313.0
1787281876.349,11812528.0,11815017.0,11814172.0
1787281881.397,11814354.0,11817898.0,11816361.0
1787281886.438,11820647.0,11822410.0,11821031.0
1787281891.500,11818731.0,11820966.0,11820146.0
1787281896.556,11819865.0,11821830.0,11819833.0
1787281901.621,11818309.0,11821994.0,11819653.0
1787281906.685,11818303.0,11820951.0,11818303.0
1787281911.758,11817202.0,11818557.0,11818422.0
1787281916.794,11817202.0,11819491.0,11819493.0
1787281921.830,11816990.0,11820336.0,11818248.0
1787281926.937,11818320.0,11822566.0,11818248.0
1787281932.093,11821046.0,11823281.0,11818248.0
1787281937.154,11821046.0,11823592.0,11821860.0
1787281942.289,11822832.0,11824890.0,11821860.0
1787281947.332,11822629.0,11824657.0,11824886.0
1787281952.433,11819745.0,11823981.0,11822629.0
1787281957.513,11820905.0,11823380.0,11822629.0
1787281962.571,11822779.0,11823964.0,11823413.0
1787281967.610,11819219.0,11821613.0,11820867.0
1787281972.672,11820091.0,11822855.0,11820867.0
1787281977.727,11819172.0,11821386.0,11820867.0
1787281982.800,11818116.0,11821357.0,11819062.0
1787281987.998,11819842.0,11822123.0,11819062.0
1787281993.064,11820647.0,11823492.0,11819062.0
1787281998.101,11821414.0,11823840.0,11819062.0
1787282003.139,11821679.0,11824010.0,11819062.0
1787282008.201,11822539.0,11825162.0,11819062.0
1787282013.259,11822361.0,11823912.0,11819062.0
1787282018.347,11820181.0,11822891.0,11819062.0
1787282023.403,11818112.0,11819944.0,11819383.0
1787282028.440,11818261.0,11819864.0,11819383.0
1787282033.508,11817055.0,11818445.0,11817055.0
1787282038.587,11817913.0,11820350.0,11819608.0
1787282043.678,11820162.0,11821944.0,11820350.0
1787282048.820,11819757.0,11821944.0,11821417.0
1787282053.909,11818665.0,11820688.0,11818853.0
1787282058.969,11817851.0,11820084.0,11820084.0
1787282064.012,11817210.0,11819397.0,11817851.0
1787282069.054,11817195.0,11819398.0,11817851.0
1787282074.115,11815809.0,11817697.0,11816820.0
1787282079.182,11815732.0,11817614.0,11815809.0
1787282084.251,11815732.0,11816207.0,11815732.0
1787282089.291,11815732.0,11817917.0,11815732.0
1787282094.328,11815732.0,11817820.0,11817957.0
1787282099.443,11816991.0,11819462.0,11819330.0
1787282104.514,11817044.0,11819420.0,11819430.0
1787282109.673,11816909.0,11819217.0,11819430.0
1787282114.737,11815581.0,11816958.0,11816028.0
1787282119.778,11814262.0,11816276.0,11816028.0
1787282124.853,11814151.0,11815689.0,11814151.0
1787282129.931,11812792.0,11815309.0,11814151.0
1787282134.990,11810651.0,11813588.0,11812657.0
1787282140.053,11811493.0,11815023.0,11813302.0
1787282145.113,11810358.0,11813230.0,11812843.0
1787282150.151,11808745.0,11812114.0,11808694.0
1787282155.189,11810373.0,11812329.0,11812076.0
1787282160.259,11809449.0,11812275.0,11812076.0
1787282165.456,11804533.0,11806766.0,11808694.0
1787282170.519,11800000.0,11802121.0,11801974.0
1787282201.727,11806651.0,11810337.0,11809384.0
1787282206.939,11807251.0,11810144.0,11809384.0
1787282212.015,11813353.0,11815000.0,11815000.0
1787282217.067,11816605.0,11819877.0,11819877.0
1787282222.125,11818565.0,11822480.0,11819877.0
1787282227.179,11819838.0,11823192.0,11819877.0
1787282232.253,11819939.0,11822073.0,11819877.0
1787282237.297,11815882.0,11819134.0,11817745.0
1787282242.376,11816349.0,11819826.0,11815879.0
1787282247.471,11817865.0,11820085.0,11815879.0
1787282252.543,11820693.0,11822686.0,11815879.0
1787282257.679,11822547.0,11824663.0,11824707.0
1787282262.741,11821397.0,11824639.0,11822387.0
1787282267.810,11821397.0,11824193.0,11821398.0
1787282272.895,11824032.0,11826208.0,11824196.0
1787282277.944,11824267.0,11827039.0,11824196.0
1787282283.020,11823240.0,11826961.0,11824196.0
1787282288.107,11823221.0,11825502.0,11823245.0
1787282293.157,11822160.0,11826026.0,11823282.0
1787282298.211,11816894.0,11822990.0,11819976.0
1787282303.298,11815918.0,11820443.0,11822989.0
1787282308.368,11814614.0,11818767.0,11822989.0
1787282313.421,11816615.0,11818442.0,11822989.0
1787282318.491,11815213.0,11816142.0,11817323.0
1787282323.567,11818914.0,11819889.0,11818105.0
1787282328.635,11820786.0,11821717.0,11818105.0
1787282333.704,11817590.0,11819329.0,11820145.0
1787282338.774,11816066.0,11818795.0,11818795.0
1787282343.842,11818180.0,11820310.0,11819531.0
1787282348.913,11821575.0,11823343.0,11822568.0
1787282353.960,11819513.0,11821131.0,11820794.0
1787282359.026,11818272.0,11819921.0,11820794.0
1787282364.080,11818109.0,11820324.0,11820145.0
1787282369.150,11817511.0,11820635.0,11820145.0
1787282374.200,11818747.0,11820610.0,11820145.0
1787282379.248,11819178.0,11821582.0,11820616.0
1787282384.296,11820211.0,11822160.0,11819257.0
1787282389.348,11815870.0,11821260.0,11819257.0
1787282394.401,11816427.0,11819807.0,11819257.0
1787282399.493,11816427.0,11819475.0,11819257.0
1787282404.558,11819177.0,11819414.0,11819227.0
1787282409.633,11820213.0,11821900.0,11819227.0
1787282414.851,11820031.0,11824500.0,11821940.0
1787282419.897,11823741.0,11824843.0,11824818.0
1787282424.981,11825167.0,11827092.0,11825919.0
1787282430.061,11825964.0,11827673.0,11825919.0
1787282435.111,11826767.0,11827673.0,11825919.0
1787282440.202,11825582.0,11827545.0,11826551.0
1787282445.277,11825445.0,11827866.0,11827900.0
1787282450.339,11825494.0,11828163.0,11828362.0
1787282455.425,11826060.0,11828374.0,11828362.0
1787282460.501,11826494.0,11828840.0,11828840.0
1787282465.589,11829755.0,11830730.0,11830730.0
1787282470.663,11830841.0,11831831.0,11831840.0
1787282475.731,11830840.0,11833203.0,11831678.0
1787282480.917,11827484.0,11829200.0,11830730.0
1787282485.968,11827484.0,11829040.0,11830730.0
1787282491.019,11830837.0,11831039.0,11831039.0
1787282496.103,11830730.0,11831916.0,11831039.0
1787282501.159,11831634.0,11832004.0,11830781.0
1787282506.207,11830774.0,11833513.0,11831392.0
1787282511.285,11830826.0,11833775.0,11831392.0
1787282516.412,11830730.0,11833260.0,11833277.0
1787282521.461,11830730.0,11832959.0,11833277.0
1787282526.532,11830774.0,11832830.0,11830730.0
1787282531.602,11827897.0,11831050.0,11830730.0
1787282536.667,11824359.0,11827287.0,11830250.0
1787282541.738,11824433.0,11827271.0,11830250.0
1787282546.783,11824391.0,11826528.0,11830250.0
1787282551.859,11824662.0,11827260.0,11824661.0
1787282556.928,11824913.0,11826904.0,11825038.0
1787282561.981,11825902.0,11828191.0,11826904.0
1787282567.028,11827861.0,11830250.0,11828191.0
1787282572.077,11828489.0,11831830.0,11830251.0
1787282577.128,11828791.0,11831451.0,11830251.0
1787282582.173,11835229.0,11837236.0,11835730.0
1787282587.234,11838770.0,11839870.0,11839094.0
1787282592.307,11838291.0,11841440.0,11839839.0
1787282597.386,11840018.0,11841340.0,11841340.0
1787282602.454,11836965.0,11839551.0,11838140.0
1787282607.525,11837196.0,11840100.0,11839156.0
1787282612.574,11838479.0,11840050.0,11839156.0
1787282617.658,11837898.0,11840048.0,11837393.0
1787282622.784,11840511.0,11844507.0,11843115.0
1787282627.872,11842464.0,11846334.0,11843115.0
1787282632.965,11845718.0,11848484.0,11843115.0
1787282638.031,11845890.0,11848482.0,11843115.0
1787282643.173,11845313.0,11847708.0,11847708.0
1787282648.235,11845854.0,11848200.0,11847708.0
1787282653.290,11846195.0,11848056.0,11845854.0
1787282658.338,11846413.0,11848056.0,11845854.0
1787282663.388,11845106.0,11846952.0,11845017.0
1787282668.446,11845159.0,11846432.0,11845106.0
1787282673.561,11844624.0,11845722.0,11845106.0
1787282678.628,11843202.0,11844621.0,11845404.0
1787282683.702,11843115.0,11845122.0,11843202.0
1787282688.769,11836644.0,11841402.0,11840098.0
1787282693.840,11837422.0,11840602.0,11840098.0
1787282698.920,11838125.0,11842234.0,11839313.0
1787282703.981,11840190.0,11840972.0,11840190.0
1787282709.053,11839977.0,11841827.0,11840190.0
1787282714.123,11840883.0,11842234.0,11840190.0
1787282719.198,11840378.0,11842234.0,11840190.0
1787282724.259,11841082.0,11843415.0,11842234.0
1787282729.332,11837667.0,11837817.0,11838078.0
1787282734.398,11836277.0,11839915.0,11840303.0
1787282739.450,11836321.0,11839427.0,11840303.0
1787282744.520,11834198.0,11836903.0,11837065.0
1787282749.599,11833652.0,11835786.0,11835829.0
1787282754.649,11833748.0,11835777.0,11835786.0
1787282759.697,11836869.0,11838905.0,11837490.0
1787282764.786,11838811.0,11839271.0,11837490.0
1787282769.842,11837679.0,11839247.0,11838061.0
1787282774.891,11838506.0,11840132.0,11838061.0
1787282779.960,11839263.0,11840304.0,11840165.0
1787282785.029,11837641.0,11840303.0,11840165.0
1787282790.080,11838457.0,11840304.0,11840165.0
1787282795.150,11838655.0,11840304.0,11840165.0
1787282800.205,11840068.0,11841476.0,11841003.0
1787282805.288,11838108.0,11841071.0,11841003.0
1787282810.351,11839168.0,11841250.0,11841003.0
1787282815.472,11839562.0,11843364.0,11843370.0
1787282820.548,11841171.0,11843328.0,11843370.0
1787282825.635,11842555.0,11845422.0,11843370.0
1787282830.685,11841186.0,11844051.0,11843370.0
1787282835.742,11839320.0,11843999.0,11842618.0
1787282840.803,11842405.0,11844905.0,11844025.0
1787282845.864,11848214.0,11849109.0,11848484.0
1787282850.937,11849590.0,11852070.0,11849000.0
1787282856.037,11849590.0,11850847.0,11849000.0
1787282861.092,11849995.0,11852431.0,11852425.0
1787282866.164,11846589.0,11848759.0,11847002.0
1787282871.232,11847440.0,11850000.0,11850000.0
1787282876.313,11850078.0,11853350.0,11852792.0
1787282881.407,11850254.0,11852843.0,11850239.0
1787282886.481,11852949.0,11854671.0,11854671.0
1787282891.554,11853162.0,11856664.0,11854357.0
1787282896.631,11854142.0,11856339.0,11854357.0
1787282901.701,11853918.0,11856327.0,11856123.0
1787282906.770,11853052.0,11856775.0,11853819.0
1787282911.854,11852843.0,11854441.0,11853819.0
1787282916.902,11848523.0,11851225.0,11848522.0
1787282921.948,11849708.0,11851881.0,11848522.0
1787282927.000,11850187.0,11851425.0,11848522.0
1787282932.079,11851045.0,11854016.0,11855305.0
1787282937.162,11850603.0,11852987.0,11855305.0
1787282942.349,11849239.0,11850039.0,11852835.0
1787282947.396,11849445.0,11851935.0,11852835.0
1787282952.451,11849613.0,11851052.0,11849613.0
1787282957.533,11851442.0,11853135.0,11855258.0
1787282962.578,11850446.0,11852033.0,11855258.0
1787282967.670,11849011.0,11851940.0,11850446.0
1787282972.784,11850422.0,11854382.0,11851957.0
1787282977.864,11850570.0,11853143.0,11851186.0
1787282982.958,11847887.0,11850549.0,11848460.0
1787282988.014,11847887.0,11850081.0,11849965.0
1787282993.060,11849104.0,11850061.0,11848431.0
1787282998.227,11850382.0,11852786.0,11851313.0
1787283003.278,11849570.0,11850476.0,11851313.0
1787283008.596,11845842.0,11849509.0,11848595.0
1787283013.817,11849091.0,11852392.0,11849540.0
1787283018.941,11852579.0,11854178.0,11854178.0
1787283024.026,11852997.0,11856790.0,11853151.0
1787283029.161,11854088.0,11857543.0,11853151.0
1787283034.229,11854152.0,11856825.0,11857538.0
1787283039.299,11855591.0,11858667.0,11857538.0
1787283044.363,11853219.0,11855092.0,11855621.0
1787283049.414,11854346.0,11856141.0,11855621.0
1787283054.601,11854346.0,11856231.0,11855621.0
1787283059.681,11853000.0,11853660.0,11854346.0
1787283064.758,11852681.0,11855459.0,11855511.0
1787283069.850,11856678.0,11858486.0,11858486.0
1787283074.975,11855913.0,11858235.0,11859085.0
1787283080.035,11854402.0,11856599.0,11855922.0
1787283085.305,11853520.0,11856676.0,11855458.0
1787283090.440,11857025.0,11858732.0,11858107.0
1787283095.536,11855188.0,11858737.0,11857069.0
1787283100.633,11853631.0,11857632.0,11853631.0
1787283105.745,11853689.0,11855510.0,11853630.0
1787283110.812,11855123.0,11857895.0,11857277.0
1787283115.932,11854633.0,11856821.0,11857277.0
1787283121.010,11855104.0,11857477.0,11855561.0
1787283126.117,11858171.0,11860127.0,11858526.0
1787283131.186,11859117.0,11860906.0,11858526.0
1787283136.344,11858728.0,11859117.0,11858751.0
1787283141.389,11857591.0,11858986.0,11858261.0
1787283146.440,11857615.0,11859117.0,11859117.0
1787283151.543,11857748.0,11860695.0,11859117.0
1787283156.627,11858622.0,11860876.0,11859117.0
1787283161.729,11855216.0,11857175.0,11856755.0
1787283166.792,11854601.0,11859687.0,11856755.0
1787283171.870,11855639.0,11858086.0,11856755.0
1787283176.951,11855995.0,11858136.0,11857499.0
1787283182.006,11856131.0,11858590.0,11857499.0
1787283187.106,11856203.0,11858834.0,11857499.0
1787283192.175,11855172.0,11856552.0,11855716.0
1787283197.231,11854411.0,11858054.0,11858172.0
1787283202.342,11855727.0,11858044.0,11858172.0
1787283207.410,11855727.0,11857977.0,11858172.0
1787283212.570,11855818.0,11857271.0,11858172.0
1787283217.785,11856146.0,11857872.0,11856101.0
1787283222.864,11856155.0,11857999.0,11856101.0
1787283227.927,11856749.0,11858098.0,11858172.0
1787283233.122,11855932.0,11857329.0,11858172.0
1787283238.166,11854593.0,11858064.0,11858218.0
1787283243.214,11853681.0,11856227.0,11854559.0
1787283248.288,11853182.0,11855491.0,11854559.0
1787283253.342,11852996.0,11855255.0,11854559.0
1787283258.386,11853663.0,11856147.0,11855249.0
1787283263.536,11853920.0,11857633.0,11854000.0
1787283268.613,11853931.0,11856029.0,11854000.0
1787283273.704,11852724.0,11854662.0,11852997.0
1787283278.800,11852465.0,11854517.0,11852465.0
1787283283.867,11851529.0,11854445.0,11852465.0
1787283288.936,11850286.0,11853534.0,11853939.0
1787283293.982,11850165.0,11852929.0,11853939.0
1787283299.045,11850000.0,11852872.0,11853939.0
1787283304.091,11851450.0,11853476.0,11853482.0
1787283309.175,11850527.0,11852948.0,11853482.0
1787283314.239,11851415.0,11852942.0,11853482.0
1787283319.302,11850124.0,11854912.0,11853564.0
1787283324.371,11851582.0,11853528.0,11853564.0
1787283329.426,11851072.0,11854469.0,11851885.0
1787283334.505,11854152.0,11856731.0,11854470.0
1787283339.606,11853825.0,11856346.0,11853824.0
1787283344.708,11853567.0,11855467.0,11853824.0
1787283349.778,11853437.0,11854543.0,11853567.0
1787283354.842,11853438.0,11855217.0,11853567.0
1787283359.908,11852078.0,11854602.0,11853824.0
1787283364.978,11850891.0,11852636.0,11853824.0
1787283370.103,11850045.0,11851846.0,11850003.0
1787283375.186,11845564.0,11847691.0,11846659.0
1787283380.254,11846446.0,11846907.0,11846800.0
1787283385.338,11846485.0,11849723.0,11848827.0
1787283390.383,11849012.0,11851372.0,11847827.0
1787283395.442,11844699.0,11846559.0,11844699.0
1787283400.530,11845443.0,11847709.0,11844699.0
1787283405.606,11844004.0,11847404.0,11844699.0
1787283410.731,11842883.0,11844003.0,11844699.0
1787283415.800,11840162.0,11842964.0,11842410.0
1787283420.870,11844965.0,11847605.0,11842410.0
1787283425.948,11838697.0,11840887.0,11840415.0
1787283430.998,11835392.0,11837624.0,11836310.0
1787283436.063,11831814.0,11835178.0,11834829.0
1787283441.118,11830079.0,11831536.0,11834829.0
1787283446.304,11830393.0,11833574.0,11832814.0
1787283451.381,11830594.0,11833816.0,11832814.0
1787283456.429,11831462.0,11834564.0,11832912.0
1787283461.510,11830430.0,11832308.0,11831902.0
1787283466.584,11830465.0,11833608.0,11831902.0
1787283471.666,11830482.0,11832754.0,11831902.0
1787283476.810,11836868.0,11837872.0,11836156.0
1787283481.869,11837155.0,11839589.0,11837871.0
1787283486.967,11838190.0,11839712.0,11837871.0
1787283492.037,11835199.0,11837382.0,11835507.0
1787283497.121,11828761.0,11833593.0,11828761.0
1787283502.201,11833841.0,11837264.0,11833169.0
1787283507.256,11834999.0,11837260.0,11835695.0
1787283512.306,11837295.0,11839999.0,11837264.0
1787283517.469,11839174.0,11840000.0,11840000.0
1787283522.560,11840669.0,11843366.0,11841814.0
1787283527.645,11842117.0,11844468.0,11841814.0
1787283533.021,11841354.0,11843814.0,11841814.0
1787283538.064,11841283.0,11845051.0,11841814.0
1787283543.109,11841282.0,11845687.0,11842359.0
1787283548.170,11844478.0,11846194.0,11845915.0
1787283553.209,11845380.0,11849117.0,11848464.0
1787283558.264,11841499.0,11843973.0,11843810.0
1787283563.311,11841533.0,11842480.0,11843810.0
1787283568.354,11840105.0,11842273.0,11843810.0
1787283573.401,11838776.0,11842579.0,11843810.0
1787283578.450,11839989.0,11842071.0,11843810.0
1787283583.515,11839996.0,11842265.0,11842249.0
1787283588.596,11839756.0,11841975.0,11842249.0
1787283593.723,11839838.0,11842516.0,11842249.0
1787283598.883,11840879.0,11842519.0,11840879.0
1787283604.156,11835016.0,11838002.0,11838174.0
1787283609.237,11835284.0,11837940.0,11838174.0
1787283614.421,11838548.0,11841211.0,11839067.0
1787283619.591,11844298.0,11847533.0,11845924.0
1787283624.663,11842562.0,11845139.0,11844298.0
1787283629.768,11844783.0,11846570.0,11843379.0
1787283634.858,11846226.0,11847962.0,11847962.0
1787283639.921,11846939.0,11848948.0,11847962.0
1787283644.997,11847717.0,11849627.0,11847962.0
1787283650.072,11845622.0,11847599.0,11847377.0
1787283655.120,11845119.0,11847198.0,11847377.0
1787283660.293,11844318.0,11848327.0,11847302.0
1787283665.395,11844573.0,11846373.0,11847302.0
1787283670.473,11845907.0,11848858.0,11847302.0
1787283675.550,11845298.0,11849260.0,11848271.0
1787283680.680,11845831.0,11849285.0,11848271.0
1787283685.852,11848223.0,11850618.0,11848271.0
1787283690.977,11848208.0,11850394.0,11848296.0
1787283696.047,11847249.0,11849968.0,11847395.0
1787283701.180,11845564.0,11847955.0,11847875.0
1787283706.260,11843852.0,11848047.0,11847875.0
1787283711.369,11843119.0,11847748.0,11847875.0
1787283716.446,11850563.0,11852476.0,11850526.0
1787283721.522,11852052.0,11853571.0,11852476.0
1787283726.597,11854152.0,11857216.0,11852476.0
1787283731.667,11857537.0,11860891.0,11858123.0
1787283736.744,11857825.0,11860906.0,11858123.0
1787283741.833,11859558.0,11861921.0,11860906.0
1787283746.905,11858443.0,11861356.0,11860906.0
1787283752.066,11859833.0,11859906.0,11860906.0
1787283757.118,11858264.0,11859697.0,11859299.0
1787283762.170,11857569.0,11858299.0,11859299.0
1787283767.267,11859133.0,11860208.0,11860208.0
1787283772.324,11858883.0,11862038.0,11860208.0
1787283777.373,11858984.0,11861850.0,11860208.0
1787283782.450,11859945.0,11862038.0,11860208.0
1787283787.570,11860420.0,11862029.0,11862007.0
1787283792.643,11859971.0,11862029.0,11862007.0
1787283797.716,11857154.0,11858990.0,11859081.0
1787283802.785,11851618.0,11854938.0,11852436.0
1787283807.832,11854456.0,11856198.0,11853995.0
1787283812.902,11855682.0,11859591.0,11859590.0
1787283817.951,11854215.0,11856179.0,11854415.0
1787283823.014,11852559.0,11854533.0,11853813.0
1787283828.073,11854108.0,11857462.0,11857462.0
1787283833.123,11857914.0,11860354.0,11856967.0
1787283838.216,11858183.0,11860000.0,11856967.0
1787283843.260,11858612.0,11860925.0,11860000.0
1787283848.304,11859523.0,11861621.0,11860170.0
1787283853.356,11859597.0,11860769.0,11860170.0
1787283858.407,11860278.0,11861881.0,11860170.0
1787283863.489,11860217.0,11861294.0,11860170.0
1787283868.601,11860216.0,11861881.0,11860170.0
1787283873.684,11864598.0,11867259.0,11864326.0
1787283878.763,11864408.0,11865943.0,11864326.0
1787283883.838,11866223.0,11867176.0,11867256.0
1787283888.912,11869948.0,11875013.0,11872086.0
1787283894.108,11868375.0,11872358.0,11872640.0
1787283899.159,11863774.0,11866194.0,11864366.0
1787283904.233,11864536.0,11868388.0,11865577.0
1787283909.400,11868194.0,11872955.0,11870578.0
1787283914.532,11870826.0,11873775.0,11870796.0
1787283919.610,11868414.0,11870677.0,11869162.0
1787283924.703,11871417.0,11874708.0,11874025.0
1787283929.755,11871282.0,11874679.0,11874025.0
1787283934.839,11872303.0,11874686.0,11874025.0
1787283939.893,11871887.0,11875896.0,11874025.0
1787283944.986,11871348.0,11875068.0,11871763.0
1787283950.037,11868595.0,11870042.0,11868336.0
1787283955.127,11869455.0,11872554.0,11871972.0
1787283960.181,11870968.0,11872097.0,11872097.0
1787283965.338,11872097.0,11873195.0,11872097.0
1787283970.387,11873858.0,11876604.0,11876376.0
1787283975.485,11872801.0,11874971.0,11872322.0
1787283980.557,11874511.0,11877599.0,11874311.0
1787283985.647,11875815.0,11879293.0,11877524.0
1787283990.723,11876239.0,11879333.0,11877228.0
1787283995.768,11875761.0,11879104.0,11877228.0
1787284000.843,11870598.0,11874498.0,11873325.0
1787284005.920,11874194.0,11876131.0,11874450.0
1787284010.997,11872231.0,11874485.0,11872919.0
1787284016.084,11873852.0,11876151.0,11876151.0
1787284021.170,11874584.0,11878266.0,11876151.0
1787284026.273,11875531.0,11876932.0,11876151.0
1787284031.341,11874882.0,11877513.0,11876151.0
1787284036.402,11874633.0,11878237.0,11875500.0
1787284041.471,11877166.0,11880225.0,11875500.0
1787284046.617,11877961.0,11880146.0,11878252.0
1787284051.693,11881346.0,11884273.0,11881431.0
1787284056.779,11881688.0,11884115.0,11881970.0
1787284061.836,11879462.0,11882474.0,11881254.0
1787284066.900,11881132.0,11884808.0,11883316.0
1787284071.966,11880901.0,11883222.0,11881153.0
1787284077.048,11883175.0,11885163.0,11884935.0
1787284082.168,11884067.0,11887304.0,11886604.0
1787284087.227,11886821.0,11889998.0,11888436.0
1787284092.287,11886941.0,11888977.0,11886859.0
1787284097.333,11886202.0,11888335.0,11885971.0
1787284102.384,11884680.0,11886022.0,11884546.0
1787284107.429,11882820.0,11885490.0,11886879.0
1787284112.494,11887979.0,11889638.0,11887569.0
1787284117.623,11889172.0,11891432.0,11890000.0
1787284122.698,11889172.0,11890179.0,11889172.0
1787284127.766,11885796.0,11888899.0,11886317.0
1787284132.838,11887397.0,11889968.0,11890089.0
1787284137.901,11885472.0,11888929.0,11889428.0
1787284142.992,11885473.0,11888415.0,11889428.0
1787284148.090,11885478.0,11887711.0,11889428.0
1787284153.164,11885478.0,11887049.0,11889428.0
1787284158.244,11885507.0,11886734.0,11886953.0
1787284163.292,11883961.0,11886627.0,11886953.0
1787284168.339,11884407.0,11886301.0,11886381.0
1787284173.414,11879058.0,11881820.0,11879057.0
1787284178.490,11880866.0,11882961.0,11881999.0
1787284183.561,11880712.0,11882730.0,11880866.0
1787284188.669,11882521.0,11884886.0,11884895.0
1787284193.793,11882484.0,11884373.0,11884383.0
1787284198.856,11884450.0,11886130.0,11884551.0
1787284203.906,11883985.0,11886576.0,11884700.0
1787284209.037,11888498.0,11889944.0,11887631.0
1787284214.161,11889056.0,11890000.0,11887631.0
1787284219.301,11887582.0,11890000.0,11890000.0
1787284224.403,11884672.0,11886949.0,11886993.0
1787284229.575,11886108.0,11888410.0,11886993.0
1787284234.649,11886280.0,11888410.0,11886993.0
1787284239.725,11886829.0,11889540.0,11886993.0
1787284244.827,11888381.0,11890000.0,11890000.0
1787284249.872,11888724.0,11890600.0,11888725.0
1787284254.942,11887774.0,11889587.0,11887774.0
1787284260.000,11887222.0,11889808.0,11889794.0
1787284265.058,11887222.0,11888931.0,11889794.0
1787284270.114,11887731.0,11890176.0,11890176.0
1787284275.214,11889211.0,11891373.0,11890176.0
1787284280.271,11889590.0,11892056.0,11892052.0
1787284285.359,11892573.0,11896548.0,11894172.0
1787284290.475,11893566.0,11896491.0,11892986.0
1787284295.551,11894843.0,11897859.0,11894981.0
1787284300.618,11892858.0,11895861.0,11893392.0
1787284305.680,11890137.0,11892170.0,11892856.0
1787284310.755,11891577.0,11893132.0,11890902.0
1787284315.832,11891637.0,11893132.0,11890902.0
1787284320.901,11891638.0,11892019.0,11890902.0
1787284326.003,11886398.0,11889070.0,11889157.0
1787284331.095,11882424.0,11886868.0,11884205.0
1787284336.190,11883126.0,11884646.0,11887294.0
1787284341.270,11882686.0,11884339.0,11884298.0
1787284346.342,11878456.0,11883124.0,11880065.0
1787284351.404,11877662.0,11880297.0,11880300.0
1787284356.454,11877057.0,11879125.0,11880300.0
1787284361.541,11880556.0,11883648.0,11880436.0
1787284366.626,11879067.0,11880653.0,11878882.0
1787284371.698,11880278.0,11883887.0,11880956.0
1787284376.742,11878678.0,11880030.0,11880956.0
1787284381.817,11876366.0,11877453.0,11877935.0
1787284386.890,11877498.0,11880253.0,11878640.0
1787284391.939,11876946.0,11880464.0,11878503.0
1787284397.051,11882905.0,11884705.0,11882512.0
1787284402.103,11883098.0,11885161.0,11885161.0
1787284407.173,11885161.0,11887241.0,11885161.0
1787284412.221,11886546.0,11889400.0,11888849.0
1787284417.391,11887291.0,11890808.0,11890825.0
1787284422.469,11884348.0,11886349.0,11886349.0
1787284427.550,11883529.0,11885984.0,11884391.0
1787284432.612,11873796.0,11874169.0,11874251.0
1787284437.748,11876852.0,11879282.0,11877541.0
1787284442.844,11879852.0,11880206.0,11879603.0
1787284447.944,11875093.0,11875379.0,11875093.0
1787284452.993,11874763.0,11875170.0,11875373.0
1787284458.054,11873991.0,11875899.0,11875401.0
1787284463.104,11873250.0,11876821.0,11873884.0
1787284468.266,11874890.0,11876717.0,11873884.0
1787284473.328,11872610.0,11874682.0,11873884.0
1787284478.384,11864949.0,11865991.0,11865991.0
1787284483.445,11860309.0,11865689.0,11862029.0
1787284488.646,11861010.0,11864352.0,11863170.0
1787284493.815,11862672.0,11864981.0,11861550.0
1787284498.891,11861980.0,11864470.0,11864470.0
1787284504.004,11861120.0,11864029.0,11862245.0
1787284509.120,11865097.0,11867904.0,11864029.0
1787284514.191,11865582.0,11869614.0,11864029.0
1787284519.306,11867130.0,11868176.0,11868084.0
1787284524.370,11869530.0,11871098.0,11869230.0
1787284529.418,11870360.0,11872837.0,11873025.0
1787284534.517,11868470.0,11871139.0,11870360.0
1787284539.579,11868149.0,11872052.0,11869600.0
1787284544.646,11870360.0,11872133.0,11869067.0
1787284549.734,11866103.0,11867594.0,11868780.0
1787284554.932,11862950.0,11865567.0,11865187.0
1787284560.024,11862970.0,11863795.0,11865187.0
1787284565.113,11862060.0,11863107.0,11865187.0
1787284570.213,11861300.0,11861892.0,11861300.0
1787284575.279,11862950.0,11863731.0,11861923.0
1787284580.330,11859597.0,11863621.0,11862942.0
1787284585.375,11858813.0,11861001.0,11859597.0
1787284590.447,11862184.0,11865902.0,11864839.0
1787284595.513,11864670.0,11866601.0,11865901.0
1787284600.586,11860860.0,11863354.0,11860840.0
1787284605.651,11861260.0,11863310.0,11860840.0
1787284610.726,11863620.0,11865324.0,11860840.0
1787284615.774,11859903.0,11860324.0,11860724.0
1787284620.841,11857450.0,11860190.0,11858900.0
1787284625.964,11856064.0,11860399.0,11859388.0
1787284631.056,11852722.0,11855271.0,11856046.0
1787284636.141,11853551.0,11855477.0,11856327.0
1787284641.211,11856420.0,11858242.0,11857429.0
1787284646.262,11859080.0,11861668.0,11856464.0
1787284651.350,11856680.0,11859888.0,11858568.0
1787284656.405,11859900.0,11861684.0,11858568.0
1787284661.470,11856430.0,11859812.0,11858609.0
1787284666.694,11857316.0,11858699.0,11858609.0
1787284671.854,11855600.0,11857306.0,11857316.0
1787284676.925,11854960.0,11857577.0,11857316.0
1787284681.974,11853963.0,11857476.0,11855710.0
1787284687.039,11850094.0,11851595.0,11853212.0
1787284692.153,11848229.0,11851275.0,11849643.0
1787284697.258,11848623.0,11851730.0,11849643.0
1787284702.332,11849643.0,11850296.0,11848696.0
1787284707.391,11851603.0,11855729.0,11851103.0
1787284712.444,11852625.0,11855656.0,11854697.0
1787284717.507,11846810.0,11849616.0,11849854.0
1787284722.567,11847230.0,11850050.0,11847230.0
1787284727.642,11847230.0,11848775.0,11847230.0
1787284732.703,11848311.0,11848614.0,11846215.0
1787284737.779,11845057.0,11847711.0,11844937.0
1787284742.848,11846572.0,11849230.0,11848384.0
1787284747.927,11844211.0,11846609.0,11846697.0
1787284753.220,11842474.0,11844072.0,11844072.0
1787284758.304,11842480.0,11844440.0,11844072.0
1787284763.389,11842506.0,11843493.0,11842728.0
1787284768.437,11842350.0,11842607.0,11841350.0
1787284773.510,11842350.0,11843876.0,11841350.0
1787284778.621,11839860.0,11842764.0,11842350.0
1787284783.690,11838953.0,11840760.0,11838953.0
1787284788.751,11839209.0,11841171.0,11840505.0
1787284793.817,11833526.0,11833944.0,11833526.0
1787284798.899,11835584.0,11836619.0,11835585.0
1787284803.947,11838193.0,11839491.0,11837270.0
1787284809.096,11845335.0,11846893.0,11845334.0
1787284814.224,11845791.0,11846617.0,11845646.0
1787284819.349,11845827.0,11846617.0,11845415.0
1787284824.455,11845558.0,11849643.0,11847179.0
1787284829.522,11845652.0,11848453.0,11847179.0
1787284834.594,11846871.0,11849657.0,11849657.0
1787284839.645,11848696.0,11852621.0,11849657.0
1787284844.690,11848889.0,11852981.0,11848691.0
1787284849.759,11846939.0,11848506.0,11848918.0
1787284854.805,11847018.0,11850577.0,11851148.0
1787284859.890,11847098.0,11852401.0,11847048.0
1787284864.955,11846239.0,11849316.0,11847270.0
1787284870.004,11847714.0,11848316.0,11849880.0
1787284875.125,11845876.0,11846811.0,11845992.0
1787284880.193,11846016.0,11850128.0,11850268.0
1787284885.241,11846055.0,11847827.0,11850268.0
1787284890.286,11846251.0,11850131.0,11850268.0
1787284895.334,11844809.0,11846966.0,11846273.0
1787284900.402,11842557.0,11845157.0,11844646.0
1787284905.494,11842735.0,11848325.0,11847050.0
1787284910.568,11846408.0,11848979.0,11847461.0
1787284915.635,11846380.0,11848812.0,11847682.0
1787284920.720,11846901.0,11849304.0,11849952.0
1787284925.805,11846081.0,11849414.0,11849952.0
1787284930.851,11846081.0,11849946.0,11846559.0
1787284935.920,11845157.0,11847362.0,11846081.0
1787284940.992,11846296.0,11848326.0,11846202.0
1787284946.079,11851915.0,11852386.0,11852386.0
1787284951.165,11849475.0,11851823.0,11852386.0
1787284956.284,11853998.0,11855963.0,11854086.0
1787284961.352,11855736.0,11857911.0,11854086.0
1787284966.421,11861706.0,11863385.0,11859266.0
1787284971.501,11864950.0,11868235.0,11865901.0
1787284976.575,11868604.0,11871227.0,11864950.0
1787284981.649,11869280.0,11873709.0,11871295.0
1787284986.745,11869182.0,11872758.0,11872758.0
1787284991.821,11869529.0,11872792.0,11872758.0
1787284996.893,11870413.0,11872763.0,11872763.0
1787285001.958,11872020.0,11874510.0,11872841.0
1787285007.032,11871103.0,11872978.0,11875181.0
1787285012.131,11872000.0,11875331.0,11875181.0
1787285017.212,11869825.0,11873605.0,11870895.0
1787285022.265,11876604.0,11878967.0,11878967.0
1787285027.332,11877551.0,11881002.0,11879186.0
1787285032.376,11875030.0,11876963.0,11879186.0
1787285037.427,11875095.0,11876491.0,11874760.0
1787285042.492,11877693.0,11879987.0,11877993.0
1787285047.588,11877793.0,11879806.0,11879986.0
1787285052.661,11879405.0,11881501.0,11879986.0
1787285057.748,11878130.0,11881501.0,11879986.0
1787285062.909,11880646.0,11882163.0,11881502.0
1787285068.005,11879127.0,11880184.0,11881449.0
1787285073.103,11877444.0,11879483.0,11881449.0
1787285078.174,11877329.0,11879372.0,11879493.0
1787285083.270,11878916.0,11880267.0,11878705.0
1787285088.344,11877054.0,11880214.0,11878705.0
1787285093.421,11874090.0,11875609.0,11875697.0
1787285098.512,11872470.0,11875569.0,11873706.0
1787285103.605,11873238.0,11875608.0,11875564.0
1787285108.722,11873240.0,11875385.0,11875564.0
1787285113.807,11871275.0,11874460.0,11872689.0
1787285118.878,11865582.0,11870365.0,11868189.0
1787285123.950,11861583.0,11866992.0,11865582.0
1787285129.183,11864143.0,11865892.0,11866992.0
1787285134.265,11864589.0,11867426.0,11866992.0
1787285139.333,11864721.0,11866136.0,11866887.0
1787285144.424,11863990.0,11866875.0,11866887.0
1787285149.495,11860957.0,11865659.0,11863889.0
1787285154.622,11861201.0,11864205.0,11863889.0
1787285159.714,11861633.0,11864408.0,11863889.0
1787285165.006,11862869.0,11864737.0,11864490.0
1787285170.221,11862667.0,11865685.0,11863302.0
1787285175.676,11863767.0,11866048.0,11864088.0
1787285180.747,11864482.0,11865364.0,11864088.0
1787285185.813,11863992.0,11866245.0,11864088.0
1787285190.866,11859772.0,11864029.0,11863541.0
1787285196.305,11859832.0,11862074.0,11863277.0
1787285201.720,11859977.0,11861665.0,11863277.0
1787285206.812,11862246.0,11863914.0,11862800.0
1787285212.211,11861781.0,11863690.0,11862800.0
1787285217.274,11862670.0,11864132.0,11864132.0
1787285222.350,11864696.0,11865901.0,11865318.0
1787285227.654,11859944.0,11863824.0,11859337.0
1787285232.730,11859122.0,11862715.0,11859337.0
1787285237.915,11860897.0,11864242.0,11860906.0
1787285243.129,11861185.0,11864576.0,11861049.0
1787285248.336,11862541.0,11864682.0,11861049.0
1787285253.384,11865205.0,11868419.0,11867052.0
1787285258.571,11865280.0,11868233.0,11867052.0
1787285263.689,11865205.0,11866390.0,11867052.0
1787285268.812,11865206.0,11868014.0,11867052.0
1787285274.056,11865243.0,11868150.0,11867052.0
1787285279.149,11865388.0,11868461.0,11868461.0
1787285284.768,11865479.0,11868557.0,11868557.0
1787285290.072,11865484.0,11868557.0,11868557.0
1787285295.140,11866066.0,11868557.0,11868557.0
1787285300.233,11871940.0,11872696.0,11870753.0
1787285305.308,11874123.0,11875362.0,11873552.0
1787285310.496,11874738.0,11877122.0,11873552.0
1787285315.621,11876213.0,11878373.0,11873552.0
1787285320.807,11877812.0,11879020.0,11878853.0
1787285325.877,11876525.0,11879980.0,11878383.0
1787285331.142,11878498.0,11880445.0,11880445.0
1787285336.195,11878827.0,11881937.0,11880445.0
1787285341.251,11879199.0,11882922.0,11882922.0
1787285346.431,11879391.0,11882928.0,11882922.0
1787285351.794,11879954.0,11882066.0,11879954.0
1787285356.968,11881059.0,11883321.0,11882066.0
1787285362.036,11879212.0,11882056.0,11881059.0
1787285367.120,11878211.0,11880915.0,11878211.0
1787285372.329,11880902.0,11883205.0,11881352.0
1787285377.617,11881092.0,11882929.0,11881352.0
1787285382.708,11881940.0,11884342.0,11881935.0
1787285387.965,11882914.0,11885232.0,11885678.0
1787285393.214,11881163.0,11883588.0,11882295.0
1787285398.331,11882646.0,11884993.0,11884348.0
1787285403.437,11883916.0,11885754.0,11884348.0
1787285408.583,11886239.0,11888453.0,11888797.0
1787285414.255,11886817.0,11888452.0,11888452.0
1787285420.481,11885672.0,11888337.0,11888310.0
1787285430.030,11886478.0,11889058.0,11888310.0
1787285435.119,11886887.0,11889058.0,11888310.0
1787285440.166,11890313.0,11892519.0,11890070.0
1787285445.230,11888433.0,11890216.0,11890323.0
1787285453.902,11882600.0,11883313.0,11883550.0
1787285459.008,11880727.0,11883386.0,11884395.0
1787285464.087,11878015.0,11880000.0,11879060.0
1787285469.186,11878616.0,11880997.0,11879092.0
1787285474.262,11878594.0,11880420.0,11876699.0
1787285479.348,11877403.0,11878867.0,11876699.0
1787285484.401,11877674.0,11879921.0,11879363.0
1787285489.470,11877854.0,11879912.0,11879363.0
1787285494.582,11876761.0,11879126.0,11877699.0
1787285499.629,11875342.0,11877741.0,11877535.0
1787285504.701,11876341.0,11878246.0,11877535.0
1787285509.750,11875944.0,11877185.0,11875944.0
1787285514.823,11874249.0,11876715.0,11874245.0
1787285519.892,11874249.0,11876342.0,11874245.0
1787285524.957,11876045.0,11878075.0,11873207.0
1787285530.156,11875266.0,11877563.0,11875266.0
1787285535.230,11873346.0,11876312.0,11875266.0
1787285540.296,11872701.0,11874853.0,11875252.0
1787285545.354,11868305.0,11872627.0,11871610.0
1787285550.429,11871825.0,11874114.0,11872283.0
1787285555.538,11873029.0,11876302.0,11876161.0
1787285560.619,11875185.0,11878231.0,11873030.0
1787285565.685,11875329.0,11876712.0,11875562.0
1787285570.770,11879985.0,11881144.0,11877735.0
1787285575.854,11879501.0,11883660.0,11877735.0
1787285580.957,11882524.0,11884694.0,11883660.0
1787285586.058,11882321.0,11884509.0,11882632.0
1787285591.130,11879902.0,11883502.0,11882632.0
1787285596.220,11879740.0,11882274.0,11882632.0
1787285601.288,11880094.0,11881459.0,11882414.0
1787285606.338,11880094.0,11883473.0,11882414.0
1787285611.463,11880894.0,11882690.0,11882414.0
1787285616.542,11881328.0,11883327.0,11882414.0
1787285621.616,11881797.0,11882209.0,11882414.0
1787285626.702,11880848.0,11882469.0,11882414.0
1787285631.781,11882053.0,11883796.0,11882414.0
1787285636.857,11882919.0,11885733.0,11886051.0
1787285641.900,11883420.0,11885733.0,11886051.0
1787285647.014,11881209.0,11884859.0,11883420.0
1787285652.088,11881487.0,11884346.0,11883420.0
1787285657.233,11880813.0,11883418.0,11883420.0
1787285662.282,11881096.0,11883326.0,11883420.0
1787285667.348,11882329.0,11885403.0,11884009.0
1787285672.425,11884127.0,11886030.0,11884009.0
1787285677.490,11885501.0,11888173.0,11884009.0
1787285682.672,11884372.0,11887988.0,11884372.0
1787285687.756,11886631.0,11888436.0,11886631.0
1787285692.828,11887369.0,11889196.0,11888401.0
1787285697.898,11886940.0,11888222.0,11888401.0
1787285702.971,11886999.0,11889660.0,11889770.0
1787285708.147,11887633.0,11889445.0,11887633.0
1787285713.311,11886818.0,11887633.0,11882602.0
1787285718.425,11886898.0,11889441.0,11889441.0
1787285723.516,11886863.0,11888349.0,11887325.0
1787285728.585,11883534.0,11885554.0,11885347.0
1787285733.657,11884940.0,11885690.0,11885690.0
1787285738.729,11881203.0,11883367.0,11884980.0
1787285743.944,11885148.0,11886962.0,11886847.0
1787285749.035,11884506.0,11886414.0,11886847.0
1787285754.129,11887733.0,11891746.0,11890863.0
1787285759.194,11889618.0,11892823.0,11890863.0
1787285764.260,11892260.0,11893844.0,11890863.0
1787285769.416,11889798.0,11892473.0,11891145.0
1787285774.482,11884968.0,11888019.0,11891145.0
1787285779.550,11883761.0,11888175.0,11891145.0
1787285784.627,11881326.0,11884097.0,11886145.0
1787285789.690,11882715.0,11884683.0,11886145.0
1787285794.737,11881505.0,11884566.0,11883714.0
1787285799.833,11880130.0,11883108.0,11882203.0
1787285804.891,11881114.0,11882178.0,11882203.0
1787285811.318,11881068.0,11882939.0,11882178.0
1787285816.689,11881872.0,11883513.0,11882178.0
1787285821.781,11882055.0,11883838.0,11882779.0
1787285826.983,11877549.0,11880054.0,11882779.0
1787285832.059,11882317.0,11882763.0,11881170.0
1787285837.135,11882448.0,11883674.0,11884137.0
1787285842.237,11880005.0,11882524.0,11880334.0
1787285847.310,11877896.0,11880322.0,11880526.0
1787285852.389,11877383.0,11878975.0,11878975.0
1787285857.435,11877404.0,11878734.0,11877422.0
1787285862.509,11877600.0,11880113.0,11880152.0
1787285867.594,11878738.0,11880775.0,11880152.0
1787285872.662,11878742.0,11880951.0,11880152.0
1787285877.784,11879577.0,11881913.0,11880945.0
1787285882.855,11882491.0,11884632.0,11882515.0
1787285887.941,11884541.0,11885934.0,11884630.0
1787285893.002,11884925.0,11887375.0,11887375.0
1787285898.077,11885182.0,11887461.0,11887375.0
1787285903.172,11887688.0,11889480.0,11887375.0
1787285908.213,11886895.0,11889302.0,11887375.0
1787285913.257,11887012.0,11889298.0,11887375.0
1787285918.327,11886886.0,11889664.0,11887375.0
1787285923.370,11887124.0,11889302.0,11887375.0
1787285928.436,11888700.0,11892093.0,11889302.0
1787285933.587,11891859.0,11893957.0,11889302.0
1787285938.666,11892879.0,11894582.0,11893914.0
1787285943.734,11890793.0,11893249.0,11894612.0
1787285948.817,11892108.0,11894984.0,11894612.0
1787285953.878,11894472.0,11895975.0,11894612.0
1787285958.945,11893576.0,11896536.0,11894612.0
1787285964.041,11892833.0,11895397.0,11894211.0
1787285969.155,11893238.0,11897352.0,11896000.0
1787285974.228,11893756.0,11896525.0,11895000.0
1787285979.322,11888824.0,11889393.0,11890614.0
1787285984.389,11890188.0,11892074.0,11889304.0
1787285989.466,11888675.0,11890070.0,11889304.0
1787285994.559,11885693.0,11887560.0,11888953.0
1787285999.635,11885304.0,11886728.0,11885304.0
1787286004.727,11885304.0,11886756.0,11885304.0
1787286009.800,11885700.0,11888065.0,11885304.0
1787286014.845,11885398.0,11887191.0,11885398.0
1787286019.970,11885440.0,11887245.0,11887722.0
1787286025.136,11885440.0,11887597.0,11887722.0
1787286030.185,11885491.0,11888335.0,11887722.0
1787286035.251,11886224.0,11888509.0,11888513.0
1787286040.299,11887929.0,11890546.0,11888811.0
1787286045.360,11888890.0,11890683.0,11890877.0
1787286050.406,11888890.0,11889812.0,11888890.0
1787286055.470,11888929.0,11890857.0,11888890.0
1787286060.581,11888929.0,11890474.0,11888890.0
1787286065.663,11888929.0,11890857.0,11888890.0
1787286070.728,11889380.0,11890692.0,11890692.0
1787286075.771,11890723.0,11892819.0,11891471.0
1787286080.860,11891590.0,11893058.0,11891471.0
1787286085.936,11891224.0,11893039.0,11893559.0
1787286091.014,11890740.0,11892146.0,11893559.0
1787286096.098,11892609.0,11894482.0,11893559.0
1787286101.148,11892495.0,11894544.0,11893559.0
1787286106.193,11893628.0,11895610.0,11894738.0
1787286111.258,11890039.0,11891893.0,11892439.0
1787286116.322,11890350.0,11892429.0,11892439.0
1787286121.365,11891056.0,11892000.0,11892439.0
1787286126.414,11891135.0,11892000.0,11892000.0
1787286131.476,11893378.0,11894638.0,11893993.0
1787286136.546,11893387.0,11894638.0,11894638.0
1787286141.618,11892460.0,11893530.0,11892459.0
1787286146.718,11891911.0,11893999.0,11892460.0
1787286151.758,11890167.0,11891897.0,11891873.0
1787286156.821,11889876.0,11891851.0,11891873.0
1787286161.936,11888811.0,11890347.0,11889875.0
1787286167.005,11888844.0,11891000.0,11891721.0
1787286172.106,11888812.0,11890457.0,11889639.0
1787286177.174,11888811.0,11890456.0,11888812.0
1787286182.270,11890961.0,11893161.0,11892625.0
1787286187.348,11888599.0,11890499.0,11888926.0
1787286192.389,11890511.0,11893484.0,11890609.0
1787286197.454,11892738.0,11894000.0,11890609.0
1787286202.551,11893096.0,11894000.0,11890609.0
1787286207.634,11895189.0,11896439.0,11894000.0
1787286212.697,11895689.0,11898830.0,11897600.0
1787286217.801,11895742.0,11897977.0,11896081.0
1787286222.876,11891949.0,11895637.0,11893953.0
1787286227.940,11892515.0,11894386.0,11894387.0
1787286233.010,11892515.0,11894153.0,11894153.0
1787286238.071,11892515.0,11894343.0,11894154.0
1787286243.170,11890340.0,11892014.0,11892014.0
1787286248.242,11891235.0,11892014.0,11892014.0
1787286253.316,11891346.0,11893204.0,11893204.0
1787286258.359,11891248.0,11892967.0,11893204.0
1787286263.406,11891248.0,11893204.0,11893204.0
1787286268.464,11891248.0,11893204.0,11893204.0
1787286273.537,11888211.0,11889917.0,11890000.0
1787286278.606,11888212.0,11890772.0,11890772.0
1787286283.724,11888935.0,11890438.0,11890987.0
1787286288.787,11887210.0,11890330.0,11890987.0
1787286293.850,11885348.0,11888140.0,11889377.0
1787286298.894,11885304.0,11887995.0,11885304.0
1787286303.964,11882768.0,11885892.0,11885892.0
1787286309.057,11886382.0,11887185.0,11888287.0
1787286314.105,11884468.0,11886440.0,11884468.0
1787286319.168,11882821.0,11885022.0,11884468.0
1787286324.233,11881280.0,11883790.0,11883790.0
1787286329.299,11879448.0,11883139.0,11879992.0
1787286334.383,11879492.0,11882207.0,11879492.0
1787286339.462,11878521.0,11881837.0,11881837.0
1787286344.538,11879989.0,11881720.0,11881770.0
1787286349.607,11877941.0,11880429.0,11880429.0
1787286354.722,11878346.0,11879159.0,11880429.0
1787286359.769,11878346.0,11879104.0,11879104.0
1787286364.810,11876436.0,11877941.0,11878837.0
1787286369.859,11876639.0,11877273.0,11877435.0
1787286374.924,11876808.0,11877451.0,11877386.0
1787286379.969,11874172.0,11877441.0,11877442.0
1787286385.043,11879993.0,11883089.0,11881340.0
1787286390.109,11886994.0,11889990.0,11887773.0
1787286395.200,11888409.0,11890636.0,11887773.0
1787286400.243,11889057.0,11890620.0,11892463.0
1787286405.314,11890743.0,11891936.0,11892463.0
1787286410.397,11887206.0,11889226.0,11890402.0
1787286415.467,11884710.0,11886923.0,11885573.0
1787286420.527,11883031.0,11886052.0,11885573.0
1787286425.605,11881095.0,11882680.0,11881095.0
1787286430.671,11878809.0,11882210.0,11881095.0
1787286435.733,11881036.0,11884510.0,11881095.0
1787286440.783,11882632.0,11886570.0,11881095.0
1787286445.858,11882803.0,11885815.0,11882665.0
1787286450.926,11881200.0,11883879.0,11880082.0
1787286456.072,11881204.0,11883879.0,11883879.0
1787286461.188,11883317.0,11884301.0,11883504.0
1787286466.251,11883319.0,11885598.0,11885961.0
1787286471.331,11884619.0,11885961.0,11885961.0
1787286476.373,11884619.0,11886472.0,11886074.0
1787286481.415,11884899.0,11886772.0,11886402.0
1787286486.484,11886231.0,11888714.0,11888814.0
1787286491.527,11884072.0,11886686.0,11886233.0
1787286496.877,11883258.0,11885719.0,11884278.0
1787286501.920,11883397.0,11885570.0,11884278.0
1787286506.964,11884814.0,11884930.0,11886931.0
1787286512.007,11883214.0,11884930.0,11884930.0
1787286517.088,11883214.0,11884930.0,11884930.0
1787286522.134,11883840.0,11884930.0,11885174.0
1787286527.206,11881713.0,11883412.0,11884930.0
1787286532.271,11883097.0,11886449.0,11884930.0
1787286537.313,11883099.0,11885348.0,11884930.0
1787286542.372,11880664.0,11882906.0,11882987.0
1787286548.257,11879223.0,11880433.0,11881029.0
1787286553.326,11877717.0,11878653.0,11879223.0
1787286558.369,11879890.0,11882687.0,11879223.0
1787286563.413,11878584.0,11881243.0,11880575.0
1787286568.479,11875969.0,11880180.0,11878468.0
1787286573.650,11877545.0,11880103.0,11878468.0
1787286578.735,11877275.0,11879381.0,11878468.0
1787286583.778,11876793.0,11879496.0,11877193.0
1787286588.864,11877298.0,11879494.0,11877193.0
1787286593.947,11878072.0,11880061.0,11877193.0
1787286599.078,11880178.0,11882090.0,11880061.0
1787286604.186,11879636.0,11882090.0,11880061.0
1787286609.321,11879493.0,11881700.0,11880061.0
1787286614.544,11877408.0,11879201.0,11879590.0
1787286619.671,11879557.0,11880190.0,11881069.0
1787286624.763,11880555.0,11881660.0,11881660.0
1787286629.935,11877880.0,11879635.0,11878470.0
1787286634.978,11873780.0,11876252.0,11877273.0
1787286640.052,11873870.0,11878036.0,11876111.0
1787286645.105,11875151.0,11878286.0,11876111.0
1787286650.148,11874966.0,11878070.0,11876111.0
1787286655.212,11873949.0,11876298.0,11874966.0
1787286660.254,11874034.0,11876262.0,11874065.0
1787286665.557,11877929.0,11881470.0,11882235.0
1787286670.635,11880732.0,11884548.0,11882936.0
1787286675.726,11882946.0,11885211.0,11882936.0
1787286680.785,11885271.0,11887933.0,11885211.0
1787286685.867,11886408.0,11889176.0,11888585.0
1787286690.926,11888454.0,11890608.0,11890095.0
1787286695.991,11890024.0,11893359.0,11890607.0
1787286701.058,11890395.0,11893273.0,11890607.0
1787286706.151,11891142.0,11893280.0,11893279.0
1787286711.213,11891164.0,11893280.0,11893279.0
1787286716.278,11893070.0,11896887.0,11895667.0
1787286721.454,11896233.0,11898110.0,11895436.0
1787286726.963,11896584.0,11899997.0,11896462.0
1787286732.027,11902355.0,11905483.0,11904244.0
1787286737.098,11902846.0,11905443.0,11901743.0
1787286742.140,11903869.0,11905062.0,11902181.0
1787286747.362,11906562.0,11909652.0,11907459.0
1787286752.430,11904704.0,11908367.0,11906099.0
1787286757.636,11905369.0,11908048.0,11907242.0
1787286762.704,11902921.0,11905378.0,11908347.0
1787286767.808,11903461.0,11907045.0,11907654.0
1787286772.873,11905389.0,11906654.0,11907257.0
1787286777.928,11902928.0,11905884.0,11905783.0
1787286782.973,11903997.0,11905925.0,11904884.0
1787286788.387,11907592.0,11909999.0,11909999.0
1787286793.428,11908635.0,11910000.0,11909999.0
1787286798.532,11906005.0,11910292.0,11910336.0
1787286803.609,11907090.0,11909855.0,11909861.0
1787286808.671,11908608.0,11910334.0,11910487.0
1787286813.735,11907065.0,11910079.0,11909749.0
1787286818.792,11905392.0,11910246.0,11910079.0
1787286823.862,11901368.0,11904000.0,11904060.0
1787286829.018,11899948.0,11903170.0,11903170.0
1787286834.123,11899555.0,11902226.0,11899711.0
1787286839.198,11898092.0,11899837.0,11899680.0
1787286844.270,11901487.0,11902128.0,11900000.0
1787286849.907,11901574.0,11903139.0,11903139.0
1787286854.980,11901986.0,11904052.0,11903139.0
1787286860.047,11904645.0,11905749.0,11904063.0
1787286865.131,11904892.0,11907428.0,11905749.0
1787286870.188,11902661.0,11905070.0,11903981.0
1787286875.234,11902661.0,11904957.0,11903981.0
1787286880.279,11903145.0,11905459.0,11904948.0
1787286885.344,11903856.0,11906728.0,11904948.0
1787286890.471,11905722.0,11909027.0,11904948.0
1787286895.544,11905851.0,11908910.0,11904948.0
1787286900.602,11905936.0,11908574.0,11904948.0
1787286905.739,11908246.0,11909495.0,11908741.0
1787286910.787,11909849.0,11911100.0,11910832.0
1787286915.854,11908104.0,11910992.0,11911100.0
1787286920.919,11906117.0,11907675.0,11907001.0
1787286926.003,11907471.0,11908680.0,11907675.0
1787286931.074,11904478.0,11906489.0,11907675.0
1787286936.137,11904643.0,11906489.0,11907675.0
1787286941.178,11906961.0,11908860.0,11906170.0
1787286946.229,11904826.0,11907802.0,11906242.0
1787286951.292,11904872.0,11907801.0,11906242.0
1787286956.337,11904585.0,11906277.0,11906242.0
1787286961.387,11907982.0,11909670.0,11906242.0
1787286966.649,11908358.0,11910673.0,11906242.0
1787286971.718,11908457.0,11910034.0,11908395.0
1787286976.782,11907962.0,11910034.0,11908395.0
1787286981.862,11909905.0,11912429.0,11910034.0
1787286986.910,11910138.0,11912246.0,11910034.0
1787286991.994,11908437.0,11909475.0,11909475.0
1787286997.040,11907750.0,11909802.0,11909475.0
1787287002.323,11908814.0,11910627.0,11909475.0
1787287007.391,11906361.0,11908598.0,11907750.0
1787287012.465,11905387.0,11907393.0,11906394.0
1787287017.600,11905924.0,11906888.0,11906920.0
1787287022.676,11904006.0,11906260.0,11905219.0
1787287028.594,11905129.0,11905503.0,11903817.0
1787287033.898,11903624.0,11905905.0,11903817.0
1787287039.162,11903746.0,11905675.0,11903817.0
1787287044.312,11906000.0,11907174.0,11903817.0
1787287049.361,11907123.0,11908300.0,11903817.0
1787287054.407,11904911.0,11908279.0,11903817.0
1787287059.467,11906531.0,11908280.0,11903817.0
1787287064.673,11907017.0,11908218.0,11903817.0
1787287069.736,11907601.0,11908023.0,11908023.0
1787287074.828,11905912.0,11907922.0,11908279.0
1787287079.868,11907487.0,11909479.0,11908279.0
1787287084.926,11906589.0,11908881.0,11908279.0
1787287090.058,11904991.0,11907100.0,11906686.0
1787287095.117,11905485.0,11907681.0,11907100.0
1787287100.199,11906457.0,11908690.0,11908690.0
1787287105.288,11906433.0,11907765.0,11908690.0
1787287110.331,11905063.0,11906858.0,11906433.0
1787287115.386,11902696.0,11904142.0,11904243.0
1787287120.441,11902662.0,11903550.0,11903550.0
1787287125.606,11903549.0,11903550.0,11903550.0
1787287130.683,11905735.0,11907560.0,11904133.0
1787287135.803,11905319.0,11907461.0,11907560.0
1787287140.866,11905835.0,11907146.0,11907560.0
1787287145.965,11905835.0,11907461.0,11907560.0
1787287151.085,11903110.0,11906049.0,11906049.0
1787287156.153,11903348.0,11905261.0,11906049.0
1787287161.214,11903530.0,11905642.0,11906049.0
1787287166.276,11902918.0,11904412.0,11906049.0
1787287171.340,11900940.0,11903189.0,11900907.0
1787287176.428,11900940.0,11903610.0,11900907.0
1787287181.491,11900969.0,11903757.0,11900907.0
1787287186.558,11899801.0,11900871.0,11899936.0
1787287191.653,11898879.0,11901998.0,11898845.0
1787287196.693,11898790.0,11900820.0,11900957.0
1787287201.735,11898169.0,11901317.0,11900957.0
1787287206.832,11900503.0,11901618.0,11901317.0
1787287211.901,11894041.0,11896643.0,11897788.0
1787287217.093,11894851.0,11896990.0,11895226.0
1787287222.156,11894110.0,11896872.0,11896959.0
1787287227.220,11894968.0,11896393.0,11896959.0
1787287232.262,11893138.0,11894996.0,11896959.0
1787287237.319,11893840.0,11895945.0,11894996.0
1787287242.395,11893731.0,11896137.0,11894996.0
1787287247.460,11895852.0,11896714.0,11894996.0
1787287252.560,11895075.0,11896713.0,11894996.0
1787287257.629,11893528.0,11896325.0,11894996.0
1787287262.673,11896602.0,11897609.0,11896714.0
1787287267.777,11899477.0,11902039.0,11899982.0
1787287272.819,11899687.0,11902402.0,11899982.0
1787287277.879,11900023.0,11903218.0,11899714.0
1787287282.962,11900589.0,11903216.0,11903216.0
1787287288.033,11898267.0,11899537.0,11898267.0
1787287293.084,11898293.0,11900133.0,11898267.0
1787287298.127,11901777.0,11904244.0,11901260.0
1787287303.185,11901366.0,11903893.0,11903780.0
1787287308.241,11901377.0,11903962.0,11903893.0
1787287313.284,11901208.0,11902703.0,11903893.0
1787287318.326,11898541.0,11902518.0,11900000.0
1787287323.515,11896578.0,11898483.0,11902517.0
1787287328.555,11893531.0,11896867.0,11897939.0
1787287333.658,11889834.0,11891947.0,11892009.0
1787287338.700,11891649.0,11893789.0,11892009.0
1787287343.741,11892784.0,11894759.0,11892009.0
1787287348.782,11894428.0,11896305.0,11894759.0
1787287353.820,11894232.0,11896289.0,11894759.0
1787287358.858,11889613.0,11891847.0,11890265.0
1787287363.896,11891169.0,11893195.0,11891822.0
1787287368.962,11890891.0,11893530.0,11893615.0
1787287374.258,11895457.0,11897151.0,11893070.0
1787287379.333,11896167.0,11898719.0,11897056.0
1787287384.405,11896636.0,11898329.0,11897056.0
1787287389.587,11899119.0,11900934.0,11900000.0
1787287394.669,11897052.0,11900855.0,11900934.0
1787287399.741,11899309.0,11901425.0,11900879.0
1787287404.842,11896851.0,11897935.0,11897061.0
1787287409.950,11895446.0,11897226.0,11895445.0
1787287415.009,11896213.0,11900704.0,11895445.0
1787287420.113,11903447.0,11907125.0,11905714.0
1787287425.160,11904803.0,11906924.0,11906957.0
1787287430.243,11903377.0,11905428.0,11906957.0
1787287435.299,11901578.0,11903656.0,11902134.0
1787287440.374,11901822.0,11904425.0,11902134.0
1787287445.511,11901897.0,11904290.0,11902134.0
1787287450.609,11902180.0,11905000.0,11902134.0
1787287455.663,11902680.0,11905000.0,11902134.0
1787287460.797,11905555.0,11907532.0,11905803.0
1787287466.005,11904808.0,11904836.0,11904395.0
1787287471.065,11903994.0,11906315.0,11905180.0
1787287476.116,11904014.0,11905566.0,11905180.0
1787287481.229,11904647.0,11907511.0,11905180.0
1787287486.412,11904687.0,11906502.0,11905180.0
1787287491.489,11905149.0,11907059.0,11905180.0
1787287496.593,11905149.0,11907059.0,11905180.0
1787287501.657,11902257.0,11903959.0,11904081.0
1787287506.718,11903694.0,11908618.0,11905749.0
1787287511.792,11901893.0,11905229.0,11905749.0
1787287516.863,11901921.0,11904058.0,11905749.0
1787287521.931,11900161.0,11903359.0,11905749.0
1787287527.000,11900323.0,11903131.0,11905749.0
1787287532.060,11901818.0,11903359.0,11903325.0
1787287537.119,11904251.0,11907206.0,11903359.0
1787287542.185,11903387.0,11906898.0,11903359.0
1787287547.229,11900000.0,11903154.0,11900000.0
1787287552.425,11898903.0,11901730.0,11899592.0
1787287557.497,11903398.0,11904603.0,11902701.0
1787287562.568,11903024.0,11904586.0,11902701.0
1787287567.965,11905011.0,11907420.0,11904603.0
1787287573.137,11908966.0,11910000.0,11909850.0
1787287578.228,11911656.0,11912173.0,11912173.0
1787287583.274,11910889.0,11912429.0,11912364.0
1787287588.354,11913321.0,11914822.0,11914790.0
1787287593.395,11914635.0,11917501.0,11914067.0
1787287598.487,11912805.0,11915693.0,11912523.0
1787287603.603,11914078.0,11916532.0,11914078.0
1787287608.648,11916343.0,11918474.0,11914078.0
1787287613.695,11914717.0,11918114.0,11914078.0
1787287618.759,11914704.0,11916470.0,11912980.0
1787287623.823,11915332.0,11918573.0,11916237.0
1787287628.927,11915046.0,11918566.0,11918078.0
1787287634.029,11917615.0,11919305.0,11918567.0
1787287639.106,11915375.0,11918949.0,11917616.0
1787287644.148,11915804.0,11918800.0,11917616.0
1787287649.213,11916102.0,11919826.0,11919151.0
1787287654.261,11916223.0,11918509.0,11919151.0
1787287659.337,11916205.0,11919175.0,11919151.0
1787287664.397,11916243.0,11919147.0,11919151.0
1787287669.440,11914194.0,11917248.0,11916248.0
1787287674.531,11914335.0,11915785.0,11916248.0
1787287679.604,11913599.0,11915792.0,11913484.0
1787287684.664,11914119.0,11917539.0,11913676.0
1787287689.987,11914272.0,11916672.0,11913676.0
1787287695.049,11914618.0,11918121.0,11913676.0
1787287700.115,11917189.0,11918658.0,11918468.0
1787287705.178,11917502.0,11919035.0,11918774.0
1787287710.302,11917662.0,11919747.0,11917736.0
1787287715.345,11917058.0,11918975.0,11918351.0
1787287720.400,11917227.0,11919667.0,11918351.0
1787287725.463,11918886.0,11920893.0,11921277.0
1787287730.567,11917963.0,11920205.0,11921277.0
1787287735.631,11918677.0,11920721.0,11921277.0
1787287740.693,11916707.0,11920069.0,11917045.0
1787287745.749,11916716.0,11920023.0,11917045.0
1787287750.810,11918254.0,11920788.0,11917045.0
1787287755.854,11918256.0,11920806.0,11918255.0
1787287760.895,11918255.0,11920754.0,11918255.0
1787287765.983,11917985.0,11919737.0,11918255.0
1787287771.054,11912744.0,11914469.0,11912744.0
1787287776.099,11912864.0,11914444.0,11912744.0
1787287781.158,11912146.0,11912626.0,11912343.0
1787287786.276,11912146.0,11912626.0,11912343.0
1787287791.478,11910996.0,11912626.0,11912617.0
1787287796.544,11908887.0,11912005.0,11911038.0
1787287801.613,11909690.0,11912959.0,11908896.0
1787287806.715,11910219.0,11913472.0,11913924.0
1787287811.793,11911005.0,11913107.0,11913744.0
1787287816.878,11911492.0,11914340.0,11912840.0
1787287821.949,11912988.0,11914909.0,11915435.0
1787287827.018,11913975.0,11916674.0,11915742.0
1787287832.063,11914213.0,11916932.0,11916611.0
1787287837.109,11914169.0,11916584.0,11916931.0
1787287842.154,11914242.0,11916483.0,11916931.0
1787287847.218,11913177.0,11916474.0,11916931.0
1787287852.271,11914170.0,11916473.0,11916931.0
1787287857.326,11911517.0,11916145.0,11913725.0
1787287862.395,11912856.0,11916012.0,11913725.0
1787287867.490,11912764.0,11915686.0,11913725.0
1787287872.562,11912224.0,11915256.0,11913725.0
1787287877.629,11910586.0,11913549.0,11913725.0
1787287882.674,11910621.0,11913445.0,11913725.0
1787287887.761,11911499.0,11913874.0,11913725.0
1787287892.831,11911132.0,11914341.0,11911033.0
1787287897.874,11907499.0,11910893.0,11908758.0
1787287902.937,11905150.0,11906121.0,11905306.0
1787287908.005,11906180.0,11908582.0,11906121.0
1787287913.167,11908617.0,11911306.0,11908920.0
1787287918.236,11909630.0,11911770.0,11908920.0
1787287923.282,11910016.0,11911770.0,11908920.0
1787287928.387,11909512.0,11911394.0,11908920.0
1787287933.459,11911263.0,11913994.0,11908920.0
1787287938.528,11910274.0,11913593.0,11908920.0
1787287943.597,11911778.0,11913620.0,11908920.0
1787287948.661,11912081.0,11913620.0,11908920.0
1787287953.709,11909156.0,11910890.0,11908920.0
1787287958.787,11906927.0,11910430.0,11907641.0
1787287963.921,11907142.0,11910610.0,11907106.0
1787287968.992,11908146.0,11912326.0,11912327.0
1787287974.061,11908144.0,11910650.0,11912327.0
1787287979.123,11907235.0,11910577.0,11912327.0
1787287984.166,11909013.0,11912017.0,11908980.0
1787287989.214,11908462.0,11910953.0,11912097.0
1787287994.279,11906190.0,11908944.0,11908462.0
1787287999.319,11907172.0,11908102.0,11906610.0
1787288004.362,11905536.0,11907378.0,11906610.0
1787288009.412,11904907.0,11907009.0,11907014.0
1787288014.478,11904926.0,11906734.0,11905911.0
1787288019.554,11908157.0,11911070.0,11912444.0
1787288024.628,11909895.0,11911490.0,11910481.0
1787288029.697,11910881.0,11914020.0,11913100.0
1787288034.788,11909829.0,11912214.0,11913100.0
1787288039.924,11912026.0,11913453.0,11913478.0
1787288044.992,11913646.0,11916767.0,11915142.0
1787288050.086,11916635.0,11917745.0,11916277.0
1787288055.150,11916605.0,11917750.0,11917729.0
1787288060.225,11916637.0,11919035.0,11919900.0
1787288065.287,11916849.0,11919535.0,11919900.0
1787288070.348,11916697.0,11919034.0,11917225.0
1787288075.412,11917746.0,11919999.0,11916722.0
1787288080.476,11917923.0,11919909.0,11917913.0
1787288085.545,11917913.0,11919909.0,11917921.0
1787288090.608,11917746.0,11919501.0,11917921.0
1787288095.701,11916688.0,11918672.0,11917746.0
1787288100.776,11916906.0,11919614.0,11919624.0
1787288106.086,11918333.0,11919538.0,11919624.0
1787288111.153,11918293.0,11919223.0,11919624.0
1787288116.197,11918670.0,11919607.0,11919624.0
1787288121.251,11918688.0,11919615.0,11918688.0
1787288126.311,11917727.0,11919615.0,11918298.0
1787288131.401,11917777.0,11919612.0,11918298.0
1787288136.461,11916957.0,11919226.0,11919155.0
1787288141.528,11918264.0,11919128.0,11919155.0
1787288146.597,11917131.0,11918965.0,11919155.0
1787288151.666,11916938.0,11918445.0,11919155.0
1787288156.745,11917383.0,11918476.0,11919155.0
1787288161.804,11917383.0,11918956.0,11919155.0
1787288166.871,11917475.0,11919154.0,11919154.0
1787288171.941,11916642.0,11919133.0,11916691.0
1787288176.986,11916691.0,11918112.0,11916930.0
1787288182.069,11916531.0,11917953.0,11918112.0
1787288187.148,11916535.0,11918666.0,11916691.0
1787288192.221,11915440.0,11916857.0,11916535.0
1787288197.299,11910292.0,11910988.0,11910929.0
1787288202.346,11910120.0,11910988.0,11910929.0
1787288207.417,11910822.0,11911895.0,11910988.0
1787288212.481,11910160.0,11911812.0,11910988.0
1787288217.600,11910260.0,11912007.0,11910988.0
1787288222.690,11911369.0,11912023.0,11910988.0
1787288227.741,11912630.0,11914173.0,11914174.0
1787288232.825,11910967.0,11911646.0,11914174.0
1787288237.888,11911050.0,11913724.0,11912017.0
1787288242.955,11911950.0,11913169.0,11913305.0
1787288248.023,11911305.0,11912450.0,11913305.0
1787288253.066,11911189.0,11914274.0,11913305.0
1787288258.154,11911610.0,11914289.0,11914274.0
1787288263.251,11913088.0,11915801.0,11912139.0
1787288268.313,11913976.0,11916010.0,11912418.0
1787288273.386,11914130.0,11916784.0,11914111.0
1787288278.455,11914220.0,11916782.0,11914111.0
1787288283.515,11914240.0,11916506.0,11912218.0
1787288288.605,11914240.0,11916495.0,11912218.0
1787288293.675,11914251.0,11916330.0,11912218.0
1787288298.729,11914625.0,11916285.0,11914625.0
1787288303.789,11914260.0,11915860.0,11914240.0
1787288308.858,11914300.0,11915899.0,11914300.0
1787288313.902,11910262.0,11912995.0,11910911.0
1787288318.978,11909907.0,11912268.0,11909903.0
1787288324.022,11909907.0,11911649.0,11909903.0
1787288329.072,11909907.0,11911620.0,11909907.0
1787288334.137,11908975.0,11910880.0,11908812.0
1787288339.185,11908975.0,11910842.0,11908975.0
1787288344.254,11908475.0,11910866.0,11908225.0
1787288349.303,11910745.0,11912703.0,11910873.0
1787288354.379,11911173.0,11913008.0,11910873.0
1787288359.419,11910861.0,11912404.0,11910873.0
1787288364.497,11912289.0,11913921.0,11912289.0
1787288369.595,11910765.0,11913546.0,11912677.0
1787288374.672,11910665.0,11913544.0,11912677.0
1787288379.744,11910674.0,11913546.0,11912677.0
1787288384.814,11910674.0,11913475.0,11910674.0
1787288389.876,11910678.0,11913409.0,11910674.0
1787288394.943,11911302.0,11913576.0,11913409.0
1787288400.013,11913929.0,11916127.0,11913576.0
1787288405.154,11913200.0,11915162.0,11913938.0
1787288410.344,11909457.0,11911590.0,11908186.0
1787288415.406,11910359.0,11912725.0,11908770.0
1787288420.655,11909263.0,11912377.0,11908770.0
1787288425.726,11909231.0,11911772.0,11908770.0
1787288430.800,11909762.0,11911770.0,11909312.0
1787288435.890,11909741.0,11912724.0,11910725.0
1787288440.966,11909076.0,11911384.0,11910725.0
1787288446.043,11908741.0,11910390.0,11909030.0
1787288451.101,11907735.0,11909753.0,11908856.0
1787288456.162,11907305.0,11909821.0,11908856.0
1787288461.208,11907273.0,11909854.0,11907340.0
1787288466.262,11908775.0,11910982.0,11907340.0
1787288471.317,11909566.0,11912073.0,11910116.0
1787288476.370,11910287.0,11911648.0,11910070.0
1787288481.416,11910140.0,11912240.0,11910090.0
1787288486.491,11910457.0,11912073.0,11910395.0
1787288491.557,11911160.0,11913937.0,11912073.0
1787288496.622,11911381.0,11913587.0,11911350.0
1787288501.677,11911401.0,11912819.0,11911402.0
1787288506.754,11911405.0,11912819.0,11911402.0
1787288511.823,11911439.0,11912686.0,11911402.0
1787288516.902,11914409.0,11916897.0,11914730.0
1787288521.989,11914440.0,11917329.0,11914440.0
1787288527.053,11914441.0,11917258.0,11914440.0
1787288532.099,11914410.0,11917221.0,11914410.0
1787288537.183,11915809.0,11916550.0,11915807.0
1787288542.226,11915210.0,11917082.0,11915039.0
1787288547.305,11915311.0,11916909.0,11915211.0
1787288552.348,11915540.0,11917014.0,11915211.0
1787288557.396,11915723.0,11916984.0,11915211.0
