罠の組(表示の値 × 20 と元の値 × 20 で文書の桁の字が変わる組): 9,185
文書に A の字があり同じ行に B が無い箇所: 8,390(偶然の一致を含む。中身を見て仕分ける)

| 文書 | 行 | 本 | 出力の値 | 表示の桁 | A(表示 × 20) | B(元 × 20) |
|---|---|---|---|---|---|---|
| 2026-10-09_matilda_main_alert.md | 26 | alert_x1 | `.d1.rows[2].mean` | 0 | 160 | 151 |
| 2026-10-09_matilda_main_alert.md | 26 | alert_x1 | `.d1.rows[6].hi` | 0 | 160 | 157 |
| 2026-10-09_matilda_main_alert.md | 26 | alert_x1 | `.d1.rows[6].lo` | 0 | 160 | 164 |
| 2026-10-09_matilda_main_alert.md | 26 | alert_x1 | `.d1.rows[7].hi` | 0 | 160 | 154 |
| 2026-10-09_matilda_main_alert.md | 26 | alert_x1 | `.d7.years.2015.mean` | 0 | 160 | 165 |
| 2026-10-09_matilda_main_alert.md | 26 | alert_x2 | `.d1.rows[2].lo` | 0 | 160 | 153 |
| 2026-10-09_matilda_main_alert.md | 26 | alert_x2 | `.d1.rows[6].hi` | 0 | 160 | 158 |
| 2026-10-09_matilda_main_alert.md | 26 | alert_x2 | `.d1.rows[6].lo` | 0 | 160 | 164 |
| 2026-10-09_matilda_main_alert.md | 26 | alert_x2 | `.d1.rows[7].hi` | 0 | 160 | 153 |
| 2026-10-09_matilda_main_alert.md | 28 | alert_x1 | `.d1.rows[2].mean` | 0 | 160 | 151 |
| 2026-10-09_matilda_main_alert.md | 28 | alert_x1 | `.d1.rows[6].hi` | 0 | 160 | 157 |
| 2026-10-09_matilda_main_alert.md | 28 | alert_x1 | `.d1.rows[6].lo` | 0 | 160 | 164 |
| 2026-10-09_matilda_main_alert.md | 28 | alert_x1 | `.d1.rows[7].hi` | 0 | 160 | 154 |
| 2026-10-09_matilda_main_alert.md | 28 | alert_x1 | `.d7.years.2015.mean` | 0 | 160 | 165 |
| 2026-10-09_matilda_main_alert.md | 28 | alert_x2 | `.d1.rows[2].lo` | 0 | 160 | 153 |
| 2026-10-09_matilda_main_alert.md | 28 | alert_x2 | `.d1.rows[6].hi` | 0 | 160 | 158 |
| 2026-10-09_matilda_main_alert.md | 28 | alert_x2 | `.d1.rows[6].lo` | 0 | 160 | 164 |
| 2026-10-09_matilda_main_alert.md | 28 | alert_x2 | `.d1.rows[7].hi` | 0 | 160 | 153 |
| 2026-10-09_matilda_main_alert.md | 57 | alert_x1 | `.d1.rows[2].mean` | 0 | 160 | 151 |
| 2026-10-09_matilda_main_alert.md | 57 | alert_x1 | `.d1.rows[6].hi` | 0 | 160 | 157 |
| 2026-10-09_matilda_main_alert.md | 57 | alert_x1 | `.d1.rows[6].lo` | 0 | 160 | 164 |
| 2026-10-09_matilda_main_alert.md | 57 | alert_x1 | `.d1.rows[7].hi` | 0 | 160 | 154 |
| 2026-10-09_matilda_main_alert.md | 57 | alert_x1 | `.d7.years.2015.mean` | 0 | 160 | 165 |
| 2026-10-09_matilda_main_alert.md | 57 | alert_x2 | `.d1.rows[2].lo` | 0 | 160 | 153 |
| 2026-10-09_matilda_main_alert.md | 57 | alert_x2 | `.d1.rows[6].hi` | 0 | 160 | 158 |
| 2026-10-09_matilda_main_alert.md | 57 | alert_x2 | `.d1.rows[6].lo` | 0 | 160 | 164 |
| 2026-10-09_matilda_main_alert.md | 57 | alert_x2 | `.d1.rows[7].hi` | 0 | 160 | 153 |
| 2026-10-09_matilda_main_alert.md | 64 | alert_x1 | `.d1.rows[2].mean` | 0 | 160 | 151 |
| 2026-10-09_matilda_main_alert.md | 64 | alert_x1 | `.d1.rows[6].hi` | 0 | 160 | 157 |
| 2026-10-09_matilda_main_alert.md | 64 | alert_x1 | `.d1.rows[6].lo` | 0 | 160 | 164 |
| 2026-10-09_matilda_main_alert.md | 64 | alert_x1 | `.d1.rows[7].hi` | 0 | 160 | 154 |
| 2026-10-09_matilda_main_alert.md | 64 | alert_x1 | `.d7.years.2015.mean` | 0 | 160 | 165 |
| 2026-10-09_matilda_main_alert.md | 64 | alert_x2 | `.d1.rows[2].lo` | 0 | 160 | 153 |
| 2026-10-09_matilda_main_alert.md | 64 | alert_x2 | `.d1.rows[6].hi` | 0 | 160 | 158 |
| 2026-10-09_matilda_main_alert.md | 64 | alert_x2 | `.d1.rows[6].lo` | 0 | 160 | 164 |
| 2026-10-09_matilda_main_alert.md | 64 | alert_x2 | `.d1.rows[7].hi` | 0 | 160 | 153 |
| 2026-10-09_matilda_main_alert.md | 65 | alert_x1 | `.d1.rows[2].mean` | 0 | 160 | 151 |
| 2026-10-09_matilda_main_alert.md | 65 | alert_x1 | `.d1.rows[6].hi` | 0 | 160 | 157 |
| 2026-10-09_matilda_main_alert.md | 65 | alert_x1 | `.d1.rows[6].lo` | 0 | 160 | 164 |
| 2026-10-09_matilda_main_alert.md | 65 | alert_x1 | `.d1.rows[7].hi` | 0 | 160 | 154 |
| 2026-10-09_matilda_main_alert.md | 65 | alert_x1 | `.d7.years.2015.mean` | 0 | 160 | 165 |
| 2026-10-09_matilda_main_alert.md | 65 | alert_x2 | `.d1.rows[2].lo` | 0 | 160 | 153 |
| 2026-10-09_matilda_main_alert.md | 65 | alert_x2 | `.d1.rows[6].hi` | 0 | 160 | 158 |
| 2026-10-09_matilda_main_alert.md | 65 | alert_x2 | `.d1.rows[6].lo` | 0 | 160 | 164 |
| 2026-10-09_matilda_main_alert.md | 65 | alert_x2 | `.d1.rows[7].hi` | 0 | 160 | 153 |
| 2026-10-09_matilda_main_alert.md | 113 | alert_x1 | `.d1.segments.diff.hi` | 0 | 480 | 482 |
| 2026-10-09_matilda_main_alert.md | 114 | alert_x1 | `.d1.rows[7].mde` | 0 | 360 | 353 |
| 2026-10-09_matilda_main_alert.md | 114 | alert_x1 | `.d1.segments.second.lo` | 0 | 360 | 359 |
| 2026-10-09_matilda_main_alert.md | 114 | alert_x1 | `.d7.years.2015.mde` | 0 | 360 | 351 |
| 2026-10-09_matilda_main_alert.md | 114 | alert_x2 | `.d1.rows[7].mde` | 0 | 360 | 353 |
| 2026-10-09_matilda_main_alert.md | 114 | alert_x2 | `.d1.segments.first.mean` | 0 | 360 | 370 |
| 2026-10-09_matilda_main_alert.md | 114 | alert_x2 | `.d1.segments.second.lo` | 0 | 360 | 359 |
| 2026-10-09_matilda_main_alert.md | 190 | alert_x1 | `.d3.groups.出の理由【結果で決まる群】.market.per_trade` | 2 | 287.0 | 286.9 |
| 2026-10-09_matilda_main_alert.md | 192 | alert_x1 | `.d1.rows[5].mean` | 0 | 240 | 248 |
| 2026-10-09_matilda_main_alert.md | 192 | alert_x1 | `.d1.rows[9].mde` | 0 | 240 | 233 |
| 2026-10-09_matilda_main_alert.md | 192 | alert_x1 | `.d1.segments.first.lo` | 0 | 240 | 246 |
| 2026-10-09_matilda_main_alert.md | 192 | alert_x1 | `.d3.groups.出の理由【結果で決まる群】.break.hi` | 0 | 240 | 250 |
| 2026-10-09_matilda_main_alert.md | 192 | alert_x1 | `.d3.groups.出の理由【結果で決まる群】.market.hi` | 0 | 240 | 234 |
| 2026-10-09_matilda_main_alert.md | 192 | alert_x2 | `.d1.rows[5].mean` | 0 | 240 | 248 |
| 2026-10-09_matilda_main_alert.md | 192 | alert_x2 | `.d1.rows[9].mde` | 0 | 240 | 233 |
| 2026-10-09_matilda_main_alert.md | 192 | alert_x2 | `.d1.segments.first.lo` | 0 | 240 | 241 |
| 2026-10-09_matilda_main_alert.md | 192 | alert_x2 | `.d3.groups.出の理由【結果で決まる群】.market.hi` | 0 | 240 | 235 |
| 2026-10-09_matilda_main_alert.md | 193 | alert_x1 | `.d1.rows[5].mean` | 0 | 240 | 248 |
| 2026-10-09_matilda_main_alert.md | 193 | alert_x1 | `.d1.rows[9].mde` | 0 | 240 | 233 |
| 2026-10-09_matilda_main_alert.md | 193 | alert_x1 | `.d1.segments.first.lo` | 0 | 240 | 246 |
| 2026-10-09_matilda_main_alert.md | 193 | alert_x1 | `.d3.groups.出の理由【結果で決まる群】.break.hi` | 0 | 240 | 250 |
| 2026-10-09_matilda_main_alert.md | 193 | alert_x1 | `.d3.groups.出の理由【結果で決まる群】.market.hi` | 0 | 240 | 234 |
| 2026-10-09_matilda_main_alert.md | 193 | alert_x2 | `.d1.rows[5].mean` | 0 | 240 | 248 |
| 2026-10-09_matilda_main_alert.md | 193 | alert_x2 | `.d1.rows[9].mde` | 0 | 240 | 233 |
| 2026-10-09_matilda_main_alert.md | 193 | alert_x2 | `.d1.segments.first.lo` | 0 | 240 | 241 |
| 2026-10-09_matilda_main_alert.md | 193 | alert_x2 | `.d3.groups.出の理由【結果で決まる群】.market.hi` | 0 | 240 | 235 |
| 2026-10-09_matilda_main_alert.md | 194 | alert_x1 | `.d1.rows[5].hi` | 0 | 400 | 395 |
| 2026-10-09_matilda_main_alert.md | 194 | alert_x2 | `.d1.rows[5].hi` | 0 | 400 | 396 |
| 2026-10-09_matilda_main_alert.md | 196 | alert_x1 | `.d3.groups.出の理由【結果で決まる群】.break.hi` | 2 | 249.6 | 249.5 |
| 2026-10-09_matilda_main_alert.md | 196 | alert_x1 | `.d3.groups.出の理由【結果で決まる群】.break.lo` | 2 | 275.0 | 275.1 |
| 2026-10-09_matilda_main_alert.md | 196 | alert_x1 | `.d3.groups.出の理由【結果で決まる群】.break.per_trade` | 2 | 262.2 | 262.1 |
| 2026-10-09_matilda_main_alert.md | 196 | alert_x1 | `.d3.groups.出の理由【結果で決まる群】.close.per_trade` | 2 | 36.6 | 36.5 |
| 2026-10-09_matilda_main_alert.md | 196 | alert_x1 | `.d3.groups.出の理由【結果で決まる群】.market.lo` | 2 | 343.2 | 343.3 |
| 2026-10-09_matilda_main_alert.md | 196 | alert_x1 | `.d3.groups.出の理由【結果で決まる群】.market.per_trade` | 2 | 287.0 | 286.9 |
| 2026-10-09_matilda_main_alert.md | 196 | alert_x2 | `.d3.groups.出の理由【結果で決まる群】.break.hi` | 2 | 250.2 | 250.3 |
| 2026-10-09_matilda_main_alert.md | 196 | alert_x2 | `.d3.groups.出の理由【結果で決まる群】.break.lo` | 2 | 276.0 | 275.9 |
| 2026-10-09_matilda_main_alert.md | 196 | alert_x2 | `.d3.groups.出の理由【結果で決まる群】.break.per_trade` | 2 | 262.8 | 262.9 |
| 2026-10-09_matilda_main_alert.md | 196 | alert_x2 | `.d3.groups.出の理由【結果で決まる群】.close.lo` | 2 | 34.8 | 34.7 |
| 2026-10-09_matilda_main_alert.md | 196 | alert_x2 | `.d3.groups.出の理由【結果で決まる群】.close.per_trade` | 2 | 36.4 | 36.5 |
| 2026-10-09_matilda_main_alert.md | 196 | alert_x2 | `.d3.groups.出の理由【結果で決まる群】.market.lo` | 2 | 611.2 | 611.1 |
| 2026-10-09_matilda_main_alert.md | 197 | alert_x1 | `.d3.groups.保有時間の帯【結果で決まる群】.0 分超〜1 分.per_trade` | 2 | 14.0 | 13.9 |
| 2026-10-09_matilda_main_alert.md | 197 | alert_x1 | `.d3.groups.保有時間の帯【結果で決まる群】.〜0 分.per_trade` | 2 | 7.4 | 7.3 |
| 2026-10-09_matilda_main_alert.md | 197 | alert_x1 | `.d7.years.2020.mean` | 2 | 7.4 | 7.3 |
| 2026-10-09_matilda_main_alert.md | 197 | alert_x2 | `.d3.groups.保有時間の帯【結果で決まる群】.0 分超〜1 分.per_trade` | 2 | 14.0 | 13.9 |
| 2026-10-09_matilda_main_alert.md | 197 | alert_x2 | `.d3.groups.保有時間の帯【結果で決まる群】.〜0 分.per_trade` | 2 | 7.4 | 7.3 |
| 2026-10-09_matilda_main_alert.md | 197 | alert_x2 | `.d7.years.2021.lo` | 2 | 14.0 | 14.1 |
| 2026-10-09_matilda_main_alert.md | 198 | alert_x1 | `.d3.bottom5_days_sum` | 0 | 767,900 | 767,896 |
| 2026-10-09_matilda_main_alert.md | 198 | alert_x1 | `.d3.top5_days_sum` | 0 | 656,760 | 656,765 |
| 2026-10-09_matilda_main_alert.md | 198 | alert_x2 | `.d3.bottom5_days_sum` | 0 | 768,560 | 768,555 |
| 2026-10-09_matilda_main_alert.md | 198 | alert_x2 | `.d3.top5_days_sum` | 0 | 654,200 | 654,204 |
| 2026-10-09_matilda_main_alert.md | 204 | alert_x2 | `.d6.groups.〜1 分.per_trade` | 2 | 2.4 | 2.3 |
| 2026-10-09_matilda_main_alert.md | 205 | alert_x2 | `.d6.groups.〜1 分.per_trade` | 2 | 2.4 | 2.3 |
| 2026-10-09_matilda_main_alert.md | 237 | alert_x1 | `.d4.勝った.pnl_sum` | 0 | 10,187,920 | 10,187,913 |
| 2026-10-09_matilda_main_alert.md | 237 | alert_x2 | `.d4.勝った.pnl_sum` | 0 | 10,183,080 | 10,183,072 |
| 2026-10-09_matilda_main_alert.md | 238 | alert_x1 | `.d4.一度は MFE > 0 だったのに負けた.pnl_sum` | 0 | 4,725,920 | 4,725,914 |
| 2026-10-09_matilda_main_alert.md | 238 | alert_x2 | `.d4.一度は MFE > 0 だったのに負けた.pnl_sum` | 0 | 4,733,400 | 4,733,391 |
| 2026-10-09_matilda_main_alert.md | 239 | alert_x1 | `.d4.MFE ≤ 0 のまま負けた.pnl_sum` | 0 | 5,963,680 | 5,963,676 |
| 2026-10-09_matilda_main_alert.md | 239 | alert_x2 | `.d4.MFE ≤ 0 のまま負けた.pnl_sum` | 0 | 5,958,320 | 5,958,322 |
| 2026-10-09_matilda_main_alert.md | 288 | alert_x1 | `.d6.groups.〜1 分.lo` | 2 | 1.4 | 1.3 |
| 2026-10-09_matilda_main_alert.md | 288 | alert_x1 | `.d7.all.lo` | 2 | 1.4 | 1.3 |
| 2026-10-09_matilda_main_alert.md | 288 | alert_x2 | `.d6.groups.〜1 分.lo` | 2 | 1.4 | 1.3 |
| 2026-10-09_matilda_main_alert.md | 288 | alert_x2 | `.d6.groups.〜1 分.per_trade` | 2 | 2.4 | 2.3 |
| 2026-10-09_matilda_main_alert.md | 288 | alert_x2 | `.d7.all.lo` | 2 | 3.4 | 3.5 |
| 2026-10-09_matilda_main_alert.md | 289 | alert_x1 | `.d6.groups.〜1 分.lo` | 2 | 1.4 | 1.3 |
| 2026-10-09_matilda_main_alert.md | 289 | alert_x1 | `.d7.all.lo` | 2 | 1.4 | 1.3 |
| 2026-10-09_matilda_main_alert.md | 289 | alert_x2 | `.d6.groups.1 分超〜3 分.hi` | 2 | 1.6 | 1.5 |
| 2026-10-09_matilda_main_alert.md | 289 | alert_x2 | `.d6.groups.1 分超〜3 分.lo` | 2 | 1.6 | 1.5 |
| 2026-10-09_matilda_main_alert.md | 289 | alert_x2 | `.d6.groups.〜1 分.lo` | 2 | 1.4 | 1.3 |
| 2026-10-09_matilda_main_alert.md | 290 | alert_x1 | `.d6.groups.11 分超.lo` | 2 | 1.8 | 1.9 |
| 2026-10-09_matilda_main_alert.md | 290 | alert_x1 | `.d7.years.2021.mean` | 2 | 3.0 | 3.1 |
| 2026-10-09_matilda_main_alert.md | 290 | alert_x2 | `.d6.groups.11 分超.lo` | 2 | 1.8 | 1.9 |
| 2026-10-09_matilda_main_alert.md | 290 | alert_x2 | `.d6.groups.3 分超〜11 分.lo` | 2 | 3.0 | 3.1 |
| 2026-10-09_matilda_main_alert.md | 291 | alert_x1 | `.d6.groups.11 分超.lo` | 2 | 1.8 | 1.9 |
| 2026-10-09_matilda_main_alert.md | 291 | alert_x2 | `.d6.groups.11 分超.lo` | 2 | 1.8 | 1.9 |
| 2026-10-09_matilda_main_alert.md | 314 | alert_x1 | `.d3.groups.保有時間の帯【結果で決まる群】.1 分超〜3 分.hi` | 2 | 10.8 | 10.7 |
| 2026-10-09_matilda_main_alert.md | 314 | alert_x1 | `.d6.groups.〜1 分.lo` | 2 | 1.4 | 1.3 |
| 2026-10-09_matilda_main_alert.md | 314 | alert_x1 | `.d7.all.hi` | 2 | 13.4 | 13.5 |
| 2026-10-09_matilda_main_alert.md | 314 | alert_x1 | `.d7.all.lo` | 2 | 1.4 | 1.3 |
| 2026-10-09_matilda_main_alert.md | 314 | alert_x1 | `.d7.all.mean` | 2 | 6.4 | 6.3 |
| 2026-10-09_matilda_main_alert.md | 314 | alert_x2 | `.d6.groups.〜1 分.lo` | 2 | 1.4 | 1.3 |
| 2026-10-09_matilda_main_alert.md | 314 | alert_x2 | `.d7.all.hi` | 2 | 11.4 | 11.3 |
| 2026-10-09_matilda_main_alert.md | 314 | alert_x2 | `.d7.all.lo` | 2 | 3.4 | 3.5 |
| 2026-10-09_matilda_main_alert.md | 314 | alert_x2 | `.d7.all.mde` | 2 | 10.6 | 10.5 |
| 2026-10-09_matilda_main_alert.md | 314 | alert_x2 | `.d7.all.mean` | 2 | 4.2 | 4.3 |
| 2026-10-09_matilda_main_alert.md | 314 | alert_x2 | `.d7.years.2020.mean` | 2 | 6.4 | 6.5 |
| 2026-10-09_matilda_main_alert.md | 324 | alert_x1 | `.d7.match.sum_both_a_minus_b` | 0 | 3,200 | 3,198 |
| 2026-10-09_matilda_main_alert.md | 324 | alert_x1 | `.d7.match.sum_only_a` | 0 | 720 | 722 |
| 2026-10-09_matilda_main_alert.md | 324 | alert_x1 | `.d7.match.sum_only_b` | 0 | 21,120 | 21,118 |
| 2026-10-09_matilda_main_alert.md | 325 | alert_x2 | `.d7.match.sum_both_a_minus_b` | 0 | 13,300 | 13,306 |
| 2026-10-09_matilda_main_alert.md | 325 | alert_x2 | `.d7.match.sum_only_a` | 0 | 6,120 | 6,126 |
| 2026-10-09_matilda_main_alert.md | 325 | alert_x2 | `.d7.match.sum_only_b` | 0 | 19,700 | 19,709 |
| 2026-10-09_matilda_main_alert.md | 327 | alert_x1 | `.d7.all.hi` | 2 | 13.4 | 13.5 |
| 2026-10-09_matilda_main_alert.md | 327 | alert_x1 | `.d7.all.mean` | 2 | 6.4 | 6.3 |
| 2026-10-09_matilda_main_alert.md | 327 | alert_x1 | `.d7.match.sum_both_a_minus_b` | 0 | 3,200 | 3,198 |
| 2026-10-09_matilda_main_alert.md | 327 | alert_x1 | `.d7.match.sum_only_a` | 0 | 720 | 722 |
| 2026-10-09_matilda_main_alert.md | 327 | alert_x2 | `.d7.all.hi` | 2 | 11.4 | 11.3 |
| 2026-10-09_matilda_main_alert.md | 327 | alert_x2 | `.d7.all.mean` | 2 | 4.2 | 4.3 |
| 2026-10-09_matilda_main_alert.md | 327 | alert_x2 | `.d7.match.sum_both_a_minus_b` | 0 | 13,300 | 13,306 |
| 2026-10-09_matilda_main_alert.md | 327 | alert_x2 | `.d7.match.sum_only_a` | 0 | 6,120 | 6,126 |
| 2026-10-09_matilda_main_alert.md | 327 | alert_x2 | `.d7.years.2020.mean` | 2 | 6.4 | 6.5 |
| 2026-10-09_matilda_main_alert.md | 376 | alert_x1 | `.d7.all.mean` | 2 | 6.4 | 6.3 |
| 2026-10-09_matilda_main_alert.md | 376 | alert_x2 | `.d7.all.mean` | 2 | 4.2 | 4.3 |
| 2026-10-09_matilda_main_alert.md | 376 | alert_x2 | `.d7.years.2020.mean` | 2 | 6.4 | 6.5 |
| 2026-10-09_matilda_main_alert.md | 378 | alert_x1 | `.d7.match.sum_only_b` | 0 | 21,120 | 21,118 |
| 2026-10-09_matilda_main_alert.md | 378 | alert_x2 | `.d7.match.sum_only_b` | 0 | 19,700 | 19,709 |
| 2026-10-09_matilda_main_alert.md | 380 | alert_x2 | `.d6.groups.〜1 分.per_trade` | 2 | 2.4 | 2.3 |
| 2026-10-09_matilda_main_alert.md | 407 | alert_x1 | `.d1.rows[7].mde` | 0 | 360 | 353 |
| 2026-10-09_matilda_main_alert.md | 407 | alert_x1 | `.d1.segments.second.lo` | 0 | 360 | 359 |
| 2026-10-09_matilda_main_alert.md | 407 | alert_x1 | `.d7.years.2015.mde` | 0 | 360 | 351 |
| 2026-10-09_matilda_main_alert.md | 407 | alert_x2 | `.d1.rows[7].mde` | 0 | 360 | 353 |
| 2026-10-09_matilda_main_alert.md | 407 | alert_x2 | `.d1.segments.first.mean` | 0 | 360 | 370 |
| 2026-10-09_matilda_main_alert.md | 407 | alert_x2 | `.d1.segments.second.lo` | 0 | 360 | 359 |
| 2026-10-09_matilda_main_alert.md | 421 | alert_x1 | `.d3.groups.保有時間の帯【結果で決まる群】.1 分超〜3 分.hi` | 2 | 10.8 | 10.7 |
| 2026-10-09_matilda_main_alert.md | 421 | alert_x1 | `.d6.groups.〜1 分.lo` | 2 | 1.4 | 1.3 |
| 2026-10-09_matilda_main_alert.md | 421 | alert_x1 | `.d7.all.hi` | 2 | 13.4 | 13.5 |
| 2026-10-09_matilda_main_alert.md | 421 | alert_x1 | `.d7.all.lo` | 2 | 1.4 | 1.3 |
| 2026-10-09_matilda_main_alert.md | 421 | alert_x1 | `.d7.all.mean` | 2 | 6.4 | 6.3 |
| 2026-10-09_matilda_main_alert.md | 421 | alert_x2 | `.d6.groups.〜1 分.lo` | 2 | 1.4 | 1.3 |
| 2026-10-09_matilda_main_alert.md | 421 | alert_x2 | `.d7.years.2020.mean` | 2 | 6.4 | 6.5 |
| 2026-10-09_matilda_main_alert.md | 422 | alert_x2 | `.d7.all.hi` | 2 | 11.4 | 11.3 |
| 2026-10-09_matilda_main_alert.md | 422 | alert_x2 | `.d7.all.lo` | 2 | 3.4 | 3.5 |
| 2026-10-09_matilda_main_alert.md | 422 | alert_x2 | `.d7.all.mde` | 2 | 10.6 | 10.5 |
| 2026-10-09_matilda_main_alert.md | 422 | alert_x2 | `.d7.all.mean` | 2 | 4.2 | 4.3 |
| 2026-10-09_matilda_main_alert.md | 426 | alert_x1 | `.d1.rows[2].mean` | 0 | 160 | 151 |
| 2026-10-09_matilda_main_alert.md | 426 | alert_x1 | `.d1.rows[6].hi` | 0 | 160 | 157 |
| 2026-10-09_matilda_main_alert.md | 426 | alert_x1 | `.d1.rows[6].lo` | 0 | 160 | 164 |
| 2026-10-09_matilda_main_alert.md | 426 | alert_x1 | `.d1.rows[7].hi` | 0 | 160 | 154 |
| 2026-10-09_matilda_main_alert.md | 426 | alert_x1 | `.d7.all.mean` | 2 | 6.4 | 6.3 |
| 2026-10-09_matilda_main_alert.md | 426 | alert_x1 | `.d7.match.sum_both_a_minus_b` | 0 | 3,200 | 3,198 |
| 2026-10-09_matilda_main_alert.md | 426 | alert_x1 | `.d7.match.sum_only_a` | 0 | 720 | 722 |
| 2026-10-09_matilda_main_alert.md | 426 | alert_x1 | `.d7.match.sum_only_b` | 0 | 21,120 | 21,118 |
| 2026-10-09_matilda_main_alert.md | 426 | alert_x1 | `.d7.years.2015.mean` | 0 | 160 | 165 |
| 2026-10-09_matilda_main_alert.md | 426 | alert_x2 | `.d1.rows[2].lo` | 0 | 160 | 153 |
| 2026-10-09_matilda_main_alert.md | 426 | alert_x2 | `.d1.rows[6].hi` | 0 | 160 | 158 |
| 2026-10-09_matilda_main_alert.md | 426 | alert_x2 | `.d1.rows[6].lo` | 0 | 160 | 164 |
| 2026-10-09_matilda_main_alert.md | 426 | alert_x2 | `.d1.rows[7].hi` | 0 | 160 | 153 |
| 2026-10-09_matilda_main_alert.md | 426 | alert_x2 | `.d7.all.mean` | 2 | 4.2 | 4.3 |
| 2026-10-09_matilda_main_alert.md | 426 | alert_x2 | `.d7.match.sum_both_a_minus_b` | 0 | 13,300 | 13,306 |
| 2026-10-09_matilda_main_alert.md | 426 | alert_x2 | `.d7.match.sum_only_a` | 0 | 6,120 | 6,126 |
| 2026-10-09_matilda_main_alert.md | 426 | alert_x2 | `.d7.match.sum_only_b` | 0 | 19,700 | 19,709 |
| 2026-10-09_matilda_main_alert.md | 426 | alert_x2 | `.d7.years.2020.mean` | 2 | 6.4 | 6.5 |
| 2026-10-09_matilda_main_base.md | 74 | base | `.d1.segments.second.mean` | 0 | 280 | 273 |
| 2026-10-09_matilda_main_base.md | 74 | base | `.d3.groups.出の理由【結果で決まる群】.break.lo` | 0 | 280 | 272 |
| 2026-10-09_matilda_main_base.md | 74 | base | `.d3.groups.出の理由【結果で決まる群】.market.hi` | 0 | 280 | 278 |
| 2026-10-09_matilda_main_base.md | 74 | base | `.d3.trade_quantiles.0.99` | 0 | 280 | 277 |
| 2026-10-09_matilda_main_base.md | 151 | base | `.d1.rows[7].mde` | 0 | 360 | 353 |
| 2026-10-09_matilda_main_base.md | 151 | base | `.d1.segments.first.mean` | 0 | 360 | 362 |
| 2026-10-09_matilda_main_base.md | 151 | base | `.d3.groups.出の理由【結果で決まる群】.market.lo` | 0 | 360 | 361 |
| 2026-10-09_matilda_main_base.md | 220 | base | `.d3.bottom5_days_sum` | 0 | 766,800 | 766,805 |
| 2026-10-09_matilda_main_base.md | 220 | base | `.d3.top5_days_sum` | 0 | 653,500 | 653,497 |
| 2026-10-09_matilda_main_base.md | 227 | base | `.d3.groups.出の理由【結果で決まる群】.close.hi` | 2 | 38.2 | 38.1 |
| 2026-10-09_matilda_main_base.md | 227 | base | `.d3.groups.出の理由【結果で決まる群】.close.lo` | 2 | 34.8 | 34.7 |
| 2026-10-09_matilda_main_base.md | 227 | base | `.d3.groups.出の理由【結果で決まる群】.close.sum` | 0 | 11,158,240 | 11,158,241 |
| 2026-10-09_matilda_main_base.md | 228 | base | `.d3.groups.出の理由【結果で決まる群】.break.hi` | 2 | 246.4 | 246.3 |
| 2026-10-09_matilda_main_base.md | 228 | base | `.d3.groups.出の理由【結果で決まる群】.break.sum` | 0 | 10,747,900 | 10,747,905 |
| 2026-10-09_matilda_main_base.md | 229 | base | `.d3.groups.出の理由【結果で決まる群】.market.hi` | 2 | 278.4 | 278.5 |
| 2026-10-09_matilda_main_base.md | 229 | base | `.d3.groups.出の理由【結果で決まる群】.market.sum` | 0 | 278,940 | 278,947 |
| 2026-10-09_matilda_main_base.md | 235 | base | `.d3.groups.保有時間の帯【結果で決まる群】.〜0 分.hi` | 2 | 8.2 | 8.3 |
| 2026-10-09_matilda_main_base.md | 235 | base | `.d3.groups.保有時間の帯【結果で決まる群】.〜0 分.per_trade` | 2 | 7.4 | 7.3 |
| 2026-10-09_matilda_main_base.md | 235 | base | `.d3.groups.保有時間の帯【結果で決まる群】.〜0 分.sum` | 0 | 655,100 | 655,095 |
| 2026-10-09_matilda_main_base.md | 236 | base | `.d3.groups.保有時間の帯【結果で決まる群】.0 分超〜1 分.lo` | 2 | 13.0 | 13.1 |
| 2026-10-09_matilda_main_base.md | 236 | base | `.d3.groups.保有時間の帯【結果で決まる群】.0 分超〜1 分.per_trade` | 2 | 14.0 | 13.9 |
| 2026-10-09_matilda_main_base.md | 236 | base | `.d3.groups.保有時間の帯【結果で決まる群】.0 分超〜1 分.sum` | 0 | 1,651,420 | 1,651,427 |
| 2026-10-09_matilda_main_base.md | 237 | base | `.d3.groups.保有時間の帯【結果で決まる群】.1 分超〜3 分.lo` | 2 | 8.4 | 8.3 |
| 2026-10-09_matilda_main_base.md | 237 | base | `.d3.groups.保有時間の帯【結果で決まる群】.1 分超〜3 分.sum` | 0 | 628,400 | 628,396 |
| 2026-10-09_matilda_main_base.md | 238 | base | `.d3.groups.保有時間の帯【結果で決まる群】.3 分超.hi` | 2 | 33.6 | 33.7 |
| 2026-10-09_matilda_main_base.md | 238 | base | `.d3.groups.保有時間の帯【結果で決まる群】.3 分超.sum` | 0 | 2,803,520 | 2,803,529 |
| 2026-10-09_matilda_main_base.md | 251 | base | `.d1.rows[3].lo` | 0 | 220 | 215 |
| 2026-10-09_matilda_main_base.md | 251 | base | `.d1.rows[5].mde` | 0 | 220 | 226 |
| 2026-10-09_matilda_main_base.md | 251 | base | `.d1.rows[6].mde` | 0 | 220 | 230 |
| 2026-10-09_matilda_main_base.md | 261 | base | `.d1.rows[1].mean` | 0 | 260 | 263 |
| 2026-10-09_matilda_main_base.md | 261 | base | `.d1.rows[8].mean` | 0 | 260 | 263 |
| 2026-10-09_matilda_main_base.md | 261 | base | `.d3.groups.出の理由【結果で決まる群】.break.per_trade` | 0 | 260 | 259 |
| 2026-10-09_matilda_main_base.md | 288 | base | `.d4.勝った.pnl_sum` | 0 | 10,177,340 | 10,177,344 |
| 2026-10-09_matilda_main_base.md | 289 | base | `.d4.一度は MFE > 0 だったのに負けた.pnl_sum` | 0 | 4,695,040 | 4,695,044 |
| 2026-10-09_matilda_main_base.md | 290 | base | `.d4.MFE ≤ 0 のまま負けた.pnl_sum` | 0 | 6,006,000 | 6,006,006 |
| 2026-10-09_matilda_main_base.md | 332 | base | `.d1.rows[5].lo` | 2 | 87.8 | 87.7 |
| 2026-10-09_matilda_main_base.md | 356 | base | `.d6.groups.〜1 分.hi` | 2 | 3.4 | 3.3 |
| 2026-10-09_matilda_main_base.md | 356 | base | `.d6.groups.〜1 分.lo` | 2 | 1.4 | 1.3 |
| 2026-10-09_matilda_main_base.md | 356 | base | `.d6.groups.〜1 分.sum` | 0 | 308,900 | 308,898 |
| 2026-10-09_matilda_main_base.md | 357 | base | `.d6.groups.1 分超〜3 分.sum` | 0 | 5,840 | 5,834 |
| 2026-10-09_matilda_main_base.md | 357 | base | `.d6.groups.〜1 分.lo` | 2 | 1.4 | 1.3 |
| 2026-10-09_matilda_main_base.md | 358 | base | `.d6.groups.3 分超〜11 分.sum` | 0 | 154,560 | 154,568 |
| 2026-10-09_matilda_main_base.md | 359 | base | `.d6.groups.11 分超.lo` | 2 | 1.8 | 1.7 |
| 2026-10-09_matilda_main_base.md | 359 | base | `.d6.groups.11 分超.sum` | 0 | 16,820 | 16,810 |
| 2026-10-09_matilda_main_base.md | 456 | base | `.d1.rows[7].mde` | 0 | 360 | 353 |
| 2026-10-09_matilda_main_base.md | 456 | base | `.d3.groups.出の理由【結果で決まる群】.market.lo` | 0 | 360 | 361 |
| 2026-10-09_matilda_main_beard.md | 5 | beard_off | `.d1.rows[9].lo` | 0 | 660 | 667 |
| 2026-10-09_matilda_main_beard.md | 56 | beard_off | `.d1.rows[6].hi` | 0 | 240 | 244 |
| 2026-10-09_matilda_main_beard.md | 56 | beard_off | `.d7.years.2018.mde` | 0 | 240 | 247 |
| 2026-10-09_matilda_main_beard.md | 56 | beard_off | `.d7.years.2020.mde` | 0 | 240 | 238 |
| 2026-10-09_matilda_main_beard.md | 85 | beard_off | `.d1.rows[6].hi` | 0 | 240 | 244 |
| 2026-10-09_matilda_main_beard.md | 85 | beard_off | `.d7.years.2018.mde` | 0 | 240 | 247 |
| 2026-10-09_matilda_main_beard.md | 85 | beard_off | `.d7.years.2020.mde` | 0 | 240 | 238 |
| 2026-10-09_matilda_main_beard.md | 113 | beard_off | `.d1.rows[4].mde` | 0 | 340 | 339 |
| 2026-10-09_matilda_main_beard.md | 113 | beard_off | `.d1.rows[8].hi` | 0 | 180 | 171 |
| 2026-10-09_matilda_main_beard.md | 113 | beard_off | `.d3.groups.出の理由【結果で決まる群】.break.per_trade` | 0 | 340 | 338 |
| 2026-10-09_matilda_main_beard.md | 113 | beard_off | `.d7.years.2018.lo` | 0 | 180 | 186 |
| 2026-10-09_matilda_main_beard.md | 113 | beard_off | `.d7.years.2019.hi` | 0 | 340 | 345 |
| 2026-10-09_matilda_main_beard.md | 113 | beard_off | `.d7.years.2019.mean` | 0 | 180 | 177 |
| 2026-10-09_matilda_main_beard.md | 113 | beard_off | `.d7.years.2020.hi` | 0 | 180 | 179 |
| 2026-10-09_matilda_main_beard.md | 113 | beard_off | `.d7.years.2022.mde` | 0 | 180 | 172 |
| 2026-10-09_matilda_main_beard.md | 114 | beard_off | `.d3.groups.出の理由【結果で決まる群】.break.lo` | 0 | 360 | 355 |
| 2026-10-09_matilda_main_beard.md | 114 | beard_off | `.d3.groups.出の理由【結果で決まる群】.market.per_trade` | 0 | 360 | 367 |
| 2026-10-09_matilda_main_beard.md | 120 | beard_off | `.d1.rows[4].mde` | 0 | 340 | 339 |
| 2026-10-09_matilda_main_beard.md | 120 | beard_off | `.d3.groups.出の理由【結果で決まる群】.break.per_trade` | 0 | 340 | 338 |
| 2026-10-09_matilda_main_beard.md | 120 | beard_off | `.d7.years.2019.hi` | 0 | 340 | 345 |
| 2026-10-09_matilda_main_beard.md | 184 | beard_off | `.d7.years.2017.mde` | 0 | 400 | 392 |
| 2026-10-09_matilda_main_beard.md | 191 | beard_off | `.d1.rows[0].mde` | 0 | 140 | 142 |
| 2026-10-09_matilda_main_beard.md | 191 | beard_off | `.d1.rows[2].lo` | 0 | 140 | 133 |
| 2026-10-09_matilda_main_beard.md | 191 | beard_off | `.d3.trade_quantiles.0.95` | 0 | 140 | 133 |
| 2026-10-09_matilda_main_beard.md | 191 | beard_off | `.d7.years.2016.hi` | 0 | 140 | 131 |
| 2026-10-09_matilda_main_beard.md | 193 | beard_off | `.d7.all.hi` | 0 | 100 | 93 |
| 2026-10-09_matilda_main_beard.md | 193 | beard_off | `.d7.years.2016.mde` | 0 | 100 | 105 |
| 2026-10-09_matilda_main_beard.md | 193 | beard_off | `.d7.years.2023.hi` | 0 | 100 | 92 |
| 2026-10-09_matilda_main_beard.md | 195 | beard_off | `.d1.rows[4].mde` | 0 | 340 | 339 |
| 2026-10-09_matilda_main_beard.md | 195 | beard_off | `.d3.groups.出の理由【結果で決まる群】.break.per_trade` | 0 | 340 | 338 |
| 2026-10-09_matilda_main_beard.md | 195 | beard_off | `.d7.years.2019.hi` | 0 | 340 | 345 |
| 2026-10-09_matilda_main_beard.md | 196 | beard_off | `.d1.rows[6].hi` | 0 | 240 | 244 |
| 2026-10-09_matilda_main_beard.md | 196 | beard_off | `.d7.years.2018.mde` | 0 | 240 | 247 |
| 2026-10-09_matilda_main_beard.md | 196 | beard_off | `.d7.years.2020.mde` | 0 | 240 | 238 |
| 2026-10-09_matilda_main_beard.md | 294 | beard_off | `.d3.groups.保有時間の帯【結果で決まる群】.〜1 分.per_trade` | 2 | 14.8 | 14.7 |
| 2026-10-09_matilda_main_beard.md | 303 | beard_off | `.d6.groups.〜1 分.hi` | 2 | 3.2 | 3.3 |
| 2026-10-09_matilda_main_beard.md | 305 | beard_off | `.d6.groups.〜1 分.lo` | 2 | 1.0 | 1.1 |
| 2026-10-09_matilda_main_beard.md | 308 | beard_off | `.d3.trade_quantiles.0.25` | 2 | 6.8 | 6.7 |
| 2026-10-09_matilda_main_beard.md | 314 | beard_off | `.d1.rows[2].mean` | 0 | 200 | 191 |
| 2026-10-09_matilda_main_beard.md | 314 | beard_off | `.d1.rows[6].lo` | 0 | 200 | 194 |
| 2026-10-09_matilda_main_beard.md | 314 | beard_off | `.d7.years.2021.mde` | 0 | 200 | 210 |
| 2026-10-09_matilda_main_beard.md | 314 | beard_off | `.d7.years.2022.lo` | 0 | 200 | 197 |
| 2026-10-09_matilda_main_beard.md | 316 | beard_off | `.d1.rows[8].hi` | 0 | 180 | 171 |
| 2026-10-09_matilda_main_beard.md | 316 | beard_off | `.d7.years.2018.lo` | 0 | 180 | 186 |
| 2026-10-09_matilda_main_beard.md | 316 | beard_off | `.d7.years.2019.mean` | 0 | 180 | 177 |
| 2026-10-09_matilda_main_beard.md | 316 | beard_off | `.d7.years.2020.hi` | 0 | 180 | 179 |
| 2026-10-09_matilda_main_beard.md | 316 | beard_off | `.d7.years.2023.mde` | 0 | 120 | 127 |
| 2026-10-09_matilda_main_beard.md | 332 | beard_off | `.d7.years.2023.mde` | 0 | 120 | 127 |
| 2026-10-09_matilda_main_beard.md | 369 | beard_off | `.d6.groups.9 分超.lo` | 2 | 1.4 | 1.3 |
| 2026-10-09_matilda_main_beard.md | 369 | beard_off | `.d7.years.2023.mde` | 0 | 120 | 127 |
| 2026-10-09_matilda_main_beard.md | 399 | beard_off | `.d1.rows[4].mde` | 0 | 340 | 339 |
| 2026-10-09_matilda_main_beard.md | 399 | beard_off | `.d3.groups.出の理由【結果で決まる群】.break.per_trade` | 0 | 340 | 338 |
| 2026-10-09_matilda_main_beard.md | 399 | beard_off | `.d7.years.2019.hi` | 0 | 340 | 345 |
| 2026-10-09_matilda_main_beard.md | 400 | beard_off | `.d3.groups.出の理由【結果で決まる群】.break.lo` | 0 | 360 | 355 |
| 2026-10-09_matilda_main_beard.md | 400 | beard_off | `.d3.groups.出の理由【結果で決まる群】.market.per_trade` | 0 | 360 | 367 |
| 2026-10-09_matilda_main_beard.md | 417 | beard_off | `.d6.groups.9 分超.lo` | 2 | 1.4 | 1.3 |
| 2026-10-09_matilda_main_break_delay.md | 5 | break_delay_2 | `.d3.trade_quantiles.0.01` | 0 | 660 | 654 |
| 2026-10-09_matilda_main_break_delay.md | 5 | break_delay_4 | `.d1.segments.diff.lo` | 0 | 660 | 657 |
| 2026-10-09_matilda_main_break_delay.md | 5 | break_delay_8 | `.d1.rows[3].hi` | 0 | 660 | 663 |
| 2026-10-09_matilda_main_break_delay.md | 5 | break_delay_8 | `.d7.years.2015.hi` | 0 | 660 | 667 |
| 2026-10-09_matilda_main_break_delay.md | 117 | break_delay_3 | `.d7.years.2015.mde` | 0 | 360 | 351 |
| 2026-10-09_matilda_main_break_delay.md | 117 | break_delay_4 | `.d1.segments.diff.hi` | 0 | 360 | 350 |
| 2026-10-09_matilda_main_break_delay.md | 117 | break_delay_8 | `.d1.rows[2].hi` | 0 | 360 | 364 |
| 2026-10-09_matilda_main_break_delay.md | 117 | break_delay_8 | `.d1.rows[5].hi` | 0 | 360 | 354 |
| 2026-10-09_matilda_main_break_delay.md | 117 | break_delay_8 | `.d1.segments.first.hi` | 0 | 360 | 357 |
| 2026-10-09_matilda_main_break_delay.md | 165 | break_delay_2 | `.d1.rows[0].hi` | 0 | 120 | 123 |
| 2026-10-09_matilda_main_break_delay.md | 165 | break_delay_2 | `.d1.rows[0].mde` | 0 | 120 | 118 |
| 2026-10-09_matilda_main_break_delay.md | 165 | break_delay_2 | `.d1.rows[1].mean` | 0 | 120 | 129 |
| 2026-10-09_matilda_main_break_delay.md | 165 | break_delay_2 | `.d1.rows[3].lo` | 0 | 120 | 121 |
| 2026-10-09_matilda_main_break_delay.md | 165 | break_delay_2 | `.d1.segments.second.mde` | 0 | 120 | 119 |
| 2026-10-09_matilda_main_break_delay.md | 165 | break_delay_2 | `.d3.trade_quantiles.0.95` | 0 | 120 | 126 |
| 2026-10-09_matilda_main_break_delay.md | 165 | break_delay_2 | `.d7.years.2018.mean` | 0 | 120 | 114 |
| 2026-10-09_matilda_main_break_delay.md | 165 | break_delay_2 | `.d7.years.2021.mean` | 0 | 120 | 111 |
| 2026-10-09_matilda_main_break_delay.md | 165 | break_delay_3 | `.d1.rows[0].mde` | 0 | 120 | 115 |
| 2026-10-09_matilda_main_break_delay.md | 165 | break_delay_3 | `.d1.segments.second.hi` | 0 | 120 | 125 |
| 2026-10-09_matilda_main_break_delay.md | 165 | break_delay_3 | `.d1.segments.second.mde` | 0 | 120 | 115 |
| 2026-10-09_matilda_main_break_delay.md | 165 | break_delay_3 | `.d3.trade_quantiles.0.95` | 0 | 120 | 125 |
| 2026-10-09_matilda_main_break_delay.md | 165 | break_delay_3 | `.d7.years.2017.mean` | 0 | 120 | 112 |
| 2026-10-09_matilda_main_break_delay.md | 165 | break_delay_3 | `.d7.years.2020.hi` | 0 | 120 | 112 |
| 2026-10-09_matilda_main_break_delay.md | 165 | break_delay_3 | `.d7.years.2021.mde` | 0 | 120 | 129 |
| 2026-10-09_matilda_main_break_delay.md | 165 | break_delay_4 | `.d1.rows[0].hi` | 0 | 120 | 127 |
| 2026-10-09_matilda_main_break_delay.md | 165 | break_delay_4 | `.d1.rows[0].mde` | 0 | 120 | 112 |
| 2026-10-09_matilda_main_break_delay.md | 165 | break_delay_4 | `.d1.rows[2].mean` | 0 | 120 | 123 |
| 2026-10-09_matilda_main_break_delay.md | 165 | break_delay_4 | `.d1.rows[5].lo` | 0 | 120 | 127 |
| 2026-10-09_matilda_main_break_delay.md | 165 | break_delay_4 | `.d1.rows[8].hi` | 0 | 120 | 118 |
| 2026-10-09_matilda_main_break_delay.md | 165 | break_delay_4 | `.d1.segments.second.hi` | 0 | 120 | 117 |
| 2026-10-09_matilda_main_break_delay.md | 165 | break_delay_4 | `.d1.segments.second.mde` | 0 | 120 | 111 |
| 2026-10-09_matilda_main_break_delay.md | 165 | break_delay_4 | `.d3.trade_quantiles.0.95` | 0 | 120 | 125 |
| 2026-10-09_matilda_main_break_delay.md | 165 | break_delay_4 | `.d7.years.2018.mean` | 0 | 120 | 118 |
| 2026-10-09_matilda_main_break_delay.md | 165 | break_delay_4 | `.d7.years.2020.mde` | 0 | 120 | 119 |
| 2026-10-09_matilda_main_break_delay.md | 165 | break_delay_4 | `.d7.years.2022.mde` | 0 | 120 | 117 |
| 2026-10-09_matilda_main_break_delay.md | 165 | break_delay_8 | `.d1.rows[4].lo` | 0 | 120 | 126 |
| 2026-10-09_matilda_main_break_delay.md | 165 | break_delay_8 | `.d1.rows[6].lo` | 0 | 120 | 119 |
| 2026-10-09_matilda_main_break_delay.md | 165 | break_delay_8 | `.d1.rows[8].hi` | 0 | 120 | 117 |
| 2026-10-09_matilda_main_break_delay.md | 165 | break_delay_8 | `.d1.segments.first.lo` | 0 | 120 | 114 |
| 2026-10-09_matilda_main_break_delay.md | 165 | break_delay_8 | `.d1.segments.second.mde` | 0 | 120 | 115 |
| 2026-10-09_matilda_main_break_delay.md | 165 | break_delay_8 | `.d3.trade_quantiles.0.95` | 0 | 120 | 123 |
| 2026-10-09_matilda_main_break_delay.md | 165 | break_delay_8 | `.d7.years.2016.lo` | 0 | 120 | 114 |
| 2026-10-09_matilda_main_break_delay.md | 165 | break_delay_8 | `.d7.years.2018.hi` | 0 | 120 | 115 |
| 2026-10-09_matilda_main_break_delay.md | 165 | break_delay_8 | `.d7.years.2019.lo` | 0 | 120 | 111 |
| 2026-10-09_matilda_main_break_delay.md | 165 | break_delay_8 | `.d7.years.2020.hi` | 0 | 120 | 112 |
| 2026-10-09_matilda_main_break_delay.md | 166 | break_delay_2 | `.d1.rows[6].mde` | 0 | 220 | 221 |
| 2026-10-09_matilda_main_break_delay.md | 166 | break_delay_2 | `.d1.rows[9].mde` | 0 | 220 | 228 |
| 2026-10-09_matilda_main_break_delay.md | 166 | break_delay_3 | `.d1.rows[5].mde` | 0 | 220 | 222 |
| 2026-10-09_matilda_main_break_delay.md | 166 | break_delay_3 | `.d1.rows[7].mean` | 0 | 220 | 229 |
| 2026-10-09_matilda_main_break_delay.md | 166 | break_delay_3 | `.d1.rows[9].mde` | 0 | 220 | 221 |
| 2026-10-09_matilda_main_break_delay.md | 166 | break_delay_3 | `.d3.groups.出の理由【結果で決まる群】.break.hi` | 0 | 220 | 224 |
| 2026-10-09_matilda_main_break_delay.md | 166 | break_delay_4 | `.d1.rows[5].mde` | 0 | 220 | 215 |
| 2026-10-09_matilda_main_break_delay.md | 166 | break_delay_4 | `.d1.rows[9].mde` | 0 | 220 | 215 |
| 2026-10-09_matilda_main_break_delay.md | 166 | break_delay_4 | `.d3.groups.出の理由【結果で決まる群】.break.hi` | 0 | 220 | 218 |
| 2026-10-09_matilda_main_break_delay.md | 166 | break_delay_4 | `.d3.groups.出の理由【結果で決まる群】.break.per_trade` | 0 | 220 | 230 |
| 2026-10-09_matilda_main_break_delay.md | 166 | break_delay_8 | `.d1.rows[6].mde` | 0 | 220 | 213 |
| 2026-10-09_matilda_main_break_delay.md | 166 | break_delay_8 | `.d1.rows[9].mde` | 0 | 220 | 219 |
| 2026-10-09_matilda_main_break_delay.md | 166 | break_delay_8 | `.d3.groups.出の理由【結果で決まる群】.break.lo` | 0 | 220 | 229 |
| 2026-10-09_matilda_main_break_delay.md | 166 | break_delay_8 | `.d3.groups.出の理由【結果で決まる群】.break.per_trade` | 0 | 220 | 217 |
| 2026-10-09_matilda_main_break_delay.md | 166 | break_delay_8 | `.d7.years.2017.mean` | 0 | 220 | 230 |
| 2026-10-09_matilda_main_break_delay.md | 195 | break_delay_2 | `.d1.rows[8].lo` | 0 | 400 | 408 |
| 2026-10-09_matilda_main_break_delay.md | 195 | break_delay_2 | `.d1.segments.diff.hi` | 0 | 400 | 404 |
| 2026-10-09_matilda_main_break_delay.md | 195 | break_delay_3 | `.d1.rows[5].hi` | 0 | 400 | 401 |
| 2026-10-09_matilda_main_break_delay.md | 195 | break_delay_4 | `.d1.rows[2].hi` | 0 | 400 | 405 |
| 2026-10-09_matilda_main_break_delay.md | 195 | break_delay_4 | `.d1.rows[3].mean` | 0 | 400 | 406 |
| 2026-10-09_matilda_main_break_delay.md | 195 | break_delay_4 | `.d1.rows[7].lo` | 0 | 400 | 408 |
| 2026-10-09_matilda_main_break_delay.md | 195 | break_delay_4 | `.d1.rows[8].lo` | 0 | 400 | 403 |
| 2026-10-09_matilda_main_break_delay.md | 195 | break_delay_4 | `.d3.groups.保有時間の帯【結果で決まる群】.3 分超.per_trade` | 2 | 32.2 | 32.1 |
| 2026-10-09_matilda_main_break_delay.md | 195 | break_delay_4 | `.d7.years.2015.mde` | 0 | 400 | 396 |
| 2026-10-09_matilda_main_break_delay.md | 195 | break_delay_8 | `.d1.rows[2].mde` | 0 | 400 | 406 |
| 2026-10-09_matilda_main_break_delay.md | 198 | break_delay_8 | `.d1.rows[6].mde` | 2 | 212.6 | 212.5 |
| 2026-10-09_matilda_main_break_delay.md | 199 | break_delay_2 | `.d1.rows[8].mde` | 0 | 200 | 199 |
| 2026-10-09_matilda_main_break_delay.md | 199 | break_delay_2 | `.d1.segments.first.lo` | 0 | 200 | 195 |
| 2026-10-09_matilda_main_break_delay.md | 199 | break_delay_2 | `.d1.segments.first.mde` | 0 | 200 | 191 |
| 2026-10-09_matilda_main_break_delay.md | 199 | break_delay_2 | `.d3.trade_quantiles.0.05` | 0 | 200 | 208 |
| 2026-10-09_matilda_main_break_delay.md | 199 | break_delay_2 | `.d7.years.2017.lo` | 0 | 200 | 198 |
| 2026-10-09_matilda_main_break_delay.md | 199 | break_delay_2 | `.d7.years.2018.lo` | 0 | 200 | 205 |
| 2026-10-09_matilda_main_break_delay.md | 199 | break_delay_3 | `.d1.rows[6].mde` | 0 | 200 | 205 |
| 2026-10-09_matilda_main_break_delay.md | 199 | break_delay_3 | `.d1.rows[8].lo` | 0 | 380 | 389 |
| 2026-10-09_matilda_main_break_delay.md | 199 | break_delay_3 | `.d1.rows[8].mde` | 0 | 200 | 202 |
| 2026-10-09_matilda_main_break_delay.md | 199 | break_delay_3 | `.d1.segments.diff.hi` | 0 | 380 | 374 |
| 2026-10-09_matilda_main_break_delay.md | 199 | break_delay_3 | `.d1.segments.first.lo` | 0 | 200 | 192 |
| 2026-10-09_matilda_main_break_delay.md | 199 | break_delay_3 | `.d1.segments.second.mean` | 0 | 200 | 205 |
| 2026-10-09_matilda_main_break_delay.md | 199 | break_delay_3 | `.d3.trade_quantiles.0.05` | 0 | 200 | 207 |
| 2026-10-09_matilda_main_break_delay.md | 199 | break_delay_4 | `.d1.rows[6].mde` | 0 | 200 | 197 |
| 2026-10-09_matilda_main_break_delay.md | 199 | break_delay_4 | `.d1.rows[7].mean` | 0 | 200 | 207 |
| 2026-10-09_matilda_main_break_delay.md | 199 | break_delay_4 | `.d1.rows[8].mde` | 0 | 200 | 208 |
| 2026-10-09_matilda_main_break_delay.md | 199 | break_delay_4 | `.d1.segments.second.mean` | 0 | 200 | 197 |
| 2026-10-09_matilda_main_break_delay.md | 199 | break_delay_4 | `.d3.trade_quantiles.0.05` | 0 | 200 | 207 |
| 2026-10-09_matilda_main_break_delay.md | 199 | break_delay_8 | `.d1.rows[2].lo` | 0 | 200 | 195 |
| 2026-10-09_matilda_main_break_delay.md | 199 | break_delay_8 | `.d3.groups.出の理由【結果で決まる群】.break.hi` | 0 | 200 | 206 |
| 2026-10-09_matilda_main_break_delay.md | 199 | break_delay_8 | `.d3.trade_quantiles.0.05` | 0 | 200 | 204 |
| 2026-10-09_matilda_main_break_delay.md | 199 | break_delay_8 | `.d7.years.2018.mde` | 0 | 200 | 210 |
| 2026-10-09_matilda_main_break_delay.md | 209 | break_delay_2 | `.d1.rows[0].hi` | 0 | 120 | 123 |
| 2026-10-09_matilda_main_break_delay.md | 209 | break_delay_2 | `.d1.rows[0].mde` | 0 | 120 | 118 |
| 2026-10-09_matilda_main_break_delay.md | 209 | break_delay_2 | `.d1.rows[1].mean` | 0 | 120 | 129 |
| 2026-10-09_matilda_main_break_delay.md | 209 | break_delay_2 | `.d1.rows[3].lo` | 0 | 120 | 121 |
| 2026-10-09_matilda_main_break_delay.md | 209 | break_delay_2 | `.d1.segments.second.mde` | 0 | 120 | 119 |
| 2026-10-09_matilda_main_break_delay.md | 209 | break_delay_2 | `.d3.trade_quantiles.0.95` | 0 | 120 | 126 |
| 2026-10-09_matilda_main_break_delay.md | 209 | break_delay_2 | `.d7.years.2018.mean` | 0 | 120 | 114 |
| 2026-10-09_matilda_main_break_delay.md | 209 | break_delay_2 | `.d7.years.2021.mean` | 0 | 120 | 111 |
| 2026-10-09_matilda_main_break_delay.md | 209 | break_delay_3 | `.d1.rows[0].mde` | 0 | 120 | 115 |
| 2026-10-09_matilda_main_break_delay.md | 209 | break_delay_3 | `.d1.segments.second.hi` | 0 | 120 | 125 |
| 2026-10-09_matilda_main_break_delay.md | 209 | break_delay_3 | `.d1.segments.second.mde` | 0 | 120 | 115 |
| 2026-10-09_matilda_main_break_delay.md | 209 | break_delay_3 | `.d3.trade_quantiles.0.95` | 0 | 120 | 125 |
| 2026-10-09_matilda_main_break_delay.md | 209 | break_delay_3 | `.d7.years.2017.mean` | 0 | 120 | 112 |
| 2026-10-09_matilda_main_break_delay.md | 209 | break_delay_3 | `.d7.years.2020.hi` | 0 | 120 | 112 |
| 2026-10-09_matilda_main_break_delay.md | 209 | break_delay_3 | `.d7.years.2021.mde` | 0 | 120 | 129 |
| 2026-10-09_matilda_main_break_delay.md | 209 | break_delay_4 | `.d1.rows[0].hi` | 0 | 120 | 127 |
| 2026-10-09_matilda_main_break_delay.md | 209 | break_delay_4 | `.d1.rows[0].mde` | 0 | 120 | 112 |
| 2026-10-09_matilda_main_break_delay.md | 209 | break_delay_4 | `.d1.rows[2].mean` | 0 | 120 | 123 |
| 2026-10-09_matilda_main_break_delay.md | 209 | break_delay_4 | `.d1.rows[5].lo` | 0 | 120 | 127 |
| 2026-10-09_matilda_main_break_delay.md | 209 | break_delay_4 | `.d1.rows[8].hi` | 0 | 120 | 118 |
| 2026-10-09_matilda_main_break_delay.md | 209 | break_delay_4 | `.d1.segments.second.hi` | 0 | 120 | 117 |
| 2026-10-09_matilda_main_break_delay.md | 209 | break_delay_4 | `.d1.segments.second.mde` | 0 | 120 | 111 |
| 2026-10-09_matilda_main_break_delay.md | 209 | break_delay_4 | `.d3.trade_quantiles.0.95` | 0 | 120 | 125 |
| 2026-10-09_matilda_main_break_delay.md | 209 | break_delay_4 | `.d7.years.2018.mean` | 0 | 120 | 118 |
| 2026-10-09_matilda_main_break_delay.md | 209 | break_delay_4 | `.d7.years.2020.mde` | 0 | 120 | 119 |
| 2026-10-09_matilda_main_break_delay.md | 209 | break_delay_4 | `.d7.years.2022.mde` | 0 | 120 | 117 |
| 2026-10-09_matilda_main_break_delay.md | 209 | break_delay_8 | `.d1.rows[4].lo` | 0 | 120 | 126 |
| 2026-10-09_matilda_main_break_delay.md | 209 | break_delay_8 | `.d1.rows[6].lo` | 0 | 120 | 119 |
| 2026-10-09_matilda_main_break_delay.md | 209 | break_delay_8 | `.d1.rows[8].hi` | 0 | 120 | 117 |
| 2026-10-09_matilda_main_break_delay.md | 209 | break_delay_8 | `.d1.segments.first.lo` | 0 | 120 | 114 |
| 2026-10-09_matilda_main_break_delay.md | 209 | break_delay_8 | `.d1.segments.second.mde` | 0 | 120 | 115 |
| 2026-10-09_matilda_main_break_delay.md | 209 | break_delay_8 | `.d3.trade_quantiles.0.95` | 0 | 120 | 123 |
| 2026-10-09_matilda_main_break_delay.md | 209 | break_delay_8 | `.d7.years.2016.lo` | 0 | 120 | 114 |
| 2026-10-09_matilda_main_break_delay.md | 209 | break_delay_8 | `.d7.years.2018.hi` | 0 | 120 | 115 |
| 2026-10-09_matilda_main_break_delay.md | 209 | break_delay_8 | `.d7.years.2019.lo` | 0 | 120 | 111 |
| 2026-10-09_matilda_main_break_delay.md | 209 | break_delay_8 | `.d7.years.2020.hi` | 0 | 120 | 112 |
| 2026-10-09_matilda_main_break_delay.md | 211 | break_delay_2 | `.d1.rows[5].lo` | 0 | 100 | 105 |
| 2026-10-09_matilda_main_break_delay.md | 211 | break_delay_2 | `.d7.years.2021.mde` | 0 | 100 | 98 |
| 2026-10-09_matilda_main_break_delay.md | 211 | break_delay_3 | `.d1.rows[3].lo` | 0 | 100 | 96 |
| 2026-10-09_matilda_main_break_delay.md | 211 | break_delay_3 | `.d1.rows[5].lo` | 0 | 100 | 97 |
| 2026-10-09_matilda_main_break_delay.md | 211 | break_delay_3 | `.d1.rows[8].hi` | 0 | 100 | 105 |
| 2026-10-09_matilda_main_break_delay.md | 211 | break_delay_3 | `.d7.years.2020.mde` | 0 | 100 | 97 |
| 2026-10-09_matilda_main_break_delay.md | 211 | break_delay_3 | `.d7.years.2022.mde` | 0 | 100 | 97 |
| 2026-10-09_matilda_main_break_delay.md | 211 | break_delay_4 | `.d7.years.2019.hi` | 0 | 100 | 99 |
| 2026-10-09_matilda_main_break_delay.md | 211 | break_delay_4 | `.d7.years.2019.mde` | 0 | 100 | 107 |
| 2026-10-09_matilda_main_break_delay.md | 211 | break_delay_4 | `.d7.years.2022.hi` | 0 | 100 | 94 |
| 2026-10-09_matilda_main_break_delay.md | 211 | break_delay_8 | `.d1.rows[0].mde` | 0 | 100 | 110 |
| 2026-10-09_matilda_main_break_delay.md | 211 | break_delay_8 | `.d1.rows[5].lo` | 0 | 100 | 107 |
| 2026-10-09_matilda_main_break_delay.md | 211 | break_delay_8 | `.d7.years.2016.mde` | 0 | 100 | 102 |
| 2026-10-09_matilda_main_break_delay.md | 213 | break_delay_3 | `.d3.groups.出の理由【結果で決まる群】.close.per_trade` | 2 | 36.8 | 36.7 |
| 2026-10-09_matilda_main_break_delay.md | 214 | break_delay_2 | `.d1.rows[4].hi` | 0 | 620 | 613 |
| 2026-10-09_matilda_main_break_delay.md | 214 | break_delay_4 | `.d7.years.2015.hi` | 0 | 620 | 613 |
| 2026-10-09_matilda_main_break_delay.md | 214 | break_delay_8 | `.d1.segments.diff.lo` | 0 | 620 | 613 |
| 2026-10-09_matilda_main_break_delay.md | 279 | break_delay_2 | `.d6.groups.〜1 分.hi` | 2 | 3.2 | 3.1 |
| 2026-10-09_matilda_main_break_delay.md | 279 | break_delay_3 | `.d6.groups.1 分超〜3 分.hi` | 2 | 1.8 | 1.7 |
| 2026-10-09_matilda_main_break_delay.md | 279 | break_delay_8 | `.d6.groups.12 分超.lo` | 2 | 2.0 | 2.1 |
| 2026-10-09_matilda_main_break_delay.md | 304 | break_delay_3 | `.d3.groups.保有時間の帯【結果で決まる群】.〜0 分.hi` | 2 | 8.4 | 8.3 |
| 2026-10-09_matilda_main_break_delay.md | 304 | break_delay_4 | `.d3.groups.保有時間の帯【結果で決まる群】.〜0 分.hi` | 2 | 8.4 | 8.3 |
| 2026-10-09_matilda_main_break_delay.md | 305 | break_delay_2 | `.d1.rows[8].mde` | 0 | 200 | 199 |
| 2026-10-09_matilda_main_break_delay.md | 305 | break_delay_2 | `.d1.segments.first.lo` | 0 | 200 | 195 |
| 2026-10-09_matilda_main_break_delay.md | 305 | break_delay_2 | `.d1.segments.first.mde` | 0 | 200 | 191 |
| 2026-10-09_matilda_main_break_delay.md | 305 | break_delay_2 | `.d3.trade_quantiles.0.05` | 0 | 200 | 208 |
| 2026-10-09_matilda_main_break_delay.md | 305 | break_delay_2 | `.d7.years.2017.lo` | 0 | 200 | 198 |
| 2026-10-09_matilda_main_break_delay.md | 305 | break_delay_2 | `.d7.years.2018.lo` | 0 | 200 | 205 |
| 2026-10-09_matilda_main_break_delay.md | 305 | break_delay_3 | `.d1.rows[6].mde` | 0 | 200 | 205 |
| 2026-10-09_matilda_main_break_delay.md | 305 | break_delay_3 | `.d1.rows[8].mde` | 0 | 200 | 202 |
| 2026-10-09_matilda_main_break_delay.md | 305 | break_delay_3 | `.d1.segments.first.lo` | 0 | 200 | 192 |
| 2026-10-09_matilda_main_break_delay.md | 305 | break_delay_3 | `.d1.segments.second.mean` | 0 | 200 | 205 |
| 2026-10-09_matilda_main_break_delay.md | 305 | break_delay_3 | `.d3.trade_quantiles.0.05` | 0 | 200 | 207 |
| 2026-10-09_matilda_main_break_delay.md | 305 | break_delay_4 | `.d1.rows[6].mde` | 0 | 200 | 197 |
| 2026-10-09_matilda_main_break_delay.md | 305 | break_delay_4 | `.d1.rows[7].mean` | 0 | 200 | 207 |
| 2026-10-09_matilda_main_break_delay.md | 305 | break_delay_4 | `.d1.rows[8].mde` | 0 | 200 | 208 |
| 2026-10-09_matilda_main_break_delay.md | 305 | break_delay_4 | `.d1.segments.second.mean` | 0 | 200 | 197 |
| 2026-10-09_matilda_main_break_delay.md | 305 | break_delay_4 | `.d3.trade_quantiles.0.05` | 0 | 200 | 207 |
| 2026-10-09_matilda_main_break_delay.md | 305 | break_delay_8 | `.d1.rows[2].lo` | 0 | 200 | 195 |
| 2026-10-09_matilda_main_break_delay.md | 305 | break_delay_8 | `.d3.groups.出の理由【結果で決まる群】.break.hi` | 0 | 200 | 206 |
| 2026-10-09_matilda_main_break_delay.md | 305 | break_delay_8 | `.d3.trade_quantiles.0.05` | 0 | 200 | 204 |
| 2026-10-09_matilda_main_break_delay.md | 305 | break_delay_8 | `.d7.years.2018.mde` | 0 | 200 | 210 |
| 2026-10-09_matilda_main_break_delay.md | 330 | break_delay_2 | `.d1.rows[4].mde` | 0 | 280 | 273 |
| 2026-10-09_matilda_main_break_delay.md | 330 | break_delay_2 | `.d1.rows[6].mean` | 2 | 1.2 | 1.1 |
| 2026-10-09_matilda_main_break_delay.md | 330 | break_delay_2 | `.d1.rows[7].mean` | 0 | 280 | 273 |
| 2026-10-09_matilda_main_break_delay.md | 330 | break_delay_2 | `.d1.rows[8].mde` | 0 | 200 | 199 |
| 2026-10-09_matilda_main_break_delay.md | 330 | break_delay_2 | `.d1.rows[9].hi` | 0 | 280 | 286 |
| 2026-10-09_matilda_main_break_delay.md | 330 | break_delay_2 | `.d1.segments.first.lo` | 0 | 200 | 195 |
| 2026-10-09_matilda_main_break_delay.md | 330 | break_delay_2 | `.d1.segments.first.mde` | 0 | 200 | 191 |
| 2026-10-09_matilda_main_break_delay.md | 330 | break_delay_2 | `.d3.trade_quantiles.0.05` | 0 | 200 | 208 |
| 2026-10-09_matilda_main_break_delay.md | 330 | break_delay_2 | `.d3.trade_quantiles.0.99` | 0 | 280 | 274 |
| 2026-10-09_matilda_main_break_delay.md | 330 | break_delay_2 | `.d6.groups.〜1 分.lo` | 2 | 1.2 | 1.1 |
| 2026-10-09_matilda_main_break_delay.md | 330 | break_delay_2 | `.d7.years.2017.lo` | 0 | 200 | 198 |
| 2026-10-09_matilda_main_break_delay.md | 330 | break_delay_2 | `.d7.years.2018.lo` | 0 | 200 | 205 |
| 2026-10-09_matilda_main_break_delay.md | 330 | break_delay_3 | `.d1.rows[4].lo` | 0 | 280 | 272 |
| 2026-10-09_matilda_main_break_delay.md | 330 | break_delay_3 | `.d1.rows[4].mde` | 0 | 280 | 272 |
| 2026-10-09_matilda_main_break_delay.md | 330 | break_delay_3 | `.d1.rows[6].mde` | 0 | 200 | 205 |
| 2026-10-09_matilda_main_break_delay.md | 330 | break_delay_3 | `.d1.rows[8].mde` | 0 | 200 | 202 |
| 2026-10-09_matilda_main_break_delay.md | 330 | break_delay_3 | `.d1.rows[9].hi` | 0 | 280 | 278 |
| 2026-10-09_matilda_main_break_delay.md | 330 | break_delay_3 | `.d1.segments.first.lo` | 0 | 200 | 192 |
| 2026-10-09_matilda_main_break_delay.md | 330 | break_delay_3 | `.d1.segments.second.lo` | 0 | 280 | 286 |
| 2026-10-09_matilda_main_break_delay.md | 330 | break_delay_3 | `.d1.segments.second.mean` | 0 | 200 | 205 |
| 2026-10-09_matilda_main_break_delay.md | 330 | break_delay_3 | `.d3.groups.出の理由【結果で決まる群】.market.per_trade` | 0 | 280 | 288 |
| 2026-10-09_matilda_main_break_delay.md | 330 | break_delay_3 | `.d3.trade_quantiles.0.05` | 0 | 200 | 207 |
| 2026-10-09_matilda_main_break_delay.md | 330 | break_delay_3 | `.d3.trade_quantiles.0.99` | 0 | 280 | 272 |
| 2026-10-09_matilda_main_break_delay.md | 330 | break_delay_3 | `.d6.groups.3 分超〜11 分.hi` | 2 | 1.2 | 1.1 |
| 2026-10-09_matilda_main_break_delay.md | 330 | break_delay_4 | `.d1.rows[6].mde` | 0 | 200 | 197 |
| 2026-10-09_matilda_main_break_delay.md | 330 | break_delay_4 | `.d1.rows[7].mde` | 0 | 280 | 289 |
| 2026-10-09_matilda_main_break_delay.md | 330 | break_delay_4 | `.d1.rows[7].mean` | 0 | 200 | 207 |
| 2026-10-09_matilda_main_break_delay.md | 330 | break_delay_4 | `.d1.rows[8].mde` | 0 | 200 | 208 |
| 2026-10-09_matilda_main_break_delay.md | 330 | break_delay_4 | `.d1.segments.second.lo` | 0 | 280 | 273 |
| 2026-10-09_matilda_main_break_delay.md | 330 | break_delay_4 | `.d1.segments.second.mean` | 0 | 200 | 197 |
| 2026-10-09_matilda_main_break_delay.md | 330 | break_delay_4 | `.d3.groups.出の理由【結果で決まる群】.market.per_trade` | 0 | 280 | 287 |
| 2026-10-09_matilda_main_break_delay.md | 330 | break_delay_4 | `.d3.trade_quantiles.0.05` | 0 | 200 | 207 |
| 2026-10-09_matilda_main_break_delay.md | 330 | break_delay_4 | `.d3.trade_quantiles.0.99` | 0 | 280 | 272 |
| 2026-10-09_matilda_main_break_delay.md | 330 | break_delay_4 | `.d6.groups.3 分超〜11 分.hi` | 2 | 1.2 | 1.1 |
| 2026-10-09_matilda_main_break_delay.md | 330 | break_delay_8 | `.d1.rows[2].lo` | 0 | 200 | 195 |
| 2026-10-09_matilda_main_break_delay.md | 330 | break_delay_8 | `.d3.groups.出の理由【結果で決まる群】.break.hi` | 0 | 200 | 206 |
| 2026-10-09_matilda_main_break_delay.md | 330 | break_delay_8 | `.d3.groups.出の理由【結果で決まる群】.market.per_trade` | 0 | 280 | 278 |
| 2026-10-09_matilda_main_break_delay.md | 330 | break_delay_8 | `.d3.trade_quantiles.0.05` | 0 | 200 | 204 |
| 2026-10-09_matilda_main_break_delay.md | 330 | break_delay_8 | `.d7.years.2017.mde` | 0 | 280 | 289 |
| 2026-10-09_matilda_main_break_delay.md | 330 | break_delay_8 | `.d7.years.2021.hi` | 0 | 280 | 271 |
| 2026-10-09_matilda_main_break_delay.md | 381 | break_delay_2 | `.d1.rows[4].mde` | 0 | 280 | 273 |
| 2026-10-09_matilda_main_break_delay.md | 381 | break_delay_2 | `.d1.rows[7].mean` | 0 | 280 | 273 |
| 2026-10-09_matilda_main_break_delay.md | 381 | break_delay_2 | `.d1.rows[9].hi` | 0 | 280 | 286 |
| 2026-10-09_matilda_main_break_delay.md | 381 | break_delay_2 | `.d3.trade_quantiles.0.99` | 0 | 280 | 274 |
| 2026-10-09_matilda_main_break_delay.md | 381 | break_delay_3 | `.d1.rows[4].lo` | 0 | 280 | 272 |
| 2026-10-09_matilda_main_break_delay.md | 381 | break_delay_3 | `.d1.rows[4].mde` | 0 | 280 | 272 |
| 2026-10-09_matilda_main_break_delay.md | 381 | break_delay_3 | `.d1.rows[9].hi` | 0 | 280 | 278 |
| 2026-10-09_matilda_main_break_delay.md | 381 | break_delay_3 | `.d1.segments.second.lo` | 0 | 280 | 286 |
| 2026-10-09_matilda_main_break_delay.md | 381 | break_delay_3 | `.d3.groups.出の理由【結果で決まる群】.market.per_trade` | 0 | 280 | 288 |
| 2026-10-09_matilda_main_break_delay.md | 381 | break_delay_3 | `.d3.trade_quantiles.0.99` | 0 | 280 | 272 |
| 2026-10-09_matilda_main_break_delay.md | 381 | break_delay_3 | `.d7.years.2017.lo` | 0 | 280 | 279 |
| 2026-10-09_matilda_main_break_delay.md | 381 | break_delay_4 | `.d1.rows[7].mde` | 0 | 280 | 289 |
| 2026-10-09_matilda_main_break_delay.md | 381 | break_delay_4 | `.d1.segments.second.lo` | 0 | 280 | 273 |
| 2026-10-09_matilda_main_break_delay.md | 381 | break_delay_4 | `.d3.groups.出の理由【結果で決まる群】.market.per_trade` | 0 | 280 | 287 |
| 2026-10-09_matilda_main_break_delay.md | 381 | break_delay_4 | `.d3.trade_quantiles.0.99` | 0 | 280 | 272 |
| 2026-10-09_matilda_main_break_delay.md | 381 | break_delay_8 | `.d3.groups.出の理由【結果で決まる群】.market.per_trade` | 0 | 280 | 278 |
| 2026-10-09_matilda_main_break_delay.md | 381 | break_delay_8 | `.d7.years.2017.mde` | 0 | 280 | 289 |
| 2026-10-09_matilda_main_break_delay.md | 381 | break_delay_8 | `.d7.years.2021.hi` | 0 | 280 | 271 |
| 2026-10-09_matilda_main_break_delay.md | 414 | break_delay_3 | `.d7.years.2015.mde` | 0 | 360 | 351 |
| 2026-10-09_matilda_main_break_delay.md | 414 | break_delay_4 | `.d1.segments.diff.hi` | 0 | 360 | 350 |
| 2026-10-09_matilda_main_break_delay.md | 414 | break_delay_8 | `.d1.rows[2].hi` | 0 | 360 | 364 |
| 2026-10-09_matilda_main_break_delay.md | 414 | break_delay_8 | `.d1.rows[5].hi` | 0 | 360 | 354 |
| 2026-10-09_matilda_main_break_delay.md | 414 | break_delay_8 | `.d1.segments.first.hi` | 0 | 360 | 357 |
| 2026-10-09_matilda_main_break_delay.md | 432 | break_delay_3 | `.d3.groups.保有時間の帯【結果で決まる群】.〜0 分.hi` | 2 | 8.4 | 8.3 |
| 2026-10-09_matilda_main_break_delay.md | 432 | break_delay_4 | `.d3.groups.保有時間の帯【結果で決まる群】.〜0 分.hi` | 2 | 8.4 | 8.3 |
| 2026-10-09_matilda_main_break_delay.md | 433 | break_delay_2 | `.d1.rows[8].mde` | 0 | 200 | 199 |
| 2026-10-09_matilda_main_break_delay.md | 433 | break_delay_2 | `.d1.segments.first.lo` | 0 | 200 | 195 |
| 2026-10-09_matilda_main_break_delay.md | 433 | break_delay_2 | `.d1.segments.first.mde` | 0 | 200 | 191 |
| 2026-10-09_matilda_main_break_delay.md | 433 | break_delay_2 | `.d3.trade_quantiles.0.05` | 0 | 200 | 208 |
| 2026-10-09_matilda_main_break_delay.md | 433 | break_delay_2 | `.d7.years.2017.lo` | 0 | 200 | 198 |
| 2026-10-09_matilda_main_break_delay.md | 433 | break_delay_2 | `.d7.years.2018.lo` | 0 | 200 | 205 |
| 2026-10-09_matilda_main_break_delay.md | 433 | break_delay_3 | `.d1.rows[6].mde` | 0 | 200 | 205 |
| 2026-10-09_matilda_main_break_delay.md | 433 | break_delay_3 | `.d1.rows[8].mde` | 0 | 200 | 202 |
| 2026-10-09_matilda_main_break_delay.md | 433 | break_delay_3 | `.d1.segments.first.lo` | 0 | 200 | 192 |
| 2026-10-09_matilda_main_break_delay.md | 433 | break_delay_3 | `.d1.segments.second.mean` | 0 | 200 | 205 |
| 2026-10-09_matilda_main_break_delay.md | 433 | break_delay_3 | `.d3.trade_quantiles.0.05` | 0 | 200 | 207 |
| 2026-10-09_matilda_main_break_delay.md | 433 | break_delay_4 | `.d1.rows[6].mde` | 0 | 200 | 197 |
| 2026-10-09_matilda_main_break_delay.md | 433 | break_delay_4 | `.d1.rows[7].mean` | 0 | 200 | 207 |
| 2026-10-09_matilda_main_break_delay.md | 433 | break_delay_4 | `.d1.rows[8].mde` | 0 | 200 | 208 |
| 2026-10-09_matilda_main_break_delay.md | 433 | break_delay_4 | `.d1.segments.second.mean` | 0 | 200 | 197 |
| 2026-10-09_matilda_main_break_delay.md | 433 | break_delay_4 | `.d3.trade_quantiles.0.05` | 0 | 200 | 207 |
| 2026-10-09_matilda_main_break_delay.md | 433 | break_delay_8 | `.d1.rows[2].lo` | 0 | 200 | 195 |
| 2026-10-09_matilda_main_break_delay.md | 433 | break_delay_8 | `.d3.groups.出の理由【結果で決まる群】.break.hi` | 0 | 200 | 206 |
| 2026-10-09_matilda_main_break_delay.md | 433 | break_delay_8 | `.d3.trade_quantiles.0.05` | 0 | 200 | 204 |
| 2026-10-09_matilda_main_break_delay.md | 433 | break_delay_8 | `.d7.years.2018.mde` | 0 | 200 | 210 |
| 2026-10-09_matilda_main_break_delay.md | 437 | break_delay_2 | `.d1.rows[4].mde` | 0 | 280 | 273 |
| 2026-10-09_matilda_main_break_delay.md | 437 | break_delay_2 | `.d1.rows[7].mean` | 0 | 280 | 273 |
| 2026-10-09_matilda_main_break_delay.md | 437 | break_delay_2 | `.d1.rows[8].mde` | 0 | 200 | 199 |
| 2026-10-09_matilda_main_break_delay.md | 437 | break_delay_2 | `.d1.rows[9].hi` | 0 | 280 | 286 |
| 2026-10-09_matilda_main_break_delay.md | 437 | break_delay_2 | `.d1.segments.first.lo` | 0 | 200 | 195 |
| 2026-10-09_matilda_main_break_delay.md | 437 | break_delay_2 | `.d1.segments.first.mde` | 0 | 200 | 191 |
| 2026-10-09_matilda_main_break_delay.md | 437 | break_delay_2 | `.d3.trade_quantiles.0.05` | 0 | 200 | 208 |
| 2026-10-09_matilda_main_break_delay.md | 437 | break_delay_2 | `.d3.trade_quantiles.0.99` | 0 | 280 | 274 |
| 2026-10-09_matilda_main_break_delay.md | 437 | break_delay_2 | `.d7.years.2017.lo` | 0 | 200 | 198 |
| 2026-10-09_matilda_main_break_delay.md | 437 | break_delay_2 | `.d7.years.2018.lo` | 0 | 200 | 205 |
| 2026-10-09_matilda_main_break_delay.md | 437 | break_delay_3 | `.d1.rows[4].lo` | 0 | 280 | 272 |
| 2026-10-09_matilda_main_break_delay.md | 437 | break_delay_3 | `.d1.rows[4].mde` | 0 | 280 | 272 |
| 2026-10-09_matilda_main_break_delay.md | 437 | break_delay_3 | `.d1.rows[6].mde` | 0 | 200 | 205 |
| 2026-10-09_matilda_main_break_delay.md | 437 | break_delay_3 | `.d1.rows[8].mde` | 0 | 200 | 202 |
| 2026-10-09_matilda_main_break_delay.md | 437 | break_delay_3 | `.d1.rows[9].hi` | 0 | 280 | 278 |
| 2026-10-09_matilda_main_break_delay.md | 437 | break_delay_3 | `.d1.segments.first.lo` | 0 | 200 | 192 |
| 2026-10-09_matilda_main_break_delay.md | 437 | break_delay_3 | `.d1.segments.second.lo` | 0 | 280 | 286 |
| 2026-10-09_matilda_main_break_delay.md | 437 | break_delay_3 | `.d1.segments.second.mean` | 0 | 200 | 205 |
| 2026-10-09_matilda_main_break_delay.md | 437 | break_delay_3 | `.d3.groups.出の理由【結果で決まる群】.market.per_trade` | 0 | 280 | 288 |
| 2026-10-09_matilda_main_break_delay.md | 437 | break_delay_3 | `.d3.trade_quantiles.0.05` | 0 | 200 | 207 |
| 2026-10-09_matilda_main_break_delay.md | 437 | break_delay_3 | `.d3.trade_quantiles.0.99` | 0 | 280 | 272 |
| 2026-10-09_matilda_main_break_delay.md | 437 | break_delay_3 | `.d7.years.2017.lo` | 0 | 280 | 279 |
| 2026-10-09_matilda_main_break_delay.md | 437 | break_delay_4 | `.d1.rows[6].mde` | 0 | 200 | 197 |
| 2026-10-09_matilda_main_break_delay.md | 437 | break_delay_4 | `.d1.rows[7].mde` | 0 | 280 | 289 |
| 2026-10-09_matilda_main_break_delay.md | 437 | break_delay_4 | `.d1.rows[7].mean` | 0 | 200 | 207 |
| 2026-10-09_matilda_main_break_delay.md | 437 | break_delay_4 | `.d1.rows[8].mde` | 0 | 200 | 208 |
| 2026-10-09_matilda_main_break_delay.md | 437 | break_delay_4 | `.d1.segments.second.lo` | 0 | 280 | 273 |
| 2026-10-09_matilda_main_break_delay.md | 437 | break_delay_4 | `.d1.segments.second.mean` | 0 | 200 | 197 |
| 2026-10-09_matilda_main_break_delay.md | 437 | break_delay_4 | `.d3.groups.出の理由【結果で決まる群】.market.per_trade` | 0 | 280 | 287 |
| 2026-10-09_matilda_main_break_delay.md | 437 | break_delay_4 | `.d3.trade_quantiles.0.05` | 0 | 200 | 207 |
| 2026-10-09_matilda_main_break_delay.md | 437 | break_delay_4 | `.d3.trade_quantiles.0.99` | 0 | 280 | 272 |
| 2026-10-09_matilda_main_break_delay.md | 437 | break_delay_8 | `.d1.rows[2].lo` | 0 | 200 | 195 |
| 2026-10-09_matilda_main_break_delay.md | 437 | break_delay_8 | `.d3.groups.出の理由【結果で決まる群】.break.hi` | 0 | 200 | 206 |
| 2026-10-09_matilda_main_break_delay.md | 437 | break_delay_8 | `.d3.groups.出の理由【結果で決まる群】.market.per_trade` | 0 | 280 | 278 |
| 2026-10-09_matilda_main_break_delay.md | 437 | break_delay_8 | `.d3.trade_quantiles.0.05` | 0 | 200 | 204 |
| 2026-10-09_matilda_main_break_delay.md | 437 | break_delay_8 | `.d7.years.2017.mde` | 0 | 280 | 289 |
| 2026-10-09_matilda_main_break_delay.md | 437 | break_delay_8 | `.d7.years.2018.mde` | 0 | 200 | 210 |
| 2026-10-09_matilda_main_break_delay.md | 437 | break_delay_8 | `.d7.years.2021.hi` | 0 | 280 | 271 |
| 2026-10-09_matilda_main_break_dist.md | 23 | break_dist_1 | `.d6.groups.9 分超.lo` | 2 | 1.2 | 1.3 |
| 2026-10-09_matilda_main_break_dist.md | 23 | break_dist_1 | `.d6.groups.〜1 分.lo` | 2 | 1.2 | 1.3 |
| 2026-10-09_matilda_main_break_dist.md | 114 | break_dist_0.25 | `.d1.rows[4].mean` | 0 | 360 | 368 |
| 2026-10-09_matilda_main_break_dist.md | 114 | break_dist_0.25 | `.d1.rows[7].lo` | 0 | 360 | 365 |
| 2026-10-09_matilda_main_break_dist.md | 114 | break_dist_0.25 | `.d1.rows[9].mean` | 0 | 360 | 368 |
| 2026-10-09_matilda_main_break_dist.md | 114 | break_dist_0.25 | `.d7.years.2018.lo` | 0 | 360 | 369 |
| 2026-10-09_matilda_main_break_dist.md | 114 | break_dist_1 | `.d1.rows[4].mde` | 0 | 360 | 355 |
| 2026-10-09_matilda_main_break_dist.md | 114 | break_dist_1 | `.d1.rows[9].hi` | 0 | 360 | 353 |
| 2026-10-09_matilda_main_break_dist.md | 114 | break_dist_1 | `.d7.years.2019.hi` | 0 | 360 | 357 |
| 2026-10-09_matilda_main_break_dist.md | 166 | break_dist_0.25 | `.d1.rows[0].hi` | 0 | 160 | 155 |
| 2026-10-09_matilda_main_break_dist.md | 166 | break_dist_0.25 | `.d1.rows[5].lo` | 0 | 160 | 166 |
| 2026-10-09_matilda_main_break_dist.md | 166 | break_dist_0.25 | `.d1.segments.first.mde` | 0 | 160 | 152 |
| 2026-10-09_matilda_main_break_dist.md | 166 | break_dist_0.25 | `.d1.segments.second.mean` | 0 | 160 | 162 |
| 2026-10-09_matilda_main_break_dist.md | 166 | break_dist_0.25 | `.d3.groups.出の理由【結果で決まる群】.break.lo` | 0 | 160 | 166 |
| 2026-10-09_matilda_main_break_dist.md | 166 | break_dist_0.25 | `.d3.groups.出の理由【結果で決まる群】.break.per_trade` | 0 | 160 | 158 |
| 2026-10-09_matilda_main_break_dist.md | 166 | break_dist_0.25 | `.d7.years.2017.lo` | 0 | 160 | 151 |
| 2026-10-09_matilda_main_break_dist.md | 166 | break_dist_0.25 | `.d7.years.2019.hi` | 0 | 160 | 159 |
| 2026-10-09_matilda_main_break_dist.md | 166 | break_dist_0.25 | `.d7.years.2019.mde` | 0 | 160 | 154 |
| 2026-10-09_matilda_main_break_dist.md | 166 | break_dist_1 | `.d1.rows[0].mde` | 0 | 160 | 155 |
| 2026-10-09_matilda_main_break_dist.md | 166 | break_dist_1 | `.d1.segments.second.mde` | 0 | 160 | 169 |
| 2026-10-09_matilda_main_break_dist.md | 166 | break_dist_1 | `.d7.years.2015.hi` | 0 | 160 | 151 |
| 2026-10-09_matilda_main_break_dist.md | 167 | break_dist_0.25 | `.d1.rows[4].mean` | 0 | 360 | 368 |
| 2026-10-09_matilda_main_break_dist.md | 167 | break_dist_0.25 | `.d1.rows[7].lo` | 0 | 360 | 365 |
| 2026-10-09_matilda_main_break_dist.md | 167 | break_dist_0.25 | `.d1.rows[9].mean` | 0 | 360 | 368 |
| 2026-10-09_matilda_main_break_dist.md | 167 | break_dist_0.25 | `.d7.years.2018.lo` | 0 | 360 | 369 |
| 2026-10-09_matilda_main_break_dist.md | 167 | break_dist_1 | `.d1.rows[4].mde` | 0 | 360 | 355 |
| 2026-10-09_matilda_main_break_dist.md | 167 | break_dist_1 | `.d1.rows[9].hi` | 0 | 360 | 353 |
| 2026-10-09_matilda_main_break_dist.md | 167 | break_dist_1 | `.d7.years.2019.hi` | 0 | 360 | 357 |
| 2026-10-09_matilda_main_break_dist.md | 169 | break_dist_0.25 | `.d1.rows[4].mean` | 0 | 360 | 368 |
| 2026-10-09_matilda_main_break_dist.md | 169 | break_dist_0.25 | `.d1.rows[7].lo` | 0 | 360 | 365 |
| 2026-10-09_matilda_main_break_dist.md | 169 | break_dist_0.25 | `.d1.rows[9].mean` | 0 | 360 | 368 |
| 2026-10-09_matilda_main_break_dist.md | 169 | break_dist_0.25 | `.d7.years.2018.lo` | 0 | 360 | 369 |
| 2026-10-09_matilda_main_break_dist.md | 169 | break_dist_1 | `.d1.rows[4].mde` | 0 | 360 | 355 |
| 2026-10-09_matilda_main_break_dist.md | 169 | break_dist_1 | `.d1.rows[9].hi` | 0 | 360 | 353 |
| 2026-10-09_matilda_main_break_dist.md | 169 | break_dist_1 | `.d7.years.2019.hi` | 0 | 360 | 357 |
| 2026-10-09_matilda_main_break_dist.md | 191 | break_dist_0.25 | `.d1.rows[2].hi` | 0 | 380 | 388 |
| 2026-10-09_matilda_main_break_dist.md | 191 | break_dist_0.25 | `.d1.rows[3].mde` | 0 | 380 | 385 |
| 2026-10-09_matilda_main_break_dist.md | 191 | break_dist_0.25 | `.d1.segments.diff.hi` | 0 | 380 | 374 |
| 2026-10-09_matilda_main_break_dist.md | 191 | break_dist_1 | `.d1.rows[3].lo` | 0 | 380 | 374 |
| 2026-10-09_matilda_main_break_dist.md | 195 | break_dist_1 | `.d3.groups.出の理由【結果で決まる群】.market.hi` | 0 | 400 | 402 |
| 2026-10-09_matilda_main_break_dist.md | 195 | break_dist_1 | `.d7.years.2015.mean` | 0 | 400 | 397 |
| 2026-10-09_matilda_main_break_dist.md | 201 | break_dist_0.25 | `.d1.rows[1].mean` | 0 | 60.0 | 66.7 |
| 2026-10-09_matilda_main_break_dist.md | 201 | break_dist_0.25 | `.d1.rows[7].hi` | 0 | 60.0 | 56.0 |
| 2026-10-09_matilda_main_break_dist.md | 201 | break_dist_0.25 | `.d1.rows[8].hi` | 0 | 60.0 | 61.6 |
| 2026-10-09_matilda_main_break_dist.md | 201 | break_dist_0.25 | `.d7.all.mde` | 0 | 60.0 | 68.8 |
| 2026-10-09_matilda_main_break_dist.md | 201 | break_dist_0.25 | `.d7.years.2019.lo` | 0 | 60.0 | 52.8 |
| 2026-10-09_matilda_main_break_dist.md | 201 | break_dist_0.25 | `.d7.years.2020.lo` | 0 | 60.0 | 53.9 |
| 2026-10-09_matilda_main_break_dist.md | 201 | break_dist_1 | `.d1.rows[6].lo` | 0 | 60.0 | 52.2 |
| 2026-10-09_matilda_main_break_dist.md | 201 | break_dist_1 | `.d3.groups.保有時間の帯【結果で決まる群】.3 分超.lo` | 0 | 60.0 | 57.2 |
| 2026-10-09_matilda_main_break_dist.md | 201 | break_dist_1 | `.d3.groups.保有時間の帯【結果で決まる群】.3 分超.per_trade` | 0 | 60.0 | 53.1 |
| 2026-10-09_matilda_main_break_dist.md | 201 | break_dist_1 | `.d7.years.2022.mean` | 0 | 60.0 | 60.5 |
| 2026-10-09_matilda_main_break_dist.md | 203 | break_dist_1 | `.d1.rows[6].mde` | 0 | 280 | 287 |
| 2026-10-09_matilda_main_break_dist.md | 203 | break_dist_1 | `.d1.segments.second.mean` | 0 | 280 | 289 |
| 2026-10-09_matilda_main_break_dist.md | 203 | break_dist_1 | `.d7.years.2020.hi` | 0 | 280 | 274 |
| 2026-10-09_matilda_main_break_dist.md | 203 | break_dist_1 | `.d7.years.2021.lo` | 0 | 280 | 279 |
| 2026-10-09_matilda_main_break_dist.md | 203 | break_dist_1 | `.d7.years.2021.mde` | 0 | 280 | 281 |
| 2026-10-09_matilda_main_break_dist.md | 204 | break_dist_0.25 | `.d3.trade_quantiles.0.01` | 0 | 540 | 544 |
| 2026-10-09_matilda_main_break_dist.md | 204 | break_dist_0.25 | `.d3.trade_quantiles.0.01` | 0 | 540.0 | 544.4 |
| 2026-10-09_matilda_main_break_dist.md | 206 | break_dist_0.25 | `.d1.rows[0].mde` | 0 | 100 | 98 |
| 2026-10-09_matilda_main_break_dist.md | 206 | break_dist_0.25 | `.d1.rows[0].mean` | 0 | 100 | 92 |
| 2026-10-09_matilda_main_break_dist.md | 206 | break_dist_0.25 | `.d1.rows[2].lo` | 0 | 100 | 97 |
| 2026-10-09_matilda_main_break_dist.md | 206 | break_dist_0.25 | `.d7.all.hi` | 0 | 100 | 95 |
| 2026-10-09_matilda_main_break_dist.md | 206 | break_dist_0.25 | `.d7.years.2016.hi` | 0 | 100 | 109 |
| 2026-10-09_matilda_main_break_dist.md | 206 | break_dist_0.25 | `.d7.years.2023.mde` | 0 | 100 | 99 |
| 2026-10-09_matilda_main_break_dist.md | 206 | break_dist_1 | `.d1.rows[0].mean` | 0 | 100 | 92 |
| 2026-10-09_matilda_main_break_dist.md | 206 | break_dist_1 | `.d1.rows[8].hi` | 0 | 100 | 109 |
| 2026-10-09_matilda_main_break_dist.md | 206 | break_dist_1 | `.d7.all.hi` | 0 | 100 | 107 |
| 2026-10-09_matilda_main_break_dist.md | 206 | break_dist_1 | `.d7.all.mde` | 0 | 100 | 93 |
| 2026-10-09_matilda_main_break_dist.md | 206 | break_dist_1 | `.d7.years.2016.hi` | 0 | 100 | 92 |
| 2026-10-09_matilda_main_break_dist.md | 206 | break_dist_1 | `.d7.years.2016.lo` | 0 | 100 | 97 |
| 2026-10-09_matilda_main_break_dist.md | 206 | break_dist_1 | `.d7.years.2022.hi` | 0 | 100 | 93 |
| 2026-10-09_matilda_main_break_dist.md | 208 | break_dist_1 | `.d7.years.2022.lo` | 2 | 246.8 | 246.9 |
| 2026-10-09_matilda_main_break_dist.md | 281 | break_dist_0.25 | `.d6.groups.1 分超〜3 分.lo` | 2 | 1.4 | 1.5 |
| 2026-10-09_matilda_main_break_dist.md | 281 | break_dist_0.25 | `.d6.groups.3 分超〜13 分.per_trade` | 2 | 1.4 | 1.5 |
| 2026-10-09_matilda_main_break_dist.md | 281 | break_dist_0.25 | `.d6.groups.〜1 分.per_trade` | 2 | 2.8 | 2.9 |
| 2026-10-09_matilda_main_break_dist.md | 282 | break_dist_0.25 | `.d6.groups.〜1 分.lo` | 2 | 2.0 | 1.9 |
| 2026-10-09_matilda_main_break_dist.md | 313 | break_dist_0.25 | `.d1.rows[2].mean` | 0 | 140 | 149 |
| 2026-10-09_matilda_main_break_dist.md | 313 | break_dist_0.25 | `.d7.match.sum_only_a` | 0 | 140 | 139 |
| 2026-10-09_matilda_main_break_dist.md | 313 | break_dist_1 | `.d1.rows[2].mean` | 0 | 140 | 132 |
| 2026-10-09_matilda_main_break_dist.md | 313 | break_dist_1 | `.d1.rows[6].mean` | 0 | 140 | 146 |
| 2026-10-09_matilda_main_break_dist.md | 313 | break_dist_1 | `.d3.trade_quantiles.0.95` | 0 | 140 | 136 |
| 2026-10-09_matilda_main_break_dist.md | 313 | break_dist_1 | `.d7.years.2016.mde` | 0 | 140 | 138 |
| 2026-10-09_matilda_main_break_dist.md | 313 | break_dist_1 | `.d7.years.2023.mde` | 0 | 140 | 143 |
| 2026-10-09_matilda_main_break_dist.md | 330 | break_dist_0.25 | `.d6.groups.〜1 分.lo` | 2 | 2.0 | 1.9 |
| 2026-10-09_matilda_main_break_dist.md | 331 | break_dist_0.25 | `.d3.groups.保有時間の帯【結果で決まる群】.〜0 分.hi` | 2 | 4.4 | 4.5 |
| 2026-10-09_matilda_main_break_dist.md | 331 | break_dist_0.25 | `.d6.groups.〜1 分.lo` | 2 | 2.0 | 1.9 |
| 2026-10-09_matilda_main_break_dist.md | 334 | break_dist_0.25 | `.d6.groups.〜1 分.per_trade` | 2 | 2.8 | 2.9 |
| 2026-10-09_matilda_main_break_dist.md | 335 | break_dist_1 | `.d6.groups.9 分超.lo` | 2 | 1.2 | 1.3 |
| 2026-10-09_matilda_main_break_dist.md | 335 | break_dist_1 | `.d6.groups.〜1 分.lo` | 2 | 1.2 | 1.3 |
| 2026-10-09_matilda_main_break_dist.md | 341 | break_dist_0.25 | `.d1.rows[0].mde` | 0 | 100 | 98 |
| 2026-10-09_matilda_main_break_dist.md | 341 | break_dist_0.25 | `.d1.rows[0].mean` | 0 | 100 | 92 |
| 2026-10-09_matilda_main_break_dist.md | 341 | break_dist_0.25 | `.d1.rows[2].lo` | 0 | 100 | 97 |
| 2026-10-09_matilda_main_break_dist.md | 341 | break_dist_0.25 | `.d7.all.hi` | 0 | 100 | 95 |
| 2026-10-09_matilda_main_break_dist.md | 341 | break_dist_0.25 | `.d7.years.2016.hi` | 0 | 100 | 109 |
| 2026-10-09_matilda_main_break_dist.md | 341 | break_dist_0.25 | `.d7.years.2023.mde` | 0 | 100 | 99 |
| 2026-10-09_matilda_main_break_dist.md | 341 | break_dist_1 | `.d1.rows[0].mean` | 0 | 100 | 92 |
| 2026-10-09_matilda_main_break_dist.md | 341 | break_dist_1 | `.d1.rows[8].hi` | 0 | 100 | 109 |
| 2026-10-09_matilda_main_break_dist.md | 341 | break_dist_1 | `.d7.all.hi` | 0 | 100 | 107 |
| 2026-10-09_matilda_main_break_dist.md | 341 | break_dist_1 | `.d7.all.mde` | 0 | 100 | 93 |
| 2026-10-09_matilda_main_break_dist.md | 341 | break_dist_1 | `.d7.years.2016.hi` | 0 | 100 | 92 |
| 2026-10-09_matilda_main_break_dist.md | 341 | break_dist_1 | `.d7.years.2016.lo` | 0 | 100 | 97 |
| 2026-10-09_matilda_main_break_dist.md | 341 | break_dist_1 | `.d7.years.2022.hi` | 0 | 100 | 93 |
| 2026-10-09_matilda_main_break_dist.md | 343 | break_dist_0.25 | `.d3.groups.保有時間の帯【結果で決まる群】.1 分超〜3 分.per_trade` | 2 | 5.2 | 5.3 |
| 2026-10-09_matilda_main_break_dist.md | 365 | break_dist_0.25 | `.d1.rows[2].mde` | 0 | 340 | 344 |
| 2026-10-09_matilda_main_break_dist.md | 365 | break_dist_0.25 | `.d1.segments.first.mean` | 0 | 340 | 345 |
| 2026-10-09_matilda_main_break_dist.md | 365 | break_dist_0.25 | `.d7.years.2021.hi` | 0 | 340 | 339 |
| 2026-10-09_matilda_main_break_dist.md | 365 | break_dist_1 | `.d1.rows[6].hi` | 0 | 340 | 337 |
| 2026-10-09_matilda_main_break_dist.md | 365 | break_dist_1 | `.d1.rows[8].mde` | 0 | 340 | 335 |
| 2026-10-09_matilda_main_break_dist.md | 365 | break_dist_1 | `.d7.years.2015.mde` | 0 | 340 | 349 |
| 2026-10-09_matilda_main_break_dist.md | 428 | break_dist_0.25 | `.d1.rows[4].mean` | 0 | 360 | 368 |
| 2026-10-09_matilda_main_break_dist.md | 428 | break_dist_0.25 | `.d1.rows[7].lo` | 0 | 360 | 365 |
| 2026-10-09_matilda_main_break_dist.md | 428 | break_dist_0.25 | `.d1.rows[9].mean` | 0 | 360 | 368 |
| 2026-10-09_matilda_main_break_dist.md | 428 | break_dist_0.25 | `.d7.years.2018.lo` | 0 | 360 | 369 |
| 2026-10-09_matilda_main_break_dist.md | 428 | break_dist_1 | `.d1.rows[4].mde` | 0 | 360 | 355 |
| 2026-10-09_matilda_main_break_dist.md | 428 | break_dist_1 | `.d1.rows[9].hi` | 0 | 360 | 353 |
| 2026-10-09_matilda_main_break_dist.md | 428 | break_dist_1 | `.d7.years.2019.hi` | 0 | 360 | 357 |
| 2026-10-09_matilda_main_break_dist.md | 443 | break_dist_0.25 | `.d1.rows[2].mean` | 0 | 140 | 149 |
| 2026-10-09_matilda_main_break_dist.md | 443 | break_dist_0.25 | `.d7.match.sum_only_a` | 0 | 140 | 139 |
| 2026-10-09_matilda_main_break_dist.md | 443 | break_dist_1 | `.d1.rows[2].mean` | 0 | 140 | 132 |
| 2026-10-09_matilda_main_break_dist.md | 443 | break_dist_1 | `.d1.rows[6].mean` | 0 | 140 | 146 |
| 2026-10-09_matilda_main_break_dist.md | 443 | break_dist_1 | `.d3.trade_quantiles.0.95` | 0 | 140 | 136 |
| 2026-10-09_matilda_main_break_dist.md | 443 | break_dist_1 | `.d7.years.2016.mde` | 0 | 140 | 138 |
| 2026-10-09_matilda_main_break_dist.md | 443 | break_dist_1 | `.d7.years.2023.mde` | 0 | 140 | 143 |
| 2026-10-09_matilda_main_break_len_mult.md | 5 | break_len_mult_4 | `.d1.rows[9].lo` | 0 | 660 | 657 |
| 2026-10-09_matilda_main_break_len_mult.md | 23 | break_len_mult_4 | `.d6.groups.9 分超.lo` | 2 | 1.2 | 1.3 |
| 2026-10-09_matilda_main_break_len_mult.md | 24 | break_len_mult_4 | `.d7.all.lo` | 0 | 160 | 155 |
| 2026-10-09_matilda_main_break_len_mult.md | 24 | break_len_mult_4 | `.d7.years.2019.mde` | 0 | 160 | 163 |
| 2026-10-09_matilda_main_break_len_mult.md | 24 | break_len_mult_4 | `.d7.years.2020.mde` | 0 | 160 | 170 |
| 2026-10-09_matilda_main_break_len_mult.md | 24 | break_len_mult_4 | `.d7.years.2022.hi` | 0 | 160 | 155 |
| 2026-10-09_matilda_main_break_len_mult.md | 24 | break_len_mult_4 | `.d7.years.2022.mde` | 0 | 160 | 163 |
| 2026-10-09_matilda_main_break_len_mult.md | 26 | break_len_mult_4 | `.d7.all.lo` | 0 | 160 | 155 |
| 2026-10-09_matilda_main_break_len_mult.md | 26 | break_len_mult_4 | `.d7.years.2019.mde` | 0 | 160 | 163 |
| 2026-10-09_matilda_main_break_len_mult.md | 26 | break_len_mult_4 | `.d7.years.2020.mde` | 0 | 160 | 170 |
| 2026-10-09_matilda_main_break_len_mult.md | 26 | break_len_mult_4 | `.d7.years.2022.hi` | 0 | 160 | 155 |
| 2026-10-09_matilda_main_break_len_mult.md | 26 | break_len_mult_4 | `.d7.years.2022.mde` | 0 | 160 | 163 |
| 2026-10-09_matilda_main_break_len_mult.md | 27 | break_len_mult_4 | `.d7.all.lo` | 0 | 160 | 155 |
| 2026-10-09_matilda_main_break_len_mult.md | 27 | break_len_mult_4 | `.d7.years.2019.mde` | 0 | 160 | 163 |
| 2026-10-09_matilda_main_break_len_mult.md | 27 | break_len_mult_4 | `.d7.years.2020.mde` | 0 | 160 | 170 |
| 2026-10-09_matilda_main_break_len_mult.md | 27 | break_len_mult_4 | `.d7.years.2022.hi` | 0 | 160 | 155 |
| 2026-10-09_matilda_main_break_len_mult.md | 27 | break_len_mult_4 | `.d7.years.2022.mde` | 0 | 160 | 163 |
| 2026-10-09_matilda_main_break_len_mult.md | 64 | break_len_mult_4 | `.d7.all.lo` | 0 | 160 | 155 |
| 2026-10-09_matilda_main_break_len_mult.md | 64 | break_len_mult_4 | `.d7.years.2019.mde` | 0 | 160 | 163 |
| 2026-10-09_matilda_main_break_len_mult.md | 64 | break_len_mult_4 | `.d7.years.2020.mde` | 0 | 160 | 170 |
| 2026-10-09_matilda_main_break_len_mult.md | 64 | break_len_mult_4 | `.d7.years.2022.hi` | 0 | 160 | 155 |
| 2026-10-09_matilda_main_break_len_mult.md | 64 | break_len_mult_4 | `.d7.years.2022.mde` | 0 | 160 | 163 |
| 2026-10-09_matilda_main_break_len_mult.md | 113 | break_len_mult_4 | `.d7.all.lo` | 0 | 160 | 155 |
| 2026-10-09_matilda_main_break_len_mult.md | 113 | break_len_mult_4 | `.d7.years.2019.mde` | 0 | 160 | 163 |
| 2026-10-09_matilda_main_break_len_mult.md | 113 | break_len_mult_4 | `.d7.years.2020.mde` | 0 | 160 | 170 |
| 2026-10-09_matilda_main_break_len_mult.md | 113 | break_len_mult_4 | `.d7.years.2022.hi` | 0 | 160 | 155 |
| 2026-10-09_matilda_main_break_len_mult.md | 113 | break_len_mult_4 | `.d7.years.2022.mde` | 0 | 160 | 163 |
| 2026-10-09_matilda_main_break_len_mult.md | 114 | break_len_mult_4 | `.d1.rows[0].hi` | 0 | 360 | 353 |
| 2026-10-09_matilda_main_break_len_mult.md | 114 | break_len_mult_4 | `.d1.rows[6].hi` | 0 | 360 | 359 |
| 2026-10-09_matilda_main_break_len_mult.md | 136 | break_len_mult_4 | `.d7.all.lo` | 0 | 160 | 155 |
| 2026-10-09_matilda_main_break_len_mult.md | 136 | break_len_mult_4 | `.d7.years.2019.mde` | 0 | 160 | 163 |
| 2026-10-09_matilda_main_break_len_mult.md | 136 | break_len_mult_4 | `.d7.years.2020.mde` | 0 | 160 | 170 |
| 2026-10-09_matilda_main_break_len_mult.md | 136 | break_len_mult_4 | `.d7.years.2022.hi` | 0 | 160 | 155 |
| 2026-10-09_matilda_main_break_len_mult.md | 136 | break_len_mult_4 | `.d7.years.2022.mde` | 0 | 160 | 163 |
| 2026-10-09_matilda_main_break_len_mult.md | 156 | break_len_mult_4 | `.d1.segments.second.lo` | 0 | 300 | 303 |
| 2026-10-09_matilda_main_break_len_mult.md | 156 | break_len_mult_4 | `.d7.years.2018.lo` | 0 | 300 | 298 |
| 2026-10-09_matilda_main_break_len_mult.md | 156 | break_len_mult_4 | `.d7.years.2020.hi` | 0 | 300 | 293 |
| 2026-10-09_matilda_main_break_len_mult.md | 181 | break_len_mult_4 | `.d1.rows[5].mean` | 0 | 420 | 417 |
| 2026-10-09_matilda_main_break_len_mult.md | 184 | break_len_mult_4 | `.d1.rows[8].lo` | 0 | 400 | 393 |
| 2026-10-09_matilda_main_break_len_mult.md | 191 | break_len_mult_4 | `.d1.rows[4].mde` | 0 | 340 | 349 |
| 2026-10-09_matilda_main_break_len_mult.md | 191 | break_len_mult_4 | `.d1.rows[7].mean` | 0 | 340 | 339 |
| 2026-10-09_matilda_main_break_len_mult.md | 191 | break_len_mult_4 | `.d3.groups.出の理由【結果で決まる群】.break.per_trade` | 0 | 340 | 343 |
| 2026-10-09_matilda_main_break_len_mult.md | 193 | break_len_mult_4 | `.d1.rows[7].hi` | 0 | 100 | 94 |
| 2026-10-09_matilda_main_break_len_mult.md | 193 | break_len_mult_4 | `.d7.years.2021.lo` | 0 | 100 | 103 |
| 2026-10-09_matilda_main_break_len_mult.md | 193 | break_len_mult_4 | `.d7.years.2023.mde` | 0 | 100 | 109 |
| 2026-10-09_matilda_main_break_len_mult.md | 283 | break_len_mult_4 | `.d1.rows[0].lo` | 0 | 140 | 147 |
| 2026-10-09_matilda_main_break_len_mult.md | 283 | break_len_mult_4 | `.d1.rows[0].mde` | 0 | 140 | 150 |
| 2026-10-09_matilda_main_break_len_mult.md | 283 | break_len_mult_4 | `.d1.segments.second.mde` | 0 | 140 | 143 |
| 2026-10-09_matilda_main_break_len_mult.md | 283 | break_len_mult_4 | `.d3.trade_quantiles.0.95` | 0 | 140 | 133 |
| 2026-10-09_matilda_main_break_len_mult.md | 283 | break_len_mult_4 | `.d7.years.2016.hi` | 0 | 140 | 146 |
| 2026-10-09_matilda_main_break_len_mult.md | 283 | break_len_mult_4 | `.d7.years.2016.mde` | 0 | 140 | 139 |
| 2026-10-09_matilda_main_break_len_mult.md | 324 | break_len_mult_4 | `.d7.all.lo` | 0 | 160 | 155 |
| 2026-10-09_matilda_main_break_len_mult.md | 324 | break_len_mult_4 | `.d7.years.2019.mde` | 0 | 160 | 163 |
| 2026-10-09_matilda_main_break_len_mult.md | 324 | break_len_mult_4 | `.d7.years.2020.mde` | 0 | 160 | 170 |
| 2026-10-09_matilda_main_break_len_mult.md | 324 | break_len_mult_4 | `.d7.years.2022.hi` | 0 | 160 | 155 |
| 2026-10-09_matilda_main_break_len_mult.md | 324 | break_len_mult_4 | `.d7.years.2022.mde` | 0 | 160 | 163 |
| 2026-10-09_matilda_main_break_len_mult.md | 385 | break_len_mult_4 | `.d7.all.lo` | 0 | 160 | 155 |
| 2026-10-09_matilda_main_break_len_mult.md | 385 | break_len_mult_4 | `.d7.years.2019.mde` | 0 | 160 | 163 |
| 2026-10-09_matilda_main_break_len_mult.md | 385 | break_len_mult_4 | `.d7.years.2020.mde` | 0 | 160 | 170 |
| 2026-10-09_matilda_main_break_len_mult.md | 385 | break_len_mult_4 | `.d7.years.2022.hi` | 0 | 160 | 155 |
| 2026-10-09_matilda_main_break_len_mult.md | 385 | break_len_mult_4 | `.d7.years.2022.mde` | 0 | 160 | 163 |
| 2026-10-09_matilda_main_break_len_mult.md | 386 | break_len_mult_4 | `.d1.rows[0].hi` | 0 | 360 | 353 |
| 2026-10-09_matilda_main_break_len_mult.md | 386 | break_len_mult_4 | `.d1.rows[6].hi` | 0 | 360 | 359 |
| 2026-10-09_matilda_main_break_len_mult.md | 403 | break_len_mult_4 | `.d7.all.lo` | 0 | 160 | 155 |
| 2026-10-09_matilda_main_break_len_mult.md | 403 | break_len_mult_4 | `.d7.years.2019.mde` | 0 | 160 | 163 |
| 2026-10-09_matilda_main_break_len_mult.md | 403 | break_len_mult_4 | `.d7.years.2020.mde` | 0 | 160 | 170 |
| 2026-10-09_matilda_main_break_len_mult.md | 403 | break_len_mult_4 | `.d7.years.2022.hi` | 0 | 160 | 155 |
| 2026-10-09_matilda_main_break_len_mult.md | 403 | break_len_mult_4 | `.d7.years.2022.mde` | 0 | 160 | 163 |
| 2026-10-09_matilda_main_break_len_mult.md | 406 | break_len_mult_4 | `.d7.all.lo` | 0 | 160 | 155 |
| 2026-10-09_matilda_main_break_len_mult.md | 406 | break_len_mult_4 | `.d7.years.2019.mde` | 0 | 160 | 163 |
| 2026-10-09_matilda_main_break_len_mult.md | 406 | break_len_mult_4 | `.d7.years.2020.mde` | 0 | 160 | 170 |
| 2026-10-09_matilda_main_break_len_mult.md | 406 | break_len_mult_4 | `.d7.years.2022.hi` | 0 | 160 | 155 |
| 2026-10-09_matilda_main_break_len_mult.md | 406 | break_len_mult_4 | `.d7.years.2022.mde` | 0 | 160 | 163 |
| 2026-10-09_matilda_main_break_len_mult.md | 407 | break_len_mult_4 | `.d7.all.lo` | 0 | 160 | 155 |
| 2026-10-09_matilda_main_break_len_mult.md | 407 | break_len_mult_4 | `.d7.years.2019.mde` | 0 | 160 | 163 |
| 2026-10-09_matilda_main_break_len_mult.md | 407 | break_len_mult_4 | `.d7.years.2020.mde` | 0 | 160 | 170 |
| 2026-10-09_matilda_main_break_len_mult.md | 407 | break_len_mult_4 | `.d7.years.2022.hi` | 0 | 160 | 155 |
| 2026-10-09_matilda_main_break_len_mult.md | 407 | break_len_mult_4 | `.d7.years.2022.mde` | 0 | 160 | 163 |
| 2026-10-09_matilda_main_break_off.md | 5 | break_off | `.d1.rows[2].mde` | 0 | 660 | 661 |
| 2026-10-09_matilda_main_break_off.md | 5 | break_off | `.d1.rows[4].lo` | 0 | 660 | 669 |
| 2026-10-09_matilda_main_break_off.md | 30 | break_off | `.d1.rows[7].hi` | 0 | 160 | 153 |
| 2026-10-09_matilda_main_break_off.md | 30 | break_off | `.d1.rows[7].mean` | 0 | 160 | 168 |
| 2026-10-09_matilda_main_break_off.md | 113 | break_off | `.d7.years.2019.hi` | 0 | 540 | 544 |
| 2026-10-09_matilda_main_break_off.md | 113 | break_off | `.d7.years.2021.hi` | 0 | 540 | 531 |
| 2026-10-09_matilda_main_break_off.md | 114 | break_off | `.d1.segments.first.mde` | 0 | 360 | 353 |
| 2026-10-09_matilda_main_break_off.md | 195 | break_off | `.d3.groups.保有時間の帯【結果で決まる群】.4 分超.hi` | 0 | 100 | 103 |
| 2026-10-09_matilda_main_break_off.md | 195 | break_off | `.d3.groups.保有時間の帯【結果で決まる群】.4 分超.per_trade` | 0 | 100 | 110 |
| 2026-10-09_matilda_main_break_off.md | 197 | break_off | `.d3.groups.出の理由【結果で決まる群】.market.lo` | 0 | 1,360 | 1,361 |
| 2026-10-09_matilda_main_break_off.md | 197 | break_off | `.d7.all.hi` | 0 | 420 | 417 |
| 2026-10-09_matilda_main_break_off.md | 197 | break_off | `.d7.years.2020.mde` | 0 | 420 | 412 |
| 2026-10-09_matilda_main_break_off.md | 197 | break_off | `.d7.years.2020.mean` | 0 | 420 | 425 |
| 2026-10-09_matilda_main_break_off.md | 223 | break_off | `.d7.all.mean` | 0 | 300 | 292 |
| 2026-10-09_matilda_main_break_off.md | 223 | break_off | `.d7.years.2016.mde` | 0 | 300 | 305 |
| 2026-10-09_matilda_main_break_off.md | 223 | break_off | `.d7.years.2023.lo` | 0 | 300 | 306 |
| 2026-10-09_matilda_main_break_off.md | 263 | break_off | `.d3.groups.保有時間の帯【結果で決まる群】.4 分超.hi` | 0 | 100 | 103 |
| 2026-10-09_matilda_main_break_off.md | 263 | break_off | `.d3.groups.保有時間の帯【結果で決まる群】.4 分超.per_trade` | 0 | 100 | 110 |
| 2026-10-09_matilda_main_break_off.md | 288 | break_off | `.d1.rows[7].hi` | 0 | 160 | 153 |
| 2026-10-09_matilda_main_break_off.md | 288 | break_off | `.d1.rows[7].mean` | 0 | 160 | 168 |
| 2026-10-09_matilda_main_break_off.md | 294 | break_off | `.d1.rows[9].hi` | 0 | 240 | 241 |
| 2026-10-09_matilda_main_break_off.md | 294 | break_off | `.d7.years.2016.mean` | 0 | 240 | 244 |
| 2026-10-09_matilda_main_break_off.md | 300 | break_off | `.d3.trade_quantiles.0.01` | 0 | 1,020 | 1,012 |
| 2026-10-09_matilda_main_break_off.md | 312 | break_off | `.d1.rows[7].hi` | 0 | 160 | 153 |
| 2026-10-09_matilda_main_break_off.md | 312 | break_off | `.d1.rows[7].mean` | 0 | 160 | 168 |
| 2026-10-09_matilda_main_break_off.md | 313 | break_off | `.d1.rows[7].hi` | 0 | 160 | 153 |
| 2026-10-09_matilda_main_break_off.md | 313 | break_off | `.d1.rows[7].mean` | 0 | 160 | 168 |
| 2026-10-09_matilda_main_break_off.md | 313 | break_off | `.d3.trade_quantiles.0.01` | 0 | 1,020 | 1,012 |
| 2026-10-09_matilda_main_break_off.md | 314 | break_off | `.d1.rows[9].hi` | 0 | 240 | 241 |
| 2026-10-09_matilda_main_break_off.md | 314 | break_off | `.d7.years.2016.mean` | 0 | 240 | 244 |
| 2026-10-09_matilda_main_break_off.md | 333 | break_off | `.d1.rows[7].hi` | 0 | 160 | 153 |
| 2026-10-09_matilda_main_break_off.md | 333 | break_off | `.d1.rows[7].mean` | 0 | 160 | 168 |
| 2026-10-09_matilda_main_break_off.md | 367 | break_off | `.d1.rows[7].hi` | 0 | 160 | 153 |
| 2026-10-09_matilda_main_break_off.md | 367 | break_off | `.d1.rows[7].mean` | 0 | 160 | 168 |
| 2026-10-09_matilda_main_break_off.md | 396 | break_off | `.d7.years.2019.hi` | 0 | 540 | 544 |
| 2026-10-09_matilda_main_break_off.md | 396 | break_off | `.d7.years.2021.hi` | 0 | 540 | 531 |
| 2026-10-09_matilda_main_break_off.md | 397 | break_off | `.d1.segments.first.mde` | 0 | 360 | 353 |
| 2026-10-09_matilda_main_break_off.md | 410 | break_off | `.d1.rows[7].hi` | 0 | 160 | 153 |
| 2026-10-09_matilda_main_break_off.md | 410 | break_off | `.d1.rows[7].mean` | 0 | 160 | 168 |
| 2026-10-09_matilda_main_break_off.md | 414 | break_off | `.d1.rows[7].hi` | 0 | 160 | 153 |
| 2026-10-09_matilda_main_break_off.md | 414 | break_off | `.d1.rows[7].mean` | 0 | 160 | 168 |
| 2026-10-09_matilda_main_break_off.md | 414 | break_off | `.d1.rows[9].hi` | 0 | 240 | 241 |
| 2026-10-09_matilda_main_break_off.md | 414 | break_off | `.d7.years.2016.mean` | 0 | 240 | 244 |
| 2026-10-09_matilda_main_count.md | 5 | count_80 | `.d3.groups.出の理由【結果で決まる群】.market.per_trade` | 0 | 660 | 668 |
| 2026-10-09_matilda_main_count.md | 64 | count_20 | `.d1.rows[0].lo` | 0 | 200 | 203 |
| 2026-10-09_matilda_main_count.md | 64 | count_20 | `.d1.rows[4].mde` | 0 | 200 | 205 |
| 2026-10-09_matilda_main_count.md | 64 | count_20 | `.d7.years.2019.mde` | 0 | 200 | 205 |
| 2026-10-09_matilda_main_count.md | 64 | count_20 | `.d7.years.2020.hi` | 0 | 200 | 195 |
| 2026-10-09_matilda_main_count.md | 64 | count_80 | `.d7.years.2018.hi` | 0 | 200 | 206 |
| 2026-10-09_matilda_main_count.md | 67 | count_20 | `.d1.rows[1].mean` | 0 | 160 | 162 |
| 2026-10-09_matilda_main_count.md | 67 | count_20 | `.d1.rows[5].mde` | 0 | 160 | 166 |
| 2026-10-09_matilda_main_count.md | 67 | count_20 | `.d1.rows[8].mde` | 0 | 160 | 157 |
| 2026-10-09_matilda_main_count.md | 67 | count_20 | `.d1.rows[9].mde` | 0 | 160 | 169 |
| 2026-10-09_matilda_main_count.md | 67 | count_20 | `.d7.years.2022.lo` | 0 | 160 | 152 |
| 2026-10-09_matilda_main_count.md | 67 | count_80 | `.d1.rows[0].mde` | 0 | 160 | 157 |
| 2026-10-09_matilda_main_count.md | 67 | count_80 | `.d1.rows[2].lo` | 0 | 160 | 168 |
| 2026-10-09_matilda_main_count.md | 67 | count_80 | `.d1.rows[5].mean` | 0 | 160 | 162 |
| 2026-10-09_matilda_main_count.md | 119 | count_20 | `.d7.years.2016.mean` | 0 | 360 | 358 |
| 2026-10-09_matilda_main_count.md | 119 | count_20 | `.d7.years.2019.lo` | 0 | 360 | 364 |
| 2026-10-09_matilda_main_count.md | 119 | count_80 | `.d1.rows[4].mde` | 0 | 360 | 370 |
| 2026-10-09_matilda_main_count.md | 119 | count_80 | `.d7.years.2021.mde` | 0 | 360 | 369 |
| 2026-10-09_matilda_main_count.md | 120 | count_20 | `.d1.rows[4].hi` | 0 | 180 | 173 |
| 2026-10-09_matilda_main_count.md | 120 | count_20 | `.d1.rows[6].mde` | 0 | 180 | 182 |
| 2026-10-09_matilda_main_count.md | 120 | count_20 | `.d1.rows[7].mean` | 0 | 240 | 250 |
| 2026-10-09_matilda_main_count.md | 120 | count_20 | `.d1.rows[8].hi` | 0 | 180 | 174 |
| 2026-10-09_matilda_main_count.md | 120 | count_20 | `.d1.segments.second.hi` | 0 | 180 | 188 |
| 2026-10-09_matilda_main_count.md | 120 | count_20 | `.d3.groups.出の理由【結果で決まる群】.market.lo` | 0 | 180 | 170 |
| 2026-10-09_matilda_main_count.md | 120 | count_20 | `.d7.all.mean` | 0 | 180 | 185 |
| 2026-10-09_matilda_main_count.md | 120 | count_20 | `.d7.years.2016.hi` | 0 | 180 | 188 |
| 2026-10-09_matilda_main_count.md | 120 | count_20 | `.d7.years.2017.hi` | 0 | 180 | 176 |
| 2026-10-09_matilda_main_count.md | 120 | count_20 | `.d7.years.2023.mde` | 0 | 180 | 174 |
| 2026-10-09_matilda_main_count.md | 120 | count_80 | `.d1.rows[9].mde` | 0 | 240 | 247 |
| 2026-10-09_matilda_main_count.md | 120 | count_80 | `.d3.trade_quantiles.0.95` | 0 | 180 | 190 |
| 2026-10-09_matilda_main_count.md | 120 | count_80 | `.d7.years.2016.lo` | 0 | 180 | 187 |
| 2026-10-09_matilda_main_count.md | 120 | count_80 | `.d7.years.2016.mde` | 0 | 240 | 248 |
| 2026-10-09_matilda_main_count.md | 120 | count_80 | `.d7.years.2017.lo` | 0 | 240 | 239 |
| 2026-10-09_matilda_main_count.md | 120 | count_80 | `.d7.years.2022.mde` | 0 | 240 | 246 |
| 2026-10-09_matilda_main_count.md | 120 | count_80 | `.d7.years.2023.mde` | 0 | 180 | 182 |
| 2026-10-09_matilda_main_count.md | 127 | count_20 | `.d7.years.2017.mean` | 0 | 480 | 488 |
| 2026-10-09_matilda_main_count.md | 127 | count_80 | `.d1.rows[7].mde` | 0 | 480 | 473 |
| 2026-10-09_matilda_main_count.md | 127 | count_80 | `.d1.segments.first.mean` | 0 | 480 | 478 |
| 2026-10-09_matilda_main_count.md | 164 | count_20 | `.d1.rows[3].hi` | 0 | 280 | 281 |
| 2026-10-09_matilda_main_count.md | 164 | count_20 | `.d1.rows[8].mean` | 0 | 280 | 271 |
| 2026-10-09_matilda_main_count.md | 164 | count_20 | `.d7.years.2016.mde` | 0 | 280 | 276 |
| 2026-10-09_matilda_main_count.md | 177 | count_20 | `.d1.segments.diff.lo` | 0 | 340 | 348 |
| 2026-10-09_matilda_main_count.md | 177 | count_20 | `.d7.years.2021.hi` | 0 | 340 | 347 |
| 2026-10-09_matilda_main_count.md | 177 | count_80 | `.d7.years.2016.mean` | 0 | 340 | 347 |
| 2026-10-09_matilda_main_count.md | 205 | count_80 | `.d7.years.2015.lo` | 0 | 400 | 396 |
| 2026-10-09_matilda_main_count.md | 205 | count_80 | `.d7.years.2019.mean` | 0 | 400 | 406 |
| 2026-10-09_matilda_main_count.md | 209 | count_20 | `.d3.groups.出の理由【結果で決まる群】.break.hi` | 2 | 83.4 | 83.5 |
| 2026-10-09_matilda_main_count.md | 209 | count_20 | `.d3.groups.出の理由【結果で決まる群】.break.lo` | 2 | 92.8 | 92.7 |
| 2026-10-09_matilda_main_count.md | 209 | count_20 | `.d3.groups.出の理由【結果で決まる群】.close.hi` | 2 | 23.6 | 23.7 |
| 2026-10-09_matilda_main_count.md | 209 | count_20 | `.d3.groups.出の理由【結果で決まる群】.close.lo` | 2 | 21.6 | 21.5 |
| 2026-10-09_matilda_main_count.md | 209 | count_20 | `.d3.groups.出の理由【結果で決まる群】.market.hi` | 2 | 117.4 | 117.5 |
| 2026-10-09_matilda_main_count.md | 209 | count_80 | `.d3.groups.保有時間の帯【結果で決まる群】.〜1 分.hi` | 2 | 21.6 | 21.7 |
| 2026-10-09_matilda_main_count.md | 210 | count_20 | `.d1.rows[9].lo` | 0 | 620 | 618 |
| 2026-10-09_matilda_main_count.md | 210 | count_80 | `.d1.rows[9].hi` | 2 | 50.0 | 50.1 |
| 2026-10-09_matilda_main_count.md | 210 | count_80 | `.d3.groups.出の理由【結果で決まる群】.break.hi` | 2 | 556.6 | 556.5 |
| 2026-10-09_matilda_main_count.md | 210 | count_80 | `.d3.groups.出の理由【結果で決まる群】.break.lo` | 0 | 620 | 621 |
| 2026-10-09_matilda_main_count.md | 210 | count_80 | `.d3.groups.出の理由【結果で決まる群】.break.lo` | 2 | 620.6 | 620.7 |
| 2026-10-09_matilda_main_count.md | 210 | count_80 | `.d3.groups.出の理由【結果で決まる群】.close.hi` | 2 | 50.0 | 49.9 |
| 2026-10-09_matilda_main_count.md | 210 | count_80 | `.d3.groups.出の理由【結果で決まる群】.close.lo` | 2 | 45.2 | 45.1 |
| 2026-10-09_matilda_main_count.md | 210 | count_80 | `.d3.groups.出の理由【結果で決まる群】.market.hi` | 2 | 601.2 | 601.1 |
| 2026-10-09_matilda_main_count.md | 210 | count_80 | `.d3.groups.出の理由【結果で決まる群】.market.per_trade` | 2 | 668.2 | 668.1 |
| 2026-10-09_matilda_main_count.md | 212 | count_20 | `.d3.groups.保有時間の帯【結果で決まる群】.0 分超〜1 分.per_trade` | 2 | 7.0 | 7.1 |
| 2026-10-09_matilda_main_count.md | 212 | count_20 | `.d3.groups.保有時間の帯【結果で決まる群】.1 分超.hi` | 2 | 12.8 | 12.9 |
| 2026-10-09_matilda_main_count.md | 212 | count_20 | `.d3.groups.保有時間の帯【結果で決まる群】.1 分超.lo` | 2 | 16.8 | 16.9 |
| 2026-10-09_matilda_main_count.md | 212 | count_20 | `.d3.groups.保有時間の帯【結果で決まる群】.〜0 分.hi` | 2 | 1.6 | 1.5 |
| 2026-10-09_matilda_main_count.md | 212 | count_20 | `.d3.groups.保有時間の帯【結果で決まる群】.〜0 分.lo` | 2 | 2.4 | 2.5 |
| 2026-10-09_matilda_main_count.md | 212 | count_20 | `.d6.groups.1 分超〜5 分.per_trade` | 2 | 2.0 | 2.1 |
| 2026-10-09_matilda_main_count.md | 212 | count_20 | `.d6.groups.5 分超〜15 分.hi` | 2 | 1.6 | 1.5 |
| 2026-10-09_matilda_main_count.md | 212 | count_20 | `.d6.groups.〜1 分.hi` | 2 | 2.0 | 2.1 |
| 2026-10-09_matilda_main_count.md | 213 | count_80 | `.d3.groups.保有時間の帯【結果で決まる群】.1 分超〜5 分.per_trade` | 2 | 26.2 | 26.1 |
| 2026-10-09_matilda_main_count.md | 213 | count_80 | `.d3.groups.保有時間の帯【結果で決まる群】.5 分超.hi` | 2 | 64.0 | 64.1 |
| 2026-10-09_matilda_main_count.md | 213 | count_80 | `.d3.groups.保有時間の帯【結果で決まる群】.5 分超.lo` | 2 | 76.2 | 76.1 |
| 2026-10-09_matilda_main_count.md | 213 | count_80 | `.d3.groups.保有時間の帯【結果で決まる群】.〜1 分.per_trade` | 2 | 20.2 | 20.3 |
| 2026-10-09_matilda_main_count.md | 243 | count_20 | `.d1.rows[5].lo` | 0 | 100 | 99 |
| 2026-10-09_matilda_main_count.md | 243 | count_20 | `.d1.rows[6].hi` | 0 | 100 | 108 |
| 2026-10-09_matilda_main_count.md | 243 | count_20 | `.d1.segments.diff.hi` | 0 | 100 | 97 |
| 2026-10-09_matilda_main_count.md | 243 | count_20 | `.d1.segments.second.mde` | 0 | 100 | 94 |
| 2026-10-09_matilda_main_count.md | 243 | count_20 | `.d3.groups.出の理由【結果で決まる群】.break.lo` | 0 | 100 | 93 |
| 2026-10-09_matilda_main_count.md | 243 | count_20 | `.d3.trade_quantiles.0.05` | 0 | 100 | 109 |
| 2026-10-09_matilda_main_count.md | 243 | count_20 | `.d7.all.mde` | 0 | 100 | 102 |
| 2026-10-09_matilda_main_count.md | 243 | count_80 | `.d7.all.hi` | 0 | 100 | 93 |
| 2026-10-09_matilda_main_count.md | 243 | count_80 | `.d7.all.lo` | 0 | 100 | 101 |
| 2026-10-09_matilda_main_count.md | 251 | count_80 | `.d7.years.2015.lo` | 0 | 400 | 396 |
| 2026-10-09_matilda_main_count.md | 251 | count_80 | `.d7.years.2019.mean` | 0 | 400 | 406 |
| 2026-10-09_matilda_main_count.md | 273 | count_20 | `.d4.勝った.pnl_sum` | 0 | 5,123,840 | 5,123,839 |
| 2026-10-09_matilda_main_count.md | 273 | count_80 | `.d4.勝った.pnl_sum` | 0 | 12,463,840 | 12,463,830 |
| 2026-10-09_matilda_main_count.md | 274 | count_20 | `.d4.一度は MFE > 0 だったのに負けた.pnl_sum` | 0 | 1,892,360 | 1,892,368 |
| 2026-10-09_matilda_main_count.md | 274 | count_80 | `.d4.一度は MFE > 0 だったのに負けた.pnl_sum` | 0 | 7,061,200 | 7,061,192 |
| 2026-10-09_matilda_main_count.md | 275 | count_80 | `.d4.MFE ≤ 0 のまま負けた.pnl_sum` | 0 | 6,421,880 | 6,421,876 |
| 2026-10-09_matilda_main_count.md | 342 | count_20 | `.d6.groups.1 分超〜5 分.per_trade` | 2 | 2.0 | 2.1 |
| 2026-10-09_matilda_main_count.md | 342 | count_20 | `.d6.groups.〜1 分.hi` | 2 | 2.0 | 2.1 |
| 2026-10-09_matilda_main_count.md | 342 | count_20 | `.d6.groups.〜1 分.per_trade` | 2 | 1.4 | 1.5 |
| 2026-10-09_matilda_main_count.md | 343 | count_20 | `.d6.groups.1 分超〜5 分.lo` | 2 | 3.0 | 2.9 |
| 2026-10-09_matilda_main_count.md | 343 | count_20 | `.d6.groups.1 分超〜5 分.per_trade` | 2 | 2.0 | 2.1 |
| 2026-10-09_matilda_main_count.md | 343 | count_20 | `.d6.groups.5 分超〜15 分.lo` | 2 | 3.0 | 3.1 |
| 2026-10-09_matilda_main_count.md | 343 | count_20 | `.d6.groups.〜1 分.hi` | 2 | 2.0 | 2.1 |
| 2026-10-09_matilda_main_count.md | 343 | count_80 | `.d6.groups.〜1 分.lo` | 2 | 1.2 | 1.1 |
| 2026-10-09_matilda_main_count.md | 344 | count_20 | `.d3.groups.保有時間の帯【結果で決まる群】.〜0 分.hi` | 2 | 1.6 | 1.5 |
| 2026-10-09_matilda_main_count.md | 344 | count_20 | `.d6.groups.1 分超〜5 分.lo` | 2 | 3.0 | 2.9 |
| 2026-10-09_matilda_main_count.md | 344 | count_20 | `.d6.groups.5 分超〜15 分.hi` | 2 | 1.6 | 1.5 |
| 2026-10-09_matilda_main_count.md | 344 | count_20 | `.d6.groups.5 分超〜15 分.lo` | 2 | 3.0 | 3.1 |
| 2026-10-09_matilda_main_count.md | 344 | count_80 | `.d6.groups.1 分超〜2 分.per_trade` | 2 | 2.2 | 2.3 |
| 2026-10-09_matilda_main_count.md | 345 | count_20 | `.d3.groups.保有時間の帯【結果で決まる群】.〜0 分.hi` | 2 | 1.6 | 1.5 |
| 2026-10-09_matilda_main_count.md | 345 | count_20 | `.d3.groups.保有時間の帯【結果で決まる群】.〜0 分.lo` | 2 | 2.4 | 2.5 |
| 2026-10-09_matilda_main_count.md | 345 | count_20 | `.d6.groups.15 分超.lo` | 2 | 3.2 | 3.3 |
| 2026-10-09_matilda_main_count.md | 345 | count_20 | `.d6.groups.5 分超〜15 分.hi` | 2 | 1.6 | 1.5 |
| 2026-10-09_matilda_main_count.md | 346 | count_80 | `.d6.groups.〜1 分.hi` | 2 | 4.2 | 4.3 |
| 2026-10-09_matilda_main_count.md | 346 | count_80 | `.d6.groups.〜1 分.lo` | 2 | 1.2 | 1.1 |
| 2026-10-09_matilda_main_count.md | 346 | count_80 | `.d6.groups.〜1 分.per_trade` | 2 | 2.8 | 2.7 |
| 2026-10-09_matilda_main_count.md | 347 | count_80 | `.d6.groups.1 分超〜2 分.lo` | 2 | 5.4 | 5.5 |
| 2026-10-09_matilda_main_count.md | 347 | count_80 | `.d6.groups.1 分超〜2 分.per_trade` | 2 | 2.2 | 2.3 |
| 2026-10-09_matilda_main_count.md | 348 | count_80 | `.d6.groups.2 分超〜9 分.lo` | 2 | 4.8 | 4.7 |
| 2026-10-09_matilda_main_count.md | 348 | count_80 | `.d6.groups.9 分超.hi` | 2 | 2.6 | 2.7 |
| 2026-10-09_matilda_main_count.md | 349 | count_20 | `.d3.groups.保有時間の帯【結果で決まる群】.〜0 分.hi` | 2 | 1.6 | 1.5 |
| 2026-10-09_matilda_main_count.md | 349 | count_20 | `.d6.groups.5 分超〜15 分.hi` | 2 | 1.6 | 1.5 |
| 2026-10-09_matilda_main_count.md | 349 | count_80 | `.d6.groups.9 分超.hi` | 2 | 2.6 | 2.7 |
| 2026-10-09_matilda_main_count.md | 391 | count_20 | `.d1.rows[4].lo` | 0 | 120 | 114 |
| 2026-10-09_matilda_main_count.md | 391 | count_20 | `.d1.rows[5].hi` | 0 | 120 | 127 |
| 2026-10-09_matilda_main_count.md | 391 | count_20 | `.d1.segments.first.lo` | 0 | 120 | 125 |
| 2026-10-09_matilda_main_count.md | 391 | count_20 | `.d3.groups.出の理由【結果で決まる群】.market.hi` | 0 | 120 | 117 |
| 2026-10-09_matilda_main_count.md | 391 | count_20 | `.d7.all.hi` | 0 | 120 | 111 |
| 2026-10-09_matilda_main_count.md | 391 | count_20 | `.d7.match.sum_both_a_minus_b` | 0 | 278,740 | 278,732 |
| 2026-10-09_matilda_main_count.md | 391 | count_20 | `.d7.match.sum_only_a` | 0 | 339,380 | 339,371 |
| 2026-10-09_matilda_main_count.md | 391 | count_20 | `.d7.match.sum_only_b` | 0 | 600,920 | 600,927 |
| 2026-10-09_matilda_main_count.md | 391 | count_20 | `.d7.years.2015.hi` | 0 | 600 | 601 |
| 2026-10-09_matilda_main_count.md | 391 | count_80 | `.d1.rows[5].hi` | 0 | 120 | 119 |
| 2026-10-09_matilda_main_count.md | 391 | count_80 | `.d1.rows[7].hi` | 0 | 600 | 592 |
| 2026-10-09_matilda_main_count.md | 391 | count_80 | `.d3.groups.出の理由【結果で決まる群】.market.hi` | 0 | 600 | 601 |
| 2026-10-09_matilda_main_count.md | 391 | count_80 | `.d7.years.2023.lo` | 0 | 120 | 127 |
| 2026-10-09_matilda_main_count.md | 392 | count_20 | `.d1.segments.second.mean` | 0 | 260 | 252 |
| 2026-10-09_matilda_main_count.md | 392 | count_20 | `.d7.all.lo` | 0 | 260 | 253 |
| 2026-10-09_matilda_main_count.md | 392 | count_20 | `.d7.years.2018.hi` | 0 | 260 | 259 |
| 2026-10-09_matilda_main_count.md | 392 | count_80 | `.d7.match.sum_only_a` | 0 | 438,340 | 438,342 |
| 2026-10-09_matilda_main_count.md | 392 | count_80 | `.d7.match.sum_only_b` | 0 | 667,060 | 667,059 |
| 2026-10-09_matilda_main_count.md | 392 | count_80 | `.d7.years.2021.hi` | 0 | 260 | 262 |
| 2026-10-09_matilda_main_count.md | 392 | count_80 | `.d7.years.2023.mean` | 0 | 260 | 257 |
| 2026-10-09_matilda_main_count.md | 453 | count_20 | `.d6.groups.〜1 分.per_trade` | 2 | 1.4 | 1.5 |
| 2026-10-09_matilda_main_count.md | 453 | count_80 | `.d6.groups.〜1 分.per_trade` | 2 | 2.8 | 2.7 |
| 2026-10-09_matilda_main_count.md | 479 | count_20 | `.d7.years.2016.mean` | 0 | 360 | 358 |
| 2026-10-09_matilda_main_count.md | 479 | count_20 | `.d7.years.2019.lo` | 0 | 360 | 364 |
| 2026-10-09_matilda_main_count.md | 479 | count_80 | `.d1.rows[4].mde` | 0 | 360 | 370 |
| 2026-10-09_matilda_main_count.md | 479 | count_80 | `.d7.years.2021.mde` | 0 | 360 | 369 |
| 2026-10-09_matilda_main_count.md | 494 | count_80 | `.d3.groups.出の理由【結果で決まる群】.break.hi` | 0 | 560 | 557 |
| 2026-10-09_matilda_main_entry_exit.md | 5 | entry_exit_3_2 | `.d1.rows[7].mean` | 0 | 660 | 668 |
| 2026-10-09_matilda_main_entry_exit.md | 5 | entry_exit_3_2 | `.d1.segments.first.hi` | 0 | 660 | 669 |
| 2026-10-09_matilda_main_entry_exit.md | 23 | entry_exit_2_1 | `.d1.rows[0].hi` | 2 | 1.2 | 1.1 |
| 2026-10-09_matilda_main_entry_exit.md | 23 | entry_exit_2_1 | `.d6.groups.〜1 分.hi` | 2 | 1.2 | 1.3 |
| 2026-10-09_matilda_main_entry_exit.md | 114 | entry_exit_2_1 | `.d1.rows[0].mde` | 0 | 200 | 201 |
| 2026-10-09_matilda_main_entry_exit.md | 114 | entry_exit_2_1 | `.d7.years.2016.mde` | 0 | 260 | 264 |
| 2026-10-09_matilda_main_entry_exit.md | 114 | entry_exit_2_1 | `.d7.years.2019.mde` | 0 | 260 | 266 |
| 2026-10-09_matilda_main_entry_exit.md | 114 | entry_exit_3_2 | `.d1.rows[6].mde` | 0 | 260 | 268 |
| 2026-10-09_matilda_main_entry_exit.md | 114 | entry_exit_3_2 | `.d1.rows[6].mean` | 0 | 200 | 208 |
| 2026-10-09_matilda_main_entry_exit.md | 114 | entry_exit_3_2 | `.d3.trade_quantiles.0.05` | 0 | 260 | 256 |
| 2026-10-09_matilda_main_entry_exit.md | 114 | entry_exit_3_2 | `.d7.years.2015.lo` | 0 | 260 | 261 |
| 2026-10-09_matilda_main_entry_exit.md | 114 | entry_exit_3_2 | `.d7.years.2016.mean` | 0 | 260 | 268 |
| 2026-10-09_matilda_main_entry_exit.md | 114 | entry_exit_3_2 | `.d7.years.2017.mde` | 0 | 260 | 264 |
| 2026-10-09_matilda_main_entry_exit.md | 114 | entry_exit_3_2 | `.d7.years.2018.mde` | 0 | 260 | 265 |
| 2026-10-09_matilda_main_entry_exit.md | 114 | entry_exit_3_2 | `.d7.years.2021.mde` | 0 | 200 | 207 |
| 2026-10-09_matilda_main_entry_exit.md | 115 | entry_exit_2_1 | `.d1.rows[9].hi` | 0 | 360 | 368 |
| 2026-10-09_matilda_main_entry_exit.md | 115 | entry_exit_2_1 | `.d7.years.2018.lo` | 0 | 360 | 358 |
| 2026-10-09_matilda_main_entry_exit.md | 115 | entry_exit_3_2 | `.d1.rows[4].lo` | 0 | 360 | 366 |
| 2026-10-09_matilda_main_entry_exit.md | 115 | entry_exit_3_2 | `.d1.rows[7].hi` | 0 | 360 | 367 |
| 2026-10-09_matilda_main_entry_exit.md | 115 | entry_exit_3_2 | `.d3.groups.出の理由【結果で決まる群】.break.lo` | 0 | 360 | 352 |
| 2026-10-09_matilda_main_entry_exit.md | 115 | entry_exit_3_2 | `.d7.years.2016.hi` | 0 | 360 | 358 |
| 2026-10-09_matilda_main_entry_exit.md | 115 | entry_exit_3_2 | `.d7.years.2018.hi` | 0 | 360 | 364 |
| 2026-10-09_matilda_main_entry_exit.md | 168 | entry_exit_2_1 | `.d1.rows[0].lo` | 0 | 280 | 275 |
| 2026-10-09_matilda_main_entry_exit.md | 168 | entry_exit_2_1 | `.d7.all.lo` | 0 | 280 | 271 |
| 2026-10-09_matilda_main_entry_exit.md | 168 | entry_exit_2_1 | `.d7.years.2015.lo` | 0 | 280 | 279 |
| 2026-10-09_matilda_main_entry_exit.md | 168 | entry_exit_3_2 | `.d1.rows[1].mean` | 0 | 280 | 287 |
| 2026-10-09_matilda_main_entry_exit.md | 168 | entry_exit_3_2 | `.d1.rows[5].mde` | 0 | 280 | 273 |
| 2026-10-09_matilda_main_entry_exit.md | 168 | entry_exit_3_2 | `.d1.rows[9].mde` | 0 | 280 | 277 |
| 2026-10-09_matilda_main_entry_exit.md | 168 | entry_exit_3_2 | `.d7.years.2019.lo` | 0 | 280 | 288 |
| 2026-10-09_matilda_main_entry_exit.md | 168 | entry_exit_3_2 | `.d7.years.2021.mean` | 0 | 280 | 283 |
| 2026-10-09_matilda_main_entry_exit.md | 196 | entry_exit_2_1 | `.d1.rows[5].mde` | 0 | 400 | 396 |
| 2026-10-09_matilda_main_entry_exit.md | 196 | entry_exit_2_1 | `.d3.groups.出の理由【結果で決まる群】.market.hi` | 0 | 400 | 394 |
| 2026-10-09_matilda_main_entry_exit.md | 196 | entry_exit_2_1 | `.d7.years.2019.mean` | 0 | 400 | 401 |
| 2026-10-09_matilda_main_entry_exit.md | 196 | entry_exit_2_1 | `.d7.years.2022.hi` | 0 | 400 | 394 |
| 2026-10-09_matilda_main_entry_exit.md | 196 | entry_exit_3_2 | `.d1.rows[2].mean` | 0 | 400 | 401 |
| 2026-10-09_matilda_main_entry_exit.md | 196 | entry_exit_3_2 | `.d1.rows[6].lo` | 0 | 400 | 405 |
| 2026-10-09_matilda_main_entry_exit.md | 196 | entry_exit_3_2 | `.d3.groups.出の理由【結果で決まる群】.market.per_trade` | 0 | 400 | 391 |
| 2026-10-09_matilda_main_entry_exit.md | 207 | entry_exit_2_1 | `.d7.years.2017.lo` | 0 | 100 | 106 |
| 2026-10-09_matilda_main_entry_exit.md | 207 | entry_exit_3_2 | `.d1.rows[0].lo` | 0 | 100 | 103 |
| 2026-10-09_matilda_main_entry_exit.md | 207 | entry_exit_3_2 | `.d7.years.2017.lo` | 0 | 100 | 105 |
| 2026-10-09_matilda_main_entry_exit.md | 207 | entry_exit_3_2 | `.d7.years.2019.hi` | 0 | 100 | 92 |
| 2026-10-09_matilda_main_entry_exit.md | 210 | entry_exit_2_1 | `.d3.groups.保有時間の帯【結果で決まる群】.1 分超〜2 分.lo` | 2 | 17.0 | 17.1 |
| 2026-10-09_matilda_main_entry_exit.md | 210 | entry_exit_3_2 | `.d3.groups.保有時間の帯【結果で決まる群】.〜1 分.hi` | 2 | 15.4 | 15.5 |
| 2026-10-09_matilda_main_entry_exit.md | 210 | entry_exit_3_2 | `.d7.all.hi` | 2 | 17.0 | 17.1 |
| 2026-10-09_matilda_main_entry_exit.md | 223 | entry_exit_3_2 | `.d6.groups.2 分超〜7 分.per_trade` | 2 | 1.6 | 1.5 |
| 2026-10-09_matilda_main_entry_exit.md | 223 | entry_exit_3_2 | `.d6.groups.〜1 分.per_trade` | 2 | 1.6 | 1.7 |
| 2026-10-09_matilda_main_entry_exit.md | 302 | entry_exit_3_2 | `.d6.groups.〜1 分.per_trade` | 2 | 1.6 | 1.7 |
| 2026-10-09_matilda_main_entry_exit.md | 303 | entry_exit_2_1 | `.d6.groups.1 分超〜2 分.per_trade` | 2 | 3.2 | 3.1 |
| 2026-10-09_matilda_main_entry_exit.md | 325 | entry_exit_3_2 | `.d7.years.2023.mde` | 2 | 88.2 | 88.3 |
| 2026-10-09_matilda_main_entry_exit.md | 334 | entry_exit_2_1 | `.d7.years.2017.lo` | 0 | 100 | 106 |
| 2026-10-09_matilda_main_entry_exit.md | 334 | entry_exit_3_2 | `.d1.rows[0].lo` | 0 | 100 | 103 |
| 2026-10-09_matilda_main_entry_exit.md | 334 | entry_exit_3_2 | `.d7.years.2017.lo` | 0 | 100 | 105 |
| 2026-10-09_matilda_main_entry_exit.md | 334 | entry_exit_3_2 | `.d7.years.2019.hi` | 0 | 100 | 92 |
| 2026-10-09_matilda_main_entry_exit.md | 344 | entry_exit_2_1 | `.d7.years.2021.hi` | 0 | 320 | 316 |
| 2026-10-09_matilda_main_entry_exit.md | 344 | entry_exit_2_1 | `.d7.years.2021.mde` | 0 | 320 | 317 |
| 2026-10-09_matilda_main_entry_exit.md | 344 | entry_exit_3_2 | `.d3.groups.出の理由【結果で決まる群】.break.hi` | 0 | 320 | 318 |
| 2026-10-09_matilda_main_entry_exit.md | 344 | entry_exit_3_2 | `.d3.trade_quantiles.0.99` | 0 | 320 | 325 |
| 2026-10-09_matilda_main_entry_exit.md | 344 | entry_exit_3_2 | `.d7.years.2015.mde` | 0 | 320 | 326 |
| 2026-10-09_matilda_main_entry_exit.md | 425 | entry_exit_2_1 | `.d7.years.2016.mde` | 0 | 260 | 264 |
| 2026-10-09_matilda_main_entry_exit.md | 425 | entry_exit_2_1 | `.d7.years.2019.mde` | 0 | 260 | 266 |
| 2026-10-09_matilda_main_entry_exit.md | 425 | entry_exit_3_2 | `.d1.rows[6].mde` | 0 | 260 | 268 |
| 2026-10-09_matilda_main_entry_exit.md | 425 | entry_exit_3_2 | `.d3.trade_quantiles.0.05` | 0 | 260 | 256 |
| 2026-10-09_matilda_main_entry_exit.md | 425 | entry_exit_3_2 | `.d7.years.2015.lo` | 0 | 260 | 261 |
| 2026-10-09_matilda_main_entry_exit.md | 425 | entry_exit_3_2 | `.d7.years.2016.mean` | 0 | 260 | 268 |
| 2026-10-09_matilda_main_entry_exit.md | 425 | entry_exit_3_2 | `.d7.years.2017.mde` | 0 | 260 | 264 |
| 2026-10-09_matilda_main_entry_exit.md | 425 | entry_exit_3_2 | `.d7.years.2018.mde` | 0 | 260 | 265 |
| 2026-10-09_matilda_main_entry_exit.md | 426 | entry_exit_2_1 | `.d1.rows[9].hi` | 0 | 360 | 368 |
| 2026-10-09_matilda_main_entry_exit.md | 426 | entry_exit_2_1 | `.d7.years.2018.lo` | 0 | 360 | 358 |
| 2026-10-09_matilda_main_entry_exit.md | 426 | entry_exit_3_2 | `.d1.rows[4].lo` | 0 | 360 | 366 |
| 2026-10-09_matilda_main_entry_exit.md | 426 | entry_exit_3_2 | `.d1.rows[7].hi` | 0 | 360 | 367 |
| 2026-10-09_matilda_main_entry_exit.md | 426 | entry_exit_3_2 | `.d3.groups.出の理由【結果で決まる群】.break.lo` | 0 | 360 | 352 |
| 2026-10-09_matilda_main_entry_exit.md | 426 | entry_exit_3_2 | `.d7.years.2016.hi` | 0 | 360 | 358 |
| 2026-10-09_matilda_main_entry_exit.md | 426 | entry_exit_3_2 | `.d7.years.2018.hi` | 0 | 360 | 364 |
| 2026-10-09_matilda_main_entry_exit.md | 440 | entry_exit_3_2 | `.d7.years.2023.mde` | 2 | 88.2 | 88.3 |
| 2026-10-09_matilda_main_entry_exit.md | 441 | entry_exit_2_1 | `.d7.years.2017.lo` | 0 | 100 | 106 |
| 2026-10-09_matilda_main_entry_exit.md | 441 | entry_exit_3_2 | `.d1.rows[0].lo` | 0 | 100 | 103 |
| 2026-10-09_matilda_main_entry_exit.md | 441 | entry_exit_3_2 | `.d7.years.2017.lo` | 0 | 100 | 105 |
| 2026-10-09_matilda_main_entry_exit.md | 441 | entry_exit_3_2 | `.d7.years.2019.hi` | 0 | 100 | 92 |
| 2026-10-09_matilda_main_entry_exit.md | 445 | entry_exit_2_1 | `.d7.years.2021.hi` | 0 | 320 | 316 |
| 2026-10-09_matilda_main_entry_exit.md | 445 | entry_exit_2_1 | `.d7.years.2021.mde` | 0 | 320 | 317 |
| 2026-10-09_matilda_main_entry_exit.md | 445 | entry_exit_3_2 | `.d1.rows[8].hi` | 0 | 320 | 329 |
| 2026-10-09_matilda_main_entry_exit.md | 445 | entry_exit_3_2 | `.d3.groups.出の理由【結果で決まる群】.break.hi` | 0 | 320 | 318 |
| 2026-10-09_matilda_main_entry_exit.md | 445 | entry_exit_3_2 | `.d3.trade_quantiles.0.99` | 0 | 320 | 325 |
| 2026-10-09_matilda_main_entry_exit.md | 445 | entry_exit_3_2 | `.d7.years.2015.mde` | 0 | 320 | 326 |
| 2026-10-09_matilda_main_foot.md | 23 | foot_5 | `.d1.rows[0].mde` | 0 | 100 | 96 |
| 2026-10-09_matilda_main_foot.md | 23 | foot_5 | `.d1.segments.second.lo` | 0 | 100 | 106 |
| 2026-10-09_matilda_main_foot.md | 24 | foot_5 | `.d1.rows[0].mde` | 0 | 100 | 96 |
| 2026-10-09_matilda_main_foot.md | 24 | foot_5 | `.d1.rows[5].mde` | 0 | 200 | 210 |
| 2026-10-09_matilda_main_foot.md | 24 | foot_5 | `.d1.rows[8].lo` | 0 | 200 | 207 |
| 2026-10-09_matilda_main_foot.md | 24 | foot_5 | `.d1.rows[8].mde` | 0 | 200 | 204 |
| 2026-10-09_matilda_main_foot.md | 24 | foot_5 | `.d1.segments.second.lo` | 0 | 100 | 106 |
| 2026-10-09_matilda_main_foot.md | 24 | foot_5 | `.d7.years.2017.mean` | 0 | 200 | 192 |
| 2026-10-09_matilda_main_foot.md | 25 | foot_5 | `.d1.rows[0].mde` | 0 | 100 | 96 |
| 2026-10-09_matilda_main_foot.md | 25 | foot_5 | `.d1.segments.second.lo` | 0 | 100 | 106 |
| 2026-10-09_matilda_main_foot.md | 26 | foot_5 | `.d1.rows[0].mde` | 0 | 100 | 96 |
| 2026-10-09_matilda_main_foot.md | 26 | foot_5 | `.d1.rows[5].mde` | 0 | 200 | 210 |
| 2026-10-09_matilda_main_foot.md | 26 | foot_5 | `.d1.rows[8].lo` | 0 | 200 | 207 |
| 2026-10-09_matilda_main_foot.md | 26 | foot_5 | `.d1.rows[8].mde` | 0 | 200 | 204 |
| 2026-10-09_matilda_main_foot.md | 26 | foot_5 | `.d1.segments.second.lo` | 0 | 100 | 106 |
| 2026-10-09_matilda_main_foot.md | 26 | foot_5 | `.d7.years.2017.mean` | 0 | 200 | 192 |
| 2026-10-09_matilda_main_foot.md | 27 | foot_5 | `.d1.rows[0].mde` | 0 | 100 | 96 |
| 2026-10-09_matilda_main_foot.md | 27 | foot_5 | `.d1.rows[5].mde` | 0 | 200 | 210 |
| 2026-10-09_matilda_main_foot.md | 27 | foot_5 | `.d1.rows[8].lo` | 0 | 200 | 207 |
| 2026-10-09_matilda_main_foot.md | 27 | foot_5 | `.d1.rows[8].mde` | 0 | 200 | 204 |
| 2026-10-09_matilda_main_foot.md | 27 | foot_5 | `.d1.segments.second.lo` | 0 | 100 | 106 |
| 2026-10-09_matilda_main_foot.md | 27 | foot_5 | `.d7.years.2017.mean` | 0 | 200 | 192 |
| 2026-10-09_matilda_main_foot.md | 28 | foot_5 | `.d1.rows[0].mde` | 0 | 100 | 96 |
| 2026-10-09_matilda_main_foot.md | 28 | foot_5 | `.d1.rows[5].mde` | 0 | 200 | 210 |
| 2026-10-09_matilda_main_foot.md | 28 | foot_5 | `.d1.rows[8].lo` | 0 | 200 | 207 |
| 2026-10-09_matilda_main_foot.md | 28 | foot_5 | `.d1.rows[8].mde` | 0 | 200 | 204 |
| 2026-10-09_matilda_main_foot.md | 28 | foot_5 | `.d1.segments.second.lo` | 0 | 100 | 106 |
| 2026-10-09_matilda_main_foot.md | 28 | foot_5 | `.d7.years.2017.mean` | 0 | 200 | 192 |
| 2026-10-09_matilda_main_foot.md | 58 | foot_5 | `.d1.rows[5].mde` | 0 | 200 | 210 |
| 2026-10-09_matilda_main_foot.md | 58 | foot_5 | `.d1.rows[8].lo` | 0 | 200 | 207 |
| 2026-10-09_matilda_main_foot.md | 58 | foot_5 | `.d1.rows[8].mde` | 0 | 200 | 204 |
| 2026-10-09_matilda_main_foot.md | 58 | foot_5 | `.d7.years.2017.mean` | 0 | 200 | 192 |
| 2026-10-09_matilda_main_foot.md | 64 | foot_5 | `.d1.rows[0].mde` | 0 | 100 | 96 |
| 2026-10-09_matilda_main_foot.md | 64 | foot_5 | `.d1.segments.second.lo` | 0 | 100 | 106 |
| 2026-10-09_matilda_main_foot.md | 66 | foot_5 | `.d1.rows[5].mde` | 0 | 200 | 210 |
| 2026-10-09_matilda_main_foot.md | 66 | foot_5 | `.d1.rows[8].lo` | 0 | 200 | 207 |
| 2026-10-09_matilda_main_foot.md | 66 | foot_5 | `.d1.rows[8].mde` | 0 | 200 | 204 |
| 2026-10-09_matilda_main_foot.md | 66 | foot_5 | `.d7.years.2017.mean` | 0 | 200 | 192 |
| 2026-10-09_matilda_main_foot.md | 117 | foot_5 | `.d7.years.2023.lo` | 0 | 360 | 354 |
| 2026-10-09_matilda_main_foot.md | 134 | foot_5 | `.d1.rows[0].mde` | 0 | 100 | 96 |
| 2026-10-09_matilda_main_foot.md | 134 | foot_5 | `.d1.rows[5].mde` | 0 | 200 | 210 |
| 2026-10-09_matilda_main_foot.md | 134 | foot_5 | `.d1.rows[8].lo` | 0 | 200 | 207 |
| 2026-10-09_matilda_main_foot.md | 134 | foot_5 | `.d1.rows[8].mde` | 0 | 200 | 204 |
| 2026-10-09_matilda_main_foot.md | 134 | foot_5 | `.d1.segments.second.lo` | 0 | 100 | 106 |
| 2026-10-09_matilda_main_foot.md | 134 | foot_5 | `.d7.years.2017.mean` | 0 | 200 | 192 |
| 2026-10-09_matilda_main_foot.md | 154 | foot_5 | `.d1.rows[4].hi` | 0 | 180 | 182 |
| 2026-10-09_matilda_main_foot.md | 154 | foot_5 | `.d1.rows[5].mean` | 0 | 180 | 182 |
| 2026-10-09_matilda_main_foot.md | 154 | foot_5 | `.d7.years.2015.mean` | 0 | 180 | 181 |
| 2026-10-09_matilda_main_foot.md | 155 | foot_5 | `.d1.rows[0].hi` | 0 | 140 | 142 |
| 2026-10-09_matilda_main_foot.md | 155 | foot_5 | `.d1.segments.second.mde` | 0 | 140 | 131 |
| 2026-10-09_matilda_main_foot.md | 155 | foot_5 | `.d7.all.mde` | 0 | 140 | 139 |
| 2026-10-09_matilda_main_foot.md | 182 | foot_5 | `.d1.rows[3].mde` | 0 | 400 | 396 |
| 2026-10-09_matilda_main_foot.md | 182 | foot_5 | `.d1.rows[6].hi` | 0 | 400 | 406 |
| 2026-10-09_matilda_main_foot.md | 182 | foot_5 | `.d3.trade_quantiles.0.05` | 0 | 400 | 401 |
| 2026-10-09_matilda_main_foot.md | 184 | foot_5 | `.d3.groups.出の理由【結果で決まる群】.break.lo` | 2 | 595.0 | 595.1 |
| 2026-10-09_matilda_main_foot.md | 184 | foot_5 | `.d3.groups.出の理由【結果で決まる群】.break.per_trade` | 2 | 562.8 | 562.7 |
| 2026-10-09_matilda_main_foot.md | 184 | foot_5 | `.d3.groups.出の理由【結果で決まる群】.close.hi` | 2 | 77.8 | 77.7 |
| 2026-10-09_matilda_main_foot.md | 184 | foot_5 | `.d3.groups.出の理由【結果で決まる群】.close.per_trade` | 2 | 73.6 | 73.7 |
| 2026-10-09_matilda_main_foot.md | 184 | foot_5 | `.d3.groups.出の理由【結果で決まる群】.market.hi` | 2 | 926.0 | 925.9 |
| 2026-10-09_matilda_main_foot.md | 184 | foot_5 | `.d3.groups.出の理由【結果で決まる群】.market.lo` | 2 | 1,635.4 | 1,635.3 |
| 2026-10-09_matilda_main_foot.md | 185 | foot_5 | `.d3.groups.保有時間の帯【結果で決まる群】.10 分超.hi` | 2 | 49.2 | 49.3 |
| 2026-10-09_matilda_main_foot.md | 185 | foot_5 | `.d3.groups.保有時間の帯【結果で決まる群】.10 分超.lo` | 2 | 67.4 | 67.5 |
| 2026-10-09_matilda_main_foot.md | 187 | foot_5 | `.d1.rows[0].mde` | 0 | 100 | 96 |
| 2026-10-09_matilda_main_foot.md | 187 | foot_5 | `.d1.rows[9].hi` | 0 | 160 | 151 |
| 2026-10-09_matilda_main_foot.md | 187 | foot_5 | `.d1.rows[9].mde` | 0 | 160 | 170 |
| 2026-10-09_matilda_main_foot.md | 187 | foot_5 | `.d1.segments.diff.mean` | 0 | 160 | 164 |
| 2026-10-09_matilda_main_foot.md | 187 | foot_5 | `.d1.segments.first.mde` | 0 | 160 | 152 |
| 2026-10-09_matilda_main_foot.md | 187 | foot_5 | `.d1.segments.first.mean` | 0 | 160 | 155 |
| 2026-10-09_matilda_main_foot.md | 187 | foot_5 | `.d1.segments.second.lo` | 0 | 100 | 106 |
| 2026-10-09_matilda_main_foot.md | 187 | foot_5 | `.d7.years.2021.mean` | 0 | 160 | 159 |
| 2026-10-09_matilda_main_foot.md | 210 | foot_5 | `.d4.勝った.pnl_sum` | 0 | 5,811,060 | 5,811,055 |
| 2026-10-09_matilda_main_foot.md | 211 | foot_5 | `.d4.一度は MFE > 0 だったのに負けた.pnl_sum` | 0 | 3,855,980 | 3,855,972 |
| 2026-10-09_matilda_main_foot.md | 212 | foot_5 | `.d4.MFE ≤ 0 のまま負けた.pnl_sum` | 0 | 1,940,440 | 1,940,447 |
| 2026-10-09_matilda_main_foot.md | 264 | foot_5 | `.d1.rows[7].hi` | 2 | 12.0 | 11.9 |
| 2026-10-09_matilda_main_foot.md | 264 | foot_5 | `.d6.groups.〜2 分.hi` | 2 | 12.0 | 11.9 |
| 2026-10-09_matilda_main_foot.md | 264 | foot_5 | `.d6.groups.〜2 分.lo` | 2 | 4.0 | 4.1 |
| 2026-10-09_matilda_main_foot.md | 265 | foot_5 | `.d6.groups.2 分超〜8 分.hi` | 2 | 6.6 | 6.5 |
| 2026-10-09_matilda_main_foot.md | 265 | foot_5 | `.d6.groups.2 分超〜8 分.lo` | 2 | 3.8 | 3.9 |
| 2026-10-09_matilda_main_foot.md | 266 | foot_5 | `.d6.groups.8 分超〜40 分.per_trade` | 2 | 2.2 | 2.3 |
| 2026-10-09_matilda_main_foot.md | 267 | foot_5 | `.d6.groups.2 分超〜8 分.lo` | 2 | 3.8 | 3.9 |
| 2026-10-09_matilda_main_foot.md | 267 | foot_5 | `.d6.groups.40 分超.hi` | 2 | 6.4 | 6.3 |
| 2026-10-09_matilda_main_foot.md | 267 | foot_5 | `.d6.groups.40 分超.per_trade` | 2 | 1.0 | 1.1 |
| 2026-10-09_matilda_main_foot.md | 300 | foot_5 | `.d1.rows[5].mde` | 0 | 200 | 210 |
| 2026-10-09_matilda_main_foot.md | 300 | foot_5 | `.d1.rows[8].lo` | 0 | 200 | 207 |
| 2026-10-09_matilda_main_foot.md | 300 | foot_5 | `.d1.rows[8].mde` | 0 | 200 | 204 |
| 2026-10-09_matilda_main_foot.md | 300 | foot_5 | `.d7.years.2017.mean` | 0 | 200 | 192 |
| 2026-10-09_matilda_main_foot.md | 365 | foot_5 | `.d3.groups.出の理由【結果で決まる群】.break.per_trade` | 2 | 562.8 | 562.7 |
| 2026-10-09_matilda_main_foot.md | 365 | foot_5 | `.d3.groups.出の理由【結果で決まる群】.close.per_trade` | 2 | 73.6 | 73.7 |
| 2026-10-09_matilda_main_foot.md | 390 | foot_5 | `.d7.years.2023.lo` | 0 | 360 | 354 |
| 2026-10-09_matilda_main_foot.md | 403 | foot_5 | `.d1.rows[5].mde` | 0 | 200 | 210 |
| 2026-10-09_matilda_main_foot.md | 403 | foot_5 | `.d1.rows[8].lo` | 0 | 200 | 207 |
| 2026-10-09_matilda_main_foot.md | 403 | foot_5 | `.d7.years.2017.mean` | 0 | 200 | 192 |
| 2026-10-09_matilda_main_foot.md | 411 | foot_5 | `.d1.rows[0].mde` | 0 | 100 | 96 |
| 2026-10-09_matilda_main_foot.md | 411 | foot_5 | `.d1.segments.second.lo` | 0 | 100 | 106 |
| 2026-10-09_matilda_main_levels.md | 5 | levels_1 | `.d1.rows[7].mde` | 0 | 660 | 656 |
| 2026-10-09_matilda_main_levels.md | 5 | levels_7 | `.d1.segments.diff.lo` | 0 | 660 | 663 |
| 2026-10-09_matilda_main_levels.md | 117 | levels_1 | `.d1.rows[5].mde` | 0 | 360 | 366 |
| 2026-10-09_matilda_main_levels.md | 117 | levels_1 | `.d1.segments.first.mde` | 0 | 360 | 352 |
| 2026-10-09_matilda_main_levels.md | 117 | levels_1 | `.d3.groups.出の理由【結果で決まる群】.market.hi` | 0 | 360 | 354 |
| 2026-10-09_matilda_main_levels.md | 117 | levels_1 | `.d3.trade_quantiles.0.99` | 0 | 360 | 355 |
| 2026-10-09_matilda_main_levels.md | 117 | levels_3 | `.d1.rows[4].mde` | 0 | 360 | 369 |
| 2026-10-09_matilda_main_levels.md | 117 | levels_3 | `.d1.segments.second.hi` | 0 | 360 | 364 |
| 2026-10-09_matilda_main_levels.md | 117 | levels_3 | `.d3.groups.出の理由【結果で決まる群】.market.per_trade` | 0 | 360 | 351 |
| 2026-10-09_matilda_main_levels.md | 117 | levels_7 | `.d1.rows[9].mean` | 0 | 360 | 356 |
| 2026-10-09_matilda_main_levels.md | 172 | levels_1 | `.d3.groups.出の理由【結果で決まる群】.break.per_trade` | 0 | 420 | 415 |
| 2026-10-09_matilda_main_levels.md | 172 | levels_1 | `.d7.years.2018.mde` | 0 | 420 | 411 |
| 2026-10-09_matilda_main_levels.md | 172 | levels_7 | `.d1.rows[3].mde` | 0 | 420 | 417 |
| 2026-10-09_matilda_main_levels.md | 202 | levels_1 | `.d1.rows[8].mde` | 0 | 400 | 406 |
| 2026-10-09_matilda_main_levels.md | 202 | levels_1 | `.d1.segments.first.hi` | 0 | 400 | 395 |
| 2026-10-09_matilda_main_levels.md | 202 | levels_1 | `.d3.groups.出の理由【結果で決まる群】.break.hi` | 0 | 400 | 394 |
| 2026-10-09_matilda_main_levels.md | 202 | levels_1 | `.d3.trade_quantiles.0.05` | 0 | 400 | 397 |
| 2026-10-09_matilda_main_levels.md | 202 | levels_3 | `.d3.groups.出の理由【結果で決まる群】.market.lo` | 0 | 400 | 402 |
| 2026-10-09_matilda_main_levels.md | 202 | levels_7 | `.d7.years.2015.lo` | 0 | 400 | 394 |
| 2026-10-09_matilda_main_levels.md | 202 | levels_7 | `.d7.years.2015.mde` | 0 | 400 | 401 |
| 2026-10-09_matilda_main_levels.md | 203 | levels_1 | `.d1.rows[4].mean` | 0 | 260 | 269 |
| 2026-10-09_matilda_main_levels.md | 203 | levels_1 | `.d7.years.2022.mde` | 0 | 260 | 261 |
| 2026-10-09_matilda_main_levels.md | 203 | levels_3 | `.d1.rows[6].mde` | 0 | 260 | 265 |
| 2026-10-09_matilda_main_levels.md | 203 | levels_3 | `.d7.years.2016.hi` | 0 | 260 | 253 |
| 2026-10-09_matilda_main_levels.md | 203 | levels_3 | `.d7.years.2023.lo` | 0 | 260 | 263 |
| 2026-10-09_matilda_main_levels.md | 203 | levels_7 | `.d1.rows[8].lo` | 0 | 260 | 255 |
| 2026-10-09_matilda_main_levels.md | 203 | levels_7 | `.d1.segments.second.lo` | 0 | 260 | 250 |
| 2026-10-09_matilda_main_levels.md | 216 | levels_1 | `.d1.segments.first.lo` | 0 | 100 | 93 |
| 2026-10-09_matilda_main_levels.md | 216 | levels_1 | `.d7.years.2015.lo` | 0 | 100 | 101 |
| 2026-10-09_matilda_main_levels.md | 216 | levels_3 | `.d1.rows[3].lo` | 0 | 100 | 102 |
| 2026-10-09_matilda_main_levels.md | 216 | levels_3 | `.d7.all.mean` | 0 | 100 | 108 |
| 2026-10-09_matilda_main_levels.md | 216 | levels_3 | `.d7.years.2015.lo` | 0 | 100 | 91 |
| 2026-10-09_matilda_main_levels.md | 216 | levels_3 | `.d7.years.2018.mean` | 0 | 100 | 102 |
| 2026-10-09_matilda_main_levels.md | 216 | levels_3 | `.d7.years.2019.mean` | 0 | 100 | 102 |
| 2026-10-09_matilda_main_levels.md | 216 | levels_3 | `.d7.years.2022.mde` | 0 | 100 | 103 |
| 2026-10-09_matilda_main_levels.md | 216 | levels_7 | `.d1.rows[0].mde` | 0 | 100 | 101 |
| 2026-10-09_matilda_main_levels.md | 216 | levels_7 | `.d1.rows[6].lo` | 0 | 100 | 96 |
| 2026-10-09_matilda_main_levels.md | 216 | levels_7 | `.d1.rows[7].hi` | 0 | 100 | 96 |
| 2026-10-09_matilda_main_levels.md | 216 | levels_7 | `.d1.segments.second.hi` | 0 | 100 | 106 |
| 2026-10-09_matilda_main_levels.md | 216 | levels_7 | `.d1.segments.second.mde` | 0 | 100 | 101 |
| 2026-10-09_matilda_main_levels.md | 216 | levels_7 | `.d3.trade_quantiles.0.95` | 0 | 100 | 103 |
| 2026-10-09_matilda_main_levels.md | 216 | levels_7 | `.d7.years.2018.lo` | 0 | 100 | 90 |
| 2026-10-09_matilda_main_levels.md | 216 | levels_7 | `.d7.years.2021.mde` | 0 | 100 | 96 |
| 2026-10-09_matilda_main_levels.md | 217 | levels_1 | `.d1.rows[5].hi` | 0 | 180 | 189 |
| 2026-10-09_matilda_main_levels.md | 217 | levels_1 | `.d1.segments.first.lo` | 0 | 100 | 93 |
| 2026-10-09_matilda_main_levels.md | 217 | levels_1 | `.d3.trade_quantiles.0.95` | 0 | 180 | 182 |
| 2026-10-09_matilda_main_levels.md | 217 | levels_1 | `.d7.years.2015.lo` | 0 | 100 | 101 |
| 2026-10-09_matilda_main_levels.md | 217 | levels_1 | `.d7.years.2023.mde` | 0 | 180 | 176 |
| 2026-10-09_matilda_main_levels.md | 217 | levels_3 | `.d1.rows[0].lo` | 0 | 180 | 174 |
| 2026-10-09_matilda_main_levels.md | 217 | levels_3 | `.d1.rows[3].lo` | 0 | 100 | 102 |
| 2026-10-09_matilda_main_levels.md | 217 | levels_3 | `.d1.rows[4].lo` | 0 | 180 | 178 |
| 2026-10-09_matilda_main_levels.md | 217 | levels_3 | `.d1.segments.first.lo` | 0 | 180 | 181 |
| 2026-10-09_matilda_main_levels.md | 217 | levels_3 | `.d7.all.mean` | 0 | 100 | 108 |
| 2026-10-09_matilda_main_levels.md | 217 | levels_3 | `.d7.years.2015.lo` | 0 | 100 | 91 |
| 2026-10-09_matilda_main_levels.md | 217 | levels_3 | `.d7.years.2017.lo` | 0 | 180 | 186 |
| 2026-10-09_matilda_main_levels.md | 217 | levels_3 | `.d7.years.2018.mean` | 0 | 100 | 102 |
| 2026-10-09_matilda_main_levels.md | 217 | levels_3 | `.d7.years.2019.lo` | 0 | 180 | 172 |
| 2026-10-09_matilda_main_levels.md | 217 | levels_3 | `.d7.years.2019.mde` | 0 | 100 | 92 |
| 2026-10-09_matilda_main_levels.md | 217 | levels_3 | `.d7.years.2019.mean` | 0 | 100 | 102 |
| 2026-10-09_matilda_main_levels.md | 217 | levels_3 | `.d7.years.2020.lo` | 0 | 180 | 175 |
| 2026-10-09_matilda_main_levels.md | 217 | levels_3 | `.d7.years.2022.mde` | 0 | 100 | 103 |
| 2026-10-09_matilda_main_levels.md | 217 | levels_7 | `.d1.rows[0].mde` | 0 | 100 | 101 |
| 2026-10-09_matilda_main_levels.md | 217 | levels_7 | `.d1.rows[2].lo` | 0 | 180 | 188 |
| 2026-10-09_matilda_main_levels.md | 217 | levels_7 | `.d1.rows[5].mde` | 0 | 180 | 182 |
| 2026-10-09_matilda_main_levels.md | 217 | levels_7 | `.d1.rows[6].hi` | 0 | 180 | 173 |
| 2026-10-09_matilda_main_levels.md | 217 | levels_7 | `.d1.rows[6].lo` | 0 | 100 | 96 |
| 2026-10-09_matilda_main_levels.md | 217 | levels_7 | `.d1.rows[7].hi` | 0 | 100 | 96 |
| 2026-10-09_matilda_main_levels.md | 217 | levels_7 | `.d1.rows[9].mde` | 0 | 180 | 189 |
| 2026-10-09_matilda_main_levels.md | 217 | levels_7 | `.d1.segments.second.hi` | 0 | 100 | 106 |
| 2026-10-09_matilda_main_levels.md | 217 | levels_7 | `.d1.segments.second.mde` | 0 | 100 | 101 |
| 2026-10-09_matilda_main_levels.md | 217 | levels_7 | `.d1.segments.second.mean` | 0 | 180 | 178 |
| 2026-10-09_matilda_main_levels.md | 217 | levels_7 | `.d3.trade_quantiles.0.95` | 0 | 100 | 103 |
| 2026-10-09_matilda_main_levels.md | 217 | levels_7 | `.d7.years.2021.hi` | 0 | 180 | 181 |
| 2026-10-09_matilda_main_levels.md | 217 | levels_7 | `.d7.years.2021.mde` | 0 | 100 | 96 |
| 2026-10-09_matilda_main_levels.md | 217 | levels_7 | `.d7.years.2022.hi` | 0 | 180 | 179 |
| 2026-10-09_matilda_main_levels.md | 241 | levels_1 | `.d4.MFE ≤ 0 のまま負けた.pnl_sum` | 0 | 10,162,940 | 10,162,942 |
| 2026-10-09_matilda_main_levels.md | 241 | levels_1 | `.d4.一度は MFE > 0 だったのに負けた.pnl_sum` | 0 | 8,190,320 | 8,190,316 |
| 2026-10-09_matilda_main_levels.md | 241 | levels_1 | `.d4.勝った.pnl_sum` | 0 | 13,062,520 | 13,062,512 |
| 2026-10-09_matilda_main_levels.md | 242 | levels_3 | `.d4.MFE ≤ 0 のまま負けた.pnl_sum` | 0 | 7,696,880 | 7,696,876 |
| 2026-10-09_matilda_main_levels.md | 242 | levels_3 | `.d4.一度は MFE > 0 だったのに負けた.pnl_sum` | 0 | 6,073,360 | 6,073,359 |
| 2026-10-09_matilda_main_levels.md | 242 | levels_3 | `.d4.勝った.pnl_sum` | 0 | 12,339,800 | 12,339,798 |
| 2026-10-09_matilda_main_levels.md | 244 | levels_1 | `.d1.rows[4].mean` | 0 | 260 | 269 |
| 2026-10-09_matilda_main_levels.md | 244 | levels_1 | `.d7.years.2022.mde` | 0 | 260 | 261 |
| 2026-10-09_matilda_main_levels.md | 244 | levels_3 | `.d1.rows[6].mde` | 0 | 260 | 265 |
| 2026-10-09_matilda_main_levels.md | 244 | levels_3 | `.d7.years.2016.hi` | 0 | 260 | 253 |
| 2026-10-09_matilda_main_levels.md | 244 | levels_3 | `.d7.years.2023.lo` | 0 | 260 | 263 |
| 2026-10-09_matilda_main_levels.md | 244 | levels_7 | `.d1.rows[8].lo` | 0 | 260 | 255 |
| 2026-10-09_matilda_main_levels.md | 244 | levels_7 | `.d1.segments.second.lo` | 0 | 260 | 250 |
| 2026-10-09_matilda_main_levels.md | 244 | levels_7 | `.d4.MFE ≤ 0 のまま負けた.pnl_sum` | 0 | 4,753,360 | 4,753,352 |
| 2026-10-09_matilda_main_levels.md | 244 | levels_7 | `.d4.一度は MFE > 0 だったのに負けた.pnl_sum` | 0 | 3,716,960 | 3,716,953 |
| 2026-10-09_matilda_main_levels.md | 297 | levels_7 | `.d6.groups.〜1 分.per_trade` | 2 | 2.0 | 2.1 |
| 2026-10-09_matilda_main_levels.md | 389 | levels_3 | `.d1.rows[6].lo` | 0 | 320 | 318 |
| 2026-10-09_matilda_main_levels.md | 389 | levels_3 | `.d3.groups.出の理由【結果で決まる群】.break.per_trade` | 0 | 320 | 326 |
| 2026-10-09_matilda_main_levels.md | 389 | levels_3 | `.d3.groups.出の理由【結果で決まる群】.market.hi` | 0 | 320 | 311 |
| 2026-10-09_matilda_main_levels.md | 389 | levels_3 | `.d3.trade_quantiles.0.99` | 0 | 320 | 317 |
| 2026-10-09_matilda_main_levels.md | 389 | levels_7 | `.d1.rows[2].hi` | 0 | 320 | 318 |
| 2026-10-09_matilda_main_levels.md | 389 | levels_7 | `.d3.groups.出の理由【結果で決まる群】.market.lo` | 0 | 320 | 321 |
| 2026-10-09_matilda_main_levels.md | 418 | levels_1 | `.d1.rows[5].mde` | 0 | 360 | 366 |
| 2026-10-09_matilda_main_levels.md | 418 | levels_1 | `.d1.segments.first.mde` | 0 | 360 | 352 |
| 2026-10-09_matilda_main_levels.md | 418 | levels_1 | `.d3.groups.出の理由【結果で決まる群】.market.hi` | 0 | 360 | 354 |
| 2026-10-09_matilda_main_levels.md | 418 | levels_1 | `.d3.trade_quantiles.0.99` | 0 | 360 | 355 |
| 2026-10-09_matilda_main_levels.md | 418 | levels_3 | `.d1.rows[4].mde` | 0 | 360 | 369 |
| 2026-10-09_matilda_main_levels.md | 418 | levels_3 | `.d1.segments.second.hi` | 0 | 360 | 364 |
| 2026-10-09_matilda_main_levels.md | 418 | levels_3 | `.d3.groups.出の理由【結果で決まる群】.market.per_trade` | 0 | 360 | 351 |
| 2026-10-09_matilda_main_levels.md | 418 | levels_7 | `.d1.rows[9].mean` | 0 | 360 | 356 |
| 2026-10-09_matilda_main_levels.md | 434 | levels_1 | `.d1.rows[2].mean` | 0 | 860 | 857 |
| 2026-10-09_matilda_main_levels.md | 434 | levels_1 | `.d1.rows[8].hi` | 0 | 860 | 866 |
| 2026-10-09_matilda_main_levels.md | 435 | levels_1 | `.d1.segments.first.mean` | 0 | 140 | 145 |
| 2026-10-09_matilda_main_levels.md | 435 | levels_1 | `.d3.groups.保有時間の帯【結果で決まる群】.3 分超.lo` | 0 | 140 | 138 |
| 2026-10-09_matilda_main_levels.md | 435 | levels_3 | `.d1.rows[5].mean` | 0 | 140 | 142 |
| 2026-10-09_matilda_main_levels.md | 435 | levels_3 | `.d7.years.2018.mde` | 0 | 140 | 137 |
| 2026-10-09_matilda_main_levels.md | 435 | levels_3 | `.d7.years.2021.mde` | 0 | 140 | 142 |
| 2026-10-09_matilda_main_levels.md | 435 | levels_7 | `.d1.rows[0].hi` | 0 | 140 | 145 |
| 2026-10-09_matilda_main_levels.md | 435 | levels_7 | `.d1.rows[8].mean` | 0 | 140 | 139 |
| 2026-10-09_matilda_main_levels.md | 435 | levels_7 | `.d7.years.2015.hi` | 0 | 140 | 139 |
| 2026-10-09_matilda_main_levels.md | 438 | levels_1 | `.d1.rows[2].mean` | 0 | 860 | 857 |
| 2026-10-09_matilda_main_levels.md | 438 | levels_1 | `.d1.rows[8].hi` | 0 | 860 | 866 |
| 2026-10-09_matilda_main_levels.md | 442 | levels_1 | `.d1.rows[2].mean` | 0 | 860 | 857 |
| 2026-10-09_matilda_main_levels.md | 442 | levels_1 | `.d1.rows[8].hi` | 0 | 860 | 866 |
| 2026-10-09_matilda_main_levels.md | 448 | levels_3 | `.d1.rows[6].lo` | 0 | 320 | 318 |
| 2026-10-09_matilda_main_levels.md | 448 | levels_3 | `.d3.groups.出の理由【結果で決まる群】.break.per_trade` | 0 | 320 | 326 |
| 2026-10-09_matilda_main_levels.md | 448 | levels_3 | `.d3.groups.出の理由【結果で決まる群】.market.hi` | 0 | 320 | 311 |
| 2026-10-09_matilda_main_levels.md | 448 | levels_3 | `.d3.trade_quantiles.0.99` | 0 | 320 | 317 |
| 2026-10-09_matilda_main_levels.md | 448 | levels_7 | `.d1.rows[2].hi` | 0 | 320 | 318 |
| 2026-10-09_matilda_main_levels.md | 448 | levels_7 | `.d3.groups.出の理由【結果で決まる群】.market.lo` | 0 | 320 | 321 |
| 2026-10-09_matilda_main_range_hi.md | 5 | range_hi_none | `.d1.segments.diff.mean` | 0 | 660 | 665 |
| 2026-10-09_matilda_main_range_hi.md | 5 | range_hi_p90 | `.d1.segments.diff.lo` | 0 | 660 | 654 |
| 2026-10-09_matilda_main_range_hi.md | 23 | range_hi_none | `.d6.groups.1 分超〜3 分.lo` | 2 | 1.4 | 1.5 |
| 2026-10-09_matilda_main_range_hi.md | 23 | range_hi_p90 | `.d6.groups.11 分超.per_trade` | 2 | 1.4 | 1.3 |
| 2026-10-09_matilda_main_range_hi.md | 61 | range_hi_none | `.d6.groups.1 分超〜3 分.lo` | 2 | 1.4 | 1.5 |
| 2026-10-09_matilda_main_range_hi.md | 61 | range_hi_p90 | `.d6.groups.11 分超.per_trade` | 2 | 1.4 | 1.3 |
| 2026-10-09_matilda_main_range_hi.md | 111 | range_hi_none | `.d1.rows[1].mean` | 0 | 260 | 263 |
| 2026-10-09_matilda_main_range_hi.md | 111 | range_hi_none | `.d1.rows[8].mean` | 0 | 260 | 263 |
| 2026-10-09_matilda_main_range_hi.md | 111 | range_hi_none | `.d1.segments.first.lo` | 0 | 260 | 256 |
| 2026-10-09_matilda_main_range_hi.md | 111 | range_hi_p75 | `.d1.rows[4].mean` | 0 | 260 | 254 |
| 2026-10-09_matilda_main_range_hi.md | 111 | range_hi_p75 | `.d3.groups.出の理由【結果で決まる群】.market.lo` | 0 | 260 | 267 |
| 2026-10-09_matilda_main_range_hi.md | 111 | range_hi_p75 | `.d7.years.2021.hi` | 0 | 260 | 262 |
| 2026-10-09_matilda_main_range_hi.md | 111 | range_hi_p75 | `.d7.years.2021.mde` | 0 | 260 | 258 |
| 2026-10-09_matilda_main_range_hi.md | 111 | range_hi_p90 | `.d3.groups.出の理由【結果で決まる群】.market.hi` | 0 | 260 | 251 |
| 2026-10-09_matilda_main_range_hi.md | 112 | range_hi_none | `.d1.segments.second.lo` | 0 | 360 | 358 |
| 2026-10-09_matilda_main_range_hi.md | 112 | range_hi_none | `.d3.groups.出の理由【結果で決まる群】.market.lo` | 0 | 360 | 361 |
| 2026-10-09_matilda_main_range_hi.md | 112 | range_hi_p90 | `.d1.rows[4].mean` | 0 | 360 | 355 |
| 2026-10-09_matilda_main_range_hi.md | 112 | range_hi_p90 | `.d7.years.2017.mde` | 0 | 360 | 351 |
| 2026-10-09_matilda_main_range_hi.md | 112 | range_hi_p90 | `.d7.years.2018.lo` | 0 | 360 | 358 |
| 2026-10-09_matilda_main_range_hi.md | 114 | range_hi_none | `.d1.segments.second.lo` | 0 | 360 | 358 |
| 2026-10-09_matilda_main_range_hi.md | 114 | range_hi_none | `.d3.groups.出の理由【結果で決まる群】.market.lo` | 0 | 360 | 361 |
| 2026-10-09_matilda_main_range_hi.md | 114 | range_hi_p75 | `.d1.rows[8].lo` | 0 | 360 | 356 |
| 2026-10-09_matilda_main_range_hi.md | 114 | range_hi_p90 | `.d1.rows[4].mean` | 0 | 360 | 355 |
| 2026-10-09_matilda_main_range_hi.md | 114 | range_hi_p90 | `.d1.segments.second.lo` | 0 | 360 | 356 |
| 2026-10-09_matilda_main_range_hi.md | 114 | range_hi_p90 | `.d7.years.2017.mde` | 0 | 360 | 351 |
| 2026-10-09_matilda_main_range_hi.md | 114 | range_hi_p90 | `.d7.years.2018.lo` | 0 | 360 | 358 |
| 2026-10-09_matilda_main_range_hi.md | 116 | range_hi_none | `.d1.rows[8].mde` | 0 | 200 | 203 |
| 2026-10-09_matilda_main_range_hi.md | 116 | range_hi_none | `.d1.segments.first.mde` | 0 | 200 | 197 |
| 2026-10-09_matilda_main_range_hi.md | 116 | range_hi_none | `.d1.segments.second.mean` | 0 | 280 | 274 |
| 2026-10-09_matilda_main_range_hi.md | 116 | range_hi_none | `.d3.groups.出の理由【結果で決まる群】.break.lo` | 0 | 280 | 272 |
| 2026-10-09_matilda_main_range_hi.md | 116 | range_hi_none | `.d3.groups.出の理由【結果で決まる群】.market.hi` | 0 | 280 | 278 |
| 2026-10-09_matilda_main_range_hi.md | 116 | range_hi_none | `.d3.trade_quantiles.0.05` | 0 | 200 | 208 |
| 2026-10-09_matilda_main_range_hi.md | 116 | range_hi_none | `.d3.trade_quantiles.0.99` | 0 | 280 | 279 |
| 2026-10-09_matilda_main_range_hi.md | 116 | range_hi_none | `.d7.years.2017.hi` | 0 | 280 | 285 |
| 2026-10-09_matilda_main_range_hi.md | 116 | range_hi_p75 | `.d1.rows[3].hi` | 0 | 280 | 289 |
| 2026-10-09_matilda_main_range_hi.md | 116 | range_hi_p75 | `.d1.rows[9].mde` | 0 | 200 | 197 |
| 2026-10-09_matilda_main_range_hi.md | 116 | range_hi_p75 | `.d1.segments.second.hi` | 0 | 200 | 193 |
| 2026-10-09_matilda_main_range_hi.md | 116 | range_hi_p75 | `.d3.groups.出の理由【結果で決まる群】.break.lo` | 0 | 200 | 191 |
| 2026-10-09_matilda_main_range_hi.md | 116 | range_hi_p75 | `.d7.years.2018.mean` | 0 | 280 | 289 |
| 2026-10-09_matilda_main_range_hi.md | 116 | range_hi_p75 | `.d7.years.2019.lo` | 0 | 200 | 191 |
| 2026-10-09_matilda_main_range_hi.md | 116 | range_hi_p75 | `.d7.years.2019.mde` | 0 | 200 | 196 |
| 2026-10-09_matilda_main_range_hi.md | 116 | range_hi_p75 | `.d7.years.2020.lo` | 0 | 200 | 198 |
| 2026-10-09_matilda_main_range_hi.md | 116 | range_hi_p90 | `.d1.rows[6].mde` | 0 | 200 | 209 |
| 2026-10-09_matilda_main_range_hi.md | 116 | range_hi_p90 | `.d1.rows[7].mde` | 0 | 280 | 284 |
| 2026-10-09_matilda_main_range_hi.md | 116 | range_hi_p90 | `.d1.segments.second.hi` | 0 | 200 | 194 |
| 2026-10-09_matilda_main_range_hi.md | 116 | range_hi_p90 | `.d1.segments.second.mean` | 0 | 280 | 277 |
| 2026-10-09_matilda_main_range_hi.md | 116 | range_hi_p90 | `.d3.groups.出の理由【結果で決まる群】.market.per_trade` | 0 | 280 | 279 |
| 2026-10-09_matilda_main_range_hi.md | 116 | range_hi_p90 | `.d3.trade_quantiles.0.05` | 0 | 200 | 198 |
| 2026-10-09_matilda_main_range_hi.md | 116 | range_hi_p90 | `.d3.trade_quantiles.0.99` | 0 | 200 | 207 |
| 2026-10-09_matilda_main_range_hi.md | 116 | range_hi_p90 | `.d7.years.2017.mean` | 0 | 280 | 276 |
| 2026-10-09_matilda_main_range_hi.md | 184 | range_hi_none | `.d1.rows[8].lo` | 0 | 400 | 409 |
| 2026-10-09_matilda_main_range_hi.md | 184 | range_hi_none | `.d1.segments.first.mean` | 0 | 400 | 391 |
| 2026-10-09_matilda_main_range_hi.md | 184 | range_hi_p90 | `.d1.rows[5].hi` | 0 | 400 | 394 |
| 2026-10-09_matilda_main_range_hi.md | 184 | range_hi_p90 | `.d1.segments.diff.hi` | 0 | 400 | 403 |
| 2026-10-09_matilda_main_range_hi.md | 195 | range_hi_none | `.d7.years.2019.lo` | 2 | 1.6 | 1.5 |
| 2026-10-09_matilda_main_range_hi.md | 195 | range_hi_p90 | `.d6.groups.11 分超.lo` | 2 | 2.6 | 2.5 |
| 2026-10-09_matilda_main_range_hi.md | 197 | range_hi_none | `.d6.groups.〜1 分.per_trade` | 2 | 2.4 | 2.3 |
| 2026-10-09_matilda_main_range_hi.md | 197 | range_hi_none | `.d7.years.2019.lo` | 2 | 1.6 | 1.5 |
| 2026-10-09_matilda_main_range_hi.md | 198 | range_hi_p90 | `.d3.groups.保有時間の帯【結果で決まる群】.〜0 分.per_trade` | 2 | 5.0 | 5.1 |
| 2026-10-09_matilda_main_range_hi.md | 201 | range_hi_p90 | `.d3.groups.保有時間の帯【結果で決まる群】.〜0 分.per_trade` | 2 | 5.0 | 5.1 |
| 2026-10-09_matilda_main_range_hi.md | 270 | range_hi_none | `.d6.groups.1 分超〜3 分.lo` | 2 | 1.4 | 1.5 |
| 2026-10-09_matilda_main_range_hi.md | 270 | range_hi_none | `.d7.years.2023.mde` | 2 | 1.2 | 1.1 |
| 2026-10-09_matilda_main_range_hi.md | 270 | range_hi_p75 | `.d6.groups.3 分超〜11 分.hi` | 2 | 1.2 | 1.1 |
| 2026-10-09_matilda_main_range_hi.md | 270 | range_hi_p90 | `.d6.groups.11 分超.lo` | 2 | 2.6 | 2.5 |
| 2026-10-09_matilda_main_range_hi.md | 292 | range_hi_p75 | `.d7.years.2022.lo` | 2 | 59.4 | 59.3 |
| 2026-10-09_matilda_main_range_hi.md | 295 | range_hi_p75 | `.d1.rows[1].hi` | 0 | 180 | 184 |
| 2026-10-09_matilda_main_range_hi.md | 295 | range_hi_p75 | `.d1.rows[6].mde` | 0 | 180 | 185 |
| 2026-10-09_matilda_main_range_hi.md | 295 | range_hi_p75 | `.d1.rows[8].mde` | 0 | 180 | 172 |
| 2026-10-09_matilda_main_range_hi.md | 295 | range_hi_p75 | `.d1.segments.first.mean` | 0 | 180 | 174 |
| 2026-10-09_matilda_main_range_hi.md | 295 | range_hi_p75 | `.d3.groups.出の理由【結果で決まる群】.break.per_trade` | 0 | 180 | 185 |
| 2026-10-09_matilda_main_range_hi.md | 295 | range_hi_p75 | `.d3.trade_quantiles.0.05` | 0 | 180 | 178 |
| 2026-10-09_matilda_main_range_hi.md | 295 | range_hi_p90 | `.d1.rows[4].lo` | 0 | 180 | 172 |
| 2026-10-09_matilda_main_range_hi.md | 295 | range_hi_p90 | `.d1.rows[8].hi` | 0 | 180 | 174 |
| 2026-10-09_matilda_main_range_hi.md | 295 | range_hi_p90 | `.d7.years.2021.mde` | 0 | 180 | 175 |
| 2026-10-09_matilda_main_range_hi.md | 315 | range_hi_none | `.d1.segments.second.hi` | 0 | 180 | 188 |
| 2026-10-09_matilda_main_range_hi.md | 315 | range_hi_p75 | `.d1.rows[1].hi` | 0 | 180 | 184 |
| 2026-10-09_matilda_main_range_hi.md | 315 | range_hi_p75 | `.d1.rows[6].mde` | 0 | 180 | 185 |
| 2026-10-09_matilda_main_range_hi.md | 315 | range_hi_p75 | `.d1.rows[8].mde` | 0 | 180 | 172 |
| 2026-10-09_matilda_main_range_hi.md | 315 | range_hi_p75 | `.d1.segments.first.mean` | 0 | 180 | 174 |
| 2026-10-09_matilda_main_range_hi.md | 315 | range_hi_p75 | `.d3.groups.出の理由【結果で決まる群】.break.per_trade` | 0 | 180 | 185 |
| 2026-10-09_matilda_main_range_hi.md | 315 | range_hi_p75 | `.d3.trade_quantiles.0.05` | 0 | 180 | 178 |
| 2026-10-09_matilda_main_range_hi.md | 315 | range_hi_p90 | `.d1.rows[4].lo` | 0 | 180 | 172 |
| 2026-10-09_matilda_main_range_hi.md | 315 | range_hi_p90 | `.d1.rows[8].hi` | 0 | 180 | 174 |
| 2026-10-09_matilda_main_range_hi.md | 315 | range_hi_p90 | `.d7.years.2018.mean` | 0 | 180 | 188 |
| 2026-10-09_matilda_main_range_hi.md | 315 | range_hi_p90 | `.d7.years.2021.mde` | 0 | 180 | 175 |
| 2026-10-09_matilda_main_range_hi.md | 317 | range_hi_none | `.d6.groups.〜1 分.hi` | 2 | 3.4 | 3.3 |
| 2026-10-09_matilda_main_range_hi.md | 319 | range_hi_none | `.d1.rows[0].hi` | 0 | 140 | 139 |
| 2026-10-09_matilda_main_range_hi.md | 319 | range_hi_none | `.d1.rows[2].mean` | 0 | 140 | 133 |
| 2026-10-09_matilda_main_range_hi.md | 319 | range_hi_none | `.d1.rows[6].hi` | 0 | 140 | 135 |
| 2026-10-09_matilda_main_range_hi.md | 319 | range_hi_none | `.d1.rows[7].hi` | 0 | 140 | 149 |
| 2026-10-09_matilda_main_range_hi.md | 319 | range_hi_none | `.d1.rows[8].hi` | 0 | 140 | 130 |
| 2026-10-09_matilda_main_range_hi.md | 319 | range_hi_none | `.d7.years.2019.mean` | 2 | 16.8 | 16.7 |
| 2026-10-09_matilda_main_range_hi.md | 319 | range_hi_p75 | `.d1.rows[3].mean` | 0 | 140 | 147 |
| 2026-10-09_matilda_main_range_hi.md | 319 | range_hi_p75 | `.d7.all.lo` | 0 | 140 | 138 |
| 2026-10-09_matilda_main_range_hi.md | 319 | range_hi_p75 | `.d7.years.2016.hi` | 0 | 140 | 138 |
| 2026-10-09_matilda_main_range_hi.md | 319 | range_hi_p75 | `.d7.years.2022.hi` | 0 | 140 | 139 |
| 2026-10-09_matilda_main_range_hi.md | 319 | range_hi_p75 | `.d7.years.2022.mde` | 0 | 140 | 139 |
| 2026-10-09_matilda_main_range_hi.md | 319 | range_hi_p90 | `.d1.rows[2].lo` | 0 | 140 | 150 |
| 2026-10-09_matilda_main_range_hi.md | 319 | range_hi_p90 | `.d1.segments.first.lo` | 0 | 140 | 136 |
| 2026-10-09_matilda_main_range_hi.md | 319 | range_hi_p90 | `.d7.years.2019.mde` | 0 | 140 | 132 |
| 2026-10-09_matilda_main_range_hi.md | 319 | range_hi_p90 | `.d7.years.2020.lo` | 0 | 140 | 147 |
| 2026-10-09_matilda_main_range_hi.md | 370 | range_hi_p90 | `.d3.groups.保有時間の帯【結果で決まる群】.〜0 分.per_trade` | 2 | 5.0 | 5.1 |
| 2026-10-09_matilda_main_range_hi.md | 376 | range_hi_none | `.d6.groups.1 分超〜3 分.lo` | 2 | 1.4 | 1.5 |
| 2026-10-09_matilda_main_range_hi.md | 376 | range_hi_none | `.d7.years.2021.hi` | 2 | 28.0 | 28.1 |
| 2026-10-09_matilda_main_range_hi.md | 376 | range_hi_p90 | `.d6.groups.11 分超.per_trade` | 2 | 1.4 | 1.3 |
| 2026-10-09_matilda_main_range_hi.md | 400 | range_hi_none | `.d1.rows[1].mean` | 0 | 260 | 263 |
| 2026-10-09_matilda_main_range_hi.md | 400 | range_hi_none | `.d1.rows[8].mean` | 0 | 260 | 263 |
| 2026-10-09_matilda_main_range_hi.md | 400 | range_hi_none | `.d1.segments.first.lo` | 0 | 260 | 256 |
| 2026-10-09_matilda_main_range_hi.md | 400 | range_hi_p75 | `.d1.rows[4].mean` | 0 | 260 | 254 |
| 2026-10-09_matilda_main_range_hi.md | 400 | range_hi_p75 | `.d3.groups.出の理由【結果で決まる群】.market.lo` | 0 | 260 | 267 |
| 2026-10-09_matilda_main_range_hi.md | 400 | range_hi_p75 | `.d7.years.2021.hi` | 0 | 260 | 262 |
| 2026-10-09_matilda_main_range_hi.md | 400 | range_hi_p75 | `.d7.years.2021.mde` | 0 | 260 | 258 |
| 2026-10-09_matilda_main_range_hi.md | 400 | range_hi_p90 | `.d3.groups.出の理由【結果で決まる群】.market.hi` | 0 | 260 | 251 |
| 2026-10-09_matilda_main_range_hi.md | 401 | range_hi_none | `.d1.segments.second.lo` | 0 | 360 | 358 |
| 2026-10-09_matilda_main_range_hi.md | 401 | range_hi_none | `.d3.groups.出の理由【結果で決まる群】.market.lo` | 0 | 360 | 361 |
| 2026-10-09_matilda_main_range_hi.md | 401 | range_hi_p90 | `.d1.rows[4].mean` | 0 | 360 | 355 |
| 2026-10-09_matilda_main_range_hi.md | 401 | range_hi_p90 | `.d7.years.2017.mde` | 0 | 360 | 351 |
| 2026-10-09_matilda_main_range_hi.md | 401 | range_hi_p90 | `.d7.years.2018.lo` | 0 | 360 | 358 |
| 2026-10-09_matilda_main_range_hi.md | 403 | range_hi_none | `.d1.segments.second.lo` | 0 | 360 | 358 |
| 2026-10-09_matilda_main_range_hi.md | 403 | range_hi_none | `.d3.groups.出の理由【結果で決まる群】.market.lo` | 0 | 360 | 361 |
| 2026-10-09_matilda_main_range_hi.md | 403 | range_hi_p75 | `.d1.rows[8].lo` | 0 | 360 | 356 |
| 2026-10-09_matilda_main_range_hi.md | 403 | range_hi_p90 | `.d1.rows[4].mean` | 0 | 360 | 355 |
| 2026-10-09_matilda_main_range_hi.md | 403 | range_hi_p90 | `.d1.segments.second.lo` | 0 | 360 | 356 |
| 2026-10-09_matilda_main_range_hi.md | 403 | range_hi_p90 | `.d7.years.2017.mde` | 0 | 360 | 351 |
| 2026-10-09_matilda_main_range_hi.md | 403 | range_hi_p90 | `.d7.years.2018.lo` | 0 | 360 | 358 |
| 2026-10-09_matilda_main_range_hi.md | 419 | range_hi_p75 | `.d7.years.2022.lo` | 2 | 59.4 | 59.3 |
| 2026-10-09_matilda_main_range_hi.md | 422 | range_hi_p90 | `.d3.groups.保有時間の帯【結果で決まる群】.〜0 分.per_trade` | 2 | 5.0 | 5.1 |
| 2026-10-09_matilda_main_range_lo.md | 5 | range_lo_p25 | `.d1.segments.diff.lo` | 0 | 660 | 652 |
| 2026-10-09_matilda_main_range_lo.md | 23 | range_lo_none | `.d6.groups.〜1 分.lo` | 2 | 1.4 | 1.3 |
| 2026-10-09_matilda_main_range_lo.md | 23 | range_lo_p10 | `.d6.groups.〜1 分.lo` | 2 | 1.4 | 1.3 |
| 2026-10-09_matilda_main_range_lo.md | 23 | range_lo_p50 | `.d6.groups.3 分超〜16 分.per_trade` | 2 | 1.4 | 1.3 |
| 2026-10-09_matilda_main_range_lo.md | 62 | range_lo_none | `.d6.groups.〜1 分.lo` | 2 | 1.4 | 1.3 |
| 2026-10-09_matilda_main_range_lo.md | 62 | range_lo_p10 | `.d6.groups.〜1 分.lo` | 2 | 1.4 | 1.3 |
| 2026-10-09_matilda_main_range_lo.md | 62 | range_lo_p50 | `.d6.groups.3 分超〜16 分.per_trade` | 2 | 1.4 | 1.3 |
| 2026-10-09_matilda_main_range_lo.md | 85 | range_lo_none | `.d1.rows[3].hi` | 0 | 900 | 905 |
| 2026-10-09_matilda_main_range_lo.md | 114 | range_lo_none | `.d1.rows[7].mde` | 0 | 360 | 353 |
| 2026-10-09_matilda_main_range_lo.md | 114 | range_lo_none | `.d3.groups.出の理由【結果で決まる群】.market.lo` | 0 | 360 | 361 |
| 2026-10-09_matilda_main_range_lo.md | 114 | range_lo_p10 | `.d1.rows[7].mde` | 0 | 360 | 353 |
| 2026-10-09_matilda_main_range_lo.md | 114 | range_lo_p25 | `.d1.rows[7].mde` | 0 | 360 | 354 |
| 2026-10-09_matilda_main_range_lo.md | 114 | range_lo_p25 | `.d1.rows[7].mean` | 0 | 360 | 358 |
| 2026-10-09_matilda_main_range_lo.md | 114 | range_lo_p25 | `.d1.rows[8].lo` | 0 | 360 | 364 |
| 2026-10-09_matilda_main_range_lo.md | 114 | range_lo_p25 | `.d3.groups.出の理由【結果で決まる群】.market.per_trade` | 0 | 360 | 357 |
| 2026-10-09_matilda_main_range_lo.md | 114 | range_lo_p50 | `.d1.rows[5].hi` | 0 | 360 | 352 |
| 2026-10-09_matilda_main_range_lo.md | 114 | range_lo_p50 | `.d3.groups.出の理由【結果で決まる群】.market.hi` | 0 | 360 | 365 |
| 2026-10-09_matilda_main_range_lo.md | 115 | range_lo_none | `.d1.rows[0].hi` | 0 | 120 | 124 |
| 2026-10-09_matilda_main_range_lo.md | 115 | range_lo_none | `.d1.rows[0].mde` | 0 | 120 | 123 |
| 2026-10-09_matilda_main_range_lo.md | 115 | range_lo_none | `.d3.trade_quantiles.0.95` | 0 | 120 | 127 |
| 2026-10-09_matilda_main_range_lo.md | 115 | range_lo_p10 | `.d1.rows[0].mde` | 0 | 120 | 121 |
| 2026-10-09_matilda_main_range_lo.md | 115 | range_lo_p10 | `.d1.rows[5].lo` | 0 | 120 | 119 |
| 2026-10-09_matilda_main_range_lo.md | 115 | range_lo_p10 | `.d1.rows[8].hi` | 0 | 120 | 123 |
| 2026-10-09_matilda_main_range_lo.md | 115 | range_lo_p25 | `.d1.rows[0].mde` | 0 | 120 | 118 |
| 2026-10-09_matilda_main_range_lo.md | 115 | range_lo_p25 | `.d1.rows[2].mean` | 0 | 120 | 116 |
| 2026-10-09_matilda_main_range_lo.md | 115 | range_lo_p25 | `.d1.rows[5].lo` | 0 | 120 | 119 |
| 2026-10-09_matilda_main_range_lo.md | 115 | range_lo_p25 | `.d1.rows[9].hi` | 0 | 120 | 127 |
| 2026-10-09_matilda_main_range_lo.md | 115 | range_lo_p25 | `.d1.segments.second.mde` | 0 | 120 | 121 |
| 2026-10-09_matilda_main_range_lo.md | 115 | range_lo_p50 | `.d1.rows[1].mean` | 0 | 120 | 111 |
| 2026-10-09_matilda_main_range_lo.md | 115 | range_lo_p50 | `.d1.rows[6].mean` | 0 | 120 | 116 |
| 2026-10-09_matilda_main_range_lo.md | 115 | range_lo_p50 | `.d1.segments.second.mde` | 0 | 120 | 112 |
| 2026-10-09_matilda_main_range_lo.md | 115 | range_lo_p50 | `.d7.years.2019.lo` | 0 | 120 | 115 |
| 2026-10-09_matilda_main_range_lo.md | 115 | range_lo_p50 | `.d7.years.2020.mean` | 0 | 120 | 110 |
| 2026-10-09_matilda_main_range_lo.md | 116 | range_lo_none | `.d1.segments.second.hi` | 0 | 180 | 184 |
| 2026-10-09_matilda_main_range_lo.md | 116 | range_lo_p10 | `.d1.rows[3].lo` | 0 | 180 | 175 |
| 2026-10-09_matilda_main_range_lo.md | 116 | range_lo_p10 | `.d1.rows[6].hi` | 0 | 180 | 187 |
| 2026-10-09_matilda_main_range_lo.md | 116 | range_lo_p10 | `.d7.years.2016.lo` | 0 | 180 | 171 |
| 2026-10-09_matilda_main_range_lo.md | 116 | range_lo_p25 | `.d1.rows[3].lo` | 0 | 180 | 181 |
| 2026-10-09_matilda_main_range_lo.md | 116 | range_lo_p50 | `.d1.rows[2].mean` | 0 | 180 | 179 |
| 2026-10-09_matilda_main_range_lo.md | 116 | range_lo_p50 | `.d1.rows[3].lo` | 0 | 180 | 178 |
| 2026-10-09_matilda_main_range_lo.md | 116 | range_lo_p50 | `.d1.rows[8].mde` | 0 | 180 | 187 |
| 2026-10-09_matilda_main_range_lo.md | 116 | range_lo_p50 | `.d1.rows[9].lo` | 0 | 180 | 185 |
| 2026-10-09_matilda_main_range_lo.md | 116 | range_lo_p50 | `.d1.rows[9].mde` | 0 | 180 | 170 |
| 2026-10-09_matilda_main_range_lo.md | 116 | range_lo_p50 | `.d1.segments.diff.hi` | 0 | 180 | 173 |
| 2026-10-09_matilda_main_range_lo.md | 116 | range_lo_p50 | `.d1.segments.first.mde` | 0 | 180 | 176 |
| 2026-10-09_matilda_main_range_lo.md | 116 | range_lo_p50 | `.d7.years.2015.mde` | 0 | 180 | 185 |
| 2026-10-09_matilda_main_range_lo.md | 116 | range_lo_p50 | `.d7.years.2020.hi` | 0 | 180 | 181 |
| 2026-10-09_matilda_main_range_lo.md | 118 | range_lo_none | `.d1.rows[7].mde` | 0 | 360 | 353 |
| 2026-10-09_matilda_main_range_lo.md | 118 | range_lo_none | `.d3.groups.出の理由【結果で決まる群】.market.lo` | 0 | 360 | 361 |
| 2026-10-09_matilda_main_range_lo.md | 118 | range_lo_p10 | `.d1.rows[7].mde` | 0 | 360 | 353 |
| 2026-10-09_matilda_main_range_lo.md | 118 | range_lo_p25 | `.d1.rows[7].mde` | 0 | 360 | 354 |
| 2026-10-09_matilda_main_range_lo.md | 118 | range_lo_p25 | `.d1.rows[7].mean` | 0 | 360 | 358 |
| 2026-10-09_matilda_main_range_lo.md | 118 | range_lo_p25 | `.d1.rows[8].lo` | 0 | 360 | 364 |
| 2026-10-09_matilda_main_range_lo.md | 118 | range_lo_p25 | `.d3.groups.出の理由【結果で決まる群】.market.per_trade` | 0 | 360 | 357 |
| 2026-10-09_matilda_main_range_lo.md | 118 | range_lo_p50 | `.d1.rows[5].hi` | 0 | 360 | 352 |
| 2026-10-09_matilda_main_range_lo.md | 118 | range_lo_p50 | `.d3.groups.出の理由【結果で決まる群】.market.hi` | 0 | 360 | 365 |
| 2026-10-09_matilda_main_range_lo.md | 126 | range_lo_none | `.d7.match.sum_only_a` | 0 | 100 | 94 |
| 2026-10-09_matilda_main_range_lo.md | 126 | range_lo_p25 | `.d1.segments.second.hi` | 0 | 100 | 105 |
| 2026-10-09_matilda_main_range_lo.md | 126 | range_lo_p25 | `.d7.years.2015.hi` | 0 | 100 | 91 |
| 2026-10-09_matilda_main_range_lo.md | 126 | range_lo_p25 | `.d7.years.2020.hi` | 0 | 100 | 107 |
| 2026-10-09_matilda_main_range_lo.md | 126 | range_lo_p50 | `.d1.rows[0].mde` | 0 | 100 | 106 |
| 2026-10-09_matilda_main_range_lo.md | 126 | range_lo_p50 | `.d1.rows[0].mean` | 0 | 100 | 91 |
| 2026-10-09_matilda_main_range_lo.md | 126 | range_lo_p50 | `.d7.years.2017.lo` | 0 | 100 | 108 |
| 2026-10-09_matilda_main_range_lo.md | 126 | range_lo_p50 | `.d7.years.2017.mde` | 0 | 100 | 102 |
| 2026-10-09_matilda_main_range_lo.md | 126 | range_lo_p50 | `.d7.years.2018.mde` | 0 | 100 | 102 |
| 2026-10-09_matilda_main_range_lo.md | 126 | range_lo_p50 | `.d7.years.2019.mde` | 0 | 100 | 97 |
| 2026-10-09_matilda_main_range_lo.md | 126 | range_lo_p50 | `.d7.years.2020.mde` | 0 | 100 | 103 |
| 2026-10-09_matilda_main_range_lo.md | 126 | range_lo_p50 | `.d7.years.2021.lo` | 0 | 100 | 103 |
| 2026-10-09_matilda_main_range_lo.md | 126 | range_lo_p50 | `.d7.years.2022.lo` | 0 | 100 | 103 |
| 2026-10-09_matilda_main_range_lo.md | 194 | range_lo_none | `.d1.rows[5].hi` | 0 | 400 | 394 |
| 2026-10-09_matilda_main_range_lo.md | 194 | range_lo_none | `.d1.rows[8].lo` | 0 | 400 | 409 |
| 2026-10-09_matilda_main_range_lo.md | 194 | range_lo_p10 | `.d1.rows[8].lo` | 0 | 400 | 401 |
| 2026-10-09_matilda_main_range_lo.md | 194 | range_lo_p50 | `.d3.groups.出の理由【結果で決まる群】.break.hi` | 0 | 400 | 396 |
| 2026-10-09_matilda_main_range_lo.md | 194 | range_lo_p50 | `.d3.trade_quantiles.0.05` | 0 | 400 | 392 |
| 2026-10-09_matilda_main_range_lo.md | 194 | range_lo_p50 | `.d3.trade_quantiles.0.99` | 0 | 400 | 397 |
| 2026-10-09_matilda_main_range_lo.md | 195 | range_lo_none | `.d3.groups.出の理由【結果で決まる群】.close.lo` | 2 | 34.8 | 34.7 |
| 2026-10-09_matilda_main_range_lo.md | 197 | range_lo_none | `.d1.rows[7].mde` | 0 | 360 | 353 |
| 2026-10-09_matilda_main_range_lo.md | 197 | range_lo_none | `.d1.rows[7].mde` | 0 | 360.0 | 352.8 |
| 2026-10-09_matilda_main_range_lo.md | 197 | range_lo_none | `.d1.segments.first.mean` | 0 | 360 | 362 |
| 2026-10-09_matilda_main_range_lo.md | 197 | range_lo_none | `.d1.segments.first.mean` | 0 | 360.0 | 362.3 |
| 2026-10-09_matilda_main_range_lo.md | 197 | range_lo_none | `.d3.groups.出の理由【結果で決まる群】.market.lo` | 0 | 360 | 361 |
| 2026-10-09_matilda_main_range_lo.md | 197 | range_lo_none | `.d3.groups.出の理由【結果で決まる群】.market.lo` | 0 | 360.0 | 361.4 |
| 2026-10-09_matilda_main_range_lo.md | 197 | range_lo_p10 | `.d1.rows[7].mde` | 0 | 360 | 353 |
| 2026-10-09_matilda_main_range_lo.md | 197 | range_lo_p10 | `.d1.rows[7].mde` | 0 | 360.0 | 352.6 |
| 2026-10-09_matilda_main_range_lo.md | 197 | range_lo_p25 | `.d1.rows[2].lo` | 0 | 360 | 362 |
| 2026-10-09_matilda_main_range_lo.md | 197 | range_lo_p25 | `.d1.rows[2].lo` | 0 | 360.0 | 361.7 |
| 2026-10-09_matilda_main_range_lo.md | 197 | range_lo_p25 | `.d1.rows[7].mde` | 0 | 360 | 354 |
| 2026-10-09_matilda_main_range_lo.md | 197 | range_lo_p25 | `.d1.rows[7].mde` | 0 | 360.0 | 353.6 |
| 2026-10-09_matilda_main_range_lo.md | 197 | range_lo_p25 | `.d1.rows[7].mean` | 0 | 360 | 358 |
| 2026-10-09_matilda_main_range_lo.md | 197 | range_lo_p25 | `.d1.rows[7].mean` | 0 | 360.0 | 357.8 |
| 2026-10-09_matilda_main_range_lo.md | 197 | range_lo_p25 | `.d1.rows[8].lo` | 0 | 360 | 364 |
| 2026-10-09_matilda_main_range_lo.md | 197 | range_lo_p25 | `.d1.rows[8].lo` | 0 | 360.0 | 364.2 |
| 2026-10-09_matilda_main_range_lo.md | 197 | range_lo_p25 | `.d3.groups.出の理由【結果で決まる群】.market.per_trade` | 0 | 360 | 357 |
| 2026-10-09_matilda_main_range_lo.md | 197 | range_lo_p25 | `.d3.groups.出の理由【結果で決まる群】.market.per_trade` | 0 | 360.0 | 357.1 |
| 2026-10-09_matilda_main_range_lo.md | 197 | range_lo_p50 | `.d1.rows[5].hi` | 0 | 360 | 352 |
| 2026-10-09_matilda_main_range_lo.md | 197 | range_lo_p50 | `.d1.rows[5].hi` | 0 | 360.0 | 352.1 |
| 2026-10-09_matilda_main_range_lo.md | 197 | range_lo_p50 | `.d3.groups.出の理由【結果で決まる群】.market.hi` | 0 | 360 | 365 |
| 2026-10-09_matilda_main_range_lo.md | 197 | range_lo_p50 | `.d3.groups.出の理由【結果で決まる群】.market.hi` | 0 | 360.0 | 365.1 |
| 2026-10-09_matilda_main_range_lo.md | 208 | range_lo_none | `.d7.match.sum_only_a` | 0 | 100 | 94 |
| 2026-10-09_matilda_main_range_lo.md | 208 | range_lo_p25 | `.d1.segments.second.hi` | 0 | 100 | 105 |
| 2026-10-09_matilda_main_range_lo.md | 208 | range_lo_p25 | `.d7.years.2015.hi` | 0 | 100 | 91 |
| 2026-10-09_matilda_main_range_lo.md | 208 | range_lo_p25 | `.d7.years.2020.hi` | 0 | 100 | 107 |
| 2026-10-09_matilda_main_range_lo.md | 208 | range_lo_p50 | `.d1.rows[0].mde` | 0 | 100 | 106 |
| 2026-10-09_matilda_main_range_lo.md | 208 | range_lo_p50 | `.d1.rows[0].mean` | 0 | 100 | 91 |
| 2026-10-09_matilda_main_range_lo.md | 208 | range_lo_p50 | `.d7.years.2017.lo` | 0 | 100 | 108 |
| 2026-10-09_matilda_main_range_lo.md | 208 | range_lo_p50 | `.d7.years.2017.mde` | 0 | 100 | 102 |
| 2026-10-09_matilda_main_range_lo.md | 208 | range_lo_p50 | `.d7.years.2018.mde` | 0 | 100 | 102 |
| 2026-10-09_matilda_main_range_lo.md | 208 | range_lo_p50 | `.d7.years.2019.mde` | 0 | 100 | 97 |
| 2026-10-09_matilda_main_range_lo.md | 208 | range_lo_p50 | `.d7.years.2020.mde` | 0 | 100 | 103 |
| 2026-10-09_matilda_main_range_lo.md | 208 | range_lo_p50 | `.d7.years.2021.lo` | 0 | 100 | 103 |
| 2026-10-09_matilda_main_range_lo.md | 208 | range_lo_p50 | `.d7.years.2022.lo` | 0 | 100 | 103 |
| 2026-10-09_matilda_main_range_lo.md | 210 | range_lo_p10 | `.d1.rows[0].mean` | 2 | 40.6 | 40.5 |
| 2026-10-09_matilda_main_range_lo.md | 210 | range_lo_p50 | `.d7.years.2015.hi` | 2 | 285.8 | 285.7 |
| 2026-10-09_matilda_main_range_lo.md | 269 | range_lo_none | `.d1.rows[5].mean` | 0 | 240 | 244 |
| 2026-10-09_matilda_main_range_lo.md | 269 | range_lo_none | `.d1.rows[9].mde` | 0 | 240 | 232 |
| 2026-10-09_matilda_main_range_lo.md | 269 | range_lo_none | `.d1.segments.first.lo` | 0 | 240 | 231 |
| 2026-10-09_matilda_main_range_lo.md | 269 | range_lo_none | `.d3.groups.出の理由【結果で決まる群】.break.hi` | 0 | 240 | 246 |
| 2026-10-09_matilda_main_range_lo.md | 269 | range_lo_p25 | `.d7.years.2016.mean` | 0 | 240 | 249 |
| 2026-10-09_matilda_main_range_lo.md | 269 | range_lo_p50 | `.d1.rows[6].hi` | 0 | 240 | 248 |
| 2026-10-09_matilda_main_range_lo.md | 269 | range_lo_p50 | `.d1.rows[7].mean` | 0 | 240 | 232 |
| 2026-10-09_matilda_main_range_lo.md | 269 | range_lo_p50 | `.d7.years.2016.mde` | 0 | 240 | 243 |
| 2026-10-09_matilda_main_range_lo.md | 284 | range_lo_p25 | `.d6.groups.1 分超〜3 分.hi` | 2 | 2.0 | 2.1 |
| 2026-10-09_matilda_main_range_lo.md | 284 | range_lo_p25 | `.d6.groups.13 分超.hi` | 2 | 2.4 | 2.3 |
| 2026-10-09_matilda_main_range_lo.md | 309 | range_lo_p10 | `.d7.years.2017.hi` | 2 | 12.0 | 11.9 |
| 2026-10-09_matilda_main_range_lo.md | 323 | range_lo_none | `.d6.groups.11 分超.lo` | 2 | 1.8 | 1.7 |
| 2026-10-09_matilda_main_range_lo.md | 342 | range_lo_none | `.d1.rows[7].mde` | 0 | 360 | 353 |
| 2026-10-09_matilda_main_range_lo.md | 342 | range_lo_none | `.d1.segments.first.mean` | 0 | 360 | 362 |
| 2026-10-09_matilda_main_range_lo.md | 342 | range_lo_none | `.d3.groups.出の理由【結果で決まる群】.market.lo` | 0 | 360 | 361 |
| 2026-10-09_matilda_main_range_lo.md | 342 | range_lo_p10 | `.d1.rows[7].mde` | 0 | 360 | 353 |
| 2026-10-09_matilda_main_range_lo.md | 342 | range_lo_p25 | `.d1.rows[2].lo` | 0 | 360 | 362 |
| 2026-10-09_matilda_main_range_lo.md | 342 | range_lo_p25 | `.d1.rows[7].mde` | 0 | 360 | 354 |
| 2026-10-09_matilda_main_range_lo.md | 342 | range_lo_p25 | `.d1.rows[7].mean` | 0 | 360 | 358 |
| 2026-10-09_matilda_main_range_lo.md | 342 | range_lo_p25 | `.d1.rows[8].lo` | 0 | 360 | 364 |
| 2026-10-09_matilda_main_range_lo.md | 342 | range_lo_p25 | `.d3.groups.出の理由【結果で決まる群】.market.per_trade` | 0 | 360 | 357 |
| 2026-10-09_matilda_main_range_lo.md | 342 | range_lo_p50 | `.d1.rows[5].hi` | 0 | 360 | 352 |
| 2026-10-09_matilda_main_range_lo.md | 342 | range_lo_p50 | `.d3.groups.出の理由【結果で決まる群】.market.hi` | 0 | 360 | 365 |
| 2026-10-09_matilda_main_range_lo.md | 369 | range_lo_none | `.d1.rows[7].mde` | 0 | 360 | 353 |
| 2026-10-09_matilda_main_range_lo.md | 369 | range_lo_none | `.d1.segments.first.mean` | 0 | 360 | 362 |
| 2026-10-09_matilda_main_range_lo.md | 369 | range_lo_none | `.d3.groups.出の理由【結果で決まる群】.market.lo` | 0 | 360 | 361 |
| 2026-10-09_matilda_main_range_lo.md | 369 | range_lo_p10 | `.d1.rows[7].mde` | 0 | 360 | 353 |
| 2026-10-09_matilda_main_range_lo.md | 369 | range_lo_p25 | `.d1.rows[2].lo` | 0 | 360 | 362 |
| 2026-10-09_matilda_main_range_lo.md | 369 | range_lo_p25 | `.d1.rows[7].mde` | 0 | 360 | 354 |
| 2026-10-09_matilda_main_range_lo.md | 369 | range_lo_p25 | `.d1.rows[7].mean` | 0 | 360 | 358 |
| 2026-10-09_matilda_main_range_lo.md | 369 | range_lo_p25 | `.d1.rows[8].lo` | 0 | 360 | 364 |
| 2026-10-09_matilda_main_range_lo.md | 369 | range_lo_p25 | `.d3.groups.出の理由【結果で決まる群】.market.per_trade` | 0 | 360 | 357 |
| 2026-10-09_matilda_main_range_lo.md | 369 | range_lo_p50 | `.d1.rows[5].hi` | 0 | 360 | 352 |
| 2026-10-09_matilda_main_range_lo.md | 369 | range_lo_p50 | `.d3.groups.出の理由【結果で決まる群】.market.hi` | 0 | 360 | 365 |
| 2026-10-09_matilda_main_range_lo.md | 373 | range_lo_none | `.d6.groups.11 分超.lo` | 2 | 1.8 | 1.7 |
| 2026-10-09_matilda_main_range_lo.md | 374 | range_lo_none | `.d1.rows[7].mde` | 0 | 360 | 353 |
| 2026-10-09_matilda_main_range_lo.md | 374 | range_lo_none | `.d1.segments.first.mean` | 0 | 360 | 362 |
| 2026-10-09_matilda_main_range_lo.md | 374 | range_lo_none | `.d3.groups.出の理由【結果で決まる群】.market.lo` | 0 | 360 | 361 |
| 2026-10-09_matilda_main_range_lo.md | 374 | range_lo_p10 | `.d1.rows[7].mde` | 0 | 360 | 353 |
| 2026-10-09_matilda_main_range_lo.md | 374 | range_lo_p25 | `.d1.rows[2].lo` | 0 | 360 | 362 |
| 2026-10-09_matilda_main_range_lo.md | 374 | range_lo_p25 | `.d1.rows[7].mde` | 0 | 360 | 354 |
| 2026-10-09_matilda_main_range_lo.md | 374 | range_lo_p25 | `.d1.rows[7].mean` | 0 | 360 | 358 |
| 2026-10-09_matilda_main_range_lo.md | 374 | range_lo_p25 | `.d1.rows[8].lo` | 0 | 360 | 364 |
| 2026-10-09_matilda_main_range_lo.md | 374 | range_lo_p25 | `.d3.groups.出の理由【結果で決まる群】.market.per_trade` | 0 | 360 | 357 |
| 2026-10-09_matilda_main_range_lo.md | 374 | range_lo_p50 | `.d1.rows[5].hi` | 0 | 360 | 352 |
| 2026-10-09_matilda_main_range_lo.md | 374 | range_lo_p50 | `.d3.groups.出の理由【結果で決まる群】.market.hi` | 0 | 360 | 365 |
| 2026-10-09_matilda_main_range_lo.md | 401 | range_lo_none | `.d1.rows[7].mde` | 0 | 360 | 353 |
| 2026-10-09_matilda_main_range_lo.md | 401 | range_lo_none | `.d3.groups.出の理由【結果で決まる群】.market.lo` | 0 | 360 | 361 |
| 2026-10-09_matilda_main_range_lo.md | 401 | range_lo_p10 | `.d1.rows[7].mde` | 0 | 360 | 353 |
| 2026-10-09_matilda_main_range_lo.md | 401 | range_lo_p25 | `.d1.rows[7].mde` | 0 | 360 | 354 |
| 2026-10-09_matilda_main_range_lo.md | 401 | range_lo_p25 | `.d1.rows[7].mean` | 0 | 360 | 358 |
| 2026-10-09_matilda_main_range_lo.md | 401 | range_lo_p25 | `.d1.rows[8].lo` | 0 | 360 | 364 |
| 2026-10-09_matilda_main_range_lo.md | 401 | range_lo_p25 | `.d3.groups.出の理由【結果で決まる群】.market.per_trade` | 0 | 360 | 357 |
| 2026-10-09_matilda_main_range_lo.md | 401 | range_lo_p50 | `.d1.rows[5].hi` | 0 | 360 | 352 |
| 2026-10-09_matilda_main_range_lo.md | 401 | range_lo_p50 | `.d3.groups.出の理由【結果で決まる群】.market.hi` | 0 | 360 | 365 |
| 2026-10-09_matilda_main_range_lo.md | 403 | range_lo_none | `.d1.segments.second.hi` | 0 | 180 | 184 |
| 2026-10-09_matilda_main_range_lo.md | 403 | range_lo_p10 | `.d1.rows[3].lo` | 0 | 180 | 175 |
| 2026-10-09_matilda_main_range_lo.md | 403 | range_lo_p10 | `.d1.rows[6].hi` | 0 | 180 | 187 |
| 2026-10-09_matilda_main_range_lo.md | 403 | range_lo_p10 | `.d7.years.2016.lo` | 0 | 180 | 171 |
| 2026-10-09_matilda_main_range_lo.md | 403 | range_lo_p25 | `.d1.rows[3].lo` | 0 | 180 | 181 |
| 2026-10-09_matilda_main_range_lo.md | 403 | range_lo_p25 | `.d1.segments.first.mde` | 0 | 180 | 189 |
| 2026-10-09_matilda_main_range_lo.md | 403 | range_lo_p50 | `.d1.rows[2].mean` | 0 | 180 | 179 |
| 2026-10-09_matilda_main_range_lo.md | 403 | range_lo_p50 | `.d1.rows[3].lo` | 0 | 180 | 178 |
| 2026-10-09_matilda_main_range_lo.md | 403 | range_lo_p50 | `.d1.rows[8].mde` | 0 | 180 | 187 |
| 2026-10-09_matilda_main_range_lo.md | 403 | range_lo_p50 | `.d1.rows[9].lo` | 0 | 180 | 185 |
| 2026-10-09_matilda_main_range_lo.md | 403 | range_lo_p50 | `.d1.rows[9].mde` | 0 | 180 | 170 |
| 2026-10-09_matilda_main_range_lo.md | 403 | range_lo_p50 | `.d1.segments.diff.hi` | 0 | 180 | 173 |
| 2026-10-09_matilda_main_range_lo.md | 403 | range_lo_p50 | `.d1.segments.first.mde` | 0 | 180 | 176 |
| 2026-10-09_matilda_main_range_lo.md | 403 | range_lo_p50 | `.d7.years.2015.mde` | 0 | 180 | 185 |
| 2026-10-09_matilda_main_range_lo.md | 403 | range_lo_p50 | `.d7.years.2020.hi` | 0 | 180 | 181 |
| 2026-10-09_matilda_main_range_lo.md | 405 | range_lo_none | `.d1.rows[7].mde` | 0 | 360 | 353 |
| 2026-10-09_matilda_main_range_lo.md | 405 | range_lo_none | `.d3.groups.出の理由【結果で決まる群】.market.lo` | 0 | 360 | 361 |
| 2026-10-09_matilda_main_range_lo.md | 405 | range_lo_p10 | `.d1.rows[7].mde` | 0 | 360 | 353 |
| 2026-10-09_matilda_main_range_lo.md | 405 | range_lo_p25 | `.d1.rows[7].mde` | 0 | 360 | 354 |
| 2026-10-09_matilda_main_range_lo.md | 405 | range_lo_p25 | `.d1.rows[7].mean` | 0 | 360 | 358 |
| 2026-10-09_matilda_main_range_lo.md | 405 | range_lo_p25 | `.d1.rows[8].lo` | 0 | 360 | 364 |
| 2026-10-09_matilda_main_range_lo.md | 405 | range_lo_p25 | `.d3.groups.出の理由【結果で決まる群】.market.per_trade` | 0 | 360 | 357 |
| 2026-10-09_matilda_main_range_lo.md | 405 | range_lo_p50 | `.d1.rows[5].hi` | 0 | 360 | 352 |
| 2026-10-09_matilda_main_range_lo.md | 405 | range_lo_p50 | `.d3.groups.出の理由【結果で決まる群】.market.hi` | 0 | 360 | 365 |
| 2026-10-09_matilda_main_range_lo.md | 421 | range_lo_p10 | `.d7.years.2017.hi` | 2 | 12.0 | 11.9 |
| 2026-10-09_matilda_main_range_lo.md | 426 | range_lo_none | `.d6.groups.11 分超.lo` | 2 | 1.8 | 1.7 |
| 2026-10-09_matilda_main_range_lo.md | 429 | range_lo_none | `.d1.rows[7].mde` | 0 | 360 | 353 |
| 2026-10-09_matilda_main_range_lo.md | 429 | range_lo_none | `.d1.segments.first.mean` | 0 | 360 | 362 |
| 2026-10-09_matilda_main_range_lo.md | 429 | range_lo_none | `.d3.groups.出の理由【結果で決まる群】.market.lo` | 0 | 360 | 361 |
| 2026-10-09_matilda_main_range_lo.md | 429 | range_lo_p10 | `.d1.rows[7].mde` | 0 | 360 | 353 |
| 2026-10-09_matilda_main_range_lo.md | 429 | range_lo_p25 | `.d1.rows[2].lo` | 0 | 360 | 362 |
| 2026-10-09_matilda_main_range_lo.md | 429 | range_lo_p25 | `.d1.rows[7].mde` | 0 | 360 | 354 |
| 2026-10-09_matilda_main_range_lo.md | 429 | range_lo_p25 | `.d1.rows[7].mean` | 0 | 360 | 358 |
| 2026-10-09_matilda_main_range_lo.md | 429 | range_lo_p25 | `.d1.rows[8].lo` | 0 | 360 | 364 |
| 2026-10-09_matilda_main_range_lo.md | 429 | range_lo_p25 | `.d3.groups.出の理由【結果で決まる群】.market.per_trade` | 0 | 360 | 357 |
| 2026-10-09_matilda_main_range_lo.md | 429 | range_lo_p50 | `.d1.rows[5].hi` | 0 | 360 | 352 |
| 2026-10-09_matilda_main_range_lo.md | 429 | range_lo_p50 | `.d3.groups.出の理由【結果で決まる群】.market.hi` | 0 | 360 | 365 |
| 2026-10-09_matilda_main_range_lo.md | 431 | range_lo_none | `.d1.segments.first.mean` | 0 | 360 | 362 |
| 2026-10-09_matilda_main_range_lo.md | 431 | range_lo_none | `.d3.groups.出の理由【結果で決まる群】.market.lo` | 0 | 360 | 361 |
| 2026-10-09_matilda_main_range_lo.md | 431 | range_lo_p25 | `.d1.rows[2].lo` | 0 | 360 | 362 |
| 2026-10-09_matilda_main_range_lo.md | 431 | range_lo_p25 | `.d1.rows[7].mde` | 0 | 360 | 354 |
| 2026-10-09_matilda_main_range_lo.md | 431 | range_lo_p25 | `.d1.rows[7].mean` | 0 | 360 | 358 |
| 2026-10-09_matilda_main_range_lo.md | 431 | range_lo_p25 | `.d1.rows[8].lo` | 0 | 360 | 364 |
| 2026-10-09_matilda_main_range_lo.md | 431 | range_lo_p25 | `.d3.groups.出の理由【結果で決まる群】.market.per_trade` | 0 | 360 | 357 |
| 2026-10-09_matilda_main_range_lo.md | 431 | range_lo_p50 | `.d1.rows[5].hi` | 0 | 360 | 352 |
| 2026-10-09_matilda_main_range_lo.md | 431 | range_lo_p50 | `.d3.groups.出の理由【結果で決まる群】.market.hi` | 0 | 360 | 365 |
| 2026-10-09_matilda_main_step.md | 23 | step_4 | `.d6.groups.11 分超.per_trade` | 2 | 1.2 | 1.1 |
| 2026-10-09_matilda_main_step.md | 23 | step_4 | `.d6.groups.〜1 分.per_trade` | 2 | 1.2 | 1.1 |
| 2026-10-09_matilda_main_step.md | 114 | step_2 | `.d1.rows[2].mde` | 0 | 360 | 355 |
| 2026-10-09_matilda_main_step.md | 114 | step_2 | `.d1.rows[3].mde` | 0 | 360 | 364 |
| 2026-10-09_matilda_main_step.md | 157 | step_2 | `.d1.rows[0].mde` | 0 | 100 | 92 |
| 2026-10-09_matilda_main_step.md | 157 | step_2 | `.d1.segments.second.mde` | 0 | 100 | 92 |
| 2026-10-09_matilda_main_step.md | 157 | step_2 | `.d7.years.2016.mde` | 0 | 100 | 96 |
| 2026-10-09_matilda_main_step.md | 157 | step_2 | `.d7.years.2019.mde` | 0 | 100 | 98 |
| 2026-10-09_matilda_main_step.md | 157 | step_2 | `.d7.years.2020.mde` | 0 | 100 | 94 |
| 2026-10-09_matilda_main_step.md | 157 | step_4 | `.d1.rows[2].mean` | 0 | 100 | 96 |
| 2026-10-09_matilda_main_step.md | 157 | step_4 | `.d1.rows[3].lo` | 0 | 100 | 91 |
| 2026-10-09_matilda_main_step.md | 157 | step_4 | `.d1.rows[5].mde` | 0 | 100 | 97 |
| 2026-10-09_matilda_main_step.md | 157 | step_4 | `.d1.rows[6].mean` | 0 | 100 | 103 |
| 2026-10-09_matilda_main_step.md | 157 | step_4 | `.d7.years.2016.hi` | 0 | 100 | 101 |
| 2026-10-09_matilda_main_step.md | 157 | step_4 | `.d7.years.2017.hi` | 0 | 100 | 92 |
| 2026-10-09_matilda_main_step.md | 157 | step_4 | `.d7.years.2020.mean` | 0 | 100 | 109 |
| 2026-10-09_matilda_main_step.md | 157 | step_4 | `.d7.years.2021.mean` | 0 | 100 | 92 |
| 2026-10-09_matilda_main_step.md | 158 | step_2 | `.d7.years.2017.mean` | 0 | 120 | 123 |
| 2026-10-09_matilda_main_step.md | 158 | step_2 | `.d7.years.2018.hi` | 0 | 120 | 112 |
| 2026-10-09_matilda_main_step.md | 158 | step_2 | `.d7.years.2018.mde` | 0 | 120 | 127 |
| 2026-10-09_matilda_main_step.md | 158 | step_2 | `.d7.years.2019.mean` | 0 | 120 | 114 |
| 2026-10-09_matilda_main_step.md | 158 | step_2 | `.d7.years.2020.lo` | 0 | 120 | 130 |
| 2026-10-09_matilda_main_step.md | 158 | step_2 | `.d7.years.2021.mde` | 0 | 120 | 115 |
| 2026-10-09_matilda_main_step.md | 158 | step_4 | `.d1.rows[8].hi` | 0 | 120 | 119 |
| 2026-10-09_matilda_main_step.md | 158 | step_4 | `.d1.rows[9].mde` | 0 | 120 | 112 |
| 2026-10-09_matilda_main_step.md | 158 | step_4 | `.d1.segments.first.mean` | 0 | 120 | 129 |
| 2026-10-09_matilda_main_step.md | 158 | step_4 | `.d3.groups.出の理由【結果で決まる群】.break.hi` | 0 | 120 | 117 |
| 2026-10-09_matilda_main_step.md | 158 | step_4 | `.d3.groups.出の理由【結果で決まる群】.break.lo` | 0 | 120 | 129 |
| 2026-10-09_matilda_main_step.md | 158 | step_4 | `.d3.groups.出の理由【結果で決まる群】.break.per_trade` | 0 | 120 | 123 |
| 2026-10-09_matilda_main_step.md | 158 | step_4 | `.d3.trade_quantiles.0.99` | 0 | 120 | 115 |
| 2026-10-09_matilda_main_step.md | 158 | step_4 | `.d7.all.lo` | 0 | 120 | 130 |
| 2026-10-09_matilda_main_step.md | 158 | step_4 | `.d7.years.2022.mde` | 0 | 120 | 113 |
| 2026-10-09_matilda_main_step.md | 166 | step_2 | `.d1.rows[7].mde` | 0 | 260 | 268 |
| 2026-10-09_matilda_main_step.md | 166 | step_2 | `.d3.groups.出の理由【結果で決まる群】.market.per_trade` | 0 | 260 | 253 |
| 2026-10-09_matilda_main_step.md | 166 | step_4 | `.d1.rows[2].mde` | 0 | 260 | 258 |
| 2026-10-09_matilda_main_step.md | 166 | step_4 | `.d1.rows[3].mean` | 0 | 260 | 262 |
| 2026-10-09_matilda_main_step.md | 166 | step_4 | `.d1.rows[4].hi` | 0 | 260 | 252 |
| 2026-10-09_matilda_main_step.md | 166 | step_4 | `.d1.segments.diff.hi` | 0 | 260 | 250 |
| 2026-10-09_matilda_main_step.md | 166 | step_4 | `.d1.segments.second.lo` | 0 | 260 | 251 |
| 2026-10-09_matilda_main_step.md | 166 | step_4 | `.d7.years.2018.hi` | 0 | 260 | 256 |
| 2026-10-09_matilda_main_step.md | 195 | step_4 | `.d1.rows[3].hi` | 0 | 400 | 405 |
| 2026-10-09_matilda_main_step.md | 206 | step_2 | `.d1.rows[0].mde` | 0 | 100 | 92 |
| 2026-10-09_matilda_main_step.md | 206 | step_2 | `.d1.segments.second.mde` | 0 | 100 | 92 |
| 2026-10-09_matilda_main_step.md | 206 | step_2 | `.d7.years.2016.mde` | 0 | 100 | 96 |
| 2026-10-09_matilda_main_step.md | 206 | step_2 | `.d7.years.2019.mde` | 0 | 100 | 98 |
| 2026-10-09_matilda_main_step.md | 206 | step_2 | `.d7.years.2020.mde` | 0 | 100 | 94 |
| 2026-10-09_matilda_main_step.md | 206 | step_4 | `.d1.rows[2].mean` | 0 | 100 | 96 |
| 2026-10-09_matilda_main_step.md | 206 | step_4 | `.d1.rows[3].lo` | 0 | 100 | 91 |
| 2026-10-09_matilda_main_step.md | 206 | step_4 | `.d1.rows[5].mde` | 0 | 100 | 97 |
| 2026-10-09_matilda_main_step.md | 206 | step_4 | `.d1.rows[6].mean` | 0 | 100 | 103 |
| 2026-10-09_matilda_main_step.md | 206 | step_4 | `.d1.segments.first.mde` | 0 | 100 | 102 |
| 2026-10-09_matilda_main_step.md | 206 | step_4 | `.d7.years.2016.hi` | 0 | 100 | 101 |
| 2026-10-09_matilda_main_step.md | 206 | step_4 | `.d7.years.2017.hi` | 0 | 100 | 92 |
| 2026-10-09_matilda_main_step.md | 206 | step_4 | `.d7.years.2020.mean` | 0 | 100 | 109 |
| 2026-10-09_matilda_main_step.md | 206 | step_4 | `.d7.years.2021.mean` | 0 | 100 | 92 |
| 2026-10-09_matilda_main_step.md | 209 | step_4 | `.d6.groups.1 分超〜3 分.lo` | 2 | 1.8 | 1.7 |
| 2026-10-09_matilda_main_step.md | 209 | step_4 | `.d6.groups.11 分超.per_trade` | 2 | 1.2 | 1.1 |
| 2026-10-09_matilda_main_step.md | 209 | step_4 | `.d6.groups.〜1 分.per_trade` | 2 | 1.2 | 1.1 |
| 2026-10-09_matilda_main_step.md | 210 | step_2 | `.d1.rows[4].hi` | 0 | 480 | 479 |
| 2026-10-09_matilda_main_step.md | 210 | step_2 | `.d3.trade_quantiles.0.01` | 0 | 480 | 483 |
| 2026-10-09_matilda_main_step.md | 217 | step_2 | `.d1.rows[0].mean` | 0 | 20.0 | 11.9 |
| 2026-10-09_matilda_main_step.md | 217 | step_2 | `.d1.rows[5].lo` | 0 | 20.0 | 22.1 |
| 2026-10-09_matilda_main_step.md | 217 | step_2 | `.d3.groups.保有時間の帯【結果で決まる群】.3 分超.hi` | 0 | 20.0 | 21.8 |
| 2026-10-09_matilda_main_step.md | 217 | step_2 | `.d3.groups.保有時間の帯【結果で決まる群】.3 分超.lo` | 0 | 20.0 | 26.4 |
| 2026-10-09_matilda_main_step.md | 217 | step_2 | `.d3.groups.保有時間の帯【結果で決まる群】.3 分超.per_trade` | 0 | 20.0 | 24.1 |
| 2026-10-09_matilda_main_step.md | 217 | step_2 | `.d3.groups.出の理由【結果で決まる群】.close.hi` | 0 | 20.0 | 26.8 |
| 2026-10-09_matilda_main_step.md | 217 | step_2 | `.d3.groups.出の理由【結果で決まる群】.close.lo` | 0 | 20.0 | 24.4 |
| 2026-10-09_matilda_main_step.md | 217 | step_2 | `.d3.groups.出の理由【結果で決まる群】.close.per_trade` | 0 | 20.0 | 25.6 |
| 2026-10-09_matilda_main_step.md | 217 | step_2 | `.d3.trade_quantiles.0.5` | 0 | 20.0 | 11.6 |
| 2026-10-09_matilda_main_step.md | 217 | step_2 | `.d3.trade_quantiles.0.75` | 0 | 20.0 | 24.6 |
| 2026-10-09_matilda_main_step.md | 217 | step_2 | `.d7.years.2016.hi` | 0 | 20.0 | 22.9 |
| 2026-10-09_matilda_main_step.md | 217 | step_2 | `.d7.years.2017.hi` | 0 | 20.0 | 14.0 |
| 2026-10-09_matilda_main_step.md | 217 | step_2 | `.d7.years.2022.lo` | 0 | 20.0 | 27.6 |
| 2026-10-09_matilda_main_step.md | 217 | step_4 | `.d1.rows[1].mean` | 0 | 20.0 | 21.1 |
| 2026-10-09_matilda_main_step.md | 217 | step_4 | `.d3.groups.保有時間の帯【結果で決まる群】.3 分超.hi` | 0 | 20.0 | 20.3 |
| 2026-10-09_matilda_main_step.md | 217 | step_4 | `.d3.groups.保有時間の帯【結果で決まる群】.3 分超.lo` | 0 | 20.0 | 23.8 |
| 2026-10-09_matilda_main_step.md | 217 | step_4 | `.d3.groups.保有時間の帯【結果で決まる群】.3 分超.per_trade` | 0 | 20.0 | 22.1 |
| 2026-10-09_matilda_main_step.md | 217 | step_4 | `.d3.groups.出の理由【結果で決まる群】.close.hi` | 0 | 20.0 | 17.8 |
| 2026-10-09_matilda_main_step.md | 217 | step_4 | `.d3.groups.出の理由【結果で決まる群】.close.lo` | 0 | 20.0 | 16.2 |
| 2026-10-09_matilda_main_step.md | 217 | step_4 | `.d3.groups.出の理由【結果で決まる群】.close.per_trade` | 0 | 20.0 | 17.0 |
| 2026-10-09_matilda_main_step.md | 217 | step_4 | `.d3.trade_quantiles.0.75` | 0 | 20.0 | 17.6 |
| 2026-10-09_matilda_main_step.md | 217 | step_4 | `.d7.years.2015.lo` | 0 | 20.0 | 21.2 |
| 2026-10-09_matilda_main_step.md | 217 | step_4 | `.d7.years.2021.lo` | 0 | 20.0 | 28.9 |
| 2026-10-09_matilda_main_step.md | 217 | step_4 | `.d7.years.2022.lo` | 0 | 20.0 | 11.1 |
| 2026-10-09_matilda_main_step.md | 219 | step_2 | `.d3.trade_quantiles.0.05` | 2 | 130.6 | 130.5 |
| 2026-10-09_matilda_main_step.md | 221 | step_4 | `.d1.rows[8].hi` | 2 | 118.8 | 118.7 |
| 2026-10-09_matilda_main_step.md | 224 | step_2 | `.d1.rows[0].mean` | 0 | 20.0 | 11.9 |
| 2026-10-09_matilda_main_step.md | 224 | step_2 | `.d1.rows[5].lo` | 0 | 20.0 | 22.1 |
| 2026-10-09_matilda_main_step.md | 224 | step_2 | `.d3.groups.保有時間の帯【結果で決まる群】.3 分超.hi` | 0 | 20.0 | 21.8 |
| 2026-10-09_matilda_main_step.md | 224 | step_2 | `.d3.groups.保有時間の帯【結果で決まる群】.3 分超.lo` | 0 | 20.0 | 26.4 |
| 2026-10-09_matilda_main_step.md | 224 | step_2 | `.d3.groups.保有時間の帯【結果で決まる群】.3 分超.per_trade` | 0 | 20.0 | 24.1 |
| 2026-10-09_matilda_main_step.md | 224 | step_2 | `.d3.groups.出の理由【結果で決まる群】.close.hi` | 0 | 20.0 | 26.8 |
| 2026-10-09_matilda_main_step.md | 224 | step_2 | `.d3.groups.出の理由【結果で決まる群】.close.lo` | 0 | 20.0 | 24.4 |
| 2026-10-09_matilda_main_step.md | 224 | step_2 | `.d3.groups.出の理由【結果で決まる群】.close.per_trade` | 0 | 20.0 | 25.6 |
| 2026-10-09_matilda_main_step.md | 224 | step_2 | `.d3.trade_quantiles.0.5` | 0 | 20.0 | 11.6 |
| 2026-10-09_matilda_main_step.md | 224 | step_2 | `.d3.trade_quantiles.0.75` | 0 | 20.0 | 24.6 |
| 2026-10-09_matilda_main_step.md | 224 | step_2 | `.d7.years.2016.hi` | 0 | 20.0 | 22.9 |
| 2026-10-09_matilda_main_step.md | 224 | step_2 | `.d7.years.2017.hi` | 0 | 20.0 | 14.0 |
| 2026-10-09_matilda_main_step.md | 224 | step_2 | `.d7.years.2022.lo` | 0 | 20.0 | 27.6 |
| 2026-10-09_matilda_main_step.md | 224 | step_4 | `.d1.rows[1].mean` | 0 | 20.0 | 21.1 |
| 2026-10-09_matilda_main_step.md | 224 | step_4 | `.d1.rows[8].hi` | 2 | 118.8 | 118.7 |
| 2026-10-09_matilda_main_step.md | 224 | step_4 | `.d3.groups.保有時間の帯【結果で決まる群】.3 分超.hi` | 0 | 20.0 | 20.3 |
| 2026-10-09_matilda_main_step.md | 224 | step_4 | `.d3.groups.保有時間の帯【結果で決まる群】.3 分超.lo` | 0 | 20.0 | 23.8 |
| 2026-10-09_matilda_main_step.md | 224 | step_4 | `.d3.groups.保有時間の帯【結果で決まる群】.3 分超.per_trade` | 0 | 20.0 | 22.1 |
| 2026-10-09_matilda_main_step.md | 224 | step_4 | `.d3.groups.出の理由【結果で決まる群】.close.hi` | 0 | 20.0 | 17.8 |
| 2026-10-09_matilda_main_step.md | 224 | step_4 | `.d3.groups.出の理由【結果で決まる群】.close.lo` | 0 | 20.0 | 16.2 |
| 2026-10-09_matilda_main_step.md | 224 | step_4 | `.d3.groups.出の理由【結果で決まる群】.close.per_trade` | 0 | 20.0 | 17.0 |
| 2026-10-09_matilda_main_step.md | 224 | step_4 | `.d3.trade_quantiles.0.75` | 0 | 20.0 | 17.6 |
| 2026-10-09_matilda_main_step.md | 224 | step_4 | `.d7.years.2015.lo` | 0 | 20.0 | 21.2 |
| 2026-10-09_matilda_main_step.md | 224 | step_4 | `.d7.years.2021.lo` | 0 | 20.0 | 28.9 |
| 2026-10-09_matilda_main_step.md | 224 | step_4 | `.d7.years.2022.lo` | 0 | 20.0 | 11.1 |
| 2026-10-09_matilda_main_step.md | 225 | step_2 | `.d1.rows[0].mde` | 0 | 100 | 92 |
| 2026-10-09_matilda_main_step.md | 225 | step_2 | `.d1.segments.second.mde` | 0 | 100 | 92 |
| 2026-10-09_matilda_main_step.md | 225 | step_2 | `.d7.years.2016.mde` | 0 | 100 | 96 |
| 2026-10-09_matilda_main_step.md | 225 | step_2 | `.d7.years.2019.mde` | 0 | 100 | 98 |
| 2026-10-09_matilda_main_step.md | 225 | step_2 | `.d7.years.2020.mde` | 0 | 100 | 94 |
| 2026-10-09_matilda_main_step.md | 225 | step_4 | `.d1.rows[2].mean` | 0 | 100 | 96 |
| 2026-10-09_matilda_main_step.md | 225 | step_4 | `.d1.rows[3].lo` | 0 | 100 | 91 |
| 2026-10-09_matilda_main_step.md | 225 | step_4 | `.d1.rows[5].mde` | 0 | 100 | 97 |
| 2026-10-09_matilda_main_step.md | 225 | step_4 | `.d1.rows[6].mean` | 0 | 100 | 103 |
| 2026-10-09_matilda_main_step.md | 225 | step_4 | `.d1.segments.first.mde` | 0 | 100 | 102 |
| 2026-10-09_matilda_main_step.md | 225 | step_4 | `.d7.years.2016.hi` | 0 | 100 | 101 |
| 2026-10-09_matilda_main_step.md | 225 | step_4 | `.d7.years.2017.hi` | 0 | 100 | 92 |
| 2026-10-09_matilda_main_step.md | 225 | step_4 | `.d7.years.2020.mean` | 0 | 100 | 109 |
| 2026-10-09_matilda_main_step.md | 225 | step_4 | `.d7.years.2021.mean` | 0 | 100 | 92 |
| 2026-10-09_matilda_main_step.md | 295 | step_2 | `.d3.groups.保有時間の帯【結果で決まる群】.1 分超〜3 分.per_trade` | 2 | 2.0 | 1.9 |
| 2026-10-09_matilda_main_step.md | 295 | step_4 | `.d6.groups.11 分超.per_trade` | 2 | 1.2 | 1.1 |
| 2026-10-09_matilda_main_step.md | 295 | step_4 | `.d6.groups.〜1 分.per_trade` | 2 | 1.2 | 1.1 |
| 2026-10-09_matilda_main_step.md | 296 | step_2 | `.d3.groups.保有時間の帯【結果で決まる群】.1 分超〜3 分.per_trade` | 2 | 2.0 | 1.9 |
| 2026-10-09_matilda_main_step.md | 296 | step_2 | `.d6.groups.3 分超〜11 分.lo` | 2 | 2.0 | 2.1 |
| 2026-10-09_matilda_main_step.md | 297 | step_2 | `.d3.groups.保有時間の帯【結果で決まる群】.1 分超〜3 分.per_trade` | 2 | 2.0 | 1.9 |
| 2026-10-09_matilda_main_step.md | 297 | step_2 | `.d6.groups.3 分超〜11 分.lo` | 2 | 2.0 | 2.1 |
| 2026-10-09_matilda_main_step.md | 297 | step_2 | `.d6.groups.〜1 分.hi` | 2 | 2.4 | 2.3 |
| 2026-10-09_matilda_main_step.md | 297 | step_4 | `.d3.trade_quantiles.0.25` | 2 | 3.2 | 3.1 |
| 2026-10-09_matilda_main_step.md | 319 | step_2 | `.d1.rows[0].lo` | 0 | 60.0 | 53.4 |
| 2026-10-09_matilda_main_step.md | 319 | step_2 | `.d1.rows[6].hi` | 0 | 60.0 | 53.0 |
| 2026-10-09_matilda_main_step.md | 319 | step_2 | `.d1.rows[6].mean` | 0 | 60.0 | 56.0 |
| 2026-10-09_matilda_main_step.md | 319 | step_2 | `.d1.rows[8].hi` | 0 | 60.0 | 68.4 |
| 2026-10-09_matilda_main_step.md | 319 | step_2 | `.d7.years.2020.mean` | 0 | 60.0 | 61.9 |
| 2026-10-09_matilda_main_step.md | 319 | step_2 | `.d7.years.2021.hi` | 2 | 130.0 | 130.1 |
| 2026-10-09_matilda_main_step.md | 319 | step_4 | `.d1.rows[0].mde` | 0 | 60.0 | 63.6 |
| 2026-10-09_matilda_main_step.md | 319 | step_4 | `.d1.rows[5].lo` | 0 | 60.0 | 61.0 |
| 2026-10-09_matilda_main_step.md | 319 | step_4 | `.d1.segments.first.lo` | 0 | 60.0 | 59.2 |
| 2026-10-09_matilda_main_step.md | 319 | step_4 | `.d1.segments.second.mde` | 0 | 60.0 | 63.2 |
| 2026-10-09_matilda_main_step.md | 319 | step_4 | `.d7.years.2022.mean` | 0 | 60.0 | 66.6 |
| 2026-10-09_matilda_main_step.md | 320 | step_2 | `.d1.rows[5].mde` | 0 | 160 | 151 |
| 2026-10-09_matilda_main_step.md | 320 | step_2 | `.d1.rows[6].lo` | 0 | 160 | 167 |
| 2026-10-09_matilda_main_step.md | 320 | step_2 | `.d1.rows[8].mde` | 0 | 160 | 157 |
| 2026-10-09_matilda_main_step.md | 320 | step_2 | `.d1.segments.second.hi` | 0 | 160 | 159 |
| 2026-10-09_matilda_main_step.md | 320 | step_4 | `.d1.rows[4].mde` | 0 | 160 | 155 |
| 2026-10-09_matilda_main_step.md | 320 | step_4 | `.d1.rows[4].mean` | 0 | 160 | 154 |
| 2026-10-09_matilda_main_step.md | 320 | step_4 | `.d1.segments.second.hi` | 0 | 160 | 165 |
| 2026-10-09_matilda_main_step.md | 320 | step_4 | `.d3.groups.出の理由【結果で決まる群】.market.hi` | 0 | 160 | 151 |
| 2026-10-09_matilda_main_step.md | 320 | step_4 | `.d7.years.2016.lo` | 0 | 160 | 170 |
| 2026-10-09_matilda_main_step.md | 320 | step_4 | `.d7.years.2019.mde` | 0 | 160 | 152 |
| 2026-10-09_matilda_main_step.md | 320 | step_4 | `.d7.years.2020.mde` | 0 | 160 | 152 |
| 2026-10-09_matilda_main_step.md | 337 | step_2 | `.d1.rows[5].mde` | 0 | 160 | 151 |
| 2026-10-09_matilda_main_step.md | 337 | step_2 | `.d1.rows[6].lo` | 0 | 160 | 167 |
| 2026-10-09_matilda_main_step.md | 337 | step_2 | `.d1.rows[8].mde` | 0 | 160 | 157 |
| 2026-10-09_matilda_main_step.md | 337 | step_2 | `.d1.segments.second.hi` | 0 | 160 | 159 |
| 2026-10-09_matilda_main_step.md | 337 | step_4 | `.d1.rows[4].mde` | 0 | 160 | 155 |
| 2026-10-09_matilda_main_step.md | 337 | step_4 | `.d1.rows[4].mean` | 0 | 160 | 154 |
| 2026-10-09_matilda_main_step.md | 337 | step_4 | `.d1.segments.second.hi` | 0 | 160 | 165 |
| 2026-10-09_matilda_main_step.md | 337 | step_4 | `.d3.groups.出の理由【結果で決まる群】.market.hi` | 0 | 160 | 151 |
| 2026-10-09_matilda_main_step.md | 337 | step_4 | `.d7.years.2016.lo` | 0 | 160 | 170 |
| 2026-10-09_matilda_main_step.md | 337 | step_4 | `.d7.years.2019.mde` | 0 | 160 | 152 |
| 2026-10-09_matilda_main_step.md | 337 | step_4 | `.d7.years.2020.mde` | 0 | 160 | 152 |
| 2026-10-09_matilda_main_step.md | 338 | step_2 | `.d1.rows[0].mde` | 0 | 100 | 92 |
| 2026-10-09_matilda_main_step.md | 338 | step_2 | `.d1.segments.second.mde` | 0 | 100 | 92 |
| 2026-10-09_matilda_main_step.md | 338 | step_2 | `.d7.years.2016.mde` | 0 | 100 | 96 |
| 2026-10-09_matilda_main_step.md | 338 | step_2 | `.d7.years.2019.mde` | 0 | 100 | 98 |
| 2026-10-09_matilda_main_step.md | 338 | step_2 | `.d7.years.2020.mde` | 0 | 100 | 94 |
| 2026-10-09_matilda_main_step.md | 338 | step_4 | `.d1.rows[2].mean` | 0 | 100 | 96 |
| 2026-10-09_matilda_main_step.md | 338 | step_4 | `.d1.rows[3].lo` | 0 | 100 | 91 |
| 2026-10-09_matilda_main_step.md | 338 | step_4 | `.d1.rows[5].mde` | 0 | 100 | 97 |
| 2026-10-09_matilda_main_step.md | 338 | step_4 | `.d1.rows[6].mean` | 0 | 100 | 103 |
| 2026-10-09_matilda_main_step.md | 338 | step_4 | `.d1.segments.first.mde` | 0 | 100 | 102 |
| 2026-10-09_matilda_main_step.md | 338 | step_4 | `.d7.years.2016.hi` | 0 | 100 | 101 |
| 2026-10-09_matilda_main_step.md | 338 | step_4 | `.d7.years.2017.hi` | 0 | 100 | 92 |
| 2026-10-09_matilda_main_step.md | 338 | step_4 | `.d7.years.2020.mean` | 0 | 100 | 109 |
| 2026-10-09_matilda_main_step.md | 338 | step_4 | `.d7.years.2021.mean` | 0 | 100 | 92 |
| 2026-10-09_matilda_main_step.md | 355 | step_2 | `.d1.rows[2].hi` | 0 | 340 | 333 |
| 2026-10-09_matilda_main_step.md | 355 | step_2 | `.d1.rows[4].mean` | 0 | 340 | 344 |
| 2026-10-09_matilda_main_step.md | 355 | step_2 | `.d1.rows[7].mean` | 0 | 340 | 339 |
| 2026-10-09_matilda_main_step.md | 355 | step_2 | `.d1.rows[9].mean` | 0 | 340 | 337 |
| 2026-10-09_matilda_main_step.md | 355 | step_2 | `.d1.segments.diff.hi` | 0 | 340 | 349 |
| 2026-10-09_matilda_main_step.md | 355 | step_2 | `.d1.segments.first.hi` | 0 | 340 | 349 |
| 2026-10-09_matilda_main_step.md | 355 | step_4 | `.d1.segments.diff.mean` | 0 | 340 | 335 |
| 2026-10-09_matilda_main_step.md | 355 | step_4 | `.d7.years.2019.lo` | 0 | 340 | 336 |
| 2026-10-09_matilda_main_step.md | 358 | step_2 | `.d1.rows[2].hi` | 0 | 340 | 333 |
| 2026-10-09_matilda_main_step.md | 358 | step_2 | `.d1.rows[4].mean` | 0 | 340 | 344 |
| 2026-10-09_matilda_main_step.md | 358 | step_2 | `.d1.rows[9].mean` | 0 | 340 | 337 |
| 2026-10-09_matilda_main_step.md | 358 | step_2 | `.d1.segments.diff.hi` | 0 | 340 | 349 |
| 2026-10-09_matilda_main_step.md | 358 | step_2 | `.d1.segments.first.hi` | 0 | 340 | 349 |
| 2026-10-09_matilda_main_step.md | 358 | step_4 | `.d1.segments.diff.mean` | 0 | 340 | 335 |
| 2026-10-09_matilda_main_step.md | 358 | step_4 | `.d7.years.2019.lo` | 0 | 340 | 336 |
| 2026-10-09_matilda_main_step.md | 383 | step_2 | `.d1.rows[2].hi` | 0 | 340 | 333 |
| 2026-10-09_matilda_main_step.md | 383 | step_2 | `.d1.rows[4].mean` | 0 | 340 | 344 |
| 2026-10-09_matilda_main_step.md | 383 | step_2 | `.d1.rows[9].mean` | 0 | 340 | 337 |
| 2026-10-09_matilda_main_step.md | 383 | step_2 | `.d1.segments.diff.hi` | 0 | 340 | 349 |
| 2026-10-09_matilda_main_step.md | 383 | step_2 | `.d1.segments.first.hi` | 0 | 340 | 349 |
| 2026-10-09_matilda_main_step.md | 383 | step_4 | `.d1.segments.diff.mean` | 0 | 340 | 335 |
| 2026-10-09_matilda_main_step.md | 383 | step_4 | `.d7.years.2019.lo` | 0 | 340 | 336 |
| 2026-10-09_matilda_main_step.md | 388 | step_2 | `.d1.rows[0].mean` | 0 | 20.0 | 11.9 |
| 2026-10-09_matilda_main_step.md | 388 | step_2 | `.d1.rows[2].hi` | 0 | 340 | 333 |
| 2026-10-09_matilda_main_step.md | 388 | step_2 | `.d1.rows[4].mean` | 0 | 340 | 344 |
| 2026-10-09_matilda_main_step.md | 388 | step_2 | `.d1.rows[5].lo` | 0 | 20.0 | 22.1 |
| 2026-10-09_matilda_main_step.md | 388 | step_2 | `.d1.rows[7].mean` | 0 | 340 | 339 |
| 2026-10-09_matilda_main_step.md | 388 | step_2 | `.d1.rows[9].mean` | 0 | 340 | 337 |
| 2026-10-09_matilda_main_step.md | 388 | step_2 | `.d1.segments.diff.hi` | 0 | 340 | 349 |
| 2026-10-09_matilda_main_step.md | 388 | step_2 | `.d1.segments.first.hi` | 0 | 340 | 349 |
| 2026-10-09_matilda_main_step.md | 388 | step_2 | `.d3.groups.保有時間の帯【結果で決まる群】.3 分超.hi` | 0 | 20.0 | 21.8 |
| 2026-10-09_matilda_main_step.md | 388 | step_2 | `.d3.groups.保有時間の帯【結果で決まる群】.3 分超.lo` | 0 | 20.0 | 26.4 |
| 2026-10-09_matilda_main_step.md | 388 | step_2 | `.d3.groups.保有時間の帯【結果で決まる群】.3 分超.per_trade` | 0 | 20.0 | 24.1 |
| 2026-10-09_matilda_main_step.md | 388 | step_2 | `.d3.groups.出の理由【結果で決まる群】.close.hi` | 0 | 20.0 | 26.8 |
| 2026-10-09_matilda_main_step.md | 388 | step_2 | `.d3.groups.出の理由【結果で決まる群】.close.lo` | 0 | 20.0 | 24.4 |
| 2026-10-09_matilda_main_step.md | 388 | step_2 | `.d3.groups.出の理由【結果で決まる群】.close.per_trade` | 0 | 20.0 | 25.6 |
| 2026-10-09_matilda_main_step.md | 388 | step_2 | `.d3.trade_quantiles.0.5` | 0 | 20.0 | 11.6 |
| 2026-10-09_matilda_main_step.md | 388 | step_2 | `.d3.trade_quantiles.0.75` | 0 | 20.0 | 24.6 |
| 2026-10-09_matilda_main_step.md | 388 | step_2 | `.d7.years.2016.hi` | 0 | 20.0 | 22.9 |
| 2026-10-09_matilda_main_step.md | 388 | step_2 | `.d7.years.2017.hi` | 0 | 20.0 | 14.0 |
| 2026-10-09_matilda_main_step.md | 388 | step_2 | `.d7.years.2022.lo` | 0 | 20.0 | 27.6 |
| 2026-10-09_matilda_main_step.md | 388 | step_4 | `.d1.rows[1].mean` | 0 | 20.0 | 21.1 |
| 2026-10-09_matilda_main_step.md | 388 | step_4 | `.d1.segments.diff.mean` | 0 | 340 | 335 |
| 2026-10-09_matilda_main_step.md | 388 | step_4 | `.d3.groups.保有時間の帯【結果で決まる群】.3 分超.hi` | 0 | 20.0 | 20.3 |
| 2026-10-09_matilda_main_step.md | 388 | step_4 | `.d3.groups.保有時間の帯【結果で決まる群】.3 分超.lo` | 0 | 20.0 | 23.8 |
| 2026-10-09_matilda_main_step.md | 388 | step_4 | `.d3.groups.保有時間の帯【結果で決まる群】.3 分超.per_trade` | 0 | 20.0 | 22.1 |
| 2026-10-09_matilda_main_step.md | 388 | step_4 | `.d3.groups.出の理由【結果で決まる群】.close.hi` | 0 | 20.0 | 17.8 |
| 2026-10-09_matilda_main_step.md | 388 | step_4 | `.d3.groups.出の理由【結果で決まる群】.close.lo` | 0 | 20.0 | 16.2 |
| 2026-10-09_matilda_main_step.md | 388 | step_4 | `.d3.groups.出の理由【結果で決まる群】.close.per_trade` | 0 | 20.0 | 17.0 |
| 2026-10-09_matilda_main_step.md | 388 | step_4 | `.d3.trade_quantiles.0.75` | 0 | 20.0 | 17.6 |
| 2026-10-09_matilda_main_step.md | 388 | step_4 | `.d7.years.2015.lo` | 0 | 20.0 | 21.2 |
| 2026-10-09_matilda_main_step.md | 388 | step_4 | `.d7.years.2019.lo` | 0 | 340 | 336 |
| 2026-10-09_matilda_main_step.md | 388 | step_4 | `.d7.years.2021.lo` | 0 | 20.0 | 28.9 |
| 2026-10-09_matilda_main_step.md | 388 | step_4 | `.d7.years.2022.lo` | 0 | 20.0 | 11.1 |
| 2026-10-09_matilda_main_step.md | 389 | step_2 | `.d1.rows[2].hi` | 0 | 340 | 333 |
| 2026-10-09_matilda_main_step.md | 389 | step_2 | `.d1.rows[4].mean` | 0 | 340 | 344 |
| 2026-10-09_matilda_main_step.md | 389 | step_2 | `.d1.rows[7].mean` | 0 | 340 | 339 |
| 2026-10-09_matilda_main_step.md | 389 | step_2 | `.d1.rows[9].mean` | 0 | 340 | 337 |
| 2026-10-09_matilda_main_step.md | 389 | step_2 | `.d1.segments.diff.hi` | 0 | 340 | 349 |
| 2026-10-09_matilda_main_step.md | 389 | step_2 | `.d1.segments.first.hi` | 0 | 340 | 349 |
| 2026-10-09_matilda_main_step.md | 389 | step_4 | `.d1.segments.diff.mean` | 0 | 340 | 335 |
| 2026-10-09_matilda_main_step.md | 389 | step_4 | `.d7.years.2019.lo` | 0 | 340 | 336 |
| 2026-10-09_matilda_main_step.md | 392 | step_4 | `.d6.groups.1 分超〜3 分.lo` | 2 | 1.8 | 1.7 |
| 2026-10-09_matilda_main_step.md | 392 | step_4 | `.d6.groups.11 分超.per_trade` | 2 | 1.2 | 1.1 |
| 2026-10-09_matilda_main_step.md | 392 | step_4 | `.d6.groups.〜1 分.per_trade` | 2 | 1.2 | 1.1 |
| 2026-10-09_matilda_main_step.md | 419 | step_2 | `.d1.rows[2].mde` | 0 | 360 | 355 |
| 2026-10-09_matilda_main_step.md | 419 | step_2 | `.d1.rows[3].mde` | 0 | 360 | 364 |
| 2026-10-09_matilda_main_step.md | 433 | step_2 | `.d1.rows[0].lo` | 0 | 60.0 | 53.4 |
| 2026-10-09_matilda_main_step.md | 433 | step_2 | `.d1.rows[6].hi` | 0 | 60.0 | 53.0 |
| 2026-10-09_matilda_main_step.md | 433 | step_2 | `.d1.rows[6].mean` | 0 | 60.0 | 56.0 |
| 2026-10-09_matilda_main_step.md | 433 | step_2 | `.d1.rows[8].hi` | 0 | 60.0 | 68.4 |
| 2026-10-09_matilda_main_step.md | 433 | step_2 | `.d7.years.2020.mean` | 0 | 60.0 | 61.9 |
| 2026-10-09_matilda_main_step.md | 433 | step_4 | `.d1.rows[0].mde` | 0 | 60.0 | 63.6 |
| 2026-10-09_matilda_main_step.md | 433 | step_4 | `.d1.rows[5].lo` | 0 | 60.0 | 61.0 |
| 2026-10-09_matilda_main_step.md | 433 | step_4 | `.d1.segments.first.lo` | 0 | 60.0 | 59.2 |
| 2026-10-09_matilda_main_step.md | 433 | step_4 | `.d1.segments.second.mde` | 0 | 60.0 | 63.2 |
| 2026-10-09_matilda_main_step.md | 433 | step_4 | `.d7.all.mde` | 0 | 60.0 | 69.4 |
| 2026-10-09_matilda_main_step.md | 433 | step_4 | `.d7.years.2022.mean` | 0 | 60.0 | 66.6 |
| 2026-10-09_matilda_main_step.md | 434 | step_2 | `.d1.rows[5].mde` | 0 | 160 | 151 |
| 2026-10-09_matilda_main_step.md | 434 | step_2 | `.d1.rows[6].lo` | 0 | 160 | 167 |
| 2026-10-09_matilda_main_step.md | 434 | step_2 | `.d1.rows[8].mde` | 0 | 160 | 157 |
| 2026-10-09_matilda_main_step.md | 434 | step_2 | `.d1.segments.second.hi` | 0 | 160 | 159 |
| 2026-10-09_matilda_main_step.md | 434 | step_2 | `.d7.years.2021.hi` | 2 | 130.0 | 130.1 |
| 2026-10-09_matilda_main_step.md | 434 | step_4 | `.d1.rows[4].mde` | 0 | 160 | 155 |
| 2026-10-09_matilda_main_step.md | 434 | step_4 | `.d1.rows[4].mean` | 0 | 160 | 154 |
| 2026-10-09_matilda_main_step.md | 434 | step_4 | `.d1.segments.second.hi` | 0 | 160 | 165 |
| 2026-10-09_matilda_main_step.md | 434 | step_4 | `.d3.groups.出の理由【結果で決まる群】.market.hi` | 0 | 160 | 151 |
| 2026-10-09_matilda_main_step.md | 434 | step_4 | `.d7.years.2016.lo` | 0 | 160 | 170 |
| 2026-10-09_matilda_main_step.md | 434 | step_4 | `.d7.years.2019.mde` | 0 | 160 | 152 |
| 2026-10-09_matilda_main_step.md | 434 | step_4 | `.d7.years.2020.mde` | 0 | 160 | 152 |
| 2026-10-09_matilda_main_step.md | 438 | step_2 | `.d1.rows[0].mde` | 0 | 100 | 92 |
| 2026-10-09_matilda_main_step.md | 438 | step_2 | `.d1.rows[0].mean` | 0 | 20.0 | 11.9 |
| 2026-10-09_matilda_main_step.md | 438 | step_2 | `.d1.rows[5].lo` | 0 | 20.0 | 22.1 |
| 2026-10-09_matilda_main_step.md | 438 | step_2 | `.d1.rows[5].mde` | 0 | 160 | 151 |
| 2026-10-09_matilda_main_step.md | 438 | step_2 | `.d1.rows[8].mde` | 0 | 160 | 157 |
| 2026-10-09_matilda_main_step.md | 438 | step_2 | `.d1.segments.second.hi` | 0 | 160 | 159 |
| 2026-10-09_matilda_main_step.md | 438 | step_2 | `.d1.segments.second.mde` | 0 | 100 | 92 |
| 2026-10-09_matilda_main_step.md | 438 | step_2 | `.d3.groups.保有時間の帯【結果で決まる群】.3 分超.hi` | 0 | 20.0 | 21.8 |
| 2026-10-09_matilda_main_step.md | 438 | step_2 | `.d3.groups.保有時間の帯【結果で決まる群】.3 分超.lo` | 0 | 20.0 | 26.4 |
| 2026-10-09_matilda_main_step.md | 438 | step_2 | `.d3.groups.保有時間の帯【結果で決まる群】.3 分超.per_trade` | 0 | 20.0 | 24.1 |
| 2026-10-09_matilda_main_step.md | 438 | step_2 | `.d3.groups.出の理由【結果で決まる群】.close.hi` | 0 | 20.0 | 26.8 |
| 2026-10-09_matilda_main_step.md | 438 | step_2 | `.d3.groups.出の理由【結果で決まる群】.close.lo` | 0 | 20.0 | 24.4 |
| 2026-10-09_matilda_main_step.md | 438 | step_2 | `.d3.groups.出の理由【結果で決まる群】.close.per_trade` | 0 | 20.0 | 25.6 |
| 2026-10-09_matilda_main_step.md | 438 | step_2 | `.d3.trade_quantiles.0.5` | 0 | 20.0 | 11.6 |
| 2026-10-09_matilda_main_step.md | 438 | step_2 | `.d3.trade_quantiles.0.75` | 0 | 20.0 | 24.6 |
| 2026-10-09_matilda_main_step.md | 438 | step_2 | `.d7.years.2016.hi` | 0 | 20.0 | 22.9 |
| 2026-10-09_matilda_main_step.md | 438 | step_2 | `.d7.years.2016.mde` | 0 | 100 | 96 |
| 2026-10-09_matilda_main_step.md | 438 | step_2 | `.d7.years.2017.hi` | 0 | 20.0 | 14.0 |
| 2026-10-09_matilda_main_step.md | 438 | step_2 | `.d7.years.2019.mde` | 0 | 100 | 98 |
| 2026-10-09_matilda_main_step.md | 438 | step_2 | `.d7.years.2020.mde` | 0 | 100 | 94 |
| 2026-10-09_matilda_main_step.md | 438 | step_2 | `.d7.years.2022.lo` | 0 | 20.0 | 27.6 |
| 2026-10-09_matilda_main_step.md | 438 | step_4 | `.d1.rows[1].mean` | 0 | 20.0 | 21.1 |
| 2026-10-09_matilda_main_step.md | 438 | step_4 | `.d1.rows[2].mean` | 0 | 100 | 96 |
| 2026-10-09_matilda_main_step.md | 438 | step_4 | `.d1.rows[3].lo` | 0 | 100 | 91 |
| 2026-10-09_matilda_main_step.md | 438 | step_4 | `.d1.rows[4].mde` | 0 | 160 | 155 |
| 2026-10-09_matilda_main_step.md | 438 | step_4 | `.d1.rows[4].mean` | 0 | 160 | 154 |
| 2026-10-09_matilda_main_step.md | 438 | step_4 | `.d1.rows[6].mean` | 0 | 100 | 103 |
| 2026-10-09_matilda_main_step.md | 438 | step_4 | `.d1.segments.first.mde` | 0 | 100 | 102 |
| 2026-10-09_matilda_main_step.md | 438 | step_4 | `.d1.segments.second.hi` | 0 | 160 | 165 |
| 2026-10-09_matilda_main_step.md | 438 | step_4 | `.d3.groups.保有時間の帯【結果で決まる群】.3 分超.hi` | 0 | 20.0 | 20.3 |
| 2026-10-09_matilda_main_step.md | 438 | step_4 | `.d3.groups.保有時間の帯【結果で決まる群】.3 分超.lo` | 0 | 20.0 | 23.8 |
| 2026-10-09_matilda_main_step.md | 438 | step_4 | `.d3.groups.保有時間の帯【結果で決まる群】.3 分超.per_trade` | 0 | 20.0 | 22.1 |
| 2026-10-09_matilda_main_step.md | 438 | step_4 | `.d3.groups.出の理由【結果で決まる群】.close.hi` | 0 | 20.0 | 17.8 |
| 2026-10-09_matilda_main_step.md | 438 | step_4 | `.d3.groups.出の理由【結果で決まる群】.close.lo` | 0 | 20.0 | 16.2 |
| 2026-10-09_matilda_main_step.md | 438 | step_4 | `.d3.groups.出の理由【結果で決まる群】.close.per_trade` | 0 | 20.0 | 17.0 |
| 2026-10-09_matilda_main_step.md | 438 | step_4 | `.d3.groups.出の理由【結果で決まる群】.market.hi` | 0 | 160 | 151 |
| 2026-10-09_matilda_main_step.md | 438 | step_4 | `.d3.trade_quantiles.0.75` | 0 | 20.0 | 17.6 |
| 2026-10-09_matilda_main_step.md | 438 | step_4 | `.d7.years.2015.lo` | 0 | 20.0 | 21.2 |
| 2026-10-09_matilda_main_step.md | 438 | step_4 | `.d7.years.2016.hi` | 0 | 100 | 101 |
| 2026-10-09_matilda_main_step.md | 438 | step_4 | `.d7.years.2016.lo` | 0 | 160 | 170 |
| 2026-10-09_matilda_main_step.md | 438 | step_4 | `.d7.years.2017.hi` | 0 | 100 | 92 |
| 2026-10-09_matilda_main_step.md | 438 | step_4 | `.d7.years.2019.mde` | 0 | 160 | 152 |
| 2026-10-09_matilda_main_step.md | 438 | step_4 | `.d7.years.2020.mde` | 0 | 160 | 152 |
| 2026-10-09_matilda_main_step.md | 438 | step_4 | `.d7.years.2020.mean` | 0 | 100 | 109 |
| 2026-10-09_matilda_main_step.md | 438 | step_4 | `.d7.years.2021.lo` | 0 | 20.0 | 28.9 |
| 2026-10-09_matilda_main_step.md | 438 | step_4 | `.d7.years.2021.mean` | 0 | 100 | 92 |
| 2026-10-09_matilda_main_step.md | 438 | step_4 | `.d7.years.2022.lo` | 0 | 20.0 | 11.1 |
| 2026-10-09_matilda_main_step.md | 441 | step_2 | `.d1.rows[2].hi` | 0 | 340 | 333 |
| 2026-10-09_matilda_main_step.md | 441 | step_2 | `.d1.rows[4].mean` | 0 | 340 | 344 |
| 2026-10-09_matilda_main_step.md | 441 | step_2 | `.d1.rows[9].mean` | 0 | 340 | 337 |
| 2026-10-09_matilda_main_step.md | 441 | step_2 | `.d1.segments.diff.hi` | 0 | 340 | 349 |
| 2026-10-09_matilda_main_step.md | 441 | step_2 | `.d1.segments.first.hi` | 0 | 340 | 349 |
| 2026-10-09_matilda_main_step.md | 441 | step_4 | `.d1.segments.diff.mean` | 0 | 340 | 335 |
| 2026-10-09_matilda_main_step.md | 441 | step_4 | `.d7.years.2019.lo` | 0 | 340 | 336 |
| 2026-10-09_matilda_main_vola_gate.md | 5 | vola_gate_p25 | `.d1.segments.diff.lo` | 0 | 660 | 658 |
| 2026-10-09_matilda_main_vola_gate.md | 23 | vola_gate_p10 | `.d6.groups.〜1 分.lo` | 2 | 1.4 | 1.3 |
| 2026-10-09_matilda_main_vola_gate.md | 61 | vola_gate_p10 | `.d6.groups.〜1 分.lo` | 2 | 1.4 | 1.3 |
| 2026-10-09_matilda_main_vola_gate.md | 64 | vola_gate_p10 | `.d1.rows[5].lo` | 0 | 100 | 106 |
| 2026-10-09_matilda_main_vola_gate.md | 64 | vola_gate_p10 | `.d6.groups.〜1 分.lo` | 2 | 1.4 | 1.3 |
| 2026-10-09_matilda_main_vola_gate.md | 64 | vola_gate_p10 | `.d7.years.2016.mean` | 0 | 100 | 107 |
| 2026-10-09_matilda_main_vola_gate.md | 64 | vola_gate_p25 | `.d1.rows[5].lo` | 0 | 100 | 105 |
| 2026-10-09_matilda_main_vola_gate.md | 64 | vola_gate_p25 | `.d7.years.2019.hi` | 2 | 49.8 | 49.7 |
| 2026-10-09_matilda_main_vola_gate.md | 64 | vola_gate_p25 | `.d7.years.2020.hi` | 0 | 100 | 108 |
| 2026-10-09_matilda_main_vola_gate.md | 64 | vola_gate_p25 | `.d7.years.2023.mde` | 0 | 100 | 94 |
| 2026-10-09_matilda_main_vola_gate.md | 64 | vola_gate_p50 | `.d1.rows[0].mde` | 0 | 100 | 103 |
| 2026-10-09_matilda_main_vola_gate.md | 64 | vola_gate_p50 | `.d1.rows[0].mean` | 0 | 100 | 99 |
| 2026-10-09_matilda_main_vola_gate.md | 64 | vola_gate_p50 | `.d7.all.hi` | 0 | 100 | 95 |
| 2026-10-09_matilda_main_vola_gate.md | 64 | vola_gate_p50 | `.d7.years.2016.hi` | 0 | 100 | 95 |
| 2026-10-09_matilda_main_vola_gate.md | 64 | vola_gate_p50 | `.d7.years.2018.mean` | 0 | 100 | 105 |
| 2026-10-09_matilda_main_vola_gate.md | 64 | vola_gate_p50 | `.d7.years.2019.lo` | 0 | 100 | 99 |
| 2026-10-09_matilda_main_vola_gate.md | 64 | vola_gate_p50 | `.d7.years.2019.mde` | 0 | 100 | 91 |
| 2026-10-09_matilda_main_vola_gate.md | 64 | vola_gate_p50 | `.d7.years.2021.mean` | 0 | 100 | 93 |
| 2026-10-09_matilda_main_vola_gate.md | 64 | vola_gate_p50 | `.d7.years.2022.mde` | 0 | 100 | 90 |
| 2026-10-09_matilda_main_vola_gate.md | 82 | vola_gate_p50 | `.d3.groups.出の理由【結果で決まる群】.market.lo` | 0 | 900 | 902 |
| 2026-10-09_matilda_main_vola_gate.md | 114 | vola_gate_p10 | `.d1.rows[2].mde` | 0 | 360 | 364 |
| 2026-10-09_matilda_main_vola_gate.md | 114 | vola_gate_p10 | `.d1.rows[7].mde` | 0 | 360 | 353 |
| 2026-10-09_matilda_main_vola_gate.md | 114 | vola_gate_p10 | `.d7.years.2015.mde` | 0 | 360 | 370 |
| 2026-10-09_matilda_main_vola_gate.md | 114 | vola_gate_p25 | `.d1.rows[7].mde` | 0 | 360 | 354 |
| 2026-10-09_matilda_main_vola_gate.md | 114 | vola_gate_p25 | `.d1.rows[8].lo` | 0 | 360 | 366 |
| 2026-10-09_matilda_main_vola_gate.md | 114 | vola_gate_p25 | `.d1.rows[9].lo` | 0 | 360 | 358 |
| 2026-10-09_matilda_main_vola_gate.md | 114 | vola_gate_p50 | `.d1.rows[5].hi` | 0 | 360 | 361 |
| 2026-10-09_matilda_main_vola_gate.md | 114 | vola_gate_p50 | `.d3.trade_quantiles.0.05` | 0 | 360 | 353 |
| 2026-10-09_matilda_main_vola_gate.md | 186 | vola_gate_p10 | `.d1.rows[5].hi` | 0 | 400 | 407 |
| 2026-10-09_matilda_main_vola_gate.md | 186 | vola_gate_p10 | `.d1.rows[8].lo` | 0 | 400 | 406 |
| 2026-10-09_matilda_main_vola_gate.md | 186 | vola_gate_p50 | `.d1.segments.first.hi` | 0 | 400 | 407 |
| 2026-10-09_matilda_main_vola_gate.md | 186 | vola_gate_p50 | `.d3.groups.出の理由【結果で決まる群】.break.per_trade` | 0 | 400 | 407 |
| 2026-10-09_matilda_main_vola_gate.md | 186 | vola_gate_p50 | `.d7.years.2016.lo` | 0 | 400 | 393 |
| 2026-10-09_matilda_main_vola_gate.md | 192 | vola_gate_p10 | `.d1.rows[7].lo` | 0 | 640 | 643 |
| 2026-10-09_matilda_main_vola_gate.md | 192 | vola_gate_p25 | `.d1.rows[7].lo` | 0 | 640 | 635 |
| 2026-10-09_matilda_main_vola_gate.md | 192 | vola_gate_p50 | `.d1.rows[4].hi` | 0 | 640 | 642 |
| 2026-10-09_matilda_main_vola_gate.md | 192 | vola_gate_p50 | `.d7.years.2015.mde` | 0 | 640 | 642 |
| 2026-10-09_matilda_main_vola_gate.md | 247 | vola_gate_p10 | `.d1.rows[5].lo` | 0 | 100 | 106 |
| 2026-10-09_matilda_main_vola_gate.md | 247 | vola_gate_p10 | `.d1.segments.second.hi` | 0 | 160 | 164 |
| 2026-10-09_matilda_main_vola_gate.md | 247 | vola_gate_p10 | `.d7.years.2016.mean` | 0 | 100 | 107 |
| 2026-10-09_matilda_main_vola_gate.md | 247 | vola_gate_p25 | `.d1.rows[5].lo` | 0 | 100 | 105 |
| 2026-10-09_matilda_main_vola_gate.md | 247 | vola_gate_p25 | `.d1.rows[7].hi` | 0 | 160 | 152 |
| 2026-10-09_matilda_main_vola_gate.md | 247 | vola_gate_p25 | `.d3.trade_quantiles.0.95` | 0 | 160 | 152 |
| 2026-10-09_matilda_main_vola_gate.md | 247 | vola_gate_p25 | `.d7.years.2016.mean` | 0 | 160 | 154 |
| 2026-10-09_matilda_main_vola_gate.md | 247 | vola_gate_p25 | `.d7.years.2020.hi` | 0 | 100 | 108 |
| 2026-10-09_matilda_main_vola_gate.md | 247 | vola_gate_p25 | `.d7.years.2023.mde` | 0 | 100 | 94 |
| 2026-10-09_matilda_main_vola_gate.md | 247 | vola_gate_p50 | `.d1.rows[0].hi` | 0 | 160 | 168 |
| 2026-10-09_matilda_main_vola_gate.md | 247 | vola_gate_p50 | `.d1.rows[0].mde` | 0 | 100 | 103 |
| 2026-10-09_matilda_main_vola_gate.md | 247 | vola_gate_p50 | `.d1.rows[0].mean` | 0 | 100 | 99 |
| 2026-10-09_matilda_main_vola_gate.md | 247 | vola_gate_p50 | `.d1.rows[9].lo` | 0 | 160 | 159 |
| 2026-10-09_matilda_main_vola_gate.md | 247 | vola_gate_p50 | `.d1.segments.first.mde` | 0 | 160 | 166 |
| 2026-10-09_matilda_main_vola_gate.md | 247 | vola_gate_p50 | `.d1.segments.second.lo` | 0 | 160 | 166 |
| 2026-10-09_matilda_main_vola_gate.md | 247 | vola_gate_p50 | `.d7.all.hi` | 0 | 100 | 95 |
| 2026-10-09_matilda_main_vola_gate.md | 247 | vola_gate_p50 | `.d7.years.2016.hi` | 0 | 100 | 95 |
| 2026-10-09_matilda_main_vola_gate.md | 247 | vola_gate_p50 | `.d7.years.2018.lo` | 0 | 160 | 165 |
| 2026-10-09_matilda_main_vola_gate.md | 247 | vola_gate_p50 | `.d7.years.2018.mean` | 0 | 100 | 105 |
| 2026-10-09_matilda_main_vola_gate.md | 247 | vola_gate_p50 | `.d7.years.2019.lo` | 0 | 100 | 99 |
| 2026-10-09_matilda_main_vola_gate.md | 247 | vola_gate_p50 | `.d7.years.2019.mde` | 0 | 100 | 91 |
| 2026-10-09_matilda_main_vola_gate.md | 247 | vola_gate_p50 | `.d7.years.2021.mean` | 0 | 100 | 93 |
| 2026-10-09_matilda_main_vola_gate.md | 247 | vola_gate_p50 | `.d7.years.2022.mde` | 0 | 100 | 90 |
| 2026-10-09_matilda_main_vola_gate.md | 247 | vola_gate_p50 | `.d7.years.2023.mde` | 0 | 160 | 155 |
| 2026-10-09_matilda_main_vola_gate.md | 262 | vola_gate_p10 | `.d6.groups.11 分超.hi` | 2 | 1.6 | 1.5 |
| 2026-10-09_matilda_main_vola_gate.md | 262 | vola_gate_p10 | `.d7.years.2018.lo` | 2 | 2.0 | 1.9 |
| 2026-10-09_matilda_main_vola_gate.md | 262 | vola_gate_p50 | `.d6.groups.1 分超〜3 分.per_trade` | 2 | 1.2 | 1.1 |
| 2026-10-09_matilda_main_vola_gate.md | 284 | vola_gate_p10 | `.d1.rows[0].hi` | 0 | 120 | 119 |
| 2026-10-09_matilda_main_vola_gate.md | 284 | vola_gate_p10 | `.d1.rows[0].mde` | 0 | 120 | 119 |
| 2026-10-09_matilda_main_vola_gate.md | 284 | vola_gate_p10 | `.d1.rows[8].hi` | 0 | 120 | 126 |
| 2026-10-09_matilda_main_vola_gate.md | 284 | vola_gate_p10 | `.d1.segments.second.mde` | 0 | 120 | 124 |
| 2026-10-09_matilda_main_vola_gate.md | 284 | vola_gate_p10 | `.d6.groups.〜1 分.lo` | 2 | 1.4 | 1.3 |
| 2026-10-09_matilda_main_vola_gate.md | 284 | vola_gate_p25 | `.d1.rows[0].mde` | 0 | 120 | 114 |
| 2026-10-09_matilda_main_vola_gate.md | 284 | vola_gate_p25 | `.d1.segments.second.mde` | 0 | 120 | 122 |
| 2026-10-09_matilda_main_vola_gate.md | 284 | vola_gate_p50 | `.d1.rows[1].mean` | 0 | 120 | 125 |
| 2026-10-09_matilda_main_vola_gate.md | 284 | vola_gate_p50 | `.d1.rows[2].hi` | 0 | 120 | 121 |
| 2026-10-09_matilda_main_vola_gate.md | 284 | vola_gate_p50 | `.d1.rows[6].mean` | 0 | 120 | 117 |
| 2026-10-09_matilda_main_vola_gate.md | 284 | vola_gate_p50 | `.d1.rows[8].mean` | 0 | 120 | 115 |
| 2026-10-09_matilda_main_vola_gate.md | 284 | vola_gate_p50 | `.d1.segments.second.mde` | 0 | 120 | 113 |
| 2026-10-09_matilda_main_vola_gate.md | 284 | vola_gate_p50 | `.d7.years.2020.mean` | 0 | 120 | 111 |
| 2026-10-09_matilda_main_vola_gate.md | 320 | vola_gate_p10 | `.d7.years.2016.mean` | 0 | 100 | 107 |
| 2026-10-09_matilda_main_vola_gate.md | 320 | vola_gate_p25 | `.d1.rows[5].lo` | 0 | 100 | 105 |
| 2026-10-09_matilda_main_vola_gate.md | 320 | vola_gate_p25 | `.d1.segments.second.hi` | 0 | 100 | 97 |
| 2026-10-09_matilda_main_vola_gate.md | 320 | vola_gate_p25 | `.d7.years.2020.hi` | 0 | 100 | 108 |
| 2026-10-09_matilda_main_vola_gate.md | 320 | vola_gate_p50 | `.d1.rows[0].mde` | 0 | 100 | 103 |
| 2026-10-09_matilda_main_vola_gate.md | 320 | vola_gate_p50 | `.d1.rows[0].mean` | 0 | 100 | 99 |
| 2026-10-09_matilda_main_vola_gate.md | 320 | vola_gate_p50 | `.d7.all.hi` | 0 | 100 | 95 |
| 2026-10-09_matilda_main_vola_gate.md | 320 | vola_gate_p50 | `.d7.years.2016.hi` | 0 | 100 | 95 |
| 2026-10-09_matilda_main_vola_gate.md | 320 | vola_gate_p50 | `.d7.years.2018.mean` | 0 | 100 | 105 |
| 2026-10-09_matilda_main_vola_gate.md | 320 | vola_gate_p50 | `.d7.years.2019.lo` | 0 | 100 | 99 |
| 2026-10-09_matilda_main_vola_gate.md | 320 | vola_gate_p50 | `.d7.years.2019.mde` | 0 | 100 | 91 |
| 2026-10-09_matilda_main_vola_gate.md | 320 | vola_gate_p50 | `.d7.years.2022.mde` | 0 | 100 | 90 |
| 2026-10-09_matilda_main_vola_gate.md | 327 | vola_gate_p10 | `.d3.trade_quantiles.0.25` | 2 | 7.4 | 7.5 |
| 2026-10-09_matilda_main_vola_gate.md | 327 | vola_gate_p25 | `.d7.years.2018.mde` | 2 | 31.6 | 31.5 |
| 2026-10-09_matilda_main_vola_gate.md | 345 | vola_gate_p10 | `.d1.rows[7].mde` | 0 | 360 | 353 |
| 2026-10-09_matilda_main_vola_gate.md | 345 | vola_gate_p10 | `.d7.years.2015.mde` | 0 | 360 | 370 |
| 2026-10-09_matilda_main_vola_gate.md | 345 | vola_gate_p25 | `.d1.rows[7].mde` | 0 | 360 | 354 |
| 2026-10-09_matilda_main_vola_gate.md | 345 | vola_gate_p25 | `.d1.rows[8].lo` | 0 | 360 | 366 |
| 2026-10-09_matilda_main_vola_gate.md | 345 | vola_gate_p25 | `.d1.rows[9].lo` | 0 | 360 | 358 |
| 2026-10-09_matilda_main_vola_gate.md | 345 | vola_gate_p50 | `.d1.rows[5].hi` | 0 | 360 | 361 |
| 2026-10-09_matilda_main_vola_gate.md | 345 | vola_gate_p50 | `.d3.trade_quantiles.0.05` | 0 | 360 | 353 |
| 2026-10-09_matilda_main_vola_gate.md | 384 | vola_gate_p10 | `.d3.trade_quantiles.0.25` | 2 | 7.4 | 7.5 |
| 2026-10-09_matilda_main_vola_gate.md | 387 | vola_gate_p10 | `.d1.rows[2].mde` | 0 | 360 | 364 |
| 2026-10-09_matilda_main_vola_gate.md | 387 | vola_gate_p10 | `.d1.rows[7].mde` | 0 | 360 | 353 |
| 2026-10-09_matilda_main_vola_gate.md | 387 | vola_gate_p10 | `.d7.years.2015.mde` | 0 | 360 | 370 |
| 2026-10-09_matilda_main_vola_gate.md | 387 | vola_gate_p25 | `.d1.rows[7].mde` | 0 | 360 | 354 |
| 2026-10-09_matilda_main_vola_gate.md | 387 | vola_gate_p25 | `.d1.rows[8].lo` | 0 | 360 | 366 |
| 2026-10-09_matilda_main_vola_gate.md | 387 | vola_gate_p25 | `.d1.rows[9].lo` | 0 | 360 | 358 |
| 2026-10-09_matilda_main_vola_gate.md | 387 | vola_gate_p50 | `.d1.rows[5].hi` | 0 | 360 | 361 |
| 2026-10-09_matilda_main_vola_gate.md | 387 | vola_gate_p50 | `.d3.trade_quantiles.0.05` | 0 | 360 | 353 |
| 2026-10-09_matilda_main_vola_gate.md | 412 | vola_gate_p10 | `.d1.rows[2].mde` | 0 | 360 | 364 |
| 2026-10-09_matilda_main_vola_gate.md | 412 | vola_gate_p10 | `.d1.rows[7].mde` | 0 | 360 | 353 |
| 2026-10-09_matilda_main_vola_gate.md | 412 | vola_gate_p10 | `.d7.years.2015.mde` | 0 | 360 | 370 |
| 2026-10-09_matilda_main_vola_gate.md | 412 | vola_gate_p25 | `.d1.rows[7].mde` | 0 | 360 | 354 |
| 2026-10-09_matilda_main_vola_gate.md | 412 | vola_gate_p25 | `.d1.rows[8].lo` | 0 | 360 | 366 |
| 2026-10-09_matilda_main_vola_gate.md | 412 | vola_gate_p25 | `.d1.rows[9].lo` | 0 | 360 | 358 |
| 2026-10-09_matilda_main_vola_gate.md | 412 | vola_gate_p50 | `.d1.rows[5].hi` | 0 | 360 | 361 |
| 2026-10-09_matilda_main_vola_gate.md | 412 | vola_gate_p50 | `.d3.trade_quantiles.0.05` | 0 | 360 | 353 |
| 2026-10-09_matilda_main_vola_gate.md | 428 | vola_gate_p10 | `.d1.rows[0].hi` | 0 | 120 | 119 |
| 2026-10-09_matilda_main_vola_gate.md | 428 | vola_gate_p10 | `.d1.rows[0].mde` | 0 | 120 | 119 |
| 2026-10-09_matilda_main_vola_gate.md | 428 | vola_gate_p10 | `.d1.rows[8].hi` | 0 | 120 | 126 |
| 2026-10-09_matilda_main_vola_gate.md | 428 | vola_gate_p10 | `.d1.segments.second.mde` | 0 | 120 | 124 |
| 2026-10-09_matilda_main_vola_gate.md | 428 | vola_gate_p10 | `.d6.groups.〜1 分.lo` | 2 | 1.4 | 1.3 |
| 2026-10-09_matilda_main_vola_gate.md | 428 | vola_gate_p25 | `.d1.rows[0].mde` | 0 | 120 | 114 |
| 2026-10-09_matilda_main_vola_gate.md | 428 | vola_gate_p25 | `.d1.segments.second.mde` | 0 | 120 | 122 |
| 2026-10-09_matilda_main_vola_gate.md | 428 | vola_gate_p50 | `.d1.rows[1].mean` | 0 | 120 | 125 |
| 2026-10-09_matilda_main_vola_gate.md | 428 | vola_gate_p50 | `.d1.rows[2].hi` | 0 | 120 | 121 |
| 2026-10-09_matilda_main_vola_gate.md | 428 | vola_gate_p50 | `.d1.rows[6].mean` | 0 | 120 | 117 |
| 2026-10-09_matilda_main_vola_gate.md | 428 | vola_gate_p50 | `.d1.rows[8].mean` | 0 | 120 | 115 |
| 2026-10-09_matilda_main_vola_gate.md | 428 | vola_gate_p50 | `.d1.segments.second.mde` | 0 | 120 | 113 |
| 2026-10-09_matilda_main_vola_gate.md | 428 | vola_gate_p50 | `.d7.years.2020.mean` | 0 | 120 | 111 |
| 2026-10-09_matilda_main_vola_gate.md | 436 | vola_gate_p10 | `.d1.rows[7].mde` | 0 | 360 | 353 |
| 2026-10-09_matilda_main_vola_gate.md | 436 | vola_gate_p10 | `.d7.years.2015.mde` | 0 | 360 | 370 |
| 2026-10-09_matilda_main_vola_gate.md | 436 | vola_gate_p25 | `.d1.rows[7].mde` | 0 | 360 | 354 |
| 2026-10-09_matilda_main_vola_gate.md | 436 | vola_gate_p25 | `.d1.rows[8].lo` | 0 | 360 | 366 |
| 2026-10-09_matilda_main_vola_gate.md | 436 | vola_gate_p25 | `.d1.rows[9].lo` | 0 | 360 | 358 |
| 2026-10-09_matilda_main_vola_gate.md | 436 | vola_gate_p50 | `.d1.rows[5].hi` | 0 | 360 | 361 |
| 2026-10-09_matilda_main_vola_gate.md | 436 | vola_gate_p50 | `.d3.trade_quantiles.0.05` | 0 | 360 | 353 |
| FINDINGS_LEDGER.md | 62 | base | `.d1.rows[5].lo` | 2 | 87.8 | 87.7 |
| FINDINGS_LEDGER.md | 62 | range_lo_none | `.d1.rows[5].lo` | 2 | 87.8 | 87.7 |
| FINDINGS_LEDGER.md | 62 | vola_gate_p25 | `.d1.rows[6].lo` | 2 | 87.8 | 87.7 |
| FINDINGS_LEDGER.md | 96 | alert_x1 | `.d1.rows[7].mde` | 0 | 360 | 353 |
| FINDINGS_LEDGER.md | 96 | alert_x1 | `.d1.segments.second.lo` | 0 | 360 | 359 |
| FINDINGS_LEDGER.md | 96 | alert_x1 | `.d7.years.2015.mde` | 0 | 360 | 351 |
| FINDINGS_LEDGER.md | 96 | alert_x2 | `.d1.rows[7].mde` | 0 | 360 | 353 |
| FINDINGS_LEDGER.md | 96 | alert_x2 | `.d1.segments.first.mean` | 0 | 360 | 370 |
| FINDINGS_LEDGER.md | 96 | alert_x2 | `.d1.segments.second.lo` | 0 | 360 | 359 |
| FINDINGS_LEDGER.md | 96 | base | `.d1.rows[7].mde` | 0 | 360 | 353 |
| FINDINGS_LEDGER.md | 96 | base | `.d3.groups.出の理由【結果で決まる群】.market.lo` | 0 | 360 | 361 |
| FINDINGS_LEDGER.md | 96 | beard_off | `.d3.groups.出の理由【結果で決まる群】.break.lo` | 0 | 360 | 355 |
| FINDINGS_LEDGER.md | 96 | beard_off | `.d3.groups.出の理由【結果で決まる群】.market.per_trade` | 0 | 360 | 367 |
| FINDINGS_LEDGER.md | 96 | break_delay_3 | `.d7.years.2015.mde` | 0 | 360 | 351 |
| FINDINGS_LEDGER.md | 96 | break_delay_4 | `.d1.segments.diff.hi` | 0 | 360 | 350 |
| FINDINGS_LEDGER.md | 96 | break_delay_8 | `.d1.rows[2].hi` | 0 | 360 | 364 |
| FINDINGS_LEDGER.md | 96 | break_delay_8 | `.d1.rows[5].hi` | 0 | 360 | 354 |
| FINDINGS_LEDGER.md | 96 | break_delay_8 | `.d1.segments.first.hi` | 0 | 360 | 357 |
| FINDINGS_LEDGER.md | 96 | break_dist_0.25 | `.d1.rows[4].mean` | 0 | 360 | 368 |
| FINDINGS_LEDGER.md | 96 | break_dist_0.25 | `.d1.rows[7].lo` | 0 | 360 | 365 |
| FINDINGS_LEDGER.md | 96 | break_dist_0.25 | `.d1.rows[9].mean` | 0 | 360 | 368 |
| FINDINGS_LEDGER.md | 96 | break_dist_0.25 | `.d7.years.2018.lo` | 0 | 360 | 369 |
| FINDINGS_LEDGER.md | 96 | break_dist_1 | `.d1.rows[4].mde` | 0 | 360 | 355 |
| FINDINGS_LEDGER.md | 96 | break_dist_1 | `.d1.rows[9].hi` | 0 | 360 | 353 |
| FINDINGS_LEDGER.md | 96 | break_dist_1 | `.d7.years.2019.hi` | 0 | 360 | 357 |
| FINDINGS_LEDGER.md | 96 | break_len_mult_4 | `.d1.rows[0].hi` | 0 | 360 | 353 |
| FINDINGS_LEDGER.md | 96 | break_len_mult_4 | `.d1.rows[6].hi` | 0 | 360 | 359 |
| FINDINGS_LEDGER.md | 96 | break_off | `.d1.segments.first.mde` | 0 | 360 | 353 |
| FINDINGS_LEDGER.md | 96 | count_20 | `.d7.years.2016.mean` | 0 | 360 | 358 |
| FINDINGS_LEDGER.md | 96 | count_20 | `.d7.years.2019.lo` | 0 | 360 | 364 |
| FINDINGS_LEDGER.md | 96 | count_80 | `.d1.rows[4].mde` | 0 | 360 | 370 |
| FINDINGS_LEDGER.md | 96 | count_80 | `.d7.years.2021.mde` | 0 | 360 | 369 |
| FINDINGS_LEDGER.md | 96 | entry_exit_2_1 | `.d1.rows[9].hi` | 0 | 360 | 368 |
| FINDINGS_LEDGER.md | 96 | entry_exit_2_1 | `.d7.years.2018.lo` | 0 | 360 | 358 |
| FINDINGS_LEDGER.md | 96 | entry_exit_3_2 | `.d1.rows[4].lo` | 0 | 360 | 366 |
| FINDINGS_LEDGER.md | 96 | entry_exit_3_2 | `.d1.rows[7].hi` | 0 | 360 | 367 |
| FINDINGS_LEDGER.md | 96 | entry_exit_3_2 | `.d3.groups.出の理由【結果で決まる群】.break.lo` | 0 | 360 | 352 |
| FINDINGS_LEDGER.md | 96 | entry_exit_3_2 | `.d7.years.2016.hi` | 0 | 360 | 358 |
| FINDINGS_LEDGER.md | 96 | entry_exit_3_2 | `.d7.years.2018.hi` | 0 | 360 | 364 |
| FINDINGS_LEDGER.md | 96 | foot_5 | `.d7.years.2023.lo` | 0 | 360 | 354 |
| FINDINGS_LEDGER.md | 96 | levels_1 | `.d1.rows[5].mde` | 0 | 360 | 366 |
| FINDINGS_LEDGER.md | 96 | levels_1 | `.d1.segments.first.mde` | 0 | 360 | 352 |
| FINDINGS_LEDGER.md | 96 | levels_1 | `.d3.groups.出の理由【結果で決まる群】.market.hi` | 0 | 360 | 354 |
| FINDINGS_LEDGER.md | 96 | levels_1 | `.d3.trade_quantiles.0.99` | 0 | 360 | 355 |
| FINDINGS_LEDGER.md | 96 | levels_3 | `.d1.rows[4].mde` | 0 | 360 | 369 |
| FINDINGS_LEDGER.md | 96 | levels_3 | `.d1.segments.second.hi` | 0 | 360 | 364 |
| FINDINGS_LEDGER.md | 96 | levels_3 | `.d3.groups.出の理由【結果で決まる群】.market.per_trade` | 0 | 360 | 351 |
| FINDINGS_LEDGER.md | 96 | levels_7 | `.d1.rows[9].mean` | 0 | 360 | 356 |
| FINDINGS_LEDGER.md | 96 | range_hi_none | `.d1.segments.second.lo` | 0 | 360 | 358 |
| FINDINGS_LEDGER.md | 96 | range_hi_none | `.d3.groups.出の理由【結果で決まる群】.market.lo` | 0 | 360 | 361 |
| FINDINGS_LEDGER.md | 96 | range_hi_p75 | `.d1.rows[8].lo` | 0 | 360 | 356 |
| FINDINGS_LEDGER.md | 96 | range_hi_p90 | `.d1.rows[4].mean` | 0 | 360 | 355 |
| FINDINGS_LEDGER.md | 96 | range_hi_p90 | `.d1.segments.second.lo` | 0 | 360 | 356 |
| FINDINGS_LEDGER.md | 96 | range_hi_p90 | `.d7.years.2017.mde` | 0 | 360 | 351 |
| FINDINGS_LEDGER.md | 96 | range_hi_p90 | `.d7.years.2018.lo` | 0 | 360 | 358 |
| FINDINGS_LEDGER.md | 96 | range_lo_none | `.d1.rows[7].mde` | 0 | 360 | 353 |
| FINDINGS_LEDGER.md | 96 | range_lo_none | `.d3.groups.出の理由【結果で決まる群】.market.lo` | 0 | 360 | 361 |
| FINDINGS_LEDGER.md | 96 | range_lo_p10 | `.d1.rows[7].mde` | 0 | 360 | 353 |
| FINDINGS_LEDGER.md | 96 | range_lo_p25 | `.d1.rows[7].mde` | 0 | 360 | 354 |
| FINDINGS_LEDGER.md | 96 | range_lo_p25 | `.d1.rows[7].mean` | 0 | 360 | 358 |
| FINDINGS_LEDGER.md | 96 | range_lo_p25 | `.d1.rows[8].lo` | 0 | 360 | 364 |
| FINDINGS_LEDGER.md | 96 | range_lo_p25 | `.d3.groups.出の理由【結果で決まる群】.market.per_trade` | 0 | 360 | 357 |
| FINDINGS_LEDGER.md | 96 | range_lo_p50 | `.d1.rows[5].hi` | 0 | 360 | 352 |
| FINDINGS_LEDGER.md | 96 | range_lo_p50 | `.d3.groups.出の理由【結果で決まる群】.market.hi` | 0 | 360 | 365 |
| FINDINGS_LEDGER.md | 96 | step_2 | `.d1.rows[2].mde` | 0 | 360 | 355 |
| FINDINGS_LEDGER.md | 96 | step_2 | `.d1.rows[3].mde` | 0 | 360 | 364 |
| FINDINGS_LEDGER.md | 96 | vola_gate_p10 | `.d1.rows[2].mde` | 0 | 360 | 364 |
| FINDINGS_LEDGER.md | 96 | vola_gate_p10 | `.d1.rows[7].mde` | 0 | 360 | 353 |
| FINDINGS_LEDGER.md | 96 | vola_gate_p10 | `.d7.years.2015.mde` | 0 | 360 | 370 |
| FINDINGS_LEDGER.md | 96 | vola_gate_p25 | `.d1.rows[7].mde` | 0 | 360 | 354 |
| FINDINGS_LEDGER.md | 96 | vola_gate_p25 | `.d1.rows[8].lo` | 0 | 360 | 366 |
| FINDINGS_LEDGER.md | 96 | vola_gate_p25 | `.d1.rows[9].lo` | 0 | 360 | 358 |
| FINDINGS_LEDGER.md | 96 | vola_gate_p50 | `.d1.rows[5].hi` | 0 | 360 | 361 |
| FINDINGS_LEDGER.md | 96 | vola_gate_p50 | `.d3.trade_quantiles.0.05` | 0 | 360 | 353 |
| FINDINGS_LEDGER.md | 113 | break_dist_0.25 | `.d7.years.2020.mean` | 2 | 73.2 | 73.3 |
| FINDINGS_LEDGER.md | 113 | range_lo_p50 | `.d1.segments.second.mean` | 2 | 73.2 | 73.3 |
| FINDINGS_LEDGER.md | 198 | alert_x1 | `.d6.groups.〜1 分.lo` | 2 | 1.4 | 1.3 |
| FINDINGS_LEDGER.md | 198 | alert_x1 | `.d7.all.lo` | 2 | 1.4 | 1.3 |
| FINDINGS_LEDGER.md | 198 | alert_x2 | `.d6.groups.〜1 分.lo` | 2 | 1.4 | 1.3 |
| FINDINGS_LEDGER.md | 198 | alert_x2 | `.d6.groups.〜1 分.per_trade` | 2 | 2.4 | 2.3 |
| FINDINGS_LEDGER.md | 198 | alert_x2 | `.d7.all.lo` | 2 | 3.4 | 3.5 |
| FINDINGS_LEDGER.md | 198 | base | `.d6.groups.〜1 分.hi` | 2 | 3.4 | 3.3 |
| FINDINGS_LEDGER.md | 198 | base | `.d6.groups.〜1 分.lo` | 2 | 1.4 | 1.3 |
| FINDINGS_LEDGER.md | 198 | beard_off | `.d6.groups.9 分超.lo` | 2 | 1.4 | 1.3 |
| FINDINGS_LEDGER.md | 198 | beard_off | `.d6.groups.〜1 分.hi` | 2 | 3.2 | 3.3 |
| FINDINGS_LEDGER.md | 198 | break_delay_2 | `.d6.groups.11 分超.hi` | 2 | 1.4 | 1.5 |
| FINDINGS_LEDGER.md | 198 | break_delay_2 | `.d6.groups.11 分超.lo` | 2 | 1.4 | 1.5 |
| FINDINGS_LEDGER.md | 198 | break_delay_2 | `.d6.groups.3 分超〜11 分.lo` | 2 | 3.4 | 3.3 |
| FINDINGS_LEDGER.md | 198 | break_delay_2 | `.d6.groups.〜1 分.hi` | 2 | 3.2 | 3.1 |
| FINDINGS_LEDGER.md | 198 | break_delay_2 | `.d7.years.2023.lo` | 2 | 1.4 | 1.5 |
| FINDINGS_LEDGER.md | 198 | break_delay_3 | `.d6.groups.3 分超〜11 分.lo` | 2 | 3.4 | 3.5 |
| FINDINGS_LEDGER.md | 198 | break_delay_3 | `.d6.groups.〜1 分.hi` | 2 | 3.2 | 3.3 |
| FINDINGS_LEDGER.md | 198 | break_delay_3 | `.d6.groups.〜1 分.per_trade` | 2 | 2.4 | 2.3 |
| FINDINGS_LEDGER.md | 198 | break_delay_4 | `.d3.groups.保有時間の帯【結果で決まる群】.1 分超〜3 分.lo` | 2 | 3.4 | 3.3 |
| FINDINGS_LEDGER.md | 198 | break_delay_4 | `.d6.groups.1 分超〜3 分.lo` | 2 | 1.4 | 1.3 |
| FINDINGS_LEDGER.md | 198 | break_delay_4 | `.d6.groups.11 分超.hi` | 2 | 1.4 | 1.5 |
| FINDINGS_LEDGER.md | 198 | break_delay_4 | `.d6.groups.11 分超.lo` | 2 | 1.4 | 1.3 |
| FINDINGS_LEDGER.md | 198 | break_delay_4 | `.d6.groups.〜1 分.per_trade` | 2 | 2.4 | 2.5 |
| FINDINGS_LEDGER.md | 198 | break_delay_8 | `.d1.rows[0].mean` | 2 | 1.4 | 1.5 |
| FINDINGS_LEDGER.md | 198 | break_delay_8 | `.d6.groups.1 分超〜3 分.lo` | 2 | 2.0 | 1.9 |
| FINDINGS_LEDGER.md | 198 | break_delay_8 | `.d6.groups.12 分超.lo` | 2 | 2.0 | 2.1 |
| FINDINGS_LEDGER.md | 198 | break_dist_0.25 | `.d6.groups.1 分超〜3 分.hi` | 2 | 1.4 | 1.3 |
| FINDINGS_LEDGER.md | 198 | break_dist_0.25 | `.d6.groups.1 分超〜3 分.lo` | 2 | 1.4 | 1.5 |
| FINDINGS_LEDGER.md | 198 | break_dist_0.25 | `.d6.groups.3 分超〜13 分.per_trade` | 2 | 1.4 | 1.5 |
| FINDINGS_LEDGER.md | 198 | break_dist_0.25 | `.d6.groups.〜1 分.lo` | 2 | 2.0 | 1.9 |
| FINDINGS_LEDGER.md | 198 | break_len_mult_4 | `.d6.groups.〜1 分.lo` | 2 | 3.2 | 3.3 |
| FINDINGS_LEDGER.md | 198 | count_20 | `.d3.groups.保有時間の帯【結果で決まる群】.〜0 分.lo` | 2 | 2.4 | 2.5 |
| FINDINGS_LEDGER.md | 198 | count_20 | `.d6.groups.1 分超〜5 分.per_trade` | 2 | 2.0 | 2.1 |
| FINDINGS_LEDGER.md | 198 | count_20 | `.d6.groups.15 分超.lo` | 2 | 3.2 | 3.3 |
| FINDINGS_LEDGER.md | 198 | count_20 | `.d6.groups.〜1 分.hi` | 2 | 2.0 | 2.1 |
| FINDINGS_LEDGER.md | 198 | count_20 | `.d6.groups.〜1 分.per_trade` | 2 | 1.4 | 1.5 |
| FINDINGS_LEDGER.md | 198 | entry_exit_2_1 | `.d6.groups.1 分超〜2 分.hi` | 2 | 1.4 | 1.5 |
| FINDINGS_LEDGER.md | 198 | entry_exit_2_1 | `.d6.groups.1 分超〜2 分.per_trade` | 2 | 3.2 | 3.1 |
| FINDINGS_LEDGER.md | 198 | levels_1 | `.d6.groups.〜1 分.per_trade` | 2 | 2.4 | 2.3 |
| FINDINGS_LEDGER.md | 198 | levels_3 | `.d6.groups.1 分超〜3 分.lo` | 2 | 3.4 | 3.3 |
| FINDINGS_LEDGER.md | 198 | levels_3 | `.d6.groups.〜1 分.lo` | 2 | 1.4 | 1.3 |
| FINDINGS_LEDGER.md | 198 | levels_7 | `.d6.groups.〜1 分.per_trade` | 2 | 2.0 | 2.1 |
| FINDINGS_LEDGER.md | 198 | range_hi_none | `.d6.groups.1 分超〜3 分.lo` | 2 | 1.4 | 1.5 |
| FINDINGS_LEDGER.md | 198 | range_hi_none | `.d6.groups.〜1 分.hi` | 2 | 3.4 | 3.3 |
| FINDINGS_LEDGER.md | 198 | range_hi_none | `.d6.groups.〜1 分.per_trade` | 2 | 2.4 | 2.3 |
| FINDINGS_LEDGER.md | 198 | range_hi_p90 | `.d6.groups.11 分超.per_trade` | 2 | 1.4 | 1.3 |
| FINDINGS_LEDGER.md | 198 | range_hi_p90 | `.d6.groups.3 分超〜11 分.per_trade` | 2 | 2.0 | 2.1 |
| FINDINGS_LEDGER.md | 198 | range_lo_none | `.d6.groups.〜1 分.hi` | 2 | 3.4 | 3.3 |
| FINDINGS_LEDGER.md | 198 | range_lo_none | `.d6.groups.〜1 分.lo` | 2 | 1.4 | 1.3 |
| FINDINGS_LEDGER.md | 198 | range_lo_p10 | `.d6.groups.1 分超〜3 分.lo` | 2 | 2.0 | 1.9 |
| FINDINGS_LEDGER.md | 198 | range_lo_p10 | `.d6.groups.3 分超〜12 分.lo` | 2 | 3.2 | 3.3 |
| FINDINGS_LEDGER.md | 198 | range_lo_p10 | `.d6.groups.〜1 分.lo` | 2 | 1.4 | 1.3 |
| FINDINGS_LEDGER.md | 198 | range_lo_p10 | `.d7.all.hi` | 2 | 3.4 | 3.5 |
| FINDINGS_LEDGER.md | 198 | range_lo_p25 | `.d6.groups.1 分超〜3 分.hi` | 2 | 2.0 | 2.1 |
| FINDINGS_LEDGER.md | 198 | range_lo_p25 | `.d6.groups.13 分超.hi` | 2 | 2.4 | 2.3 |
| FINDINGS_LEDGER.md | 198 | range_lo_p25 | `.d6.groups.3 分超〜13 分.per_trade` | 2 | 2.0 | 1.9 |
| FINDINGS_LEDGER.md | 198 | range_lo_p50 | `.d6.groups.3 分超〜16 分.per_trade` | 2 | 1.4 | 1.3 |
| FINDINGS_LEDGER.md | 198 | step_2 | `.d3.groups.保有時間の帯【結果で決まる群】.1 分超〜3 分.per_trade` | 2 | 2.0 | 1.9 |
| FINDINGS_LEDGER.md | 198 | step_2 | `.d6.groups.3 分超〜11 分.lo` | 2 | 2.0 | 2.1 |
| FINDINGS_LEDGER.md | 198 | step_2 | `.d6.groups.〜1 分.hi` | 2 | 2.4 | 2.3 |
| FINDINGS_LEDGER.md | 198 | step_4 | `.d3.trade_quantiles.0.25` | 2 | 3.2 | 3.1 |
| FINDINGS_LEDGER.md | 198 | vola_gate_p10 | `.d6.groups.〜1 分.lo` | 2 | 1.4 | 1.3 |
| FINDINGS_LEDGER.md | 198 | vola_gate_p10 | `.d6.groups.〜1 分.per_trade` | 2 | 2.4 | 2.5 |
| FINDINGS_LEDGER.md | 198 | vola_gate_p10 | `.d7.years.2018.lo` | 2 | 2.0 | 1.9 |
| FINDINGS_LEDGER.md | 198 | vola_gate_p25 | `.d7.years.2021.lo` | 2 | 2.4 | 2.5 |
| FINDINGS_LEDGER.md | 198 | vola_gate_p50 | `.d6.groups.〜1 分.lo` | 2 | 2.4 | 2.3 |
| FINDINGS_LEDGER.md | 203 | alert_x2 | `.d6.groups.〜1 分.per_trade` | 2 | 2.4 | 2.3 |
| FINDINGS_LEDGER.md | 203 | break_delay_3 | `.d6.groups.〜1 分.per_trade` | 2 | 2.4 | 2.3 |
| FINDINGS_LEDGER.md | 203 | break_delay_4 | `.d6.groups.〜1 分.per_trade` | 2 | 2.4 | 2.5 |
| FINDINGS_LEDGER.md | 203 | break_delay_8 | `.d6.groups.1 分超〜3 分.lo` | 2 | 2.0 | 1.9 |
| FINDINGS_LEDGER.md | 203 | break_delay_8 | `.d6.groups.12 分超.lo` | 2 | 2.0 | 2.1 |
| FINDINGS_LEDGER.md | 203 | break_dist_0.25 | `.d6.groups.〜1 分.lo` | 2 | 2.0 | 1.9 |
| FINDINGS_LEDGER.md | 203 | count_20 | `.d3.groups.保有時間の帯【結果で決まる群】.〜0 分.lo` | 2 | 2.4 | 2.5 |
| FINDINGS_LEDGER.md | 203 | count_20 | `.d6.groups.1 分超〜5 分.per_trade` | 2 | 2.0 | 2.1 |
| FINDINGS_LEDGER.md | 203 | count_20 | `.d6.groups.〜1 分.hi` | 2 | 2.0 | 2.1 |
| FINDINGS_LEDGER.md | 203 | levels_1 | `.d6.groups.〜1 分.per_trade` | 2 | 2.4 | 2.3 |
| FINDINGS_LEDGER.md | 203 | levels_7 | `.d6.groups.〜1 分.per_trade` | 2 | 2.0 | 2.1 |
| FINDINGS_LEDGER.md | 203 | range_hi_none | `.d6.groups.〜1 分.per_trade` | 2 | 2.4 | 2.3 |
| FINDINGS_LEDGER.md | 203 | range_hi_p90 | `.d6.groups.3 分超〜11 分.per_trade` | 2 | 2.0 | 2.1 |
| FINDINGS_LEDGER.md | 203 | range_lo_p10 | `.d6.groups.1 分超〜3 分.lo` | 2 | 2.0 | 1.9 |
| FINDINGS_LEDGER.md | 203 | range_lo_p25 | `.d6.groups.1 分超〜3 分.hi` | 2 | 2.0 | 2.1 |
| FINDINGS_LEDGER.md | 203 | range_lo_p25 | `.d6.groups.13 分超.hi` | 2 | 2.4 | 2.3 |
| FINDINGS_LEDGER.md | 203 | range_lo_p25 | `.d6.groups.3 分超〜13 分.per_trade` | 2 | 2.0 | 1.9 |
| FINDINGS_LEDGER.md | 203 | step_2 | `.d3.groups.保有時間の帯【結果で決まる群】.1 分超〜3 分.per_trade` | 2 | 2.0 | 1.9 |
| FINDINGS_LEDGER.md | 203 | step_2 | `.d6.groups.3 分超〜11 分.lo` | 2 | 2.0 | 2.1 |
| FINDINGS_LEDGER.md | 203 | step_2 | `.d6.groups.〜1 分.hi` | 2 | 2.4 | 2.3 |
| FINDINGS_LEDGER.md | 203 | vola_gate_p10 | `.d6.groups.〜1 分.per_trade` | 2 | 2.4 | 2.5 |
| FINDINGS_LEDGER.md | 203 | vola_gate_p10 | `.d7.years.2018.lo` | 2 | 2.0 | 1.9 |
| FINDINGS_LEDGER.md | 203 | vola_gate_p25 | `.d7.years.2021.lo` | 2 | 2.4 | 2.5 |
| FINDINGS_LEDGER.md | 203 | vola_gate_p50 | `.d6.groups.〜1 分.lo` | 2 | 2.4 | 2.3 |
| FINDINGS_LEDGER.md | 249 | alert_x1 | `.d1.rows[5].mean` | 0 | 240 | 248 |
| FINDINGS_LEDGER.md | 249 | alert_x1 | `.d1.rows[9].mde` | 0 | 240 | 233 |
| FINDINGS_LEDGER.md | 249 | alert_x1 | `.d1.segments.first.lo` | 0 | 240 | 246 |
| FINDINGS_LEDGER.md | 249 | alert_x1 | `.d1.segments.second.mean` | 0 | 280 | 272 |
| FINDINGS_LEDGER.md | 249 | alert_x1 | `.d3.groups.出の理由【結果で決まる群】.break.hi` | 0 | 240 | 250 |
| FINDINGS_LEDGER.md | 249 | alert_x1 | `.d3.groups.出の理由【結果で決まる群】.break.lo` | 0 | 280 | 275 |
| FINDINGS_LEDGER.md | 249 | alert_x1 | `.d3.groups.出の理由【結果で決まる群】.market.hi` | 0 | 240 | 234 |
| FINDINGS_LEDGER.md | 249 | alert_x1 | `.d3.groups.出の理由【結果で決まる群】.market.per_trade` | 0 | 280 | 287 |
| FINDINGS_LEDGER.md | 249 | alert_x2 | `.d1.rows[1].mean` | 0 | 280 | 279 |
| FINDINGS_LEDGER.md | 249 | alert_x2 | `.d1.rows[5].mean` | 0 | 240 | 248 |
| FINDINGS_LEDGER.md | 249 | alert_x2 | `.d1.rows[9].mde` | 0 | 240 | 233 |
| FINDINGS_LEDGER.md | 249 | alert_x2 | `.d1.segments.first.lo` | 0 | 240 | 241 |
| FINDINGS_LEDGER.md | 249 | alert_x2 | `.d1.segments.second.mean` | 0 | 280 | 271 |
| FINDINGS_LEDGER.md | 249 | alert_x2 | `.d3.groups.出の理由【結果で決まる群】.break.lo` | 0 | 280 | 276 |
| FINDINGS_LEDGER.md | 249 | alert_x2 | `.d3.groups.出の理由【結果で決まる群】.market.hi` | 0 | 240 | 235 |
| FINDINGS_LEDGER.md | 249 | alert_x2 | `.d3.trade_quantiles.0.99` | 0 | 280 | 281 |
| FINDINGS_LEDGER.md | 249 | base | `.d1.rows[5].mean` | 0 | 240 | 244 |
| FINDINGS_LEDGER.md | 249 | base | `.d1.rows[9].mde` | 0 | 240 | 232 |
| FINDINGS_LEDGER.md | 249 | base | `.d1.segments.first.lo` | 0 | 240 | 231 |
| FINDINGS_LEDGER.md | 249 | base | `.d1.segments.second.mean` | 0 | 280 | 273 |
| FINDINGS_LEDGER.md | 249 | base | `.d3.groups.出の理由【結果で決まる群】.break.hi` | 0 | 240 | 246 |
| FINDINGS_LEDGER.md | 249 | base | `.d3.groups.出の理由【結果で決まる群】.break.lo` | 0 | 280 | 272 |
| FINDINGS_LEDGER.md | 249 | base | `.d3.groups.出の理由【結果で決まる群】.market.hi` | 0 | 280 | 278 |
| FINDINGS_LEDGER.md | 249 | base | `.d3.trade_quantiles.0.99` | 0 | 280 | 277 |
| FINDINGS_LEDGER.md | 249 | beard_off | `.d1.rows[6].hi` | 0 | 240 | 244 |
| FINDINGS_LEDGER.md | 249 | beard_off | `.d1.rows[9].mde` | 0 | 280 | 281 |
| FINDINGS_LEDGER.md | 249 | beard_off | `.d3.trade_quantiles.0.99` | 0 | 280 | 288 |
| FINDINGS_LEDGER.md | 249 | beard_off | `.d7.years.2018.mde` | 0 | 240 | 247 |
| FINDINGS_LEDGER.md | 249 | beard_off | `.d7.years.2020.mde` | 0 | 240 | 238 |
| FINDINGS_LEDGER.md | 249 | break_delay_2 | `.d1.rows[4].lo` | 0 | 240 | 231 |
| FINDINGS_LEDGER.md | 249 | break_delay_2 | `.d1.rows[4].mde` | 0 | 280 | 273 |
| FINDINGS_LEDGER.md | 249 | break_delay_2 | `.d1.rows[5].mde` | 0 | 240 | 245 |
| FINDINGS_LEDGER.md | 249 | break_delay_2 | `.d1.rows[7].mean` | 0 | 280 | 273 |
| FINDINGS_LEDGER.md | 249 | break_delay_2 | `.d1.rows[9].hi` | 0 | 280 | 286 |
| FINDINGS_LEDGER.md | 249 | break_delay_2 | `.d1.segments.second.mean` | 0 | 240 | 235 |
| FINDINGS_LEDGER.md | 249 | break_delay_2 | `.d3.groups.出の理由【結果で決まる群】.break.hi` | 0 | 240 | 231 |
| FINDINGS_LEDGER.md | 249 | break_delay_2 | `.d3.groups.出の理由【結果で決まる群】.break.per_trade` | 0 | 240 | 243 |
| FINDINGS_LEDGER.md | 249 | break_delay_2 | `.d3.trade_quantiles.0.99` | 0 | 280 | 274 |
| FINDINGS_LEDGER.md | 249 | break_delay_2 | `.d7.years.2015.mde` | 0 | 240 | 244 |
| FINDINGS_LEDGER.md | 249 | break_delay_3 | `.d1.rows[4].lo` | 0 | 280 | 272 |
| FINDINGS_LEDGER.md | 249 | break_delay_3 | `.d1.rows[4].mde` | 0 | 280 | 272 |
| FINDINGS_LEDGER.md | 249 | break_delay_3 | `.d1.rows[5].mean` | 0 | 240 | 244 |
| FINDINGS_LEDGER.md | 249 | break_delay_3 | `.d1.rows[8].mean` | 0 | 240 | 238 |
| FINDINGS_LEDGER.md | 249 | break_delay_3 | `.d1.rows[9].hi` | 0 | 280 | 278 |
| FINDINGS_LEDGER.md | 249 | break_delay_3 | `.d1.segments.second.lo` | 0 | 280 | 286 |
| FINDINGS_LEDGER.md | 249 | break_delay_3 | `.d3.groups.出の理由【結果で決まる群】.break.lo` | 0 | 240 | 247 |
| FINDINGS_LEDGER.md | 249 | break_delay_3 | `.d3.groups.出の理由【結果で決まる群】.break.per_trade` | 0 | 240 | 235 |
| FINDINGS_LEDGER.md | 249 | break_delay_3 | `.d3.groups.出の理由【結果で決まる群】.market.per_trade` | 0 | 280 | 288 |
| FINDINGS_LEDGER.md | 249 | break_delay_3 | `.d3.trade_quantiles.0.99` | 0 | 280 | 272 |
| FINDINGS_LEDGER.md | 249 | break_delay_3 | `.d7.years.2017.lo` | 0 | 280 | 279 |
| FINDINGS_LEDGER.md | 249 | break_delay_4 | `.d1.rows[4].mde` | 0 | 240 | 238 |
| FINDINGS_LEDGER.md | 249 | break_delay_4 | `.d1.rows[7].mde` | 0 | 280 | 289 |
| FINDINGS_LEDGER.md | 249 | break_delay_4 | `.d1.segments.second.lo` | 0 | 280 | 273 |
| FINDINGS_LEDGER.md | 249 | break_delay_4 | `.d3.groups.保有時間の帯【結果で決まる群】.3 分超.per_trade` | 2 | 32.2 | 32.1 |
| FINDINGS_LEDGER.md | 249 | break_delay_4 | `.d3.groups.出の理由【結果で決まる群】.break.lo` | 0 | 240 | 242 |
| FINDINGS_LEDGER.md | 249 | break_delay_4 | `.d3.groups.出の理由【結果で決まる群】.market.per_trade` | 0 | 280 | 287 |
| FINDINGS_LEDGER.md | 249 | break_delay_4 | `.d3.trade_quantiles.0.99` | 0 | 280 | 272 |
| FINDINGS_LEDGER.md | 249 | break_delay_4 | `.d7.years.2018.lo` | 0 | 240 | 239 |
| FINDINGS_LEDGER.md | 249 | break_delay_8 | `.d1.rows[4].mde` | 0 | 240 | 243 |
| FINDINGS_LEDGER.md | 249 | break_delay_8 | `.d1.rows[5].mean` | 0 | 240 | 231 |
| FINDINGS_LEDGER.md | 249 | break_delay_8 | `.d1.rows[7].mean` | 0 | 240 | 237 |
| FINDINGS_LEDGER.md | 249 | break_delay_8 | `.d1.segments.first.mean` | 0 | 240 | 236 |
| FINDINGS_LEDGER.md | 249 | break_delay_8 | `.d1.segments.second.mean` | 0 | 240 | 233 |
| FINDINGS_LEDGER.md | 249 | break_delay_8 | `.d3.groups.出の理由【結果で決まる群】.market.per_trade` | 0 | 280 | 278 |
| FINDINGS_LEDGER.md | 249 | break_delay_8 | `.d7.years.2017.mde` | 0 | 280 | 289 |
| FINDINGS_LEDGER.md | 249 | break_delay_8 | `.d7.years.2018.mean` | 0 | 240 | 248 |
| FINDINGS_LEDGER.md | 249 | break_delay_8 | `.d7.years.2021.hi` | 0 | 280 | 271 |
| FINDINGS_LEDGER.md | 249 | break_dist_0.25 | `.d1.segments.first.lo` | 0 | 240 | 248 |
| FINDINGS_LEDGER.md | 249 | break_dist_0.25 | `.d1.segments.second.lo` | 0 | 240 | 236 |
| FINDINGS_LEDGER.md | 249 | break_dist_0.25 | `.d3.groups.出の理由【結果で決まる群】.market.per_trade` | 0 | 240 | 247 |
| FINDINGS_LEDGER.md | 249 | break_dist_0.25 | `.d7.years.2017.hi` | 0 | 240 | 247 |
| FINDINGS_LEDGER.md | 249 | break_dist_1 | `.d1.rows[6].mde` | 0 | 280 | 287 |
| FINDINGS_LEDGER.md | 249 | break_dist_1 | `.d1.segments.first.mde` | 0 | 240 | 237 |
| FINDINGS_LEDGER.md | 249 | break_dist_1 | `.d1.segments.second.mean` | 0 | 280 | 289 |
| FINDINGS_LEDGER.md | 249 | break_dist_1 | `.d7.years.2020.hi` | 0 | 280 | 274 |
| FINDINGS_LEDGER.md | 249 | break_dist_1 | `.d7.years.2021.lo` | 0 | 280 | 279 |
| FINDINGS_LEDGER.md | 249 | break_dist_1 | `.d7.years.2021.mde` | 0 | 280 | 281 |
| FINDINGS_LEDGER.md | 249 | break_dist_1 | `.d7.years.2022.lo` | 0 | 240 | 247 |
| FINDINGS_LEDGER.md | 249 | break_dist_1 | `.d7.years.2022.mde` | 0 | 240 | 243 |
| FINDINGS_LEDGER.md | 249 | break_len_mult_4 | `.d1.rows[5].lo` | 0 | 240 | 239 |
| FINDINGS_LEDGER.md | 249 | break_len_mult_4 | `.d1.rows[8].mde` | 0 | 240 | 239 |
| FINDINGS_LEDGER.md | 249 | break_len_mult_4 | `.d1.rows[9].hi` | 0 | 280 | 289 |
| FINDINGS_LEDGER.md | 249 | break_len_mult_4 | `.d1.rows[9].mde` | 0 | 280 | 273 |
| FINDINGS_LEDGER.md | 249 | break_len_mult_4 | `.d3.trade_quantiles.0.99` | 0 | 280 | 288 |
| FINDINGS_LEDGER.md | 249 | break_len_mult_4 | `.d7.years.2019.hi` | 0 | 280 | 283 |
| FINDINGS_LEDGER.md | 249 | break_off | `.d1.rows[9].hi` | 0 | 240 | 241 |
| FINDINGS_LEDGER.md | 249 | break_off | `.d7.years.2015.hi` | 0 | 280 | 283 |
| FINDINGS_LEDGER.md | 249 | break_off | `.d7.years.2016.mean` | 0 | 240 | 244 |
| FINDINGS_LEDGER.md | 249 | break_off | `.d7.years.2022.hi` | 0 | 280 | 274 |
| FINDINGS_LEDGER.md | 249 | count_20 | `.d1.rows[3].hi` | 0 | 280 | 281 |
| FINDINGS_LEDGER.md | 249 | count_20 | `.d1.rows[7].mean` | 0 | 240 | 250 |
| FINDINGS_LEDGER.md | 249 | count_20 | `.d1.rows[8].mean` | 0 | 280 | 271 |
| FINDINGS_LEDGER.md | 249 | count_20 | `.d7.years.2016.mde` | 0 | 280 | 276 |
| FINDINGS_LEDGER.md | 249 | count_80 | `.d1.rows[9].mde` | 0 | 240 | 247 |
| FINDINGS_LEDGER.md | 249 | count_80 | `.d7.years.2016.mde` | 0 | 240 | 248 |
| FINDINGS_LEDGER.md | 249 | count_80 | `.d7.years.2017.lo` | 0 | 240 | 239 |
| FINDINGS_LEDGER.md | 249 | count_80 | `.d7.years.2022.mde` | 0 | 240 | 246 |
| FINDINGS_LEDGER.md | 249 | entry_exit_2_1 | `.d1.rows[0].lo` | 0 | 280 | 275 |
| FINDINGS_LEDGER.md | 249 | entry_exit_2_1 | `.d7.all.lo` | 0 | 280 | 271 |
| FINDINGS_LEDGER.md | 249 | entry_exit_2_1 | `.d7.years.2015.lo` | 0 | 280 | 279 |
| FINDINGS_LEDGER.md | 249 | entry_exit_2_1 | `.d7.years.2016.lo` | 0 | 240 | 239 |
| FINDINGS_LEDGER.md | 249 | entry_exit_2_1 | `.d7.years.2020.mde` | 0 | 240 | 234 |
| FINDINGS_LEDGER.md | 249 | entry_exit_3_2 | `.d1.rows[1].mean` | 0 | 280 | 287 |
| FINDINGS_LEDGER.md | 249 | entry_exit_3_2 | `.d1.rows[5].hi` | 0 | 240 | 238 |
| FINDINGS_LEDGER.md | 249 | entry_exit_3_2 | `.d1.rows[5].mde` | 0 | 280 | 273 |
| FINDINGS_LEDGER.md | 249 | entry_exit_3_2 | `.d1.rows[9].mde` | 0 | 280 | 277 |
| FINDINGS_LEDGER.md | 249 | entry_exit_3_2 | `.d1.segments.first.mde` | 0 | 240 | 238 |
| FINDINGS_LEDGER.md | 249 | entry_exit_3_2 | `.d7.years.2019.lo` | 0 | 280 | 288 |
| FINDINGS_LEDGER.md | 249 | entry_exit_3_2 | `.d7.years.2021.mean` | 0 | 280 | 283 |
| FINDINGS_LEDGER.md | 249 | foot_5 | `.d1.rows[2].mde` | 0 | 280 | 274 |
| FINDINGS_LEDGER.md | 249 | foot_5 | `.d1.rows[4].lo` | 0 | 240 | 245 |
| FINDINGS_LEDGER.md | 249 | foot_5 | `.d1.rows[4].mde` | 0 | 280 | 288 |
| FINDINGS_LEDGER.md | 249 | foot_5 | `.d1.rows[6].mde` | 0 | 280 | 274 |
| FINDINGS_LEDGER.md | 249 | levels_1 | `.d1.rows[3].mean` | 0 | 280 | 274 |
| FINDINGS_LEDGER.md | 249 | levels_1 | `.d7.years.2017.mean` | 0 | 280 | 290 |
| FINDINGS_LEDGER.md | 249 | levels_3 | `.d1.rows[5].mde` | 0 | 280 | 290 |
| FINDINGS_LEDGER.md | 249 | levels_3 | `.d1.rows[8].hi` | 0 | 280 | 270 |
| FINDINGS_LEDGER.md | 249 | levels_3 | `.d1.rows[8].mde` | 0 | 280 | 271 |
| FINDINGS_LEDGER.md | 249 | levels_3 | `.d1.rows[9].mde` | 0 | 280 | 282 |
| FINDINGS_LEDGER.md | 249 | levels_3 | `.d1.segments.first.mde` | 0 | 240 | 238 |
| FINDINGS_LEDGER.md | 249 | levels_3 | `.d3.trade_quantiles.0.05` | 0 | 280 | 287 |
| FINDINGS_LEDGER.md | 249 | levels_3 | `.d7.years.2015.mean` | 0 | 280 | 278 |
| FINDINGS_LEDGER.md | 249 | levels_3 | `.d7.years.2021.mean` | 0 | 280 | 287 |
| FINDINGS_LEDGER.md | 249 | levels_3 | `.d7.years.2022.lo` | 0 | 280 | 273 |
| FINDINGS_LEDGER.md | 249 | levels_7 | `.d1.rows[4].mde` | 0 | 240 | 250 |
| FINDINGS_LEDGER.md | 249 | levels_7 | `.d1.rows[5].mean` | 0 | 240 | 239 |
| FINDINGS_LEDGER.md | 249 | levels_7 | `.d1.rows[7].mde` | 0 | 280 | 282 |
| FINDINGS_LEDGER.md | 249 | levels_7 | `.d1.rows[7].mean` | 0 | 280 | 272 |
| FINDINGS_LEDGER.md | 249 | levels_7 | `.d3.groups.出の理由【結果で決まる群】.market.hi` | 0 | 240 | 241 |
| FINDINGS_LEDGER.md | 249 | levels_7 | `.d3.groups.出の理由【結果で決まる群】.market.per_trade` | 0 | 280 | 277 |
| FINDINGS_LEDGER.md | 249 | levels_7 | `.d3.trade_quantiles.0.99` | 0 | 240 | 238 |
| FINDINGS_LEDGER.md | 249 | levels_7 | `.d7.match.sum_only_a` | 0 | 280 | 275 |
| FINDINGS_LEDGER.md | 249 | range_hi_none | `.d1.rows[5].mde` | 0 | 240 | 237 |
| FINDINGS_LEDGER.md | 249 | range_hi_none | `.d1.rows[9].mde` | 0 | 240 | 232 |
| FINDINGS_LEDGER.md | 249 | range_hi_none | `.d1.segments.second.mean` | 0 | 280 | 274 |
| FINDINGS_LEDGER.md | 249 | range_hi_none | `.d3.groups.出の理由【結果で決まる群】.break.hi` | 0 | 240 | 247 |
| FINDINGS_LEDGER.md | 249 | range_hi_none | `.d3.groups.出の理由【結果で決まる群】.break.lo` | 0 | 280 | 272 |
| FINDINGS_LEDGER.md | 249 | range_hi_none | `.d3.groups.出の理由【結果で決まる群】.market.hi` | 0 | 280 | 278 |
| FINDINGS_LEDGER.md | 249 | range_hi_none | `.d3.trade_quantiles.0.99` | 0 | 280 | 279 |
| FINDINGS_LEDGER.md | 249 | range_hi_none | `.d7.years.2017.hi` | 0 | 280 | 285 |
| FINDINGS_LEDGER.md | 249 | range_hi_p75 | `.d1.rows[3].hi` | 0 | 280 | 289 |
| FINDINGS_LEDGER.md | 249 | range_hi_p75 | `.d7.years.2018.mean` | 0 | 280 | 289 |
| FINDINGS_LEDGER.md | 249 | range_hi_p90 | `.d1.rows[3].mean` | 0 | 280 | 287 |
| FINDINGS_LEDGER.md | 249 | range_hi_p90 | `.d1.rows[4].mde` | 0 | 240 | 241 |
| FINDINGS_LEDGER.md | 249 | range_hi_p90 | `.d1.rows[7].mde` | 0 | 280 | 284 |
| FINDINGS_LEDGER.md | 249 | range_hi_p90 | `.d1.segments.first.mean` | 0 | 240 | 249 |
| FINDINGS_LEDGER.md | 249 | range_hi_p90 | `.d1.segments.second.mean` | 0 | 280 | 277 |
| FINDINGS_LEDGER.md | 249 | range_hi_p90 | `.d3.groups.出の理由【結果で決まる群】.market.per_trade` | 0 | 280 | 279 |
| FINDINGS_LEDGER.md | 249 | range_hi_p90 | `.d7.years.2017.mean` | 0 | 280 | 276 |
| FINDINGS_LEDGER.md | 249 | range_hi_p90 | `.d7.years.2018.mde` | 0 | 240 | 241 |
| FINDINGS_LEDGER.md | 249 | range_lo_none | `.d1.rows[5].mean` | 0 | 240 | 244 |
| FINDINGS_LEDGER.md | 249 | range_lo_none | `.d1.rows[9].mde` | 0 | 240 | 232 |
| FINDINGS_LEDGER.md | 249 | range_lo_none | `.d1.segments.first.lo` | 0 | 240 | 231 |
| FINDINGS_LEDGER.md | 249 | range_lo_none | `.d1.segments.second.mean` | 0 | 280 | 273 |
| FINDINGS_LEDGER.md | 249 | range_lo_none | `.d3.groups.出の理由【結果で決まる群】.break.hi` | 0 | 240 | 246 |
| FINDINGS_LEDGER.md | 249 | range_lo_none | `.d3.groups.出の理由【結果で決まる群】.break.lo` | 0 | 280 | 272 |
| FINDINGS_LEDGER.md | 249 | range_lo_none | `.d3.groups.出の理由【結果で決まる群】.market.hi` | 0 | 280 | 278 |
| FINDINGS_LEDGER.md | 249 | range_lo_none | `.d3.trade_quantiles.0.99` | 0 | 280 | 277 |
| FINDINGS_LEDGER.md | 249 | range_lo_p10 | `.d1.rows[2].lo` | 0 | 280 | 284 |
| FINDINGS_LEDGER.md | 249 | range_lo_p10 | `.d1.rows[5].mean` | 0 | 280 | 275 |
| FINDINGS_LEDGER.md | 249 | range_lo_p10 | `.d3.groups.出の理由【結果で決まる群】.break.hi` | 0 | 280 | 272 |
| FINDINGS_LEDGER.md | 249 | range_lo_p10 | `.d3.groups.出の理由【結果で決まる群】.break.per_trade` | 0 | 280 | 286 |
| FINDINGS_LEDGER.md | 249 | range_lo_p10 | `.d3.groups.出の理由【結果で決まる群】.market.hi` | 0 | 280 | 289 |
| FINDINGS_LEDGER.md | 249 | range_lo_p25 | `.d1.rows[5].mean` | 0 | 280 | 279 |
| FINDINGS_LEDGER.md | 249 | range_lo_p25 | `.d1.rows[9].mean` | 0 | 280 | 274 |
| FINDINGS_LEDGER.md | 249 | range_lo_p25 | `.d1.segments.second.lo` | 0 | 280 | 277 |
| FINDINGS_LEDGER.md | 249 | range_lo_p25 | `.d3.trade_quantiles.0.05` | 0 | 280 | 287 |
| FINDINGS_LEDGER.md | 249 | range_lo_p25 | `.d7.years.2016.mean` | 0 | 240 | 249 |
| FINDINGS_LEDGER.md | 249 | range_lo_p50 | `.d1.rows[2].mde` | 0 | 280 | 287 |
| FINDINGS_LEDGER.md | 249 | range_lo_p50 | `.d1.rows[4].lo` | 0 | 280 | 272 |
| FINDINGS_LEDGER.md | 249 | range_lo_p50 | `.d1.rows[6].hi` | 0 | 240 | 248 |
| FINDINGS_LEDGER.md | 249 | range_lo_p50 | `.d1.rows[7].mean` | 0 | 240 | 232 |
| FINDINGS_LEDGER.md | 249 | range_lo_p50 | `.d7.years.2015.hi` | 0 | 280 | 286 |
| FINDINGS_LEDGER.md | 249 | range_lo_p50 | `.d7.years.2016.mde` | 0 | 240 | 243 |
| FINDINGS_LEDGER.md | 249 | step_2 | `.d1.rows[5].hi` | 0 | 240 | 232 |
| FINDINGS_LEDGER.md | 249 | step_2 | `.d1.rows[8].lo` | 0 | 280 | 285 |
| FINDINGS_LEDGER.md | 249 | step_2 | `.d1.segments.first.mean` | 0 | 240 | 247 |
| FINDINGS_LEDGER.md | 249 | step_2 | `.d1.segments.second.lo` | 0 | 280 | 290 |
| FINDINGS_LEDGER.md | 249 | step_2 | `.d7.years.2015.hi` | 0 | 240 | 243 |
| FINDINGS_LEDGER.md | 249 | step_2 | `.d7.years.2017.lo` | 0 | 240 | 242 |
| FINDINGS_LEDGER.md | 249 | step_2 | `.d7.years.2018.lo` | 0 | 280 | 284 |
| FINDINGS_LEDGER.md | 249 | step_4 | `.d1.rows[2].hi` | 0 | 280 | 274 |
| FINDINGS_LEDGER.md | 249 | step_4 | `.d1.rows[8].lo` | 0 | 280 | 275 |
| FINDINGS_LEDGER.md | 249 | step_4 | `.d1.rows[9].mean` | 0 | 240 | 246 |
| FINDINGS_LEDGER.md | 249 | step_4 | `.d7.years.2015.mean` | 0 | 240 | 242 |
| FINDINGS_LEDGER.md | 249 | step_4 | `.d7.years.2019.mean` | 0 | 240 | 237 |
| FINDINGS_LEDGER.md | 249 | step_4 | `.d7.years.2023.mean` | 0 | 240 | 233 |
| FINDINGS_LEDGER.md | 249 | vola_gate_p10 | `.d3.groups.出の理由【結果で決まる群】.break.per_trade` | 0 | 280 | 282 |
| FINDINGS_LEDGER.md | 249 | vola_gate_p10 | `.d3.trade_quantiles.0.05` | 0 | 240 | 234 |
| FINDINGS_LEDGER.md | 249 | vola_gate_p10 | `.d7.years.2015.mean` | 0 | 280 | 271 |
| FINDINGS_LEDGER.md | 249 | vola_gate_p25 | `.d1.rows[2].mde` | 0 | 280 | 289 |
| FINDINGS_LEDGER.md | 249 | vola_gate_p25 | `.d1.rows[6].hi` | 0 | 240 | 232 |
| FINDINGS_LEDGER.md | 249 | vola_gate_p25 | `.d3.trade_quantiles.0.05` | 0 | 280 | 272 |
| FINDINGS_LEDGER.md | 249 | vola_gate_p25 | `.d7.years.2016.mde` | 0 | 240 | 245 |
| FINDINGS_LEDGER.md | 249 | vola_gate_p50 | `.d1.rows[8].lo` | 0 | 240 | 246 |
| FINDINGS_LEDGER.md | 249 | vola_gate_p50 | `.d1.segments.first.mean` | 0 | 280 | 285 |
| FINDINGS_LEDGER.md | 266 | alert_x1 | `.d1.rows[1].mean` | 0 | 100 | 98 |
| FINDINGS_LEDGER.md | 266 | alert_x1 | `.d1.rows[1].mean` | 0 | 100.0 | 98.2 |
| FINDINGS_LEDGER.md | 266 | alert_x1 | `.d1.rows[5].lo` | 0 | 100 | 93 |
| FINDINGS_LEDGER.md | 266 | alert_x1 | `.d1.rows[5].lo` | 0 | 100.0 | 93.4 |
| FINDINGS_LEDGER.md | 266 | alert_x2 | `.d1.rows[5].lo` | 0 | 100 | 94 |
| FINDINGS_LEDGER.md | 266 | alert_x2 | `.d1.rows[5].lo` | 0 | 100.0 | 94.4 |
| FINDINGS_LEDGER.md | 266 | beard_off | `.d7.all.hi` | 0 | 100 | 93 |
| FINDINGS_LEDGER.md | 266 | beard_off | `.d7.all.hi` | 0 | 100.0 | 93.4 |
| FINDINGS_LEDGER.md | 266 | beard_off | `.d7.years.2016.mde` | 0 | 100 | 105 |
| FINDINGS_LEDGER.md | 266 | beard_off | `.d7.years.2016.mde` | 0 | 100.0 | 105.3 |
| FINDINGS_LEDGER.md | 266 | beard_off | `.d7.years.2023.hi` | 0 | 100 | 92 |
| FINDINGS_LEDGER.md | 266 | beard_off | `.d7.years.2023.hi` | 0 | 100.0 | 92.0 |
| FINDINGS_LEDGER.md | 266 | break_delay_2 | `.d1.rows[5].lo` | 0 | 100 | 105 |
| FINDINGS_LEDGER.md | 266 | break_delay_2 | `.d1.rows[5].lo` | 0 | 100.0 | 104.7 |
| FINDINGS_LEDGER.md | 266 | break_delay_2 | `.d7.years.2021.mde` | 0 | 100 | 98 |
| FINDINGS_LEDGER.md | 266 | break_delay_2 | `.d7.years.2021.mde` | 0 | 100.0 | 98.5 |
| FINDINGS_LEDGER.md | 266 | break_delay_3 | `.d1.rows[3].lo` | 0 | 100 | 96 |
| FINDINGS_LEDGER.md | 266 | break_delay_3 | `.d1.rows[3].lo` | 0 | 100.0 | 96.0 |
| FINDINGS_LEDGER.md | 266 | break_delay_3 | `.d1.rows[5].lo` | 0 | 100 | 97 |
| FINDINGS_LEDGER.md | 266 | break_delay_3 | `.d1.rows[5].lo` | 0 | 100.0 | 97.1 |
| FINDINGS_LEDGER.md | 266 | break_delay_3 | `.d1.rows[8].hi` | 0 | 100 | 105 |
| FINDINGS_LEDGER.md | 266 | break_delay_3 | `.d1.rows[8].hi` | 0 | 100.0 | 104.8 |
| FINDINGS_LEDGER.md | 266 | break_delay_3 | `.d7.years.2020.mde` | 0 | 100 | 97 |
| FINDINGS_LEDGER.md | 266 | break_delay_3 | `.d7.years.2020.mde` | 0 | 100.0 | 96.5 |
| FINDINGS_LEDGER.md | 266 | break_delay_3 | `.d7.years.2022.mde` | 0 | 100 | 97 |
| FINDINGS_LEDGER.md | 266 | break_delay_3 | `.d7.years.2022.mde` | 0 | 100.0 | 96.8 |
| FINDINGS_LEDGER.md | 266 | break_delay_4 | `.d7.years.2019.hi` | 0 | 100 | 99 |
| FINDINGS_LEDGER.md | 266 | break_delay_4 | `.d7.years.2019.hi` | 0 | 100.0 | 99.4 |
| FINDINGS_LEDGER.md | 266 | break_delay_4 | `.d7.years.2019.mde` | 0 | 100 | 107 |
| FINDINGS_LEDGER.md | 266 | break_delay_4 | `.d7.years.2019.mde` | 0 | 100.0 | 106.8 |
| FINDINGS_LEDGER.md | 266 | break_delay_4 | `.d7.years.2022.hi` | 0 | 100 | 94 |
| FINDINGS_LEDGER.md | 266 | break_delay_4 | `.d7.years.2022.hi` | 0 | 100.0 | 93.8 |
| FINDINGS_LEDGER.md | 266 | break_delay_8 | `.d1.rows[0].mde` | 0 | 100.0 | 109.9 |
| FINDINGS_LEDGER.md | 266 | break_delay_8 | `.d1.rows[2].mean` | 0 | 100 | 92 |
| FINDINGS_LEDGER.md | 266 | break_delay_8 | `.d1.rows[2].mean` | 0 | 100.0 | 91.7 |
| FINDINGS_LEDGER.md | 266 | break_delay_8 | `.d1.rows[5].lo` | 0 | 100 | 107 |
| FINDINGS_LEDGER.md | 266 | break_delay_8 | `.d1.rows[5].lo` | 0 | 100.0 | 106.8 |
| FINDINGS_LEDGER.md | 266 | break_delay_8 | `.d7.years.2016.mde` | 0 | 100 | 102 |
| FINDINGS_LEDGER.md | 266 | break_delay_8 | `.d7.years.2016.mde` | 0 | 100.0 | 102.4 |
| FINDINGS_LEDGER.md | 266 | break_dist_0.25 | `.d1.rows[0].mde` | 0 | 100 | 98 |
| FINDINGS_LEDGER.md | 266 | break_dist_0.25 | `.d1.rows[0].mde` | 0 | 100.0 | 98.4 |
| FINDINGS_LEDGER.md | 266 | break_dist_0.25 | `.d1.rows[0].mean` | 0 | 100 | 92 |
| FINDINGS_LEDGER.md | 266 | break_dist_0.25 | `.d1.rows[0].mean` | 0 | 100.0 | 91.8 |
| FINDINGS_LEDGER.md | 266 | break_dist_0.25 | `.d1.rows[2].lo` | 0 | 100 | 97 |
| FINDINGS_LEDGER.md | 266 | break_dist_0.25 | `.d1.rows[2].lo` | 0 | 100.0 | 96.8 |
| FINDINGS_LEDGER.md | 266 | break_dist_0.25 | `.d7.all.hi` | 0 | 100 | 95 |
| FINDINGS_LEDGER.md | 266 | break_dist_0.25 | `.d7.all.hi` | 0 | 100.0 | 94.6 |
| FINDINGS_LEDGER.md | 266 | break_dist_0.25 | `.d7.years.2016.hi` | 0 | 100 | 109 |
| FINDINGS_LEDGER.md | 266 | break_dist_0.25 | `.d7.years.2016.hi` | 0 | 100.0 | 108.8 |
| FINDINGS_LEDGER.md | 266 | break_dist_0.25 | `.d7.years.2023.mde` | 0 | 100 | 99 |
| FINDINGS_LEDGER.md | 266 | break_dist_0.25 | `.d7.years.2023.mde` | 0 | 100.0 | 99.2 |
| FINDINGS_LEDGER.md | 266 | break_dist_1 | `.d1.rows[0].mean` | 0 | 100 | 92 |
| FINDINGS_LEDGER.md | 266 | break_dist_1 | `.d1.rows[0].mean` | 0 | 100.0 | 91.6 |
| FINDINGS_LEDGER.md | 266 | break_dist_1 | `.d1.rows[8].hi` | 0 | 100 | 109 |
| FINDINGS_LEDGER.md | 266 | break_dist_1 | `.d1.rows[8].hi` | 0 | 100.0 | 108.8 |
| FINDINGS_LEDGER.md | 266 | break_dist_1 | `.d7.all.hi` | 0 | 100 | 107 |
| FINDINGS_LEDGER.md | 266 | break_dist_1 | `.d7.all.hi` | 0 | 100.0 | 107.0 |
| FINDINGS_LEDGER.md | 266 | break_dist_1 | `.d7.all.mde` | 0 | 100 | 93 |
| FINDINGS_LEDGER.md | 266 | break_dist_1 | `.d7.all.mde` | 0 | 100.0 | 93.0 |
| FINDINGS_LEDGER.md | 266 | break_dist_1 | `.d7.years.2016.hi` | 0 | 100 | 92 |
| FINDINGS_LEDGER.md | 266 | break_dist_1 | `.d7.years.2016.hi` | 0 | 100.0 | 92.3 |
| FINDINGS_LEDGER.md | 266 | break_dist_1 | `.d7.years.2016.lo` | 0 | 100 | 97 |
| FINDINGS_LEDGER.md | 266 | break_dist_1 | `.d7.years.2016.lo` | 0 | 100.0 | 96.6 |
| FINDINGS_LEDGER.md | 266 | break_dist_1 | `.d7.years.2022.hi` | 0 | 100 | 93 |
| FINDINGS_LEDGER.md | 266 | break_dist_1 | `.d7.years.2022.hi` | 0 | 100.0 | 92.7 |
| FINDINGS_LEDGER.md | 266 | break_len_mult_4 | `.d1.rows[7].hi` | 0 | 100 | 94 |
| FINDINGS_LEDGER.md | 266 | break_len_mult_4 | `.d1.rows[7].hi` | 0 | 100.0 | 93.6 |
| FINDINGS_LEDGER.md | 266 | break_len_mult_4 | `.d7.years.2021.lo` | 0 | 100 | 103 |
| FINDINGS_LEDGER.md | 266 | break_len_mult_4 | `.d7.years.2021.lo` | 0 | 100.0 | 103.1 |
| FINDINGS_LEDGER.md | 266 | break_len_mult_4 | `.d7.years.2023.mde` | 0 | 100 | 109 |
| FINDINGS_LEDGER.md | 266 | break_len_mult_4 | `.d7.years.2023.mde` | 0 | 100.0 | 108.9 |
| FINDINGS_LEDGER.md | 266 | break_off | `.d3.groups.保有時間の帯【結果で決まる群】.4 分超.hi` | 0 | 100 | 103 |
| FINDINGS_LEDGER.md | 266 | break_off | `.d3.groups.保有時間の帯【結果で決まる群】.4 分超.hi` | 0 | 100.0 | 103.0 |
| FINDINGS_LEDGER.md | 266 | break_off | `.d3.groups.保有時間の帯【結果で決まる群】.4 分超.per_trade` | 0 | 100.0 | 109.6 |
| FINDINGS_LEDGER.md | 266 | count_20 | `.d1.rows[5].lo` | 0 | 100 | 99 |
| FINDINGS_LEDGER.md | 266 | count_20 | `.d1.rows[5].lo` | 0 | 100.0 | 99.2 |
| FINDINGS_LEDGER.md | 266 | count_20 | `.d1.rows[6].hi` | 0 | 100 | 108 |
| FINDINGS_LEDGER.md | 266 | count_20 | `.d1.rows[6].hi` | 0 | 100.0 | 108.4 |
| FINDINGS_LEDGER.md | 266 | count_20 | `.d1.segments.diff.hi` | 0 | 100 | 97 |
| FINDINGS_LEDGER.md | 266 | count_20 | `.d1.segments.diff.hi` | 0 | 100.0 | 97.3 |
| FINDINGS_LEDGER.md | 266 | count_20 | `.d1.segments.second.mde` | 0 | 100 | 94 |
| FINDINGS_LEDGER.md | 266 | count_20 | `.d1.segments.second.mde` | 0 | 100.0 | 94.3 |
| FINDINGS_LEDGER.md | 266 | count_20 | `.d3.groups.出の理由【結果で決まる群】.break.lo` | 0 | 100 | 93 |
| FINDINGS_LEDGER.md | 266 | count_20 | `.d3.groups.出の理由【結果で決まる群】.break.lo` | 0 | 100.0 | 92.7 |
| FINDINGS_LEDGER.md | 266 | count_20 | `.d3.trade_quantiles.0.05` | 0 | 100 | 109 |
| FINDINGS_LEDGER.md | 266 | count_20 | `.d3.trade_quantiles.0.05` | 0 | 100.0 | 109.2 |
| FINDINGS_LEDGER.md | 266 | count_20 | `.d7.all.mde` | 0 | 100 | 102 |
| FINDINGS_LEDGER.md | 266 | count_20 | `.d7.all.mde` | 0 | 100.0 | 101.9 |
| FINDINGS_LEDGER.md | 266 | count_20 | `.d7.years.2023.hi` | 0 | 100.0 | 99.8 |
| FINDINGS_LEDGER.md | 266 | count_80 | `.d7.all.hi` | 0 | 100 | 93 |
| FINDINGS_LEDGER.md | 266 | count_80 | `.d7.all.hi` | 0 | 100.0 | 93.2 |
| FINDINGS_LEDGER.md | 266 | count_80 | `.d7.all.lo` | 0 | 100 | 101 |
| FINDINGS_LEDGER.md | 266 | count_80 | `.d7.all.lo` | 0 | 100.0 | 101.1 |
| FINDINGS_LEDGER.md | 266 | entry_exit_2_1 | `.d7.years.2017.lo` | 0 | 100 | 106 |
| FINDINGS_LEDGER.md | 266 | entry_exit_2_1 | `.d7.years.2017.lo` | 0 | 100.0 | 106.4 |
| FINDINGS_LEDGER.md | 266 | entry_exit_2_1 | `.d7.years.2023.mean` | 0 | 100.0 | 100.2 |
| FINDINGS_LEDGER.md | 266 | entry_exit_3_2 | `.d1.rows[0].lo` | 0 | 100 | 103 |
| FINDINGS_LEDGER.md | 266 | entry_exit_3_2 | `.d1.rows[0].lo` | 0 | 100.0 | 103.2 |
| FINDINGS_LEDGER.md | 266 | entry_exit_3_2 | `.d7.years.2017.lo` | 0 | 100 | 105 |
| FINDINGS_LEDGER.md | 266 | entry_exit_3_2 | `.d7.years.2017.lo` | 0 | 100.0 | 105.1 |
| FINDINGS_LEDGER.md | 266 | entry_exit_3_2 | `.d7.years.2019.hi` | 0 | 100 | 92 |
| FINDINGS_LEDGER.md | 266 | entry_exit_3_2 | `.d7.years.2019.hi` | 0 | 100.0 | 91.8 |
| FINDINGS_LEDGER.md | 266 | foot_5 | `.d1.rows[0].mde` | 0 | 100 | 96 |
| FINDINGS_LEDGER.md | 266 | foot_5 | `.d1.rows[0].mde` | 0 | 100.0 | 95.7 |
| FINDINGS_LEDGER.md | 266 | foot_5 | `.d1.segments.second.lo` | 0 | 100 | 106 |
| FINDINGS_LEDGER.md | 266 | foot_5 | `.d1.segments.second.lo` | 0 | 100.0 | 106.2 |
| FINDINGS_LEDGER.md | 266 | levels_1 | `.d1.segments.first.lo` | 0 | 100 | 93 |
| FINDINGS_LEDGER.md | 266 | levels_1 | `.d1.segments.first.lo` | 0 | 100.0 | 93.0 |
| FINDINGS_LEDGER.md | 266 | levels_1 | `.d7.years.2015.lo` | 0 | 100 | 101 |
| FINDINGS_LEDGER.md | 266 | levels_1 | `.d7.years.2015.lo` | 0 | 100.0 | 100.8 |
| FINDINGS_LEDGER.md | 266 | levels_3 | `.d1.rows[3].lo` | 0 | 100 | 102 |
| FINDINGS_LEDGER.md | 266 | levels_3 | `.d1.rows[3].lo` | 0 | 100.0 | 102.3 |
| FINDINGS_LEDGER.md | 266 | levels_3 | `.d7.all.mean` | 0 | 100 | 108 |
| FINDINGS_LEDGER.md | 266 | levels_3 | `.d7.all.mean` | 0 | 100.0 | 107.7 |
| FINDINGS_LEDGER.md | 266 | levels_3 | `.d7.years.2015.lo` | 0 | 100 | 91 |
| FINDINGS_LEDGER.md | 266 | levels_3 | `.d7.years.2015.lo` | 0 | 100.0 | 90.7 |
| FINDINGS_LEDGER.md | 266 | levels_3 | `.d7.years.2018.mean` | 0 | 100 | 102 |
| FINDINGS_LEDGER.md | 266 | levels_3 | `.d7.years.2018.mean` | 0 | 100.0 | 102.3 |
| FINDINGS_LEDGER.md | 266 | levels_3 | `.d7.years.2019.mde` | 0 | 100 | 92 |
| FINDINGS_LEDGER.md | 266 | levels_3 | `.d7.years.2019.mde` | 0 | 100.0 | 92.2 |
| FINDINGS_LEDGER.md | 266 | levels_3 | `.d7.years.2019.mean` | 0 | 100 | 102 |
| FINDINGS_LEDGER.md | 266 | levels_3 | `.d7.years.2019.mean` | 0 | 100.0 | 101.9 |
| FINDINGS_LEDGER.md | 266 | levels_3 | `.d7.years.2022.mde` | 0 | 100 | 103 |
| FINDINGS_LEDGER.md | 266 | levels_3 | `.d7.years.2022.mde` | 0 | 100.0 | 103.1 |
| FINDINGS_LEDGER.md | 266 | levels_7 | `.d1.rows[0].mde` | 0 | 100 | 101 |
| FINDINGS_LEDGER.md | 266 | levels_7 | `.d1.rows[0].mde` | 0 | 100.0 | 101.0 |
| FINDINGS_LEDGER.md | 266 | levels_7 | `.d1.rows[6].lo` | 0 | 100 | 96 |
| FINDINGS_LEDGER.md | 266 | levels_7 | `.d1.rows[6].lo` | 0 | 100.0 | 95.7 |
| FINDINGS_LEDGER.md | 266 | levels_7 | `.d1.rows[7].hi` | 0 | 100 | 96 |
| FINDINGS_LEDGER.md | 266 | levels_7 | `.d1.rows[7].hi` | 0 | 100.0 | 96.0 |
| FINDINGS_LEDGER.md | 266 | levels_7 | `.d1.segments.second.hi` | 0 | 100 | 106 |
| FINDINGS_LEDGER.md | 266 | levels_7 | `.d1.segments.second.hi` | 0 | 100.0 | 106.0 |
| FINDINGS_LEDGER.md | 266 | levels_7 | `.d1.segments.second.mde` | 0 | 100 | 101 |
| FINDINGS_LEDGER.md | 266 | levels_7 | `.d1.segments.second.mde` | 0 | 100.0 | 100.9 |
| FINDINGS_LEDGER.md | 266 | levels_7 | `.d3.trade_quantiles.0.95` | 0 | 100 | 103 |
| FINDINGS_LEDGER.md | 266 | levels_7 | `.d3.trade_quantiles.0.95` | 0 | 100.0 | 103.3 |
| FINDINGS_LEDGER.md | 266 | levels_7 | `.d7.years.2018.lo` | 0 | 100 | 90 |
| FINDINGS_LEDGER.md | 266 | levels_7 | `.d7.years.2018.lo` | 0 | 100.0 | 90.1 |
| FINDINGS_LEDGER.md | 266 | levels_7 | `.d7.years.2021.mde` | 0 | 100 | 96 |
| FINDINGS_LEDGER.md | 266 | levels_7 | `.d7.years.2021.mde` | 0 | 100.0 | 95.7 |
| FINDINGS_LEDGER.md | 266 | range_hi_none | `.d1.rows[5].lo` | 0 | 100 | 94 |
| FINDINGS_LEDGER.md | 266 | range_hi_none | `.d1.rows[5].lo` | 0 | 100.0 | 94.0 |
| FINDINGS_LEDGER.md | 266 | range_hi_none | `.d7.years.2017.mean` | 0 | 100.0 | 109.7 |
| FINDINGS_LEDGER.md | 266 | range_hi_p75 | `.d1.rows[0].lo` | 0 | 100 | 101 |
| FINDINGS_LEDGER.md | 266 | range_hi_p75 | `.d1.rows[0].lo` | 0 | 100.0 | 100.9 |
| FINDINGS_LEDGER.md | 266 | range_hi_p75 | `.d1.rows[2].lo` | 0 | 100 | 102 |
| FINDINGS_LEDGER.md | 266 | range_hi_p75 | `.d1.rows[2].lo` | 0 | 100.0 | 102.2 |
| FINDINGS_LEDGER.md | 266 | range_hi_p75 | `.d1.rows[5].lo` | 0 | 100 | 97 |
| FINDINGS_LEDGER.md | 266 | range_hi_p75 | `.d1.rows[5].lo` | 0 | 100.0 | 96.9 |
| FINDINGS_LEDGER.md | 266 | range_hi_p75 | `.d1.segments.second.mde` | 0 | 100 | 97 |
| FINDINGS_LEDGER.md | 266 | range_hi_p75 | `.d1.segments.second.mde` | 0 | 100.0 | 97.0 |
| FINDINGS_LEDGER.md | 266 | range_hi_p75 | `.d3.trade_quantiles.0.95` | 0 | 100 | 90 |
| FINDINGS_LEDGER.md | 266 | range_hi_p75 | `.d3.trade_quantiles.0.95` | 0 | 100.0 | 90.1 |
| FINDINGS_LEDGER.md | 266 | range_hi_p75 | `.d7.years.2016.lo` | 0 | 100 | 96 |
| FINDINGS_LEDGER.md | 266 | range_hi_p75 | `.d7.years.2016.lo` | 0 | 100.0 | 95.8 |
| FINDINGS_LEDGER.md | 266 | range_hi_p75 | `.d7.years.2018.hi` | 0 | 100.0 | 100.4 |
| FINDINGS_LEDGER.md | 266 | range_hi_p75 | `.d7.years.2021.lo` | 0 | 100 | 94 |
| FINDINGS_LEDGER.md | 266 | range_hi_p75 | `.d7.years.2021.lo` | 0 | 100.0 | 93.9 |
| FINDINGS_LEDGER.md | 266 | range_hi_p75 | `.d7.years.2023.mde` | 0 | 100 | 92 |
| FINDINGS_LEDGER.md | 266 | range_hi_p75 | `.d7.years.2023.mde` | 0 | 100.0 | 92.5 |
| FINDINGS_LEDGER.md | 266 | range_hi_p90 | `.d1.rows[0].mde` | 0 | 100.0 | 99.9 |
| FINDINGS_LEDGER.md | 266 | range_hi_p90 | `.d1.rows[7].hi` | 0 | 100 | 108 |
| FINDINGS_LEDGER.md | 266 | range_hi_p90 | `.d1.rows[7].hi` | 0 | 100.0 | 108.1 |
| FINDINGS_LEDGER.md | 266 | range_hi_p90 | `.d3.trade_quantiles.0.95` | 0 | 100 | 109 |
| FINDINGS_LEDGER.md | 266 | range_hi_p90 | `.d3.trade_quantiles.0.95` | 0 | 100.0 | 109.2 |
| FINDINGS_LEDGER.md | 266 | range_hi_p90 | `.d7.all.lo` | 0 | 100 | 96 |
| FINDINGS_LEDGER.md | 266 | range_hi_p90 | `.d7.all.lo` | 0 | 100.0 | 96.1 |
| FINDINGS_LEDGER.md | 266 | range_hi_p90 | `.d7.years.2016.hi` | 0 | 100 | 101 |
| FINDINGS_LEDGER.md | 266 | range_hi_p90 | `.d7.years.2016.hi` | 0 | 100.0 | 101.2 |
| FINDINGS_LEDGER.md | 266 | range_lo_none | `.d7.match.sum_only_a` | 0 | 100 | 94 |
| FINDINGS_LEDGER.md | 266 | range_lo_none | `.d7.match.sum_only_a` | 0 | 100.0 | 94.2 |
| FINDINGS_LEDGER.md | 266 | range_lo_p25 | `.d1.segments.second.hi` | 0 | 100 | 105 |
| FINDINGS_LEDGER.md | 266 | range_lo_p25 | `.d1.segments.second.hi` | 0 | 100.0 | 105.0 |
| FINDINGS_LEDGER.md | 266 | range_lo_p25 | `.d7.years.2015.hi` | 0 | 100 | 91 |
| FINDINGS_LEDGER.md | 266 | range_lo_p25 | `.d7.years.2015.hi` | 0 | 100.0 | 90.9 |
| FINDINGS_LEDGER.md | 266 | range_lo_p25 | `.d7.years.2020.hi` | 0 | 100 | 107 |
| FINDINGS_LEDGER.md | 266 | range_lo_p25 | `.d7.years.2020.hi` | 0 | 100.0 | 107.2 |
| FINDINGS_LEDGER.md | 266 | range_lo_p50 | `.d1.rows[0].mde` | 0 | 100 | 106 |
| FINDINGS_LEDGER.md | 266 | range_lo_p50 | `.d1.rows[0].mde` | 0 | 100.0 | 106.0 |
| FINDINGS_LEDGER.md | 266 | range_lo_p50 | `.d1.rows[0].mean` | 0 | 100 | 91 |
| FINDINGS_LEDGER.md | 266 | range_lo_p50 | `.d1.rows[0].mean` | 0 | 100.0 | 90.9 |
| FINDINGS_LEDGER.md | 266 | range_lo_p50 | `.d7.years.2017.lo` | 0 | 100 | 108 |
| FINDINGS_LEDGER.md | 266 | range_lo_p50 | `.d7.years.2017.lo` | 0 | 100.0 | 107.7 |
| FINDINGS_LEDGER.md | 266 | range_lo_p50 | `.d7.years.2017.mde` | 0 | 100 | 102 |
| FINDINGS_LEDGER.md | 266 | range_lo_p50 | `.d7.years.2017.mde` | 0 | 100.0 | 101.8 |
| FINDINGS_LEDGER.md | 266 | range_lo_p50 | `.d7.years.2018.mde` | 0 | 100 | 102 |
| FINDINGS_LEDGER.md | 266 | range_lo_p50 | `.d7.years.2018.mde` | 0 | 100.0 | 101.9 |
| FINDINGS_LEDGER.md | 266 | range_lo_p50 | `.d7.years.2019.mde` | 0 | 100 | 97 |
| FINDINGS_LEDGER.md | 266 | range_lo_p50 | `.d7.years.2019.mde` | 0 | 100.0 | 97.0 |
| FINDINGS_LEDGER.md | 266 | range_lo_p50 | `.d7.years.2020.mde` | 0 | 100 | 103 |
| FINDINGS_LEDGER.md | 266 | range_lo_p50 | `.d7.years.2020.mde` | 0 | 100.0 | 103.2 |
| FINDINGS_LEDGER.md | 266 | range_lo_p50 | `.d7.years.2021.lo` | 0 | 100 | 103 |
| FINDINGS_LEDGER.md | 266 | range_lo_p50 | `.d7.years.2021.lo` | 0 | 100.0 | 103.4 |
| FINDINGS_LEDGER.md | 266 | range_lo_p50 | `.d7.years.2022.lo` | 0 | 100 | 103 |
| FINDINGS_LEDGER.md | 266 | range_lo_p50 | `.d7.years.2022.lo` | 0 | 100.0 | 102.8 |
| FINDINGS_LEDGER.md | 266 | step_2 | `.d1.rows[0].mde` | 0 | 100 | 92 |
| FINDINGS_LEDGER.md | 266 | step_2 | `.d1.rows[0].mde` | 0 | 100.0 | 91.6 |
| FINDINGS_LEDGER.md | 266 | step_2 | `.d1.segments.second.mde` | 0 | 100 | 92 |
| FINDINGS_LEDGER.md | 266 | step_2 | `.d1.segments.second.mde` | 0 | 100.0 | 91.7 |
| FINDINGS_LEDGER.md | 266 | step_2 | `.d7.years.2016.mde` | 0 | 100 | 96 |
| FINDINGS_LEDGER.md | 266 | step_2 | `.d7.years.2016.mde` | 0 | 100.0 | 95.7 |
| FINDINGS_LEDGER.md | 266 | step_2 | `.d7.years.2019.mde` | 0 | 100 | 98 |
| FINDINGS_LEDGER.md | 266 | step_2 | `.d7.years.2019.mde` | 0 | 100.0 | 97.8 |
| FINDINGS_LEDGER.md | 266 | step_2 | `.d7.years.2020.mde` | 0 | 100 | 94 |
| FINDINGS_LEDGER.md | 266 | step_2 | `.d7.years.2020.mde` | 0 | 100.0 | 94.4 |
| FINDINGS_LEDGER.md | 266 | step_4 | `.d1.rows[2].mean` | 0 | 100 | 96 |
| FINDINGS_LEDGER.md | 266 | step_4 | `.d1.rows[2].mean` | 0 | 100.0 | 96.1 |
| FINDINGS_LEDGER.md | 266 | step_4 | `.d1.rows[3].lo` | 0 | 100 | 91 |
| FINDINGS_LEDGER.md | 266 | step_4 | `.d1.rows[3].lo` | 0 | 100.0 | 91.0 |
| FINDINGS_LEDGER.md | 266 | step_4 | `.d1.rows[5].mde` | 0 | 100 | 97 |
| FINDINGS_LEDGER.md | 266 | step_4 | `.d1.rows[5].mde` | 0 | 100.0 | 97.5 |
| FINDINGS_LEDGER.md | 266 | step_4 | `.d1.rows[6].mde` | 0 | 100.0 | 100.4 |
| FINDINGS_LEDGER.md | 266 | step_4 | `.d1.rows[6].mean` | 0 | 100 | 103 |
| FINDINGS_LEDGER.md | 266 | step_4 | `.d1.rows[6].mean` | 0 | 100.0 | 103.1 |
| FINDINGS_LEDGER.md | 266 | step_4 | `.d1.segments.first.mde` | 0 | 100 | 102 |
| FINDINGS_LEDGER.md | 266 | step_4 | `.d1.segments.first.mde` | 0 | 100.0 | 102.0 |
| FINDINGS_LEDGER.md | 266 | step_4 | `.d7.years.2016.hi` | 0 | 100 | 101 |
| FINDINGS_LEDGER.md | 266 | step_4 | `.d7.years.2016.hi` | 0 | 100.0 | 101.0 |
| FINDINGS_LEDGER.md | 266 | step_4 | `.d7.years.2017.hi` | 0 | 100 | 92 |
| FINDINGS_LEDGER.md | 266 | step_4 | `.d7.years.2017.hi` | 0 | 100.0 | 92.1 |
| FINDINGS_LEDGER.md | 266 | step_4 | `.d7.years.2020.mean` | 0 | 100 | 109 |
| FINDINGS_LEDGER.md | 266 | step_4 | `.d7.years.2020.mean` | 0 | 100.0 | 109.1 |
| FINDINGS_LEDGER.md | 266 | step_4 | `.d7.years.2021.mean` | 0 | 100 | 92 |
| FINDINGS_LEDGER.md | 266 | step_4 | `.d7.years.2021.mean` | 0 | 100.0 | 91.7 |
| FINDINGS_LEDGER.md | 266 | vola_gate_p10 | `.d1.rows[5].lo` | 0 | 100 | 106 |
| FINDINGS_LEDGER.md | 266 | vola_gate_p10 | `.d1.rows[5].lo` | 0 | 100.0 | 105.9 |
| FINDINGS_LEDGER.md | 266 | vola_gate_p10 | `.d7.years.2016.mean` | 0 | 100 | 107 |
| FINDINGS_LEDGER.md | 266 | vola_gate_p10 | `.d7.years.2016.mean` | 0 | 100.0 | 106.9 |
| FINDINGS_LEDGER.md | 266 | vola_gate_p25 | `.d1.rows[5].lo` | 0 | 100 | 105 |
| FINDINGS_LEDGER.md | 266 | vola_gate_p25 | `.d1.rows[5].lo` | 0 | 100.0 | 104.9 |
| FINDINGS_LEDGER.md | 266 | vola_gate_p25 | `.d1.segments.second.hi` | 0 | 100 | 97 |
| FINDINGS_LEDGER.md | 266 | vola_gate_p25 | `.d1.segments.second.hi` | 0 | 100.0 | 97.0 |
| FINDINGS_LEDGER.md | 266 | vola_gate_p25 | `.d7.years.2020.hi` | 0 | 100 | 108 |
| FINDINGS_LEDGER.md | 266 | vola_gate_p25 | `.d7.years.2020.hi` | 0 | 100.0 | 108.0 |
| FINDINGS_LEDGER.md | 266 | vola_gate_p25 | `.d7.years.2023.mde` | 0 | 100 | 94 |
| FINDINGS_LEDGER.md | 266 | vola_gate_p25 | `.d7.years.2023.mde` | 0 | 100.0 | 94.2 |
| FINDINGS_LEDGER.md | 266 | vola_gate_p50 | `.d1.rows[0].mde` | 0 | 100 | 103 |
| FINDINGS_LEDGER.md | 266 | vola_gate_p50 | `.d1.rows[0].mde` | 0 | 100.0 | 103.0 |
| FINDINGS_LEDGER.md | 266 | vola_gate_p50 | `.d1.rows[0].mean` | 0 | 100 | 99 |
| FINDINGS_LEDGER.md | 266 | vola_gate_p50 | `.d1.rows[0].mean` | 0 | 100.0 | 98.9 |
| FINDINGS_LEDGER.md | 266 | vola_gate_p50 | `.d7.all.hi` | 0 | 100 | 95 |
| FINDINGS_LEDGER.md | 266 | vola_gate_p50 | `.d7.all.hi` | 0 | 100.0 | 95.1 |
| FINDINGS_LEDGER.md | 266 | vola_gate_p50 | `.d7.years.2016.hi` | 0 | 100 | 95 |
| FINDINGS_LEDGER.md | 266 | vola_gate_p50 | `.d7.years.2016.hi` | 0 | 100.0 | 94.8 |
| FINDINGS_LEDGER.md | 266 | vola_gate_p50 | `.d7.years.2017.mde` | 0 | 100.0 | 100.3 |
| FINDINGS_LEDGER.md | 266 | vola_gate_p50 | `.d7.years.2018.mean` | 0 | 100 | 105 |
| FINDINGS_LEDGER.md | 266 | vola_gate_p50 | `.d7.years.2018.mean` | 0 | 100.0 | 104.5 |
| FINDINGS_LEDGER.md | 266 | vola_gate_p50 | `.d7.years.2019.lo` | 0 | 100 | 99 |
| FINDINGS_LEDGER.md | 266 | vola_gate_p50 | `.d7.years.2019.lo` | 0 | 100.0 | 99.0 |
| FINDINGS_LEDGER.md | 266 | vola_gate_p50 | `.d7.years.2019.mde` | 0 | 100 | 91 |
| FINDINGS_LEDGER.md | 266 | vola_gate_p50 | `.d7.years.2019.mde` | 0 | 100.0 | 90.9 |
| FINDINGS_LEDGER.md | 266 | vola_gate_p50 | `.d7.years.2020.mde` | 0 | 100.0 | 100.1 |
| FINDINGS_LEDGER.md | 266 | vola_gate_p50 | `.d7.years.2020.mde` | 2 | 100.0 | 100.1 |
| FINDINGS_LEDGER.md | 266 | vola_gate_p50 | `.d7.years.2021.mean` | 0 | 100 | 93 |
| FINDINGS_LEDGER.md | 266 | vola_gate_p50 | `.d7.years.2021.mean` | 0 | 100.0 | 93.3 |
| FINDINGS_LEDGER.md | 266 | vola_gate_p50 | `.d7.years.2022.mde` | 0 | 100 | 90 |
| FINDINGS_LEDGER.md | 266 | vola_gate_p50 | `.d7.years.2022.mde` | 0 | 100.0 | 90.4 |
| FINDINGS_LEDGER.md | 283 | alert_x2 | `.d1.rows[1].hi` | 0 | 1,060 | 1,051 |
| FINDINGS_LEDGER.md | 283 | entry_exit_2_1 | `.d1.rows[1].hi` | 0 | 1,060 | 1,067 |
| FINDINGS_LEDGER.md | 283 | entry_exit_3_2 | `.d1.rows[4].hi` | 0 | 1,060 | 1,050 |
| FINDINGS_LEDGER.md | 283 | foot_5 | `.d7.years.2015.mde` | 0 | 1,060 | 1,066 |
| FINDINGS_LEDGER.md | 283 | range_hi_p90 | `.d7.match.sum_only_a` | 0 | 1,060 | 1,066 |
| FINDINGS_LEDGER.md | 283 | range_lo_p25 | `.d7.match.sum_both_a_minus_b` | 0 | 1,060 | 1,054 |
| FINDINGS_LEDGER.md | 283 | range_lo_p50 | `.d3.trade_quantiles.0.01` | 0 | 1,060 | 1,053 |
| FINDINGS_LEDGER.md | 300 | alert_x1 | `.d1.rows[0].hi` | 0 | 140 | 131 |
| FINDINGS_LEDGER.md | 300 | alert_x1 | `.d1.rows[2].lo` | 0 | 140 | 146 |
| FINDINGS_LEDGER.md | 300 | alert_x2 | `.d1.rows[2].mean` | 0 | 140 | 146 |
| FINDINGS_LEDGER.md | 300 | base | `.d1.rows[2].mean` | 0 | 140 | 133 |
| FINDINGS_LEDGER.md | 300 | base | `.d1.rows[8].hi` | 0 | 140 | 130 |
| FINDINGS_LEDGER.md | 300 | beard_off | `.d1.rows[0].mde` | 0 | 140 | 142 |
| FINDINGS_LEDGER.md | 300 | beard_off | `.d1.rows[2].lo` | 0 | 140 | 133 |
| FINDINGS_LEDGER.md | 300 | beard_off | `.d1.rows[3].mean` | 0 | 860 | 867 |
| FINDINGS_LEDGER.md | 300 | beard_off | `.d3.trade_quantiles.0.95` | 0 | 140 | 133 |
| FINDINGS_LEDGER.md | 300 | beard_off | `.d7.years.2016.hi` | 0 | 140 | 131 |
| FINDINGS_LEDGER.md | 300 | break_delay_2 | `.d1.rows[2].lo` | 0 | 140 | 147 |
| FINDINGS_LEDGER.md | 300 | break_delay_2 | `.d1.rows[2].mean` | 0 | 140 | 141 |
| FINDINGS_LEDGER.md | 300 | break_delay_2 | `.d1.rows[6].hi` | 0 | 140 | 149 |
| FINDINGS_LEDGER.md | 300 | break_delay_2 | `.d1.rows[8].hi` | 0 | 140 | 131 |
| FINDINGS_LEDGER.md | 300 | break_delay_2 | `.d7.years.2015.mean` | 0 | 140 | 133 |
| FINDINGS_LEDGER.md | 300 | break_delay_2 | `.d7.years.2018.mde` | 0 | 140 | 132 |
| FINDINGS_LEDGER.md | 300 | break_delay_3 | `.d1.rows[0].hi` | 0 | 140 | 133 |
| FINDINGS_LEDGER.md | 300 | break_delay_3 | `.d1.rows[2].mean` | 0 | 140 | 139 |
| FINDINGS_LEDGER.md | 300 | break_delay_3 | `.d7.years.2018.mde` | 0 | 140 | 148 |
| FINDINGS_LEDGER.md | 300 | break_delay_4 | `.d7.years.2020.hi` | 0 | 140 | 147 |
| FINDINGS_LEDGER.md | 300 | break_delay_8 | `.d7.years.2019.mde` | 0 | 140 | 134 |
| FINDINGS_LEDGER.md | 300 | break_delay_8 | `.d7.years.2020.mde` | 0 | 140 | 134 |
| FINDINGS_LEDGER.md | 300 | break_delay_8 | `.d7.years.2021.mean` | 0 | 140 | 147 |
| FINDINGS_LEDGER.md | 300 | break_delay_8 | `.d7.years.2022.lo` | 0 | 140 | 149 |
| FINDINGS_LEDGER.md | 300 | break_dist_0.25 | `.d1.rows[2].mean` | 0 | 140 | 149 |
| FINDINGS_LEDGER.md | 300 | break_dist_0.25 | `.d7.match.sum_only_a` | 0 | 140 | 139 |
| FINDINGS_LEDGER.md | 300 | break_dist_1 | `.d1.rows[2].mean` | 0 | 140 | 132 |
| FINDINGS_LEDGER.md | 300 | break_dist_1 | `.d1.rows[6].mean` | 0 | 140 | 146 |
| FINDINGS_LEDGER.md | 300 | break_dist_1 | `.d3.trade_quantiles.0.01` | 0 | 860 | 859 |
| FINDINGS_LEDGER.md | 300 | break_dist_1 | `.d3.trade_quantiles.0.95` | 0 | 140 | 136 |
| FINDINGS_LEDGER.md | 300 | break_dist_1 | `.d7.years.2016.mde` | 0 | 140 | 138 |
| FINDINGS_LEDGER.md | 300 | break_dist_1 | `.d7.years.2023.mde` | 0 | 140 | 143 |
| FINDINGS_LEDGER.md | 300 | break_len_mult_4 | `.d1.rows[0].lo` | 0 | 140 | 147 |
| FINDINGS_LEDGER.md | 300 | break_len_mult_4 | `.d1.rows[0].mde` | 0 | 140 | 150 |
| FINDINGS_LEDGER.md | 300 | break_len_mult_4 | `.d1.segments.second.mde` | 0 | 140 | 143 |
| FINDINGS_LEDGER.md | 300 | break_len_mult_4 | `.d3.trade_quantiles.0.95` | 0 | 140 | 133 |
| FINDINGS_LEDGER.md | 300 | break_len_mult_4 | `.d7.years.2016.hi` | 0 | 140 | 146 |
| FINDINGS_LEDGER.md | 300 | break_len_mult_4 | `.d7.years.2016.mde` | 0 | 140 | 139 |
| FINDINGS_LEDGER.md | 300 | break_off | `.d1.rows[3].mde` | 0 | 860 | 859 |
| FINDINGS_LEDGER.md | 300 | break_off | `.d1.rows[6].lo` | 0 | 140 | 131 |
| FINDINGS_LEDGER.md | 300 | break_off | `.d3.trade_quantiles.0.95` | 0 | 140 | 148 |
| FINDINGS_LEDGER.md | 300 | break_off | `.d7.years.2020.lo` | 0 | 140 | 141 |
| FINDINGS_LEDGER.md | 300 | break_off | `.d7.years.2023.hi` | 0 | 140 | 139 |
| FINDINGS_LEDGER.md | 300 | count_20 | `.d1.rows[0].mean` | 0 | 140 | 139 |
| FINDINGS_LEDGER.md | 300 | count_20 | `.d1.rows[3].lo` | 0 | 140 | 147 |
| FINDINGS_LEDGER.md | 300 | count_20 | `.d1.rows[6].lo` | 0 | 140 | 148 |
| FINDINGS_LEDGER.md | 300 | count_20 | `.d1.segments.first.mde` | 0 | 140 | 148 |
| FINDINGS_LEDGER.md | 300 | count_20 | `.d3.groups.出の理由【結果で決まる群】.market.per_trade` | 0 | 140 | 141 |
| FINDINGS_LEDGER.md | 300 | count_20 | `.d7.years.2021.mean` | 0 | 140 | 135 |
| FINDINGS_LEDGER.md | 300 | count_20 | `.d7.years.2022.hi` | 0 | 140 | 138 |
| FINDINGS_LEDGER.md | 300 | count_20 | `.d7.years.2023.lo` | 0 | 140 | 145 |
| FINDINGS_LEDGER.md | 300 | count_80 | `.d1.rows[0].hi` | 0 | 140 | 142 |
| FINDINGS_LEDGER.md | 300 | count_80 | `.d7.all.mde` | 0 | 140 | 136 |
| FINDINGS_LEDGER.md | 300 | count_80 | `.d7.years.2019.hi` | 0 | 140 | 131 |
| FINDINGS_LEDGER.md | 300 | count_80 | `.d7.years.2022.hi` | 0 | 140 | 131 |
| FINDINGS_LEDGER.md | 300 | entry_exit_2_1 | `.d1.rows[0].mean` | 0 | 140 | 134 |
| FINDINGS_LEDGER.md | 300 | entry_exit_2_1 | `.d1.rows[2].lo` | 0 | 140 | 136 |
| FINDINGS_LEDGER.md | 300 | entry_exit_2_1 | `.d7.all.mde` | 0 | 140 | 133 |
| FINDINGS_LEDGER.md | 300 | entry_exit_2_1 | `.d7.years.2015.hi` | 0 | 140 | 133 |
| FINDINGS_LEDGER.md | 300 | entry_exit_2_1 | `.d7.years.2023.mde` | 0 | 140 | 131 |
| FINDINGS_LEDGER.md | 300 | entry_exit_3_2 | `.d7.years.2019.mde` | 0 | 140 | 144 |
| FINDINGS_LEDGER.md | 300 | entry_exit_3_2 | `.d7.years.2020.hi` | 0 | 140 | 134 |
| FINDINGS_LEDGER.md | 300 | entry_exit_3_2 | `.d7.years.2021.hi` | 0 | 140 | 146 |
| FINDINGS_LEDGER.md | 300 | foot_5 | `.d1.rows[0].hi` | 0 | 140 | 142 |
| FINDINGS_LEDGER.md | 300 | foot_5 | `.d1.segments.second.mde` | 0 | 140 | 131 |
| FINDINGS_LEDGER.md | 300 | foot_5 | `.d7.all.mde` | 0 | 140 | 139 |
| FINDINGS_LEDGER.md | 300 | levels_1 | `.d1.rows[2].mean` | 0 | 860 | 857 |
| FINDINGS_LEDGER.md | 300 | levels_1 | `.d1.rows[8].hi` | 0 | 860 | 866 |
| FINDINGS_LEDGER.md | 300 | levels_1 | `.d1.segments.first.mean` | 0 | 140 | 145 |
| FINDINGS_LEDGER.md | 300 | levels_1 | `.d3.groups.保有時間の帯【結果で決まる群】.3 分超.lo` | 0 | 140 | 138 |
| FINDINGS_LEDGER.md | 300 | levels_3 | `.d1.rows[5].mean` | 0 | 140 | 142 |
| FINDINGS_LEDGER.md | 300 | levels_3 | `.d7.years.2018.mde` | 0 | 140 | 137 |
| FINDINGS_LEDGER.md | 300 | levels_3 | `.d7.years.2021.mde` | 0 | 140 | 142 |
| FINDINGS_LEDGER.md | 300 | levels_7 | `.d1.rows[0].hi` | 0 | 140 | 145 |
| FINDINGS_LEDGER.md | 300 | levels_7 | `.d1.rows[8].mean` | 0 | 140 | 139 |
| FINDINGS_LEDGER.md | 300 | levels_7 | `.d7.years.2015.hi` | 0 | 140 | 139 |
| FINDINGS_LEDGER.md | 300 | range_hi_none | `.d1.rows[0].hi` | 0 | 140 | 139 |
| FINDINGS_LEDGER.md | 300 | range_hi_none | `.d1.rows[2].mean` | 0 | 140 | 133 |
| FINDINGS_LEDGER.md | 300 | range_hi_none | `.d1.rows[6].hi` | 0 | 140 | 135 |
| FINDINGS_LEDGER.md | 300 | range_hi_none | `.d1.rows[7].hi` | 0 | 140 | 149 |
| FINDINGS_LEDGER.md | 300 | range_hi_none | `.d1.rows[8].hi` | 0 | 140 | 130 |
| FINDINGS_LEDGER.md | 300 | range_hi_p75 | `.d1.rows[3].mean` | 0 | 140 | 147 |
| FINDINGS_LEDGER.md | 300 | range_hi_p75 | `.d7.all.lo` | 0 | 140 | 138 |
| FINDINGS_LEDGER.md | 300 | range_hi_p75 | `.d7.years.2016.hi` | 0 | 140 | 138 |
| FINDINGS_LEDGER.md | 300 | range_hi_p75 | `.d7.years.2022.hi` | 0 | 140 | 139 |
| FINDINGS_LEDGER.md | 300 | range_hi_p75 | `.d7.years.2022.mde` | 0 | 140 | 139 |
| FINDINGS_LEDGER.md | 300 | range_hi_p90 | `.d1.rows[2].lo` | 0 | 140 | 150 |
| FINDINGS_LEDGER.md | 300 | range_hi_p90 | `.d1.segments.first.lo` | 0 | 140 | 136 |
| FINDINGS_LEDGER.md | 300 | range_hi_p90 | `.d7.years.2019.mde` | 0 | 140 | 132 |
| FINDINGS_LEDGER.md | 300 | range_hi_p90 | `.d7.years.2020.lo` | 0 | 140 | 147 |
| FINDINGS_LEDGER.md | 300 | range_lo_none | `.d1.rows[2].mean` | 0 | 140 | 133 |
| FINDINGS_LEDGER.md | 300 | range_lo_none | `.d1.rows[8].hi` | 0 | 140 | 130 |
| FINDINGS_LEDGER.md | 300 | range_lo_p10 | `.d1.rows[6].lo` | 0 | 140 | 135 |
| FINDINGS_LEDGER.md | 300 | range_lo_p10 | `.d3.trade_quantiles.0.95` | 0 | 140 | 138 |
| FINDINGS_LEDGER.md | 300 | range_lo_p25 | `.d1.rows[0].hi` | 0 | 140 | 132 |
| FINDINGS_LEDGER.md | 300 | range_lo_p25 | `.d1.rows[2].hi` | 0 | 140 | 134 |
| FINDINGS_LEDGER.md | 300 | range_lo_p25 | `.d1.rows[7].hi` | 0 | 140 | 136 |
| FINDINGS_LEDGER.md | 300 | range_lo_p25 | `.d7.years.2016.mde` | 0 | 140 | 131 |
| FINDINGS_LEDGER.md | 300 | range_lo_p50 | `.d1.rows[3].hi` | 0 | 860 | 864 |
| FINDINGS_LEDGER.md | 300 | range_lo_p50 | `.d1.segments.first.lo` | 0 | 140 | 142 |
| FINDINGS_LEDGER.md | 300 | range_lo_p50 | `.d7.years.2016.hi` | 0 | 140 | 141 |
| FINDINGS_LEDGER.md | 300 | range_lo_p50 | `.d7.years.2018.lo` | 0 | 140 | 138 |
| FINDINGS_LEDGER.md | 300 | range_lo_p50 | `.d7.years.2023.mde` | 0 | 140 | 133 |
| FINDINGS_LEDGER.md | 300 | step_2 | `.d1.rows[1].mean` | 0 | 140 | 133 |
| FINDINGS_LEDGER.md | 300 | step_2 | `.d1.rows[2].lo` | 0 | 140 | 149 |
| FINDINGS_LEDGER.md | 300 | step_2 | `.d1.rows[5].mean` | 0 | 140 | 130 |
| FINDINGS_LEDGER.md | 300 | step_2 | `.d1.segments.first.lo` | 0 | 140 | 147 |
| FINDINGS_LEDGER.md | 300 | step_2 | `.d1.segments.first.mde` | 0 | 140 | 146 |
| FINDINGS_LEDGER.md | 300 | step_2 | `.d3.trade_quantiles.0.05` | 0 | 140 | 131 |
| FINDINGS_LEDGER.md | 300 | step_2 | `.d7.years.2015.mean` | 0 | 140 | 130 |
| FINDINGS_LEDGER.md | 300 | step_2 | `.d7.years.2021.hi` | 0 | 140 | 130 |
| FINDINGS_LEDGER.md | 300 | step_2 | `.d7.years.2022.hi` | 0 | 140 | 148 |
| FINDINGS_LEDGER.md | 300 | step_2 | `.d7.years.2023.mean` | 0 | 140 | 142 |
| FINDINGS_LEDGER.md | 300 | step_4 | `.d7.years.2019.hi` | 0 | 140 | 138 |
| FINDINGS_LEDGER.md | 300 | step_4 | `.d7.years.2022.hi` | 0 | 140 | 147 |
| FINDINGS_LEDGER.md | 300 | step_4 | `.d7.years.2023.lo` | 0 | 140 | 139 |
| FINDINGS_LEDGER.md | 300 | step_4 | `.d7.years.2023.mde` | 0 | 140 | 132 |
| FINDINGS_LEDGER.md | 300 | vola_gate_p10 | `.d3.trade_quantiles.0.95` | 0 | 140 | 137 |
| FINDINGS_LEDGER.md | 300 | vola_gate_p10 | `.d7.years.2016.mde` | 0 | 140 | 142 |
| FINDINGS_LEDGER.md | 300 | vola_gate_p25 | `.d1.rows[0].hi` | 0 | 140 | 143 |
| FINDINGS_LEDGER.md | 300 | vola_gate_p25 | `.d1.rows[3].hi` | 0 | 860 | 861 |
| FINDINGS_LEDGER.md | 300 | vola_gate_p50 | `.d1.rows[2].lo` | 0 | 140 | 142 |
| FINDINGS_LEDGER.md | 300 | vola_gate_p50 | `.d1.rows[3].lo` | 0 | 140 | 141 |
| FINDINGS_LEDGER.md | 300 | vola_gate_p50 | `.d7.years.2015.hi` | 0 | 860 | 869 |
| FINDINGS_LEDGER.md | 300 | vola_gate_p50 | `.d7.years.2016.mean` | 0 | 140 | 145 |
| FINDINGS_LEDGER.md | 300 | vola_gate_p50 | `.d7.years.2017.lo` | 0 | 140 | 147 |
| FINDINGS_LEDGER.md | 300 | vola_gate_p50 | `.d7.years.2021.hi` | 0 | 140 | 136 |
| FINDINGS_LEDGER.md | 300 | vola_gate_p50 | `.d7.years.2022.mean` | 0 | 140 | 148 |
| FINDINGS_LEDGER.md | 305 | alert_x1 | `.d1.rows[1].mean` | 0 | 100 | 98 |
| FINDINGS_LEDGER.md | 305 | alert_x1 | `.d1.rows[5].lo` | 0 | 100 | 93 |
| FINDINGS_LEDGER.md | 305 | alert_x2 | `.d1.rows[5].lo` | 0 | 100 | 94 |
| FINDINGS_LEDGER.md | 305 | beard_off | `.d7.all.hi` | 0 | 100 | 93 |
| FINDINGS_LEDGER.md | 305 | beard_off | `.d7.years.2016.mde` | 0 | 100 | 105 |
| FINDINGS_LEDGER.md | 305 | beard_off | `.d7.years.2023.hi` | 0 | 100 | 92 |
| FINDINGS_LEDGER.md | 305 | break_delay_2 | `.d1.rows[5].lo` | 0 | 100 | 105 |
| FINDINGS_LEDGER.md | 305 | break_delay_2 | `.d7.years.2021.mde` | 0 | 100 | 98 |
| FINDINGS_LEDGER.md | 305 | break_delay_3 | `.d1.rows[3].lo` | 0 | 100 | 96 |
| FINDINGS_LEDGER.md | 305 | break_delay_3 | `.d1.rows[5].lo` | 0 | 100 | 97 |
| FINDINGS_LEDGER.md | 305 | break_delay_3 | `.d1.rows[8].hi` | 0 | 100 | 105 |
| FINDINGS_LEDGER.md | 305 | break_delay_3 | `.d7.years.2020.mde` | 0 | 100 | 97 |
| FINDINGS_LEDGER.md | 305 | break_delay_3 | `.d7.years.2022.mde` | 0 | 100 | 97 |
| FINDINGS_LEDGER.md | 305 | break_delay_4 | `.d7.years.2019.hi` | 0 | 100 | 99 |
| FINDINGS_LEDGER.md | 305 | break_delay_4 | `.d7.years.2019.mde` | 0 | 100 | 107 |
| FINDINGS_LEDGER.md | 305 | break_delay_4 | `.d7.years.2022.hi` | 0 | 100 | 94 |
| FINDINGS_LEDGER.md | 305 | break_delay_8 | `.d1.rows[0].mde` | 0 | 100 | 110 |
| FINDINGS_LEDGER.md | 305 | break_delay_8 | `.d1.rows[2].mean` | 0 | 100 | 92 |
| FINDINGS_LEDGER.md | 305 | break_delay_8 | `.d1.rows[5].lo` | 0 | 100 | 107 |
| FINDINGS_LEDGER.md | 305 | break_delay_8 | `.d7.years.2016.mde` | 0 | 100 | 102 |
| FINDINGS_LEDGER.md | 305 | break_dist_0.25 | `.d1.rows[0].mde` | 0 | 100 | 98 |
| FINDINGS_LEDGER.md | 305 | break_dist_0.25 | `.d1.rows[0].mean` | 0 | 100 | 92 |
| FINDINGS_LEDGER.md | 305 | break_dist_0.25 | `.d1.rows[2].lo` | 0 | 100 | 97 |
| FINDINGS_LEDGER.md | 305 | break_dist_0.25 | `.d7.all.hi` | 0 | 100 | 95 |
| FINDINGS_LEDGER.md | 305 | break_dist_0.25 | `.d7.years.2016.hi` | 0 | 100 | 109 |
| FINDINGS_LEDGER.md | 305 | break_dist_0.25 | `.d7.years.2023.mde` | 0 | 100 | 99 |
| FINDINGS_LEDGER.md | 305 | break_dist_1 | `.d1.rows[0].mean` | 0 | 100 | 92 |
| FINDINGS_LEDGER.md | 305 | break_dist_1 | `.d1.rows[8].hi` | 0 | 100 | 109 |
| FINDINGS_LEDGER.md | 305 | break_dist_1 | `.d7.all.hi` | 0 | 100 | 107 |
| FINDINGS_LEDGER.md | 305 | break_dist_1 | `.d7.all.mde` | 0 | 100 | 93 |
| FINDINGS_LEDGER.md | 305 | break_dist_1 | `.d7.years.2016.hi` | 0 | 100 | 92 |
| FINDINGS_LEDGER.md | 305 | break_dist_1 | `.d7.years.2016.lo` | 0 | 100 | 97 |
| FINDINGS_LEDGER.md | 305 | break_dist_1 | `.d7.years.2022.hi` | 0 | 100 | 93 |
| FINDINGS_LEDGER.md | 305 | break_len_mult_4 | `.d1.rows[7].hi` | 0 | 100 | 94 |
| FINDINGS_LEDGER.md | 305 | break_len_mult_4 | `.d7.years.2021.lo` | 0 | 100 | 103 |
| FINDINGS_LEDGER.md | 305 | break_len_mult_4 | `.d7.years.2023.mde` | 0 | 100 | 109 |
| FINDINGS_LEDGER.md | 305 | break_off | `.d3.groups.保有時間の帯【結果で決まる群】.4 分超.hi` | 0 | 100 | 103 |
| FINDINGS_LEDGER.md | 305 | break_off | `.d3.groups.保有時間の帯【結果で決まる群】.4 分超.per_trade` | 0 | 100 | 110 |
| FINDINGS_LEDGER.md | 305 | count_20 | `.d1.rows[5].lo` | 0 | 100 | 99 |
| FINDINGS_LEDGER.md | 305 | count_20 | `.d1.rows[6].hi` | 0 | 100 | 108 |
| FINDINGS_LEDGER.md | 305 | count_20 | `.d1.segments.diff.hi` | 0 | 100 | 97 |
| FINDINGS_LEDGER.md | 305 | count_20 | `.d1.segments.second.mde` | 0 | 100 | 94 |
| FINDINGS_LEDGER.md | 305 | count_20 | `.d3.groups.出の理由【結果で決まる群】.break.lo` | 0 | 100 | 93 |
| FINDINGS_LEDGER.md | 305 | count_20 | `.d3.trade_quantiles.0.05` | 0 | 100 | 109 |
| FINDINGS_LEDGER.md | 305 | count_20 | `.d7.all.mde` | 0 | 100 | 102 |
| FINDINGS_LEDGER.md | 305 | count_80 | `.d7.all.hi` | 0 | 100 | 93 |
| FINDINGS_LEDGER.md | 305 | count_80 | `.d7.all.lo` | 0 | 100 | 101 |
| FINDINGS_LEDGER.md | 305 | entry_exit_2_1 | `.d7.years.2017.lo` | 0 | 100 | 106 |
| FINDINGS_LEDGER.md | 305 | entry_exit_3_2 | `.d1.rows[0].lo` | 0 | 100 | 103 |
| FINDINGS_LEDGER.md | 305 | entry_exit_3_2 | `.d7.years.2017.lo` | 0 | 100 | 105 |
| FINDINGS_LEDGER.md | 305 | entry_exit_3_2 | `.d7.years.2019.hi` | 0 | 100 | 92 |
| FINDINGS_LEDGER.md | 305 | foot_5 | `.d1.rows[0].mde` | 0 | 100 | 96 |
| FINDINGS_LEDGER.md | 305 | foot_5 | `.d1.segments.second.lo` | 0 | 100 | 106 |
| FINDINGS_LEDGER.md | 305 | levels_1 | `.d1.segments.first.lo` | 0 | 100 | 93 |
| FINDINGS_LEDGER.md | 305 | levels_1 | `.d7.years.2015.lo` | 0 | 100 | 101 |
| FINDINGS_LEDGER.md | 305 | levels_3 | `.d1.rows[3].lo` | 0 | 100 | 102 |
| FINDINGS_LEDGER.md | 305 | levels_3 | `.d7.all.mean` | 0 | 100 | 108 |
| FINDINGS_LEDGER.md | 305 | levels_3 | `.d7.years.2015.lo` | 0 | 100 | 91 |
| FINDINGS_LEDGER.md | 305 | levels_3 | `.d7.years.2018.mean` | 0 | 100 | 102 |
| FINDINGS_LEDGER.md | 305 | levels_3 | `.d7.years.2019.mde` | 0 | 100 | 92 |
| FINDINGS_LEDGER.md | 305 | levels_3 | `.d7.years.2019.mean` | 0 | 100 | 102 |
| FINDINGS_LEDGER.md | 305 | levels_3 | `.d7.years.2022.mde` | 0 | 100 | 103 |
| FINDINGS_LEDGER.md | 305 | levels_7 | `.d1.rows[0].mde` | 0 | 100 | 101 |
| FINDINGS_LEDGER.md | 305 | levels_7 | `.d1.rows[6].lo` | 0 | 100 | 96 |
| FINDINGS_LEDGER.md | 305 | levels_7 | `.d1.rows[7].hi` | 0 | 100 | 96 |
| FINDINGS_LEDGER.md | 305 | levels_7 | `.d1.segments.second.hi` | 0 | 100 | 106 |
| FINDINGS_LEDGER.md | 305 | levels_7 | `.d1.segments.second.mde` | 0 | 100 | 101 |
| FINDINGS_LEDGER.md | 305 | levels_7 | `.d3.trade_quantiles.0.95` | 0 | 100 | 103 |
| FINDINGS_LEDGER.md | 305 | levels_7 | `.d7.years.2018.lo` | 0 | 100 | 90 |
| FINDINGS_LEDGER.md | 305 | levels_7 | `.d7.years.2021.mde` | 0 | 100 | 96 |
| FINDINGS_LEDGER.md | 305 | range_hi_none | `.d1.rows[5].lo` | 0 | 100 | 94 |
| FINDINGS_LEDGER.md | 305 | range_hi_none | `.d7.years.2017.mean` | 0 | 100 | 110 |
| FINDINGS_LEDGER.md | 305 | range_hi_p75 | `.d1.rows[0].lo` | 0 | 100 | 101 |
| FINDINGS_LEDGER.md | 305 | range_hi_p75 | `.d1.rows[2].lo` | 0 | 100 | 102 |
| FINDINGS_LEDGER.md | 305 | range_hi_p75 | `.d1.rows[5].lo` | 0 | 100 | 97 |
| FINDINGS_LEDGER.md | 305 | range_hi_p75 | `.d1.segments.second.mde` | 0 | 100 | 97 |
| FINDINGS_LEDGER.md | 305 | range_hi_p75 | `.d3.trade_quantiles.0.95` | 0 | 100 | 90 |
| FINDINGS_LEDGER.md | 305 | range_hi_p75 | `.d7.years.2016.lo` | 0 | 100 | 96 |
| FINDINGS_LEDGER.md | 305 | range_hi_p75 | `.d7.years.2021.lo` | 0 | 100 | 94 |
| FINDINGS_LEDGER.md | 305 | range_hi_p75 | `.d7.years.2023.mde` | 0 | 100 | 92 |
| FINDINGS_LEDGER.md | 305 | range_hi_p90 | `.d1.rows[7].hi` | 0 | 100 | 108 |
| FINDINGS_LEDGER.md | 305 | range_hi_p90 | `.d3.trade_quantiles.0.95` | 0 | 100 | 109 |
| FINDINGS_LEDGER.md | 305 | range_hi_p90 | `.d7.all.lo` | 0 | 100 | 96 |
| FINDINGS_LEDGER.md | 305 | range_hi_p90 | `.d7.years.2016.hi` | 0 | 100 | 101 |
| FINDINGS_LEDGER.md | 305 | range_lo_none | `.d7.match.sum_only_a` | 0 | 100 | 94 |
| FINDINGS_LEDGER.md | 305 | range_lo_p25 | `.d1.segments.second.hi` | 0 | 100 | 105 |
| FINDINGS_LEDGER.md | 305 | range_lo_p25 | `.d7.years.2015.hi` | 0 | 100 | 91 |
| FINDINGS_LEDGER.md | 305 | range_lo_p25 | `.d7.years.2020.hi` | 0 | 100 | 107 |
| FINDINGS_LEDGER.md | 305 | range_lo_p50 | `.d1.rows[0].mde` | 0 | 100 | 106 |
| FINDINGS_LEDGER.md | 305 | range_lo_p50 | `.d1.rows[0].mean` | 0 | 100 | 91 |
| FINDINGS_LEDGER.md | 305 | range_lo_p50 | `.d7.years.2017.lo` | 0 | 100 | 108 |
| FINDINGS_LEDGER.md | 305 | range_lo_p50 | `.d7.years.2017.mde` | 0 | 100 | 102 |
| FINDINGS_LEDGER.md | 305 | range_lo_p50 | `.d7.years.2018.mde` | 0 | 100 | 102 |
| FINDINGS_LEDGER.md | 305 | range_lo_p50 | `.d7.years.2019.mde` | 0 | 100 | 97 |
| FINDINGS_LEDGER.md | 305 | range_lo_p50 | `.d7.years.2020.mde` | 0 | 100 | 103 |
| FINDINGS_LEDGER.md | 305 | range_lo_p50 | `.d7.years.2021.lo` | 0 | 100 | 103 |
| FINDINGS_LEDGER.md | 305 | range_lo_p50 | `.d7.years.2022.lo` | 0 | 100 | 103 |
| FINDINGS_LEDGER.md | 305 | step_2 | `.d1.rows[0].mde` | 0 | 100 | 92 |
| FINDINGS_LEDGER.md | 305 | step_2 | `.d1.segments.second.mde` | 0 | 100 | 92 |
| FINDINGS_LEDGER.md | 305 | step_2 | `.d7.years.2016.mde` | 0 | 100 | 96 |
| FINDINGS_LEDGER.md | 305 | step_2 | `.d7.years.2019.mde` | 0 | 100 | 98 |
| FINDINGS_LEDGER.md | 305 | step_2 | `.d7.years.2020.mde` | 0 | 100 | 94 |
| FINDINGS_LEDGER.md | 305 | step_4 | `.d1.rows[2].mean` | 0 | 100 | 96 |
| FINDINGS_LEDGER.md | 305 | step_4 | `.d1.rows[3].lo` | 0 | 100 | 91 |
| FINDINGS_LEDGER.md | 305 | step_4 | `.d1.rows[5].mde` | 0 | 100 | 97 |
| FINDINGS_LEDGER.md | 305 | step_4 | `.d1.rows[6].mean` | 0 | 100 | 103 |
| FINDINGS_LEDGER.md | 305 | step_4 | `.d1.segments.first.mde` | 0 | 100 | 102 |
| FINDINGS_LEDGER.md | 305 | step_4 | `.d7.years.2016.hi` | 0 | 100 | 101 |
| FINDINGS_LEDGER.md | 305 | step_4 | `.d7.years.2017.hi` | 0 | 100 | 92 |
| FINDINGS_LEDGER.md | 305 | step_4 | `.d7.years.2020.mean` | 0 | 100 | 109 |
| FINDINGS_LEDGER.md | 305 | step_4 | `.d7.years.2021.mean` | 0 | 100 | 92 |
| FINDINGS_LEDGER.md | 305 | vola_gate_p10 | `.d1.rows[5].lo` | 0 | 100 | 106 |
| FINDINGS_LEDGER.md | 305 | vola_gate_p10 | `.d7.years.2016.mean` | 0 | 100 | 107 |
| FINDINGS_LEDGER.md | 305 | vola_gate_p25 | `.d1.rows[5].lo` | 0 | 100 | 105 |
| FINDINGS_LEDGER.md | 305 | vola_gate_p25 | `.d1.segments.second.hi` | 0 | 100 | 97 |
| FINDINGS_LEDGER.md | 305 | vola_gate_p25 | `.d7.years.2020.hi` | 0 | 100 | 108 |
| FINDINGS_LEDGER.md | 305 | vola_gate_p25 | `.d7.years.2023.mde` | 0 | 100 | 94 |
| FINDINGS_LEDGER.md | 305 | vola_gate_p50 | `.d1.rows[0].mde` | 0 | 100 | 103 |
| FINDINGS_LEDGER.md | 305 | vola_gate_p50 | `.d1.rows[0].mean` | 0 | 100 | 99 |
| FINDINGS_LEDGER.md | 305 | vola_gate_p50 | `.d7.all.hi` | 0 | 100 | 95 |
| FINDINGS_LEDGER.md | 305 | vola_gate_p50 | `.d7.years.2016.hi` | 0 | 100 | 95 |
| FINDINGS_LEDGER.md | 305 | vola_gate_p50 | `.d7.years.2018.mean` | 0 | 100 | 105 |
| FINDINGS_LEDGER.md | 305 | vola_gate_p50 | `.d7.years.2019.lo` | 0 | 100 | 99 |
| FINDINGS_LEDGER.md | 305 | vola_gate_p50 | `.d7.years.2019.mde` | 0 | 100 | 91 |
| FINDINGS_LEDGER.md | 305 | vola_gate_p50 | `.d7.years.2021.mean` | 0 | 100 | 93 |
| FINDINGS_LEDGER.md | 305 | vola_gate_p50 | `.d7.years.2022.mde` | 0 | 100 | 90 |
| FINDINGS_LEDGER.md | 370 | vola_gate_p50 | `.d7.all.mde` | 2 | 55.8 | 55.9 |
| FINDINGS_LEDGER.md | 386 | base | `.d1.rows[4].lo` | 0 | 320 | 327 |
| FINDINGS_LEDGER.md | 386 | base | `.d1.rows[9].hi` | 0 | 320 | 315 |
| FINDINGS_LEDGER.md | 386 | base | `.d3.groups.出の理由【結果で決まる群】.market.per_trade` | 0 | 320 | 315 |
| FINDINGS_LEDGER.md | 386 | beard_off | `.d1.rows[6].mde` | 0 | 320 | 317 |
| FINDINGS_LEDGER.md | 386 | beard_off | `.d1.segments.second.mean` | 0 | 320 | 327 |
| FINDINGS_LEDGER.md | 386 | beard_off | `.d3.groups.出の理由【結果で決まる群】.break.hi` | 0 | 320 | 321 |
| FINDINGS_LEDGER.md | 386 | beard_off | `.d3.groups.出の理由【結果で決まる群】.market.hi` | 0 | 320 | 326 |
| FINDINGS_LEDGER.md | 386 | beard_off | `.d7.years.2021.lo` | 0 | 320 | 316 |
| FINDINGS_LEDGER.md | 386 | break_delay_2 | `.d1.rows[7].mde` | 0 | 320 | 318 |
| FINDINGS_LEDGER.md | 386 | break_delay_2 | `.d1.segments.first.mean` | 0 | 320 | 323 |
| FINDINGS_LEDGER.md | 386 | break_delay_2 | `.d1.segments.second.lo` | 0 | 320 | 317 |
| FINDINGS_LEDGER.md | 386 | break_delay_3 | `.d1.segments.first.mean` | 0 | 320 | 321 |
| FINDINGS_LEDGER.md | 386 | break_delay_4 | `.d3.groups.出の理由【結果で決まる群】.market.lo` | 0 | 320 | 328 |
| FINDINGS_LEDGER.md | 386 | break_delay_8 | `.d1.segments.diff.hi` | 0 | 320 | 322 |
| FINDINGS_LEDGER.md | 386 | break_delay_8 | `.d1.segments.second.lo` | 0 | 320 | 313 |
| FINDINGS_LEDGER.md | 386 | break_delay_8 | `.d3.groups.出の理由【結果で決まる群】.market.lo` | 0 | 320 | 323 |
| FINDINGS_LEDGER.md | 386 | break_delay_8 | `.d7.years.2015.mean` | 0 | 320 | 329 |
| FINDINGS_LEDGER.md | 386 | break_dist_0.25 | `.d1.rows[3].lo` | 0 | 320 | 322 |
| FINDINGS_LEDGER.md | 386 | break_dist_1 | `.d1.rows[4].lo` | 0 | 320 | 325 |
| FINDINGS_LEDGER.md | 386 | break_dist_1 | `.d1.rows[8].mean` | 0 | 320 | 324 |
| FINDINGS_LEDGER.md | 386 | break_len_mult_4 | `.d3.groups.出の理由【結果で決まる群】.break.hi` | 0 | 320 | 325 |
| FINDINGS_LEDGER.md | 386 | break_off | `.d1.rows[2].hi` | 0 | 320 | 313 |
| FINDINGS_LEDGER.md | 386 | break_off | `.d3.trade_quantiles.0.99` | 0 | 320 | 322 |
| FINDINGS_LEDGER.md | 386 | count_20 | `.d1.segments.second.lo` | 0 | 320 | 317 |
| FINDINGS_LEDGER.md | 386 | count_80 | `.d1.rows[8].mde` | 0 | 320 | 311 |
| FINDINGS_LEDGER.md | 386 | entry_exit_2_1 | `.d7.years.2021.hi` | 0 | 320 | 316 |
| FINDINGS_LEDGER.md | 386 | entry_exit_2_1 | `.d7.years.2021.mde` | 0 | 320 | 317 |
| FINDINGS_LEDGER.md | 386 | entry_exit_3_2 | `.d1.rows[8].hi` | 0 | 320 | 329 |
| FINDINGS_LEDGER.md | 386 | entry_exit_3_2 | `.d3.groups.出の理由【結果で決まる群】.break.hi` | 0 | 320 | 318 |
| FINDINGS_LEDGER.md | 386 | entry_exit_3_2 | `.d3.trade_quantiles.0.99` | 0 | 320 | 325 |
| FINDINGS_LEDGER.md | 386 | entry_exit_3_2 | `.d7.years.2015.mde` | 0 | 320 | 326 |
| FINDINGS_LEDGER.md | 386 | foot_5 | `.d1.rows[2].hi` | 0 | 320 | 321 |
| FINDINGS_LEDGER.md | 386 | foot_5 | `.d7.years.2018.hi` | 0 | 320 | 316 |
| FINDINGS_LEDGER.md | 386 | levels_3 | `.d1.rows[6].lo` | 0 | 320 | 318 |
| FINDINGS_LEDGER.md | 386 | levels_3 | `.d3.groups.出の理由【結果で決まる群】.break.per_trade` | 0 | 320 | 326 |
| FINDINGS_LEDGER.md | 386 | levels_3 | `.d3.groups.出の理由【結果で決まる群】.market.hi` | 0 | 320 | 311 |
| FINDINGS_LEDGER.md | 386 | levels_3 | `.d3.trade_quantiles.0.99` | 0 | 320 | 317 |
| FINDINGS_LEDGER.md | 386 | levels_7 | `.d1.rows[2].hi` | 0 | 320 | 318 |
| FINDINGS_LEDGER.md | 386 | levels_7 | `.d3.groups.出の理由【結果で決まる群】.market.lo` | 0 | 320 | 321 |
| FINDINGS_LEDGER.md | 386 | range_hi_none | `.d1.rows[3].lo` | 0 | 320 | 327 |
| FINDINGS_LEDGER.md | 386 | range_hi_none | `.d1.rows[9].hi` | 0 | 320 | 315 |
| FINDINGS_LEDGER.md | 386 | range_hi_none | `.d3.groups.出の理由【結果で決まる群】.market.per_trade` | 0 | 320 | 315 |
| FINDINGS_LEDGER.md | 386 | range_hi_p75 | `.d1.segments.second.lo` | 0 | 320 | 329 |
| FINDINGS_LEDGER.md | 386 | range_hi_p90 | `.d1.rows[1].hi` | 0 | 320 | 318 |
| FINDINGS_LEDGER.md | 386 | range_hi_p90 | `.d1.rows[8].mean` | 0 | 320 | 325 |
| FINDINGS_LEDGER.md | 386 | range_hi_p90 | `.d1.rows[9].hi` | 0 | 320 | 317 |
| FINDINGS_LEDGER.md | 386 | range_hi_p90 | `.d3.groups.出の理由【結果で決まる群】.market.lo` | 0 | 320 | 314 |
| FINDINGS_LEDGER.md | 386 | range_lo_none | `.d1.rows[4].lo` | 0 | 320 | 327 |
| FINDINGS_LEDGER.md | 386 | range_lo_none | `.d1.rows[9].hi` | 0 | 320 | 315 |
| FINDINGS_LEDGER.md | 386 | range_lo_none | `.d3.groups.出の理由【結果で決まる群】.market.per_trade` | 0 | 320 | 315 |
| FINDINGS_LEDGER.md | 386 | range_lo_p10 | `.d3.groups.出の理由【結果で決まる群】.market.per_trade` | 0 | 320 | 327 |
| FINDINGS_LEDGER.md | 386 | range_lo_p25 | `.d1.rows[4].lo` | 0 | 320 | 317 |
| FINDINGS_LEDGER.md | 386 | range_lo_p25 | `.d1.segments.diff.hi` | 0 | 320 | 327 |
| FINDINGS_LEDGER.md | 386 | range_lo_p25 | `.d3.groups.出の理由【結果で決まる群】.break.hi` | 0 | 320 | 312 |
| FINDINGS_LEDGER.md | 386 | range_lo_p25 | `.d3.groups.出の理由【結果で決まる群】.break.per_trade` | 0 | 320 | 327 |
| FINDINGS_LEDGER.md | 386 | range_lo_p25 | `.d3.groups.出の理由【結果で決まる群】.market.hi` | 0 | 320 | 312 |
| FINDINGS_LEDGER.md | 386 | range_lo_p25 | `.d3.trade_quantiles.0.99` | 0 | 320 | 324 |
| FINDINGS_LEDGER.md | 386 | range_lo_p50 | `.d1.segments.diff.mean` | 0 | 320 | 328 |
| FINDINGS_LEDGER.md | 386 | range_lo_p50 | `.d7.years.2016.mean` | 0 | 320 | 312 |
| FINDINGS_LEDGER.md | 386 | range_lo_p50 | `.d7.years.2023.lo` | 0 | 320 | 315 |
| FINDINGS_LEDGER.md | 386 | step_4 | `.d1.rows[9].lo` | 0 | 320 | 326 |
| FINDINGS_LEDGER.md | 386 | step_4 | `.d3.trade_quantiles.0.01` | 0 | 320 | 317 |
| FINDINGS_LEDGER.md | 386 | step_4 | `.d7.years.2023.hi` | 0 | 320 | 324 |
| FINDINGS_LEDGER.md | 386 | vola_gate_p25 | `.d1.rows[4].lo` | 0 | 320 | 316 |
| FINDINGS_LEDGER.md | 386 | vola_gate_p25 | `.d1.segments.first.mean` | 0 | 320 | 322 |
| FINDINGS_LEDGER.md | 386 | vola_gate_p25 | `.d3.trade_quantiles.0.99` | 0 | 320 | 319 |
| FINDINGS_LEDGER.md | 386 | vola_gate_p25 | `.d7.years.2016.lo` | 0 | 320 | 323 |
| FINDINGS_LEDGER.md | 386 | vola_gate_p50 | `.d7.years.2023.lo` | 0 | 320 | 329 |
| FINDINGS_LEDGER.md | 404 | alert_x1 | `.d1.rows[7].mde` | 0 | 360 | 353 |
| FINDINGS_LEDGER.md | 404 | alert_x1 | `.d1.segments.second.lo` | 0 | 360 | 359 |
| FINDINGS_LEDGER.md | 404 | alert_x1 | `.d7.years.2015.mde` | 0 | 360 | 351 |
| FINDINGS_LEDGER.md | 404 | alert_x2 | `.d1.rows[7].mde` | 0 | 360 | 353 |
| FINDINGS_LEDGER.md | 404 | alert_x2 | `.d1.segments.first.mean` | 0 | 360 | 370 |
| FINDINGS_LEDGER.md | 404 | alert_x2 | `.d1.segments.second.lo` | 0 | 360 | 359 |
| FINDINGS_LEDGER.md | 404 | base | `.d1.rows[7].mde` | 0 | 360 | 353 |
| FINDINGS_LEDGER.md | 404 | base | `.d1.segments.first.mean` | 0 | 360 | 362 |
| FINDINGS_LEDGER.md | 404 | base | `.d3.groups.出の理由【結果で決まる群】.market.lo` | 0 | 360 | 361 |
| FINDINGS_LEDGER.md | 404 | beard_off | `.d3.groups.出の理由【結果で決まる群】.break.lo` | 0 | 360 | 355 |
| FINDINGS_LEDGER.md | 404 | beard_off | `.d3.groups.出の理由【結果で決まる群】.market.per_trade` | 0 | 360 | 367 |
| FINDINGS_LEDGER.md | 404 | break_delay_3 | `.d7.years.2015.mde` | 0 | 360 | 351 |
| FINDINGS_LEDGER.md | 404 | break_delay_4 | `.d1.segments.diff.hi` | 0 | 360 | 350 |
| FINDINGS_LEDGER.md | 404 | break_delay_8 | `.d1.rows[2].hi` | 0 | 360 | 364 |
| FINDINGS_LEDGER.md | 404 | break_delay_8 | `.d1.segments.first.hi` | 0 | 360 | 357 |
| FINDINGS_LEDGER.md | 404 | break_dist_0.25 | `.d1.rows[4].mean` | 0 | 360 | 368 |
| FINDINGS_LEDGER.md | 404 | break_dist_0.25 | `.d1.rows[7].lo` | 0 | 360 | 365 |
| FINDINGS_LEDGER.md | 404 | break_dist_0.25 | `.d1.rows[9].mean` | 0 | 360 | 368 |
| FINDINGS_LEDGER.md | 404 | break_dist_0.25 | `.d7.years.2018.lo` | 0 | 360 | 369 |
| FINDINGS_LEDGER.md | 404 | break_dist_1 | `.d1.rows[4].mde` | 0 | 360 | 355 |
| FINDINGS_LEDGER.md | 404 | break_dist_1 | `.d1.rows[9].hi` | 0 | 360 | 353 |
| FINDINGS_LEDGER.md | 404 | break_dist_1 | `.d7.years.2019.hi` | 0 | 360 | 357 |
| FINDINGS_LEDGER.md | 404 | break_len_mult_4 | `.d1.rows[0].hi` | 0 | 360 | 353 |
| FINDINGS_LEDGER.md | 404 | break_len_mult_4 | `.d1.rows[6].hi` | 0 | 360 | 359 |
| FINDINGS_LEDGER.md | 404 | break_len_mult_4 | `.d3.groups.出の理由【結果で決まる群】.break.lo` | 0 | 360 | 362 |
| FINDINGS_LEDGER.md | 404 | break_off | `.d1.segments.first.mde` | 0 | 360 | 353 |
| FINDINGS_LEDGER.md | 404 | count_20 | `.d7.years.2016.mean` | 0 | 360 | 358 |
| FINDINGS_LEDGER.md | 404 | count_20 | `.d7.years.2018.mde` | 0 | 360 | 362 |
| FINDINGS_LEDGER.md | 404 | count_20 | `.d7.years.2019.lo` | 0 | 360 | 364 |
| FINDINGS_LEDGER.md | 404 | count_80 | `.d1.rows[4].mde` | 0 | 360 | 370 |
| FINDINGS_LEDGER.md | 404 | count_80 | `.d7.years.2021.mde` | 0 | 360 | 369 |
| FINDINGS_LEDGER.md | 404 | entry_exit_2_1 | `.d1.rows[9].hi` | 0 | 360 | 368 |
| FINDINGS_LEDGER.md | 404 | entry_exit_2_1 | `.d7.years.2018.lo` | 0 | 360 | 358 |
| FINDINGS_LEDGER.md | 404 | entry_exit_3_2 | `.d1.rows[4].lo` | 0 | 360 | 366 |
| FINDINGS_LEDGER.md | 404 | entry_exit_3_2 | `.d1.rows[7].hi` | 0 | 360 | 367 |
| FINDINGS_LEDGER.md | 404 | entry_exit_3_2 | `.d3.groups.出の理由【結果で決まる群】.break.lo` | 0 | 360 | 352 |
| FINDINGS_LEDGER.md | 404 | entry_exit_3_2 | `.d7.years.2016.hi` | 0 | 360 | 358 |
| FINDINGS_LEDGER.md | 404 | entry_exit_3_2 | `.d7.years.2018.hi` | 0 | 360 | 364 |
| FINDINGS_LEDGER.md | 404 | levels_1 | `.d1.rows[5].mde` | 0 | 360 | 366 |
| FINDINGS_LEDGER.md | 404 | levels_1 | `.d1.rows[9].mde` | 0 | 360 | 362 |
| FINDINGS_LEDGER.md | 404 | levels_1 | `.d1.segments.first.mde` | 0 | 360 | 352 |
| FINDINGS_LEDGER.md | 404 | levels_1 | `.d3.trade_quantiles.0.99` | 0 | 360 | 355 |
| FINDINGS_LEDGER.md | 404 | levels_3 | `.d1.rows[4].mde` | 0 | 360 | 369 |
| FINDINGS_LEDGER.md | 404 | levels_3 | `.d1.segments.second.hi` | 0 | 360 | 364 |
| FINDINGS_LEDGER.md | 404 | levels_3 | `.d3.groups.出の理由【結果で決まる群】.market.per_trade` | 0 | 360 | 351 |
| FINDINGS_LEDGER.md | 404 | levels_7 | `.d1.rows[9].mean` | 0 | 360 | 356 |
| FINDINGS_LEDGER.md | 404 | range_hi_none | `.d1.segments.second.lo` | 0 | 360 | 358 |
| FINDINGS_LEDGER.md | 404 | range_hi_none | `.d3.groups.出の理由【結果で決まる群】.market.lo` | 0 | 360 | 361 |
| FINDINGS_LEDGER.md | 404 | range_hi_p75 | `.d1.rows[8].lo` | 0 | 360 | 356 |
| FINDINGS_LEDGER.md | 404 | range_hi_p90 | `.d1.rows[4].mean` | 0 | 360 | 355 |
| FINDINGS_LEDGER.md | 404 | range_hi_p90 | `.d1.segments.second.lo` | 0 | 360 | 356 |
| FINDINGS_LEDGER.md | 404 | range_hi_p90 | `.d7.years.2017.mde` | 0 | 360 | 351 |
| FINDINGS_LEDGER.md | 404 | range_hi_p90 | `.d7.years.2018.lo` | 0 | 360 | 358 |
| FINDINGS_LEDGER.md | 404 | range_lo_none | `.d1.rows[7].mde` | 0 | 360 | 353 |
| FINDINGS_LEDGER.md | 404 | range_lo_none | `.d1.segments.first.mean` | 0 | 360 | 362 |
| FINDINGS_LEDGER.md | 404 | range_lo_none | `.d3.groups.出の理由【結果で決まる群】.market.lo` | 0 | 360 | 361 |
| FINDINGS_LEDGER.md | 404 | range_lo_p10 | `.d1.rows[7].mde` | 0 | 360 | 353 |
| FINDINGS_LEDGER.md | 404 | range_lo_p25 | `.d1.rows[2].lo` | 0 | 360 | 362 |
| FINDINGS_LEDGER.md | 404 | range_lo_p25 | `.d1.rows[7].mean` | 0 | 360 | 358 |
| FINDINGS_LEDGER.md | 404 | range_lo_p25 | `.d1.rows[8].lo` | 0 | 360 | 364 |
| FINDINGS_LEDGER.md | 404 | range_lo_p25 | `.d3.groups.出の理由【結果で決まる群】.market.per_trade` | 0 | 360 | 357 |
| FINDINGS_LEDGER.md | 404 | range_lo_p50 | `.d1.rows[5].hi` | 0 | 360 | 352 |
| FINDINGS_LEDGER.md | 404 | range_lo_p50 | `.d3.groups.出の理由【結果で決まる群】.market.hi` | 0 | 360 | 365 |
| FINDINGS_LEDGER.md | 404 | step_2 | `.d1.rows[2].mde` | 0 | 360 | 355 |
| FINDINGS_LEDGER.md | 404 | step_2 | `.d1.rows[3].mde` | 0 | 360 | 364 |
| FINDINGS_LEDGER.md | 404 | vola_gate_p10 | `.d1.rows[2].mde` | 0 | 360 | 364 |
| FINDINGS_LEDGER.md | 404 | vola_gate_p10 | `.d1.rows[7].mde` | 0 | 360 | 353 |
| FINDINGS_LEDGER.md | 404 | vola_gate_p10 | `.d7.years.2015.mde` | 0 | 360 | 370 |
| FINDINGS_LEDGER.md | 404 | vola_gate_p25 | `.d1.rows[8].lo` | 0 | 360 | 366 |
| FINDINGS_LEDGER.md | 404 | vola_gate_p25 | `.d1.rows[9].lo` | 0 | 360 | 358 |
| FINDINGS_LEDGER.md | 404 | vola_gate_p50 | `.d1.rows[5].hi` | 0 | 360 | 361 |
| FINDINGS_LEDGER.md | 404 | vola_gate_p50 | `.d3.trade_quantiles.0.05` | 0 | 360 | 353 |
| FINDINGS_LEDGER.md | 408 | alert_x1 | `.d1.rows[1].mean` | 0 | 100 | 98 |
| FINDINGS_LEDGER.md | 408 | alert_x1 | `.d1.rows[5].lo` | 0 | 100 | 93 |
| FINDINGS_LEDGER.md | 408 | alert_x2 | `.d1.rows[5].lo` | 0 | 100 | 94 |
| FINDINGS_LEDGER.md | 408 | beard_off | `.d7.all.hi` | 0 | 100 | 93 |
| FINDINGS_LEDGER.md | 408 | beard_off | `.d7.years.2016.mde` | 0 | 100 | 105 |
| FINDINGS_LEDGER.md | 408 | beard_off | `.d7.years.2023.hi` | 0 | 100 | 92 |
| FINDINGS_LEDGER.md | 408 | break_delay_2 | `.d1.rows[5].lo` | 0 | 100 | 105 |
| FINDINGS_LEDGER.md | 408 | break_delay_2 | `.d7.years.2021.mde` | 0 | 100 | 98 |
| FINDINGS_LEDGER.md | 408 | break_delay_3 | `.d1.rows[3].lo` | 0 | 100 | 96 |
| FINDINGS_LEDGER.md | 408 | break_delay_3 | `.d1.rows[5].lo` | 0 | 100 | 97 |
| FINDINGS_LEDGER.md | 408 | break_delay_3 | `.d1.rows[8].hi` | 0 | 100 | 105 |
| FINDINGS_LEDGER.md | 408 | break_delay_3 | `.d7.years.2020.mde` | 0 | 100 | 97 |
| FINDINGS_LEDGER.md | 408 | break_delay_3 | `.d7.years.2022.mde` | 0 | 100 | 97 |
| FINDINGS_LEDGER.md | 408 | break_delay_4 | `.d7.years.2019.hi` | 0 | 100 | 99 |
| FINDINGS_LEDGER.md | 408 | break_delay_4 | `.d7.years.2019.mde` | 0 | 100 | 107 |
| FINDINGS_LEDGER.md | 408 | break_delay_4 | `.d7.years.2022.hi` | 0 | 100 | 94 |
| FINDINGS_LEDGER.md | 408 | break_delay_8 | `.d1.rows[0].mde` | 0 | 100 | 110 |
| FINDINGS_LEDGER.md | 408 | break_delay_8 | `.d1.rows[2].mean` | 0 | 100 | 92 |
| FINDINGS_LEDGER.md | 408 | break_delay_8 | `.d1.rows[5].lo` | 0 | 100 | 107 |
| FINDINGS_LEDGER.md | 408 | break_delay_8 | `.d7.years.2016.mde` | 0 | 100 | 102 |
| FINDINGS_LEDGER.md | 408 | break_dist_0.25 | `.d1.rows[0].mde` | 0 | 100 | 98 |
| FINDINGS_LEDGER.md | 408 | break_dist_0.25 | `.d1.rows[0].mean` | 0 | 100 | 92 |
| FINDINGS_LEDGER.md | 408 | break_dist_0.25 | `.d1.rows[2].lo` | 0 | 100 | 97 |
| FINDINGS_LEDGER.md | 408 | break_dist_0.25 | `.d7.all.hi` | 0 | 100 | 95 |
| FINDINGS_LEDGER.md | 408 | break_dist_0.25 | `.d7.years.2016.hi` | 0 | 100 | 109 |
| FINDINGS_LEDGER.md | 408 | break_dist_0.25 | `.d7.years.2023.mde` | 0 | 100 | 99 |
| FINDINGS_LEDGER.md | 408 | break_dist_1 | `.d1.rows[0].mean` | 0 | 100 | 92 |
| FINDINGS_LEDGER.md | 408 | break_dist_1 | `.d1.rows[8].hi` | 0 | 100 | 109 |
| FINDINGS_LEDGER.md | 408 | break_dist_1 | `.d7.all.hi` | 0 | 100 | 107 |
| FINDINGS_LEDGER.md | 408 | break_dist_1 | `.d7.all.mde` | 0 | 100 | 93 |
| FINDINGS_LEDGER.md | 408 | break_dist_1 | `.d7.years.2016.hi` | 0 | 100 | 92 |
| FINDINGS_LEDGER.md | 408 | break_dist_1 | `.d7.years.2016.lo` | 0 | 100 | 97 |
| FINDINGS_LEDGER.md | 408 | break_dist_1 | `.d7.years.2022.hi` | 0 | 100 | 93 |
| FINDINGS_LEDGER.md | 408 | break_len_mult_4 | `.d1.rows[7].hi` | 0 | 100 | 94 |
| FINDINGS_LEDGER.md | 408 | break_len_mult_4 | `.d7.years.2021.lo` | 0 | 100 | 103 |
| FINDINGS_LEDGER.md | 408 | break_len_mult_4 | `.d7.years.2023.mde` | 0 | 100 | 109 |
| FINDINGS_LEDGER.md | 408 | break_off | `.d3.groups.保有時間の帯【結果で決まる群】.4 分超.hi` | 0 | 100 | 103 |
| FINDINGS_LEDGER.md | 408 | break_off | `.d3.groups.保有時間の帯【結果で決まる群】.4 分超.per_trade` | 0 | 100 | 110 |
| FINDINGS_LEDGER.md | 408 | count_20 | `.d1.rows[5].lo` | 0 | 100 | 99 |
| FINDINGS_LEDGER.md | 408 | count_20 | `.d1.rows[6].hi` | 0 | 100 | 108 |
| FINDINGS_LEDGER.md | 408 | count_20 | `.d1.segments.diff.hi` | 0 | 100 | 97 |
| FINDINGS_LEDGER.md | 408 | count_20 | `.d1.segments.second.mde` | 0 | 100 | 94 |
| FINDINGS_LEDGER.md | 408 | count_20 | `.d3.groups.出の理由【結果で決まる群】.break.lo` | 0 | 100 | 93 |
| FINDINGS_LEDGER.md | 408 | count_20 | `.d3.trade_quantiles.0.05` | 0 | 100 | 109 |
| FINDINGS_LEDGER.md | 408 | count_20 | `.d7.all.mde` | 0 | 100 | 102 |
| FINDINGS_LEDGER.md | 408 | count_80 | `.d7.all.hi` | 0 | 100 | 93 |
| FINDINGS_LEDGER.md | 408 | count_80 | `.d7.all.lo` | 0 | 100 | 101 |
| FINDINGS_LEDGER.md | 408 | entry_exit_2_1 | `.d7.years.2017.lo` | 0 | 100 | 106 |
| FINDINGS_LEDGER.md | 408 | entry_exit_3_2 | `.d1.rows[0].lo` | 0 | 100 | 103 |
| FINDINGS_LEDGER.md | 408 | entry_exit_3_2 | `.d7.years.2017.lo` | 0 | 100 | 105 |
| FINDINGS_LEDGER.md | 408 | entry_exit_3_2 | `.d7.years.2019.hi` | 0 | 100 | 92 |
| FINDINGS_LEDGER.md | 408 | foot_5 | `.d1.rows[0].mde` | 0 | 100 | 96 |
| FINDINGS_LEDGER.md | 408 | foot_5 | `.d1.segments.second.lo` | 0 | 100 | 106 |
| FINDINGS_LEDGER.md | 408 | levels_1 | `.d1.segments.first.lo` | 0 | 100 | 93 |
| FINDINGS_LEDGER.md | 408 | levels_1 | `.d7.years.2015.lo` | 0 | 100 | 101 |
| FINDINGS_LEDGER.md | 408 | levels_3 | `.d1.rows[3].lo` | 0 | 100 | 102 |
| FINDINGS_LEDGER.md | 408 | levels_3 | `.d7.all.mean` | 0 | 100 | 108 |
| FINDINGS_LEDGER.md | 408 | levels_3 | `.d7.years.2015.lo` | 0 | 100 | 91 |
| FINDINGS_LEDGER.md | 408 | levels_3 | `.d7.years.2018.mean` | 0 | 100 | 102 |
| FINDINGS_LEDGER.md | 408 | levels_3 | `.d7.years.2019.mde` | 0 | 100 | 92 |
| FINDINGS_LEDGER.md | 408 | levels_3 | `.d7.years.2019.mean` | 0 | 100 | 102 |
| FINDINGS_LEDGER.md | 408 | levels_3 | `.d7.years.2022.mde` | 0 | 100 | 103 |
| FINDINGS_LEDGER.md | 408 | levels_7 | `.d1.rows[0].mde` | 0 | 100 | 101 |
| FINDINGS_LEDGER.md | 408 | levels_7 | `.d1.rows[6].lo` | 0 | 100 | 96 |
| FINDINGS_LEDGER.md | 408 | levels_7 | `.d1.rows[7].hi` | 0 | 100 | 96 |
| FINDINGS_LEDGER.md | 408 | levels_7 | `.d1.segments.second.hi` | 0 | 100 | 106 |
| FINDINGS_LEDGER.md | 408 | levels_7 | `.d1.segments.second.mde` | 0 | 100 | 101 |
| FINDINGS_LEDGER.md | 408 | levels_7 | `.d3.trade_quantiles.0.95` | 0 | 100 | 103 |
| FINDINGS_LEDGER.md | 408 | levels_7 | `.d7.years.2018.lo` | 0 | 100 | 90 |
| FINDINGS_LEDGER.md | 408 | levels_7 | `.d7.years.2021.mde` | 0 | 100 | 96 |
| FINDINGS_LEDGER.md | 408 | range_hi_none | `.d1.rows[5].lo` | 0 | 100 | 94 |
| FINDINGS_LEDGER.md | 408 | range_hi_none | `.d7.years.2017.mean` | 0 | 100 | 110 |
| FINDINGS_LEDGER.md | 408 | range_hi_p75 | `.d1.rows[0].lo` | 0 | 100 | 101 |
| FINDINGS_LEDGER.md | 408 | range_hi_p75 | `.d1.rows[2].lo` | 0 | 100 | 102 |
| FINDINGS_LEDGER.md | 408 | range_hi_p75 | `.d1.rows[5].lo` | 0 | 100 | 97 |
| FINDINGS_LEDGER.md | 408 | range_hi_p75 | `.d1.segments.second.mde` | 0 | 100 | 97 |
| FINDINGS_LEDGER.md | 408 | range_hi_p75 | `.d3.trade_quantiles.0.95` | 0 | 100 | 90 |
| FINDINGS_LEDGER.md | 408 | range_hi_p75 | `.d7.years.2016.lo` | 0 | 100 | 96 |
| FINDINGS_LEDGER.md | 408 | range_hi_p75 | `.d7.years.2021.lo` | 0 | 100 | 94 |
| FINDINGS_LEDGER.md | 408 | range_hi_p75 | `.d7.years.2023.mde` | 0 | 100 | 92 |
| FINDINGS_LEDGER.md | 408 | range_hi_p90 | `.d1.rows[7].hi` | 0 | 100 | 108 |
| FINDINGS_LEDGER.md | 408 | range_hi_p90 | `.d3.trade_quantiles.0.95` | 0 | 100 | 109 |
| FINDINGS_LEDGER.md | 408 | range_hi_p90 | `.d7.all.lo` | 0 | 100 | 96 |
| FINDINGS_LEDGER.md | 408 | range_hi_p90 | `.d7.years.2016.hi` | 0 | 100 | 101 |
| FINDINGS_LEDGER.md | 408 | range_lo_none | `.d7.match.sum_only_a` | 0 | 100 | 94 |
| FINDINGS_LEDGER.md | 408 | range_lo_p25 | `.d1.segments.second.hi` | 0 | 100 | 105 |
| FINDINGS_LEDGER.md | 408 | range_lo_p25 | `.d7.years.2015.hi` | 0 | 100 | 91 |
| FINDINGS_LEDGER.md | 408 | range_lo_p25 | `.d7.years.2020.hi` | 0 | 100 | 107 |
| FINDINGS_LEDGER.md | 408 | range_lo_p50 | `.d1.rows[0].mde` | 0 | 100 | 106 |
| FINDINGS_LEDGER.md | 408 | range_lo_p50 | `.d1.rows[0].mean` | 0 | 100 | 91 |
| FINDINGS_LEDGER.md | 408 | range_lo_p50 | `.d7.years.2017.lo` | 0 | 100 | 108 |
| FINDINGS_LEDGER.md | 408 | range_lo_p50 | `.d7.years.2017.mde` | 0 | 100 | 102 |
| FINDINGS_LEDGER.md | 408 | range_lo_p50 | `.d7.years.2018.mde` | 0 | 100 | 102 |
| FINDINGS_LEDGER.md | 408 | range_lo_p50 | `.d7.years.2019.mde` | 0 | 100 | 97 |
| FINDINGS_LEDGER.md | 408 | range_lo_p50 | `.d7.years.2020.mde` | 0 | 100 | 103 |
| FINDINGS_LEDGER.md | 408 | range_lo_p50 | `.d7.years.2021.lo` | 0 | 100 | 103 |
| FINDINGS_LEDGER.md | 408 | range_lo_p50 | `.d7.years.2022.lo` | 0 | 100 | 103 |
| FINDINGS_LEDGER.md | 408 | step_2 | `.d1.rows[0].mde` | 0 | 100 | 92 |
| FINDINGS_LEDGER.md | 408 | step_2 | `.d1.segments.second.mde` | 0 | 100 | 92 |
| FINDINGS_LEDGER.md | 408 | step_2 | `.d7.years.2016.mde` | 0 | 100 | 96 |
| FINDINGS_LEDGER.md | 408 | step_2 | `.d7.years.2019.mde` | 0 | 100 | 98 |
| FINDINGS_LEDGER.md | 408 | step_2 | `.d7.years.2020.mde` | 0 | 100 | 94 |
| FINDINGS_LEDGER.md | 408 | step_4 | `.d1.rows[2].mean` | 0 | 100 | 96 |
| FINDINGS_LEDGER.md | 408 | step_4 | `.d1.rows[3].lo` | 0 | 100 | 91 |
| FINDINGS_LEDGER.md | 408 | step_4 | `.d1.rows[5].mde` | 0 | 100 | 97 |
| FINDINGS_LEDGER.md | 408 | step_4 | `.d1.rows[6].mean` | 0 | 100 | 103 |
| FINDINGS_LEDGER.md | 408 | step_4 | `.d1.segments.first.mde` | 0 | 100 | 102 |
| FINDINGS_LEDGER.md | 408 | step_4 | `.d7.years.2016.hi` | 0 | 100 | 101 |
| FINDINGS_LEDGER.md | 408 | step_4 | `.d7.years.2017.hi` | 0 | 100 | 92 |
| FINDINGS_LEDGER.md | 408 | step_4 | `.d7.years.2020.mean` | 0 | 100 | 109 |
| FINDINGS_LEDGER.md | 408 | step_4 | `.d7.years.2021.mean` | 0 | 100 | 92 |
| FINDINGS_LEDGER.md | 408 | vola_gate_p10 | `.d1.rows[5].lo` | 0 | 100 | 106 |
| FINDINGS_LEDGER.md | 408 | vola_gate_p10 | `.d7.years.2016.mean` | 0 | 100 | 107 |
| FINDINGS_LEDGER.md | 408 | vola_gate_p25 | `.d1.rows[5].lo` | 0 | 100 | 105 |
| FINDINGS_LEDGER.md | 408 | vola_gate_p25 | `.d1.segments.second.hi` | 0 | 100 | 97 |
| FINDINGS_LEDGER.md | 408 | vola_gate_p25 | `.d7.years.2020.hi` | 0 | 100 | 108 |
| FINDINGS_LEDGER.md | 408 | vola_gate_p25 | `.d7.years.2023.mde` | 0 | 100 | 94 |
| FINDINGS_LEDGER.md | 408 | vola_gate_p50 | `.d1.rows[0].mde` | 0 | 100 | 103 |
| FINDINGS_LEDGER.md | 408 | vola_gate_p50 | `.d1.rows[0].mean` | 0 | 100 | 99 |
| FINDINGS_LEDGER.md | 408 | vola_gate_p50 | `.d7.all.hi` | 0 | 100 | 95 |
| FINDINGS_LEDGER.md | 408 | vola_gate_p50 | `.d7.years.2016.hi` | 0 | 100 | 95 |
| FINDINGS_LEDGER.md | 408 | vola_gate_p50 | `.d7.years.2018.mean` | 0 | 100 | 105 |
| FINDINGS_LEDGER.md | 408 | vola_gate_p50 | `.d7.years.2019.lo` | 0 | 100 | 99 |
| FINDINGS_LEDGER.md | 408 | vola_gate_p50 | `.d7.years.2019.mde` | 0 | 100 | 91 |
| FINDINGS_LEDGER.md | 408 | vola_gate_p50 | `.d7.years.2021.mean` | 0 | 100 | 93 |
| FINDINGS_LEDGER.md | 408 | vola_gate_p50 | `.d7.years.2022.mde` | 0 | 100 | 90 |
| FINDINGS_LEDGER.md | 426 | alert_x1 | `.d1.rows[1].mean` | 0 | 100 | 98 |
| FINDINGS_LEDGER.md | 426 | alert_x1 | `.d1.rows[5].lo` | 0 | 100 | 93 |
| FINDINGS_LEDGER.md | 426 | alert_x2 | `.d1.rows[5].lo` | 0 | 100 | 94 |
| FINDINGS_LEDGER.md | 426 | beard_off | `.d7.all.hi` | 0 | 100 | 93 |
| FINDINGS_LEDGER.md | 426 | beard_off | `.d7.years.2016.mde` | 0 | 100 | 105 |
| FINDINGS_LEDGER.md | 426 | beard_off | `.d7.years.2023.hi` | 0 | 100 | 92 |
| FINDINGS_LEDGER.md | 426 | break_delay_2 | `.d1.rows[5].lo` | 0 | 100 | 105 |
| FINDINGS_LEDGER.md | 426 | break_delay_2 | `.d7.years.2021.mde` | 0 | 100 | 98 |
| FINDINGS_LEDGER.md | 426 | break_delay_3 | `.d1.rows[3].lo` | 0 | 100 | 96 |
| FINDINGS_LEDGER.md | 426 | break_delay_3 | `.d1.rows[5].lo` | 0 | 100 | 97 |
| FINDINGS_LEDGER.md | 426 | break_delay_3 | `.d1.rows[8].hi` | 0 | 100 | 105 |
| FINDINGS_LEDGER.md | 426 | break_delay_3 | `.d7.years.2020.mde` | 0 | 100 | 97 |
| FINDINGS_LEDGER.md | 426 | break_delay_3 | `.d7.years.2022.mde` | 0 | 100 | 97 |
| FINDINGS_LEDGER.md | 426 | break_delay_4 | `.d7.years.2019.hi` | 0 | 100 | 99 |
| FINDINGS_LEDGER.md | 426 | break_delay_4 | `.d7.years.2019.mde` | 0 | 100 | 107 |
| FINDINGS_LEDGER.md | 426 | break_delay_4 | `.d7.years.2022.hi` | 0 | 100 | 94 |
| FINDINGS_LEDGER.md | 426 | break_delay_8 | `.d1.rows[0].mde` | 0 | 100 | 110 |
| FINDINGS_LEDGER.md | 426 | break_delay_8 | `.d1.rows[2].mean` | 0 | 100 | 92 |
| FINDINGS_LEDGER.md | 426 | break_delay_8 | `.d1.rows[5].lo` | 0 | 100 | 107 |
| FINDINGS_LEDGER.md | 426 | break_delay_8 | `.d7.years.2016.mde` | 0 | 100 | 102 |
| FINDINGS_LEDGER.md | 426 | break_dist_0.25 | `.d1.rows[0].mde` | 0 | 100 | 98 |
| FINDINGS_LEDGER.md | 426 | break_dist_0.25 | `.d1.rows[0].mean` | 0 | 100 | 92 |
| FINDINGS_LEDGER.md | 426 | break_dist_0.25 | `.d1.rows[2].lo` | 0 | 100 | 97 |
| FINDINGS_LEDGER.md | 426 | break_dist_0.25 | `.d7.all.hi` | 0 | 100 | 95 |
| FINDINGS_LEDGER.md | 426 | break_dist_0.25 | `.d7.years.2016.hi` | 0 | 100 | 109 |
| FINDINGS_LEDGER.md | 426 | break_dist_0.25 | `.d7.years.2023.mde` | 0 | 100 | 99 |
| FINDINGS_LEDGER.md | 426 | break_dist_1 | `.d1.rows[0].mean` | 0 | 100 | 92 |
| FINDINGS_LEDGER.md | 426 | break_dist_1 | `.d1.rows[8].hi` | 0 | 100 | 109 |
| FINDINGS_LEDGER.md | 426 | break_dist_1 | `.d7.all.hi` | 0 | 100 | 107 |
| FINDINGS_LEDGER.md | 426 | break_dist_1 | `.d7.all.mde` | 0 | 100 | 93 |
| FINDINGS_LEDGER.md | 426 | break_dist_1 | `.d7.years.2016.hi` | 0 | 100 | 92 |
| FINDINGS_LEDGER.md | 426 | break_dist_1 | `.d7.years.2016.lo` | 0 | 100 | 97 |
| FINDINGS_LEDGER.md | 426 | break_dist_1 | `.d7.years.2022.hi` | 0 | 100 | 93 |
| FINDINGS_LEDGER.md | 426 | break_len_mult_4 | `.d1.rows[7].hi` | 0 | 100 | 94 |
| FINDINGS_LEDGER.md | 426 | break_len_mult_4 | `.d7.years.2021.lo` | 0 | 100 | 103 |
| FINDINGS_LEDGER.md | 426 | break_len_mult_4 | `.d7.years.2023.mde` | 0 | 100 | 109 |
| FINDINGS_LEDGER.md | 426 | break_off | `.d3.groups.保有時間の帯【結果で決まる群】.4 分超.hi` | 0 | 100 | 103 |
| FINDINGS_LEDGER.md | 426 | break_off | `.d3.groups.保有時間の帯【結果で決まる群】.4 分超.per_trade` | 0 | 100 | 110 |
| FINDINGS_LEDGER.md | 426 | count_20 | `.d1.rows[5].lo` | 0 | 100 | 99 |
| FINDINGS_LEDGER.md | 426 | count_20 | `.d1.rows[6].hi` | 0 | 100 | 108 |
| FINDINGS_LEDGER.md | 426 | count_20 | `.d1.segments.diff.hi` | 0 | 100 | 97 |
| FINDINGS_LEDGER.md | 426 | count_20 | `.d1.segments.second.mde` | 0 | 100 | 94 |
| FINDINGS_LEDGER.md | 426 | count_20 | `.d3.groups.出の理由【結果で決まる群】.break.lo` | 0 | 100 | 93 |
| FINDINGS_LEDGER.md | 426 | count_20 | `.d3.trade_quantiles.0.05` | 0 | 100 | 109 |
| FINDINGS_LEDGER.md | 426 | count_20 | `.d7.all.mde` | 0 | 100 | 102 |
| FINDINGS_LEDGER.md | 426 | count_80 | `.d7.all.hi` | 0 | 100 | 93 |
| FINDINGS_LEDGER.md | 426 | count_80 | `.d7.all.lo` | 0 | 100 | 101 |
| FINDINGS_LEDGER.md | 426 | entry_exit_2_1 | `.d7.years.2017.lo` | 0 | 100 | 106 |
| FINDINGS_LEDGER.md | 426 | entry_exit_3_2 | `.d1.rows[0].lo` | 0 | 100 | 103 |
| FINDINGS_LEDGER.md | 426 | entry_exit_3_2 | `.d7.years.2017.lo` | 0 | 100 | 105 |
| FINDINGS_LEDGER.md | 426 | entry_exit_3_2 | `.d7.years.2019.hi` | 0 | 100 | 92 |
| FINDINGS_LEDGER.md | 426 | foot_5 | `.d1.rows[0].mde` | 0 | 100 | 96 |
| FINDINGS_LEDGER.md | 426 | foot_5 | `.d1.segments.second.lo` | 0 | 100 | 106 |
| FINDINGS_LEDGER.md | 426 | levels_1 | `.d1.segments.first.lo` | 0 | 100 | 93 |
| FINDINGS_LEDGER.md | 426 | levels_1 | `.d7.years.2015.lo` | 0 | 100 | 101 |
| FINDINGS_LEDGER.md | 426 | levels_3 | `.d1.rows[3].lo` | 0 | 100 | 102 |
| FINDINGS_LEDGER.md | 426 | levels_3 | `.d7.all.mean` | 0 | 100 | 108 |
| FINDINGS_LEDGER.md | 426 | levels_3 | `.d7.years.2015.lo` | 0 | 100 | 91 |
| FINDINGS_LEDGER.md | 426 | levels_3 | `.d7.years.2018.mean` | 0 | 100 | 102 |
| FINDINGS_LEDGER.md | 426 | levels_3 | `.d7.years.2019.mde` | 0 | 100 | 92 |
| FINDINGS_LEDGER.md | 426 | levels_3 | `.d7.years.2019.mean` | 0 | 100 | 102 |
| FINDINGS_LEDGER.md | 426 | levels_3 | `.d7.years.2022.mde` | 0 | 100 | 103 |
| FINDINGS_LEDGER.md | 426 | levels_7 | `.d1.rows[0].mde` | 0 | 100 | 101 |
| FINDINGS_LEDGER.md | 426 | levels_7 | `.d1.rows[6].lo` | 0 | 100 | 96 |
| FINDINGS_LEDGER.md | 426 | levels_7 | `.d1.rows[7].hi` | 0 | 100 | 96 |
| FINDINGS_LEDGER.md | 426 | levels_7 | `.d1.segments.second.hi` | 0 | 100 | 106 |
| FINDINGS_LEDGER.md | 426 | levels_7 | `.d1.segments.second.mde` | 0 | 100 | 101 |
| FINDINGS_LEDGER.md | 426 | levels_7 | `.d3.trade_quantiles.0.95` | 0 | 100 | 103 |
| FINDINGS_LEDGER.md | 426 | levels_7 | `.d7.years.2018.lo` | 0 | 100 | 90 |
| FINDINGS_LEDGER.md | 426 | levels_7 | `.d7.years.2021.mde` | 0 | 100 | 96 |
| FINDINGS_LEDGER.md | 426 | range_hi_none | `.d1.rows[5].lo` | 0 | 100 | 94 |
| FINDINGS_LEDGER.md | 426 | range_hi_none | `.d7.years.2017.mean` | 0 | 100 | 110 |
| FINDINGS_LEDGER.md | 426 | range_hi_p75 | `.d1.rows[0].lo` | 0 | 100 | 101 |
| FINDINGS_LEDGER.md | 426 | range_hi_p75 | `.d1.rows[2].lo` | 0 | 100 | 102 |
| FINDINGS_LEDGER.md | 426 | range_hi_p75 | `.d1.rows[5].lo` | 0 | 100 | 97 |
| FINDINGS_LEDGER.md | 426 | range_hi_p75 | `.d1.segments.second.mde` | 0 | 100 | 97 |
| FINDINGS_LEDGER.md | 426 | range_hi_p75 | `.d3.trade_quantiles.0.95` | 0 | 100 | 90 |
| FINDINGS_LEDGER.md | 426 | range_hi_p75 | `.d7.years.2016.lo` | 0 | 100 | 96 |
| FINDINGS_LEDGER.md | 426 | range_hi_p75 | `.d7.years.2021.lo` | 0 | 100 | 94 |
| FINDINGS_LEDGER.md | 426 | range_hi_p75 | `.d7.years.2023.mde` | 0 | 100 | 92 |
| FINDINGS_LEDGER.md | 426 | range_hi_p90 | `.d1.rows[7].hi` | 0 | 100 | 108 |
| FINDINGS_LEDGER.md | 426 | range_hi_p90 | `.d3.trade_quantiles.0.95` | 0 | 100 | 109 |
| FINDINGS_LEDGER.md | 426 | range_hi_p90 | `.d7.all.lo` | 0 | 100 | 96 |
| FINDINGS_LEDGER.md | 426 | range_hi_p90 | `.d7.years.2016.hi` | 0 | 100 | 101 |
| FINDINGS_LEDGER.md | 426 | range_lo_none | `.d7.match.sum_only_a` | 0 | 100 | 94 |
| FINDINGS_LEDGER.md | 426 | range_lo_p25 | `.d1.segments.second.hi` | 0 | 100 | 105 |
| FINDINGS_LEDGER.md | 426 | range_lo_p25 | `.d7.years.2015.hi` | 0 | 100 | 91 |
| FINDINGS_LEDGER.md | 426 | range_lo_p25 | `.d7.years.2020.hi` | 0 | 100 | 107 |
| FINDINGS_LEDGER.md | 426 | range_lo_p50 | `.d1.rows[0].mde` | 0 | 100 | 106 |
| FINDINGS_LEDGER.md | 426 | range_lo_p50 | `.d1.rows[0].mean` | 0 | 100 | 91 |
| FINDINGS_LEDGER.md | 426 | range_lo_p50 | `.d7.years.2017.lo` | 0 | 100 | 108 |
| FINDINGS_LEDGER.md | 426 | range_lo_p50 | `.d7.years.2017.mde` | 0 | 100 | 102 |
| FINDINGS_LEDGER.md | 426 | range_lo_p50 | `.d7.years.2018.mde` | 0 | 100 | 102 |
| FINDINGS_LEDGER.md | 426 | range_lo_p50 | `.d7.years.2019.mde` | 0 | 100 | 97 |
| FINDINGS_LEDGER.md | 426 | range_lo_p50 | `.d7.years.2020.mde` | 0 | 100 | 103 |
| FINDINGS_LEDGER.md | 426 | range_lo_p50 | `.d7.years.2021.lo` | 0 | 100 | 103 |
| FINDINGS_LEDGER.md | 426 | range_lo_p50 | `.d7.years.2022.lo` | 0 | 100 | 103 |
| FINDINGS_LEDGER.md | 426 | step_2 | `.d1.rows[0].mde` | 0 | 100 | 92 |
| FINDINGS_LEDGER.md | 426 | step_2 | `.d1.segments.second.mde` | 0 | 100 | 92 |
| FINDINGS_LEDGER.md | 426 | step_2 | `.d7.years.2016.mde` | 0 | 100 | 96 |
| FINDINGS_LEDGER.md | 426 | step_2 | `.d7.years.2019.mde` | 0 | 100 | 98 |
| FINDINGS_LEDGER.md | 426 | step_2 | `.d7.years.2020.mde` | 0 | 100 | 94 |
| FINDINGS_LEDGER.md | 426 | step_4 | `.d1.rows[2].mean` | 0 | 100 | 96 |
| FINDINGS_LEDGER.md | 426 | step_4 | `.d1.rows[3].lo` | 0 | 100 | 91 |
| FINDINGS_LEDGER.md | 426 | step_4 | `.d1.rows[5].mde` | 0 | 100 | 97 |
| FINDINGS_LEDGER.md | 426 | step_4 | `.d1.rows[6].mean` | 0 | 100 | 103 |
| FINDINGS_LEDGER.md | 426 | step_4 | `.d1.segments.first.mde` | 0 | 100 | 102 |
| FINDINGS_LEDGER.md | 426 | step_4 | `.d7.years.2016.hi` | 0 | 100 | 101 |
| FINDINGS_LEDGER.md | 426 | step_4 | `.d7.years.2017.hi` | 0 | 100 | 92 |
| FINDINGS_LEDGER.md | 426 | step_4 | `.d7.years.2020.mean` | 0 | 100 | 109 |
| FINDINGS_LEDGER.md | 426 | step_4 | `.d7.years.2021.mean` | 0 | 100 | 92 |
| FINDINGS_LEDGER.md | 426 | vola_gate_p10 | `.d1.rows[5].lo` | 0 | 100 | 106 |
| FINDINGS_LEDGER.md | 426 | vola_gate_p10 | `.d7.years.2016.mean` | 0 | 100 | 107 |
| FINDINGS_LEDGER.md | 426 | vola_gate_p25 | `.d1.rows[5].lo` | 0 | 100 | 105 |
| FINDINGS_LEDGER.md | 426 | vola_gate_p25 | `.d1.segments.second.hi` | 0 | 100 | 97 |
| FINDINGS_LEDGER.md | 426 | vola_gate_p25 | `.d7.years.2020.hi` | 0 | 100 | 108 |
| FINDINGS_LEDGER.md | 426 | vola_gate_p25 | `.d7.years.2023.mde` | 0 | 100 | 94 |
| FINDINGS_LEDGER.md | 426 | vola_gate_p50 | `.d1.rows[0].mde` | 0 | 100 | 103 |
| FINDINGS_LEDGER.md | 426 | vola_gate_p50 | `.d1.rows[0].mean` | 0 | 100 | 99 |
| FINDINGS_LEDGER.md | 426 | vola_gate_p50 | `.d7.all.hi` | 0 | 100 | 95 |
| FINDINGS_LEDGER.md | 426 | vola_gate_p50 | `.d7.years.2016.hi` | 0 | 100 | 95 |
| FINDINGS_LEDGER.md | 426 | vola_gate_p50 | `.d7.years.2018.mean` | 0 | 100 | 105 |
| FINDINGS_LEDGER.md | 426 | vola_gate_p50 | `.d7.years.2019.lo` | 0 | 100 | 99 |
| FINDINGS_LEDGER.md | 426 | vola_gate_p50 | `.d7.years.2019.mde` | 0 | 100 | 91 |
| FINDINGS_LEDGER.md | 426 | vola_gate_p50 | `.d7.years.2021.mean` | 0 | 100 | 93 |
| FINDINGS_LEDGER.md | 426 | vola_gate_p50 | `.d7.years.2022.mde` | 0 | 100 | 90 |
| FINDINGS_LEDGER.md | 443 | alert_x1 | `.d1.rows[1].mean` | 0 | 100 | 98 |
| FINDINGS_LEDGER.md | 443 | alert_x1 | `.d1.rows[5].lo` | 0 | 100 | 93 |
| FINDINGS_LEDGER.md | 443 | alert_x2 | `.d1.rows[5].lo` | 0 | 100 | 94 |
| FINDINGS_LEDGER.md | 443 | beard_off | `.d7.all.hi` | 0 | 100 | 93 |
| FINDINGS_LEDGER.md | 443 | beard_off | `.d7.years.2016.mde` | 0 | 100 | 105 |
| FINDINGS_LEDGER.md | 443 | beard_off | `.d7.years.2023.hi` | 0 | 100 | 92 |
| FINDINGS_LEDGER.md | 443 | break_delay_2 | `.d1.rows[5].lo` | 0 | 100 | 105 |
| FINDINGS_LEDGER.md | 443 | break_delay_2 | `.d7.years.2021.mde` | 0 | 100 | 98 |
| FINDINGS_LEDGER.md | 443 | break_delay_3 | `.d1.rows[3].lo` | 0 | 100 | 96 |
| FINDINGS_LEDGER.md | 443 | break_delay_3 | `.d1.rows[5].lo` | 0 | 100 | 97 |
| FINDINGS_LEDGER.md | 443 | break_delay_3 | `.d1.rows[8].hi` | 0 | 100 | 105 |
| FINDINGS_LEDGER.md | 443 | break_delay_3 | `.d7.years.2020.mde` | 0 | 100 | 97 |
| FINDINGS_LEDGER.md | 443 | break_delay_3 | `.d7.years.2022.mde` | 0 | 100 | 97 |
| FINDINGS_LEDGER.md | 443 | break_delay_4 | `.d7.years.2019.hi` | 0 | 100 | 99 |
| FINDINGS_LEDGER.md | 443 | break_delay_4 | `.d7.years.2019.mde` | 0 | 100 | 107 |
| FINDINGS_LEDGER.md | 443 | break_delay_4 | `.d7.years.2022.hi` | 0 | 100 | 94 |
| FINDINGS_LEDGER.md | 443 | break_delay_8 | `.d1.rows[0].mde` | 0 | 100 | 110 |
| FINDINGS_LEDGER.md | 443 | break_delay_8 | `.d1.rows[2].mean` | 0 | 100 | 92 |
| FINDINGS_LEDGER.md | 443 | break_delay_8 | `.d1.rows[5].lo` | 0 | 100 | 107 |
| FINDINGS_LEDGER.md | 443 | break_delay_8 | `.d7.years.2016.mde` | 0 | 100 | 102 |
| FINDINGS_LEDGER.md | 443 | break_dist_0.25 | `.d1.rows[0].mde` | 0 | 100 | 98 |
| FINDINGS_LEDGER.md | 443 | break_dist_0.25 | `.d1.rows[0].mean` | 0 | 100 | 92 |
| FINDINGS_LEDGER.md | 443 | break_dist_0.25 | `.d1.rows[2].lo` | 0 | 100 | 97 |
| FINDINGS_LEDGER.md | 443 | break_dist_0.25 | `.d7.all.hi` | 0 | 100 | 95 |
| FINDINGS_LEDGER.md | 443 | break_dist_0.25 | `.d7.years.2016.hi` | 0 | 100 | 109 |
| FINDINGS_LEDGER.md | 443 | break_dist_0.25 | `.d7.years.2023.mde` | 0 | 100 | 99 |
| FINDINGS_LEDGER.md | 443 | break_dist_1 | `.d1.rows[0].mean` | 0 | 100 | 92 |
| FINDINGS_LEDGER.md | 443 | break_dist_1 | `.d1.rows[8].hi` | 0 | 100 | 109 |
| FINDINGS_LEDGER.md | 443 | break_dist_1 | `.d7.all.hi` | 0 | 100 | 107 |
| FINDINGS_LEDGER.md | 443 | break_dist_1 | `.d7.all.mde` | 0 | 100 | 93 |
| FINDINGS_LEDGER.md | 443 | break_dist_1 | `.d7.years.2016.hi` | 0 | 100 | 92 |
| FINDINGS_LEDGER.md | 443 | break_dist_1 | `.d7.years.2016.lo` | 0 | 100 | 97 |
| FINDINGS_LEDGER.md | 443 | break_dist_1 | `.d7.years.2022.hi` | 0 | 100 | 93 |
| FINDINGS_LEDGER.md | 443 | break_len_mult_4 | `.d1.rows[7].hi` | 0 | 100 | 94 |
| FINDINGS_LEDGER.md | 443 | break_len_mult_4 | `.d7.years.2021.lo` | 0 | 100 | 103 |
| FINDINGS_LEDGER.md | 443 | break_len_mult_4 | `.d7.years.2023.mde` | 0 | 100 | 109 |
| FINDINGS_LEDGER.md | 443 | break_off | `.d3.groups.保有時間の帯【結果で決まる群】.4 分超.hi` | 0 | 100 | 103 |
| FINDINGS_LEDGER.md | 443 | break_off | `.d3.groups.保有時間の帯【結果で決まる群】.4 分超.per_trade` | 0 | 100 | 110 |
| FINDINGS_LEDGER.md | 443 | count_20 | `.d1.rows[5].lo` | 0 | 100 | 99 |
| FINDINGS_LEDGER.md | 443 | count_20 | `.d1.rows[6].hi` | 0 | 100 | 108 |
| FINDINGS_LEDGER.md | 443 | count_20 | `.d1.segments.diff.hi` | 0 | 100 | 97 |
| FINDINGS_LEDGER.md | 443 | count_20 | `.d1.segments.second.mde` | 0 | 100 | 94 |
| FINDINGS_LEDGER.md | 443 | count_20 | `.d3.groups.出の理由【結果で決まる群】.break.lo` | 0 | 100 | 93 |
| FINDINGS_LEDGER.md | 443 | count_20 | `.d3.trade_quantiles.0.05` | 0 | 100 | 109 |
| FINDINGS_LEDGER.md | 443 | count_20 | `.d7.all.mde` | 0 | 100 | 102 |
| FINDINGS_LEDGER.md | 443 | count_80 | `.d7.all.hi` | 0 | 100 | 93 |
| FINDINGS_LEDGER.md | 443 | count_80 | `.d7.all.lo` | 0 | 100 | 101 |
| FINDINGS_LEDGER.md | 443 | entry_exit_2_1 | `.d7.years.2017.lo` | 0 | 100 | 106 |
| FINDINGS_LEDGER.md | 443 | entry_exit_3_2 | `.d1.rows[0].lo` | 0 | 100 | 103 |
| FINDINGS_LEDGER.md | 443 | entry_exit_3_2 | `.d7.years.2017.lo` | 0 | 100 | 105 |
| FINDINGS_LEDGER.md | 443 | entry_exit_3_2 | `.d7.years.2019.hi` | 0 | 100 | 92 |
| FINDINGS_LEDGER.md | 443 | foot_5 | `.d1.rows[0].mde` | 0 | 100 | 96 |
| FINDINGS_LEDGER.md | 443 | foot_5 | `.d1.segments.second.lo` | 0 | 100 | 106 |
| FINDINGS_LEDGER.md | 443 | levels_1 | `.d1.segments.first.lo` | 0 | 100 | 93 |
| FINDINGS_LEDGER.md | 443 | levels_1 | `.d7.years.2015.lo` | 0 | 100 | 101 |
| FINDINGS_LEDGER.md | 443 | levels_3 | `.d1.rows[3].lo` | 0 | 100 | 102 |
| FINDINGS_LEDGER.md | 443 | levels_3 | `.d7.all.mean` | 0 | 100 | 108 |
| FINDINGS_LEDGER.md | 443 | levels_3 | `.d7.years.2015.lo` | 0 | 100 | 91 |
| FINDINGS_LEDGER.md | 443 | levels_3 | `.d7.years.2018.mean` | 0 | 100 | 102 |
| FINDINGS_LEDGER.md | 443 | levels_3 | `.d7.years.2019.mde` | 0 | 100 | 92 |
| FINDINGS_LEDGER.md | 443 | levels_3 | `.d7.years.2019.mean` | 0 | 100 | 102 |
| FINDINGS_LEDGER.md | 443 | levels_3 | `.d7.years.2022.mde` | 0 | 100 | 103 |
| FINDINGS_LEDGER.md | 443 | levels_7 | `.d1.rows[0].mde` | 0 | 100 | 101 |
| FINDINGS_LEDGER.md | 443 | levels_7 | `.d1.rows[6].lo` | 0 | 100 | 96 |
| FINDINGS_LEDGER.md | 443 | levels_7 | `.d1.rows[7].hi` | 0 | 100 | 96 |
| FINDINGS_LEDGER.md | 443 | levels_7 | `.d1.segments.second.hi` | 0 | 100 | 106 |
| FINDINGS_LEDGER.md | 443 | levels_7 | `.d1.segments.second.mde` | 0 | 100 | 101 |
| FINDINGS_LEDGER.md | 443 | levels_7 | `.d3.trade_quantiles.0.95` | 0 | 100 | 103 |
| FINDINGS_LEDGER.md | 443 | levels_7 | `.d7.years.2018.lo` | 0 | 100 | 90 |
| FINDINGS_LEDGER.md | 443 | levels_7 | `.d7.years.2021.mde` | 0 | 100 | 96 |
| FINDINGS_LEDGER.md | 443 | range_hi_none | `.d1.rows[5].lo` | 0 | 100 | 94 |
| FINDINGS_LEDGER.md | 443 | range_hi_none | `.d7.years.2017.mean` | 0 | 100 | 110 |
| FINDINGS_LEDGER.md | 443 | range_hi_p75 | `.d1.rows[0].lo` | 0 | 100 | 101 |
| FINDINGS_LEDGER.md | 443 | range_hi_p75 | `.d1.rows[2].lo` | 0 | 100 | 102 |
| FINDINGS_LEDGER.md | 443 | range_hi_p75 | `.d1.rows[5].lo` | 0 | 100 | 97 |
| FINDINGS_LEDGER.md | 443 | range_hi_p75 | `.d1.segments.second.mde` | 0 | 100 | 97 |
| FINDINGS_LEDGER.md | 443 | range_hi_p75 | `.d3.trade_quantiles.0.95` | 0 | 100 | 90 |
| FINDINGS_LEDGER.md | 443 | range_hi_p75 | `.d7.years.2016.lo` | 0 | 100 | 96 |
| FINDINGS_LEDGER.md | 443 | range_hi_p75 | `.d7.years.2021.lo` | 0 | 100 | 94 |
| FINDINGS_LEDGER.md | 443 | range_hi_p75 | `.d7.years.2023.mde` | 0 | 100 | 92 |
| FINDINGS_LEDGER.md | 443 | range_hi_p90 | `.d1.rows[7].hi` | 0 | 100 | 108 |
| FINDINGS_LEDGER.md | 443 | range_hi_p90 | `.d3.trade_quantiles.0.95` | 0 | 100 | 109 |
| FINDINGS_LEDGER.md | 443 | range_hi_p90 | `.d7.all.lo` | 0 | 100 | 96 |
| FINDINGS_LEDGER.md | 443 | range_hi_p90 | `.d7.years.2016.hi` | 0 | 100 | 101 |
| FINDINGS_LEDGER.md | 443 | range_lo_none | `.d7.match.sum_only_a` | 0 | 100 | 94 |
| FINDINGS_LEDGER.md | 443 | range_lo_p25 | `.d1.segments.second.hi` | 0 | 100 | 105 |
| FINDINGS_LEDGER.md | 443 | range_lo_p25 | `.d7.years.2015.hi` | 0 | 100 | 91 |
| FINDINGS_LEDGER.md | 443 | range_lo_p25 | `.d7.years.2020.hi` | 0 | 100 | 107 |
| FINDINGS_LEDGER.md | 443 | range_lo_p50 | `.d1.rows[0].mde` | 0 | 100 | 106 |
| FINDINGS_LEDGER.md | 443 | range_lo_p50 | `.d1.rows[0].mean` | 0 | 100 | 91 |
| FINDINGS_LEDGER.md | 443 | range_lo_p50 | `.d7.years.2017.lo` | 0 | 100 | 108 |
| FINDINGS_LEDGER.md | 443 | range_lo_p50 | `.d7.years.2017.mde` | 0 | 100 | 102 |
| FINDINGS_LEDGER.md | 443 | range_lo_p50 | `.d7.years.2018.mde` | 0 | 100 | 102 |
| FINDINGS_LEDGER.md | 443 | range_lo_p50 | `.d7.years.2019.mde` | 0 | 100 | 97 |
| FINDINGS_LEDGER.md | 443 | range_lo_p50 | `.d7.years.2020.mde` | 0 | 100 | 103 |
| FINDINGS_LEDGER.md | 443 | range_lo_p50 | `.d7.years.2021.lo` | 0 | 100 | 103 |
| FINDINGS_LEDGER.md | 443 | range_lo_p50 | `.d7.years.2022.lo` | 0 | 100 | 103 |
| FINDINGS_LEDGER.md | 443 | step_2 | `.d1.rows[0].mde` | 0 | 100 | 92 |
| FINDINGS_LEDGER.md | 443 | step_2 | `.d1.segments.second.mde` | 0 | 100 | 92 |
| FINDINGS_LEDGER.md | 443 | step_2 | `.d7.years.2016.mde` | 0 | 100 | 96 |
| FINDINGS_LEDGER.md | 443 | step_2 | `.d7.years.2019.mde` | 0 | 100 | 98 |
| FINDINGS_LEDGER.md | 443 | step_2 | `.d7.years.2020.mde` | 0 | 100 | 94 |
| FINDINGS_LEDGER.md | 443 | step_4 | `.d1.rows[2].mean` | 0 | 100 | 96 |
| FINDINGS_LEDGER.md | 443 | step_4 | `.d1.rows[3].lo` | 0 | 100 | 91 |
| FINDINGS_LEDGER.md | 443 | step_4 | `.d1.rows[5].mde` | 0 | 100 | 97 |
| FINDINGS_LEDGER.md | 443 | step_4 | `.d1.rows[6].mean` | 0 | 100 | 103 |
| FINDINGS_LEDGER.md | 443 | step_4 | `.d1.segments.first.mde` | 0 | 100 | 102 |
| FINDINGS_LEDGER.md | 443 | step_4 | `.d7.years.2016.hi` | 0 | 100 | 101 |
| FINDINGS_LEDGER.md | 443 | step_4 | `.d7.years.2017.hi` | 0 | 100 | 92 |
| FINDINGS_LEDGER.md | 443 | step_4 | `.d7.years.2020.mean` | 0 | 100 | 109 |
| FINDINGS_LEDGER.md | 443 | step_4 | `.d7.years.2021.mean` | 0 | 100 | 92 |
| FINDINGS_LEDGER.md | 443 | vola_gate_p10 | `.d1.rows[5].lo` | 0 | 100 | 106 |
| FINDINGS_LEDGER.md | 443 | vola_gate_p10 | `.d7.years.2016.mean` | 0 | 100 | 107 |
| FINDINGS_LEDGER.md | 443 | vola_gate_p25 | `.d1.rows[5].lo` | 0 | 100 | 105 |
| FINDINGS_LEDGER.md | 443 | vola_gate_p25 | `.d1.segments.second.hi` | 0 | 100 | 97 |
| FINDINGS_LEDGER.md | 443 | vola_gate_p25 | `.d7.years.2020.hi` | 0 | 100 | 108 |
| FINDINGS_LEDGER.md | 443 | vola_gate_p25 | `.d7.years.2023.mde` | 0 | 100 | 94 |
| FINDINGS_LEDGER.md | 443 | vola_gate_p50 | `.d1.rows[0].mde` | 0 | 100 | 103 |
| FINDINGS_LEDGER.md | 443 | vola_gate_p50 | `.d1.rows[0].mean` | 0 | 100 | 99 |
| FINDINGS_LEDGER.md | 443 | vola_gate_p50 | `.d7.all.hi` | 0 | 100 | 95 |
| FINDINGS_LEDGER.md | 443 | vola_gate_p50 | `.d7.years.2016.hi` | 0 | 100 | 95 |
| FINDINGS_LEDGER.md | 443 | vola_gate_p50 | `.d7.years.2018.mean` | 0 | 100 | 105 |
| FINDINGS_LEDGER.md | 443 | vola_gate_p50 | `.d7.years.2019.lo` | 0 | 100 | 99 |
| FINDINGS_LEDGER.md | 443 | vola_gate_p50 | `.d7.years.2019.mde` | 0 | 100 | 91 |
| FINDINGS_LEDGER.md | 443 | vola_gate_p50 | `.d7.years.2021.mean` | 0 | 100 | 93 |
| FINDINGS_LEDGER.md | 443 | vola_gate_p50 | `.d7.years.2022.mde` | 0 | 100 | 90 |
| FINDINGS_LEDGER.md | 456 | alert_x1 | `.d1.segments.second.hi` | 0 | 180 | 183 |
| FINDINGS_LEDGER.md | 456 | alert_x2 | `.d1.segments.second.hi` | 0 | 180 | 182 |
| FINDINGS_LEDGER.md | 456 | base | `.d1.segments.second.hi` | 0 | 180 | 184 |
| FINDINGS_LEDGER.md | 456 | beard_off | `.d1.rows[8].hi` | 0 | 180 | 171 |
| FINDINGS_LEDGER.md | 456 | beard_off | `.d7.years.2018.lo` | 0 | 180 | 186 |
| FINDINGS_LEDGER.md | 456 | beard_off | `.d7.years.2019.mean` | 0 | 180 | 177 |
| FINDINGS_LEDGER.md | 456 | beard_off | `.d7.years.2020.hi` | 0 | 180 | 179 |
| FINDINGS_LEDGER.md | 456 | beard_off | `.d7.years.2022.mde` | 0 | 180 | 172 |
| FINDINGS_LEDGER.md | 456 | break_delay_2 | `.d7.years.2017.mde` | 0 | 180 | 182 |
| FINDINGS_LEDGER.md | 456 | break_delay_2 | `.d7.years.2021.hi` | 0 | 180 | 184 |
| FINDINGS_LEDGER.md | 456 | break_delay_3 | `.d1.rows[6].hi` | 0 | 180 | 189 |
| FINDINGS_LEDGER.md | 456 | break_delay_3 | `.d1.segments.first.mde` | 0 | 180 | 186 |
| FINDINGS_LEDGER.md | 456 | break_delay_3 | `.d7.years.2018.lo` | 0 | 180 | 182 |
| FINDINGS_LEDGER.md | 456 | break_delay_4 | `.d1.rows[2].lo` | 0 | 180 | 178 |
| FINDINGS_LEDGER.md | 456 | break_delay_4 | `.d1.segments.first.lo` | 0 | 180 | 176 |
| FINDINGS_LEDGER.md | 456 | break_delay_4 | `.d1.segments.first.mde` | 0 | 180 | 183 |
| FINDINGS_LEDGER.md | 456 | break_delay_4 | `.d7.years.2021.mean` | 0 | 180 | 177 |
| FINDINGS_LEDGER.md | 456 | break_delay_8 | `.d1.rows[5].mde` | 0 | 180 | 185 |
| FINDINGS_LEDGER.md | 456 | break_delay_8 | `.d1.rows[6].hi` | 0 | 180 | 175 |
| FINDINGS_LEDGER.md | 456 | break_delay_8 | `.d1.segments.first.mde` | 0 | 180 | 173 |
| FINDINGS_LEDGER.md | 456 | break_delay_8 | `.d7.years.2021.mde` | 0 | 180 | 173 |
| FINDINGS_LEDGER.md | 456 | break_dist_0.25 | `.d1.rows[5].mde` | 0 | 180 | 187 |
| FINDINGS_LEDGER.md | 456 | break_dist_0.25 | `.d1.rows[8].mde` | 0 | 180 | 179 |
| FINDINGS_LEDGER.md | 456 | break_dist_0.25 | `.d1.rows[8].mean` | 0 | 180 | 183 |
| FINDINGS_LEDGER.md | 456 | break_dist_0.25 | `.d3.trade_quantiles.0.05` | 0 | 180 | 172 |
| FINDINGS_LEDGER.md | 456 | break_dist_0.25 | `.d7.years.2018.mean` | 0 | 180 | 175 |
| FINDINGS_LEDGER.md | 456 | break_dist_0.25 | `.d7.years.2021.mean` | 0 | 180 | 179 |
| FINDINGS_LEDGER.md | 456 | break_dist_0.25 | `.d7.years.2022.hi` | 0 | 180 | 172 |
| FINDINGS_LEDGER.md | 456 | break_dist_0.25 | `.d7.years.2023.hi` | 0 | 180 | 176 |
| FINDINGS_LEDGER.md | 456 | break_dist_1 | `.d1.rows[7].hi` | 0 | 180 | 178 |
| FINDINGS_LEDGER.md | 456 | break_dist_1 | `.d1.segments.second.hi` | 0 | 180 | 176 |
| FINDINGS_LEDGER.md | 456 | break_dist_1 | `.d7.years.2019.mean` | 0 | 180 | 182 |
| FINDINGS_LEDGER.md | 456 | break_dist_1 | `.d7.years.2020.mde` | 0 | 180 | 190 |
| FINDINGS_LEDGER.md | 456 | break_dist_1 | `.d7.years.2023.lo` | 0 | 180 | 188 |
| FINDINGS_LEDGER.md | 456 | break_len_mult_4 | `.d1.rows[2].mean` | 0 | 180 | 185 |
| FINDINGS_LEDGER.md | 456 | break_len_mult_4 | `.d1.rows[6].mean` | 0 | 180 | 186 |
| FINDINGS_LEDGER.md | 456 | break_len_mult_4 | `.d7.years.2019.mean` | 0 | 180 | 173 |
| FINDINGS_LEDGER.md | 456 | break_off | `.d1.rows[0].lo` | 0 | 180 | 187 |
| FINDINGS_LEDGER.md | 456 | break_off | `.d7.all.lo` | 0 | 180 | 176 |
| FINDINGS_LEDGER.md | 456 | break_off | `.d7.all.mde` | 0 | 180 | 176 |
| FINDINGS_LEDGER.md | 456 | break_off | `.d7.years.2022.lo` | 0 | 180 | 189 |
| FINDINGS_LEDGER.md | 456 | count_20 | `.d1.rows[4].hi` | 0 | 180 | 173 |
| FINDINGS_LEDGER.md | 456 | count_20 | `.d1.rows[6].mde` | 0 | 180 | 182 |
| FINDINGS_LEDGER.md | 456 | count_20 | `.d1.rows[8].hi` | 0 | 180 | 174 |
| FINDINGS_LEDGER.md | 456 | count_20 | `.d1.segments.second.hi` | 0 | 180 | 188 |
| FINDINGS_LEDGER.md | 456 | count_20 | `.d3.groups.出の理由【結果で決まる群】.market.lo` | 0 | 180 | 170 |
| FINDINGS_LEDGER.md | 456 | count_20 | `.d7.all.mean` | 0 | 180 | 185 |
| FINDINGS_LEDGER.md | 456 | count_20 | `.d7.years.2016.hi` | 0 | 180 | 188 |
| FINDINGS_LEDGER.md | 456 | count_20 | `.d7.years.2017.hi` | 0 | 180 | 176 |
| FINDINGS_LEDGER.md | 456 | count_20 | `.d7.years.2023.mde` | 0 | 180 | 174 |
| FINDINGS_LEDGER.md | 456 | count_80 | `.d3.trade_quantiles.0.95` | 0 | 180 | 190 |
| FINDINGS_LEDGER.md | 456 | count_80 | `.d7.years.2016.lo` | 0 | 180 | 187 |
| FINDINGS_LEDGER.md | 456 | count_80 | `.d7.years.2023.mde` | 0 | 180 | 182 |
| FINDINGS_LEDGER.md | 456 | entry_exit_2_1 | `.d3.trade_quantiles.0.95` | 0 | 180 | 172 |
| FINDINGS_LEDGER.md | 456 | entry_exit_2_1 | `.d7.all.mean` | 0 | 180 | 178 |
| FINDINGS_LEDGER.md | 456 | entry_exit_2_1 | `.d7.years.2023.lo` | 0 | 180 | 189 |
| FINDINGS_LEDGER.md | 456 | entry_exit_3_2 | `.d7.years.2016.lo` | 0 | 180 | 186 |
| FINDINGS_LEDGER.md | 456 | entry_exit_3_2 | `.d7.years.2018.mean` | 0 | 180 | 174 |
| FINDINGS_LEDGER.md | 456 | entry_exit_3_2 | `.d7.years.2019.mean` | 0 | 180 | 183 |
| FINDINGS_LEDGER.md | 456 | foot_5 | `.d1.rows[4].hi` | 0 | 180 | 182 |
| FINDINGS_LEDGER.md | 456 | foot_5 | `.d1.rows[5].mean` | 0 | 180 | 182 |
| FINDINGS_LEDGER.md | 456 | levels_1 | `.d1.rows[5].hi` | 0 | 180 | 189 |
| FINDINGS_LEDGER.md | 456 | levels_1 | `.d3.trade_quantiles.0.95` | 0 | 180 | 182 |
| FINDINGS_LEDGER.md | 456 | levels_1 | `.d7.years.2023.mde` | 0 | 180 | 176 |
| FINDINGS_LEDGER.md | 456 | levels_3 | `.d1.rows[0].lo` | 0 | 180 | 174 |
| FINDINGS_LEDGER.md | 456 | levels_3 | `.d1.rows[4].lo` | 0 | 180 | 178 |
| FINDINGS_LEDGER.md | 456 | levels_3 | `.d7.years.2017.lo` | 0 | 180 | 186 |
| FINDINGS_LEDGER.md | 456 | levels_3 | `.d7.years.2019.lo` | 0 | 180 | 172 |
| FINDINGS_LEDGER.md | 456 | levels_3 | `.d7.years.2020.lo` | 0 | 180 | 175 |
| FINDINGS_LEDGER.md | 456 | levels_7 | `.d1.rows[2].lo` | 0 | 180 | 188 |
| FINDINGS_LEDGER.md | 456 | levels_7 | `.d1.rows[5].mde` | 0 | 180 | 182 |
| FINDINGS_LEDGER.md | 456 | levels_7 | `.d1.rows[6].hi` | 0 | 180 | 173 |
| FINDINGS_LEDGER.md | 456 | levels_7 | `.d1.rows[6].mde` | 0 | 180 | 190 |
| FINDINGS_LEDGER.md | 456 | levels_7 | `.d1.rows[9].mde` | 0 | 180 | 189 |
| FINDINGS_LEDGER.md | 456 | levels_7 | `.d1.segments.second.mean` | 0 | 180 | 178 |
| FINDINGS_LEDGER.md | 456 | levels_7 | `.d7.years.2022.hi` | 0 | 180 | 179 |
| FINDINGS_LEDGER.md | 456 | range_hi_none | `.d1.segments.second.hi` | 0 | 180 | 188 |
| FINDINGS_LEDGER.md | 456 | range_hi_p75 | `.d1.rows[1].hi` | 0 | 180 | 184 |
| FINDINGS_LEDGER.md | 456 | range_hi_p75 | `.d1.rows[6].mde` | 0 | 180 | 185 |
| FINDINGS_LEDGER.md | 456 | range_hi_p75 | `.d1.rows[8].mde` | 0 | 180 | 172 |
| FINDINGS_LEDGER.md | 456 | range_hi_p75 | `.d1.segments.first.mean` | 0 | 180 | 174 |
| FINDINGS_LEDGER.md | 456 | range_hi_p75 | `.d3.groups.出の理由【結果で決まる群】.break.per_trade` | 0 | 180 | 185 |
| FINDINGS_LEDGER.md | 456 | range_hi_p75 | `.d3.trade_quantiles.0.05` | 0 | 180 | 178 |
| FINDINGS_LEDGER.md | 456 | range_hi_p90 | `.d1.rows[4].lo` | 0 | 180 | 172 |
| FINDINGS_LEDGER.md | 456 | range_hi_p90 | `.d1.rows[8].hi` | 0 | 180 | 174 |
| FINDINGS_LEDGER.md | 456 | range_hi_p90 | `.d7.years.2018.mean` | 0 | 180 | 188 |
| FINDINGS_LEDGER.md | 456 | range_hi_p90 | `.d7.years.2021.mde` | 0 | 180 | 175 |
| FINDINGS_LEDGER.md | 456 | range_lo_none | `.d1.segments.second.hi` | 0 | 180 | 184 |
| FINDINGS_LEDGER.md | 456 | range_lo_p10 | `.d1.rows[3].lo` | 0 | 180 | 175 |
| FINDINGS_LEDGER.md | 456 | range_lo_p10 | `.d1.rows[6].hi` | 0 | 180 | 187 |
| FINDINGS_LEDGER.md | 456 | range_lo_p10 | `.d7.years.2016.lo` | 0 | 180 | 171 |
| FINDINGS_LEDGER.md | 456 | range_lo_p25 | `.d1.segments.first.mde` | 0 | 180 | 189 |
| FINDINGS_LEDGER.md | 456 | range_lo_p25 | `.d1.segments.second.mean` | 0 | 180 | 190 |
| FINDINGS_LEDGER.md | 456 | range_lo_p50 | `.d1.rows[2].mean` | 0 | 180 | 179 |
| FINDINGS_LEDGER.md | 456 | range_lo_p50 | `.d1.rows[3].lo` | 0 | 180 | 178 |
| FINDINGS_LEDGER.md | 456 | range_lo_p50 | `.d1.rows[8].mde` | 0 | 180 | 187 |
| FINDINGS_LEDGER.md | 456 | range_lo_p50 | `.d1.rows[9].lo` | 0 | 180 | 185 |
| FINDINGS_LEDGER.md | 456 | range_lo_p50 | `.d1.rows[9].mde` | 0 | 180 | 170 |
| FINDINGS_LEDGER.md | 456 | range_lo_p50 | `.d1.segments.diff.hi` | 0 | 180 | 173 |
| FINDINGS_LEDGER.md | 456 | range_lo_p50 | `.d1.segments.first.mde` | 0 | 180 | 176 |
| FINDINGS_LEDGER.md | 456 | range_lo_p50 | `.d7.years.2015.mde` | 0 | 180 | 185 |
| FINDINGS_LEDGER.md | 456 | step_2 | `.d1.rows[3].lo` | 0 | 180 | 177 |
| FINDINGS_LEDGER.md | 456 | step_2 | `.d1.rows[7].hi` | 0 | 180 | 173 |
| FINDINGS_LEDGER.md | 456 | step_2 | `.d1.rows[8].mean` | 0 | 180 | 177 |
| FINDINGS_LEDGER.md | 456 | step_2 | `.d1.rows[9].mde` | 0 | 180 | 170 |
| FINDINGS_LEDGER.md | 456 | step_2 | `.d3.groups.出の理由【結果で決まる群】.break.hi` | 0 | 180 | 174 |
| FINDINGS_LEDGER.md | 456 | step_2 | `.d3.groups.出の理由【結果で決まる群】.break.per_trade` | 0 | 180 | 183 |
| FINDINGS_LEDGER.md | 456 | step_2 | `.d7.years.2015.mde` | 0 | 180 | 173 |
| FINDINGS_LEDGER.md | 456 | step_2 | `.d7.years.2017.mde` | 0 | 180 | 184 |
| FINDINGS_LEDGER.md | 456 | step_2 | `.d7.years.2019.lo` | 0 | 180 | 182 |
| FINDINGS_LEDGER.md | 456 | step_4 | `.d1.rows[6].lo` | 0 | 180 | 173 |
| FINDINGS_LEDGER.md | 456 | step_4 | `.d1.rows[7].hi` | 0 | 180 | 173 |
| FINDINGS_LEDGER.md | 456 | step_4 | `.d1.rows[9].hi` | 0 | 180 | 173 |
| FINDINGS_LEDGER.md | 456 | step_4 | `.d3.groups.出の理由【結果で決まる群】.market.per_trade` | 0 | 180 | 174 |
| FINDINGS_LEDGER.md | 456 | step_4 | `.d7.years.2018.mde` | 0 | 180 | 187 |
| FINDINGS_LEDGER.md | 456 | step_4 | `.d7.years.2021.mde` | 0 | 180 | 184 |
| FINDINGS_LEDGER.md | 456 | vola_gate_p10 | `.d1.rows[3].lo` | 0 | 180 | 177 |
| FINDINGS_LEDGER.md | 456 | vola_gate_p10 | `.d1.segments.first.mde` | 0 | 180 | 185 |
| FINDINGS_LEDGER.md | 456 | vola_gate_p25 | `.d1.rows[2].hi` | 0 | 180 | 182 |
| FINDINGS_LEDGER.md | 456 | vola_gate_p25 | `.d1.segments.first.mde` | 0 | 180 | 177 |
| FINDINGS_LEDGER.md | 456 | vola_gate_p25 | `.d1.segments.second.mean` | 0 | 180 | 179 |
| FINDINGS_LEDGER.md | 456 | vola_gate_p50 | `.d1.rows[8].mde` | 0 | 180 | 186 |
| FINDINGS_LEDGER.md | 456 | vola_gate_p50 | `.d1.segments.first.lo` | 0 | 180 | 172 |
| FINDINGS_LEDGER.md | 460 | alert_x1 | `.d1.rows[1].mean` | 0 | 100 | 98 |
| FINDINGS_LEDGER.md | 460 | alert_x1 | `.d1.rows[5].lo` | 0 | 100 | 93 |
| FINDINGS_LEDGER.md | 460 | alert_x2 | `.d1.rows[5].lo` | 0 | 100 | 94 |
| FINDINGS_LEDGER.md | 460 | beard_off | `.d7.all.hi` | 0 | 100 | 93 |
| FINDINGS_LEDGER.md | 460 | beard_off | `.d7.years.2016.mde` | 0 | 100 | 105 |
| FINDINGS_LEDGER.md | 460 | beard_off | `.d7.years.2023.hi` | 0 | 100 | 92 |
| FINDINGS_LEDGER.md | 460 | break_delay_2 | `.d1.rows[5].lo` | 0 | 100 | 105 |
| FINDINGS_LEDGER.md | 460 | break_delay_2 | `.d7.years.2021.mde` | 0 | 100 | 98 |
| FINDINGS_LEDGER.md | 460 | break_delay_3 | `.d1.rows[3].lo` | 0 | 100 | 96 |
| FINDINGS_LEDGER.md | 460 | break_delay_3 | `.d1.rows[5].lo` | 0 | 100 | 97 |
| FINDINGS_LEDGER.md | 460 | break_delay_3 | `.d1.rows[8].hi` | 0 | 100 | 105 |
| FINDINGS_LEDGER.md | 460 | break_delay_3 | `.d7.years.2020.mde` | 0 | 100 | 97 |
| FINDINGS_LEDGER.md | 460 | break_delay_3 | `.d7.years.2022.mde` | 0 | 100 | 97 |
| FINDINGS_LEDGER.md | 460 | break_delay_4 | `.d7.years.2019.hi` | 0 | 100 | 99 |
| FINDINGS_LEDGER.md | 460 | break_delay_4 | `.d7.years.2019.mde` | 0 | 100 | 107 |
| FINDINGS_LEDGER.md | 460 | break_delay_4 | `.d7.years.2022.hi` | 0 | 100 | 94 |
| FINDINGS_LEDGER.md | 460 | break_delay_8 | `.d1.rows[0].mde` | 0 | 100 | 110 |
| FINDINGS_LEDGER.md | 460 | break_delay_8 | `.d1.rows[2].mean` | 0 | 100 | 92 |
| FINDINGS_LEDGER.md | 460 | break_delay_8 | `.d1.rows[5].lo` | 0 | 100 | 107 |
| FINDINGS_LEDGER.md | 460 | break_delay_8 | `.d7.years.2016.mde` | 0 | 100 | 102 |
| FINDINGS_LEDGER.md | 460 | break_dist_0.25 | `.d1.rows[0].mde` | 0 | 100 | 98 |
| FINDINGS_LEDGER.md | 460 | break_dist_0.25 | `.d1.rows[0].mean` | 0 | 100 | 92 |
| FINDINGS_LEDGER.md | 460 | break_dist_0.25 | `.d1.rows[2].lo` | 0 | 100 | 97 |
| FINDINGS_LEDGER.md | 460 | break_dist_0.25 | `.d7.all.hi` | 0 | 100 | 95 |
| FINDINGS_LEDGER.md | 460 | break_dist_0.25 | `.d7.years.2016.hi` | 0 | 100 | 109 |
| FINDINGS_LEDGER.md | 460 | break_dist_0.25 | `.d7.years.2023.mde` | 0 | 100 | 99 |
| FINDINGS_LEDGER.md | 460 | break_dist_1 | `.d1.rows[0].mean` | 0 | 100 | 92 |
| FINDINGS_LEDGER.md | 460 | break_dist_1 | `.d1.rows[8].hi` | 0 | 100 | 109 |
| FINDINGS_LEDGER.md | 460 | break_dist_1 | `.d7.all.hi` | 0 | 100 | 107 |
| FINDINGS_LEDGER.md | 460 | break_dist_1 | `.d7.all.mde` | 0 | 100 | 93 |
| FINDINGS_LEDGER.md | 460 | break_dist_1 | `.d7.years.2016.hi` | 0 | 100 | 92 |
| FINDINGS_LEDGER.md | 460 | break_dist_1 | `.d7.years.2016.lo` | 0 | 100 | 97 |
| FINDINGS_LEDGER.md | 460 | break_dist_1 | `.d7.years.2022.hi` | 0 | 100 | 93 |
| FINDINGS_LEDGER.md | 460 | break_len_mult_4 | `.d1.rows[7].hi` | 0 | 100 | 94 |
| FINDINGS_LEDGER.md | 460 | break_len_mult_4 | `.d7.years.2021.lo` | 0 | 100 | 103 |
| FINDINGS_LEDGER.md | 460 | break_len_mult_4 | `.d7.years.2023.mde` | 0 | 100 | 109 |
| FINDINGS_LEDGER.md | 460 | break_off | `.d3.groups.保有時間の帯【結果で決まる群】.4 分超.hi` | 0 | 100 | 103 |
| FINDINGS_LEDGER.md | 460 | break_off | `.d3.groups.保有時間の帯【結果で決まる群】.4 分超.per_trade` | 0 | 100 | 110 |
| FINDINGS_LEDGER.md | 460 | count_20 | `.d1.rows[5].lo` | 0 | 100 | 99 |
| FINDINGS_LEDGER.md | 460 | count_20 | `.d1.rows[6].hi` | 0 | 100 | 108 |
| FINDINGS_LEDGER.md | 460 | count_20 | `.d1.segments.diff.hi` | 0 | 100 | 97 |
| FINDINGS_LEDGER.md | 460 | count_20 | `.d1.segments.second.mde` | 0 | 100 | 94 |
| FINDINGS_LEDGER.md | 460 | count_20 | `.d3.groups.出の理由【結果で決まる群】.break.lo` | 0 | 100 | 93 |
| FINDINGS_LEDGER.md | 460 | count_20 | `.d3.trade_quantiles.0.05` | 0 | 100 | 109 |
| FINDINGS_LEDGER.md | 460 | count_20 | `.d7.all.mde` | 0 | 100 | 102 |
| FINDINGS_LEDGER.md | 460 | count_80 | `.d7.all.hi` | 0 | 100 | 93 |
| FINDINGS_LEDGER.md | 460 | count_80 | `.d7.all.lo` | 0 | 100 | 101 |
| FINDINGS_LEDGER.md | 460 | entry_exit_2_1 | `.d7.years.2017.lo` | 0 | 100 | 106 |
| FINDINGS_LEDGER.md | 460 | entry_exit_3_2 | `.d1.rows[0].lo` | 0 | 100 | 103 |
| FINDINGS_LEDGER.md | 460 | entry_exit_3_2 | `.d7.years.2017.lo` | 0 | 100 | 105 |
| FINDINGS_LEDGER.md | 460 | entry_exit_3_2 | `.d7.years.2019.hi` | 0 | 100 | 92 |
| FINDINGS_LEDGER.md | 460 | foot_5 | `.d1.rows[0].mde` | 0 | 100 | 96 |
| FINDINGS_LEDGER.md | 460 | foot_5 | `.d1.segments.second.lo` | 0 | 100 | 106 |
| FINDINGS_LEDGER.md | 460 | levels_1 | `.d1.segments.first.lo` | 0 | 100 | 93 |
| FINDINGS_LEDGER.md | 460 | levels_1 | `.d7.years.2015.lo` | 0 | 100 | 101 |
| FINDINGS_LEDGER.md | 460 | levels_3 | `.d1.rows[3].lo` | 0 | 100 | 102 |
| FINDINGS_LEDGER.md | 460 | levels_3 | `.d7.all.mean` | 0 | 100 | 108 |
| FINDINGS_LEDGER.md | 460 | levels_3 | `.d7.years.2015.lo` | 0 | 100 | 91 |
| FINDINGS_LEDGER.md | 460 | levels_3 | `.d7.years.2018.mean` | 0 | 100 | 102 |
| FINDINGS_LEDGER.md | 460 | levels_3 | `.d7.years.2019.mde` | 0 | 100 | 92 |
| FINDINGS_LEDGER.md | 460 | levels_3 | `.d7.years.2019.mean` | 0 | 100 | 102 |
| FINDINGS_LEDGER.md | 460 | levels_3 | `.d7.years.2022.mde` | 0 | 100 | 103 |
| FINDINGS_LEDGER.md | 460 | levels_7 | `.d1.rows[0].mde` | 0 | 100 | 101 |
| FINDINGS_LEDGER.md | 460 | levels_7 | `.d1.rows[6].lo` | 0 | 100 | 96 |
| FINDINGS_LEDGER.md | 460 | levels_7 | `.d1.rows[7].hi` | 0 | 100 | 96 |
| FINDINGS_LEDGER.md | 460 | levels_7 | `.d1.segments.second.hi` | 0 | 100 | 106 |
| FINDINGS_LEDGER.md | 460 | levels_7 | `.d1.segments.second.mde` | 0 | 100 | 101 |
| FINDINGS_LEDGER.md | 460 | levels_7 | `.d3.trade_quantiles.0.95` | 0 | 100 | 103 |
| FINDINGS_LEDGER.md | 460 | levels_7 | `.d7.years.2018.lo` | 0 | 100 | 90 |
| FINDINGS_LEDGER.md | 460 | levels_7 | `.d7.years.2021.mde` | 0 | 100 | 96 |
| FINDINGS_LEDGER.md | 460 | range_hi_none | `.d1.rows[5].lo` | 0 | 100 | 94 |
| FINDINGS_LEDGER.md | 460 | range_hi_none | `.d7.years.2017.mean` | 0 | 100 | 110 |
| FINDINGS_LEDGER.md | 460 | range_hi_p75 | `.d1.rows[0].lo` | 0 | 100 | 101 |
| FINDINGS_LEDGER.md | 460 | range_hi_p75 | `.d1.rows[2].lo` | 0 | 100 | 102 |
| FINDINGS_LEDGER.md | 460 | range_hi_p75 | `.d1.rows[5].lo` | 0 | 100 | 97 |
| FINDINGS_LEDGER.md | 460 | range_hi_p75 | `.d1.segments.second.mde` | 0 | 100 | 97 |
| FINDINGS_LEDGER.md | 460 | range_hi_p75 | `.d3.trade_quantiles.0.95` | 0 | 100 | 90 |
| FINDINGS_LEDGER.md | 460 | range_hi_p75 | `.d7.years.2016.lo` | 0 | 100 | 96 |
| FINDINGS_LEDGER.md | 460 | range_hi_p75 | `.d7.years.2021.lo` | 0 | 100 | 94 |
| FINDINGS_LEDGER.md | 460 | range_hi_p75 | `.d7.years.2023.mde` | 0 | 100 | 92 |
| FINDINGS_LEDGER.md | 460 | range_hi_p90 | `.d1.rows[7].hi` | 0 | 100 | 108 |
| FINDINGS_LEDGER.md | 460 | range_hi_p90 | `.d3.trade_quantiles.0.95` | 0 | 100 | 109 |
| FINDINGS_LEDGER.md | 460 | range_hi_p90 | `.d7.all.lo` | 0 | 100 | 96 |
| FINDINGS_LEDGER.md | 460 | range_hi_p90 | `.d7.years.2016.hi` | 0 | 100 | 101 |
| FINDINGS_LEDGER.md | 460 | range_lo_none | `.d7.match.sum_only_a` | 0 | 100 | 94 |
| FINDINGS_LEDGER.md | 460 | range_lo_p25 | `.d1.segments.second.hi` | 0 | 100 | 105 |
| FINDINGS_LEDGER.md | 460 | range_lo_p25 | `.d7.years.2015.hi` | 0 | 100 | 91 |
| FINDINGS_LEDGER.md | 460 | range_lo_p25 | `.d7.years.2020.hi` | 0 | 100 | 107 |
| FINDINGS_LEDGER.md | 460 | range_lo_p50 | `.d1.rows[0].mde` | 0 | 100 | 106 |
| FINDINGS_LEDGER.md | 460 | range_lo_p50 | `.d1.rows[0].mean` | 0 | 100 | 91 |
| FINDINGS_LEDGER.md | 460 | range_lo_p50 | `.d7.years.2017.lo` | 0 | 100 | 108 |
| FINDINGS_LEDGER.md | 460 | range_lo_p50 | `.d7.years.2017.mde` | 0 | 100 | 102 |
| FINDINGS_LEDGER.md | 460 | range_lo_p50 | `.d7.years.2018.mde` | 0 | 100 | 102 |
| FINDINGS_LEDGER.md | 460 | range_lo_p50 | `.d7.years.2019.mde` | 0 | 100 | 97 |
| FINDINGS_LEDGER.md | 460 | range_lo_p50 | `.d7.years.2020.mde` | 0 | 100 | 103 |
| FINDINGS_LEDGER.md | 460 | range_lo_p50 | `.d7.years.2021.lo` | 0 | 100 | 103 |
| FINDINGS_LEDGER.md | 460 | range_lo_p50 | `.d7.years.2022.lo` | 0 | 100 | 103 |
| FINDINGS_LEDGER.md | 460 | step_2 | `.d1.rows[0].mde` | 0 | 100 | 92 |
| FINDINGS_LEDGER.md | 460 | step_2 | `.d1.segments.second.mde` | 0 | 100 | 92 |
| FINDINGS_LEDGER.md | 460 | step_2 | `.d7.years.2016.mde` | 0 | 100 | 96 |
| FINDINGS_LEDGER.md | 460 | step_2 | `.d7.years.2019.mde` | 0 | 100 | 98 |
| FINDINGS_LEDGER.md | 460 | step_2 | `.d7.years.2020.mde` | 0 | 100 | 94 |
| FINDINGS_LEDGER.md | 460 | step_4 | `.d1.rows[2].mean` | 0 | 100 | 96 |
| FINDINGS_LEDGER.md | 460 | step_4 | `.d1.rows[3].lo` | 0 | 100 | 91 |
| FINDINGS_LEDGER.md | 460 | step_4 | `.d1.rows[5].mde` | 0 | 100 | 97 |
| FINDINGS_LEDGER.md | 460 | step_4 | `.d1.rows[6].mean` | 0 | 100 | 103 |
| FINDINGS_LEDGER.md | 460 | step_4 | `.d1.segments.first.mde` | 0 | 100 | 102 |
| FINDINGS_LEDGER.md | 460 | step_4 | `.d7.years.2016.hi` | 0 | 100 | 101 |
| FINDINGS_LEDGER.md | 460 | step_4 | `.d7.years.2017.hi` | 0 | 100 | 92 |
| FINDINGS_LEDGER.md | 460 | step_4 | `.d7.years.2020.mean` | 0 | 100 | 109 |
| FINDINGS_LEDGER.md | 460 | step_4 | `.d7.years.2021.mean` | 0 | 100 | 92 |
| FINDINGS_LEDGER.md | 460 | vola_gate_p10 | `.d1.rows[5].lo` | 0 | 100 | 106 |
| FINDINGS_LEDGER.md | 460 | vola_gate_p10 | `.d7.years.2016.mean` | 0 | 100 | 107 |
| FINDINGS_LEDGER.md | 460 | vola_gate_p25 | `.d1.rows[5].lo` | 0 | 100 | 105 |
| FINDINGS_LEDGER.md | 460 | vola_gate_p25 | `.d1.segments.second.hi` | 0 | 100 | 97 |
| FINDINGS_LEDGER.md | 460 | vola_gate_p25 | `.d7.years.2020.hi` | 0 | 100 | 108 |
| FINDINGS_LEDGER.md | 460 | vola_gate_p25 | `.d7.years.2023.mde` | 0 | 100 | 94 |
| FINDINGS_LEDGER.md | 460 | vola_gate_p50 | `.d1.rows[0].mde` | 0 | 100 | 103 |
| FINDINGS_LEDGER.md | 460 | vola_gate_p50 | `.d1.rows[0].mean` | 0 | 100 | 99 |
| FINDINGS_LEDGER.md | 460 | vola_gate_p50 | `.d7.all.hi` | 0 | 100 | 95 |
| FINDINGS_LEDGER.md | 460 | vola_gate_p50 | `.d7.years.2016.hi` | 0 | 100 | 95 |
| FINDINGS_LEDGER.md | 460 | vola_gate_p50 | `.d7.years.2018.mean` | 0 | 100 | 105 |
| FINDINGS_LEDGER.md | 460 | vola_gate_p50 | `.d7.years.2019.lo` | 0 | 100 | 99 |
| FINDINGS_LEDGER.md | 460 | vola_gate_p50 | `.d7.years.2019.mde` | 0 | 100 | 91 |
| FINDINGS_LEDGER.md | 460 | vola_gate_p50 | `.d7.years.2021.mean` | 0 | 100 | 93 |
| FINDINGS_LEDGER.md | 460 | vola_gate_p50 | `.d7.years.2022.mde` | 0 | 100 | 90 |
| FINDINGS_LEDGER.md | 473 | alert_x2 | `.d3.groups.出の理由【結果で決まる群】.close.per_trade` | 2 | 36.4 | 36.5 |
| FINDINGS_LEDGER.md | 473 | foot_5 | `.d3.groups.出の理由【結果で決まる群】.break.per_trade` | 2 | 562.8 | 562.7 |
| FINDINGS_LEDGER.md | 473 | foot_5 | `.d3.groups.出の理由【結果で決まる群】.close.per_trade` | 2 | 73.6 | 73.7 |
| FINDINGS_LEDGER.md | 473 | range_hi_p75 | `.d7.years.2019.hi` | 2 | 73.6 | 73.5 |
| FINDINGS_LEDGER.md | 473 | vola_gate_p10 | `.d3.groups.保有時間の帯【結果で決まる群】.3 分超.hi` | 2 | 36.4 | 36.5 |
| FINDINGS_LEDGER.md | 477 | alert_x1 | `.d1.rows[1].mean` | 0 | 100 | 98 |
| FINDINGS_LEDGER.md | 477 | alert_x1 | `.d1.rows[5].lo` | 0 | 100 | 93 |
| FINDINGS_LEDGER.md | 477 | alert_x2 | `.d1.rows[5].lo` | 0 | 100 | 94 |
| FINDINGS_LEDGER.md | 477 | beard_off | `.d7.all.hi` | 0 | 100 | 93 |
| FINDINGS_LEDGER.md | 477 | beard_off | `.d7.years.2016.mde` | 0 | 100 | 105 |
| FINDINGS_LEDGER.md | 477 | beard_off | `.d7.years.2023.hi` | 0 | 100 | 92 |
| FINDINGS_LEDGER.md | 477 | break_delay_2 | `.d1.rows[5].lo` | 0 | 100 | 105 |
| FINDINGS_LEDGER.md | 477 | break_delay_2 | `.d7.years.2021.mde` | 0 | 100 | 98 |
| FINDINGS_LEDGER.md | 477 | break_delay_3 | `.d1.rows[3].lo` | 0 | 100 | 96 |
| FINDINGS_LEDGER.md | 477 | break_delay_3 | `.d1.rows[5].lo` | 0 | 100 | 97 |
| FINDINGS_LEDGER.md | 477 | break_delay_3 | `.d1.rows[8].hi` | 0 | 100 | 105 |
| FINDINGS_LEDGER.md | 477 | break_delay_3 | `.d7.years.2020.mde` | 0 | 100 | 97 |
| FINDINGS_LEDGER.md | 477 | break_delay_3 | `.d7.years.2022.mde` | 0 | 100 | 97 |
| FINDINGS_LEDGER.md | 477 | break_delay_4 | `.d7.years.2019.hi` | 0 | 100 | 99 |
| FINDINGS_LEDGER.md | 477 | break_delay_4 | `.d7.years.2019.mde` | 0 | 100 | 107 |
| FINDINGS_LEDGER.md | 477 | break_delay_4 | `.d7.years.2022.hi` | 0 | 100 | 94 |
| FINDINGS_LEDGER.md | 477 | break_delay_8 | `.d1.rows[0].mde` | 0 | 100 | 110 |
| FINDINGS_LEDGER.md | 477 | break_delay_8 | `.d1.rows[2].mean` | 0 | 100 | 92 |
| FINDINGS_LEDGER.md | 477 | break_delay_8 | `.d1.rows[5].lo` | 0 | 100 | 107 |
| FINDINGS_LEDGER.md | 477 | break_delay_8 | `.d7.years.2016.mde` | 0 | 100 | 102 |
| FINDINGS_LEDGER.md | 477 | break_dist_0.25 | `.d1.rows[0].mde` | 0 | 100 | 98 |
| FINDINGS_LEDGER.md | 477 | break_dist_0.25 | `.d1.rows[0].mean` | 0 | 100 | 92 |
| FINDINGS_LEDGER.md | 477 | break_dist_0.25 | `.d1.rows[2].lo` | 0 | 100 | 97 |
| FINDINGS_LEDGER.md | 477 | break_dist_0.25 | `.d7.all.hi` | 0 | 100 | 95 |
| FINDINGS_LEDGER.md | 477 | break_dist_0.25 | `.d7.years.2016.hi` | 0 | 100 | 109 |
| FINDINGS_LEDGER.md | 477 | break_dist_0.25 | `.d7.years.2023.mde` | 0 | 100 | 99 |
| FINDINGS_LEDGER.md | 477 | break_dist_1 | `.d1.rows[0].mean` | 0 | 100 | 92 |
| FINDINGS_LEDGER.md | 477 | break_dist_1 | `.d1.rows[8].hi` | 0 | 100 | 109 |
| FINDINGS_LEDGER.md | 477 | break_dist_1 | `.d7.all.hi` | 0 | 100 | 107 |
| FINDINGS_LEDGER.md | 477 | break_dist_1 | `.d7.all.mde` | 0 | 100 | 93 |
| FINDINGS_LEDGER.md | 477 | break_dist_1 | `.d7.years.2016.hi` | 0 | 100 | 92 |
| FINDINGS_LEDGER.md | 477 | break_dist_1 | `.d7.years.2016.lo` | 0 | 100 | 97 |
| FINDINGS_LEDGER.md | 477 | break_dist_1 | `.d7.years.2022.hi` | 0 | 100 | 93 |
| FINDINGS_LEDGER.md | 477 | break_len_mult_4 | `.d1.rows[7].hi` | 0 | 100 | 94 |
| FINDINGS_LEDGER.md | 477 | break_len_mult_4 | `.d7.years.2021.lo` | 0 | 100 | 103 |
| FINDINGS_LEDGER.md | 477 | break_len_mult_4 | `.d7.years.2023.mde` | 0 | 100 | 109 |
| FINDINGS_LEDGER.md | 477 | break_off | `.d3.groups.保有時間の帯【結果で決まる群】.4 分超.hi` | 0 | 100 | 103 |
| FINDINGS_LEDGER.md | 477 | break_off | `.d3.groups.保有時間の帯【結果で決まる群】.4 分超.per_trade` | 0 | 100 | 110 |
| FINDINGS_LEDGER.md | 477 | count_20 | `.d1.rows[5].lo` | 0 | 100 | 99 |
| FINDINGS_LEDGER.md | 477 | count_20 | `.d1.rows[6].hi` | 0 | 100 | 108 |
| FINDINGS_LEDGER.md | 477 | count_20 | `.d1.segments.diff.hi` | 0 | 100 | 97 |
| FINDINGS_LEDGER.md | 477 | count_20 | `.d1.segments.second.mde` | 0 | 100 | 94 |
| FINDINGS_LEDGER.md | 477 | count_20 | `.d3.groups.出の理由【結果で決まる群】.break.lo` | 0 | 100 | 93 |
| FINDINGS_LEDGER.md | 477 | count_20 | `.d3.trade_quantiles.0.05` | 0 | 100 | 109 |
| FINDINGS_LEDGER.md | 477 | count_20 | `.d7.all.mde` | 0 | 100 | 102 |
| FINDINGS_LEDGER.md | 477 | count_80 | `.d7.all.hi` | 0 | 100 | 93 |
| FINDINGS_LEDGER.md | 477 | count_80 | `.d7.all.lo` | 0 | 100 | 101 |
| FINDINGS_LEDGER.md | 477 | entry_exit_2_1 | `.d7.years.2017.lo` | 0 | 100 | 106 |
| FINDINGS_LEDGER.md | 477 | entry_exit_3_2 | `.d1.rows[0].lo` | 0 | 100 | 103 |
| FINDINGS_LEDGER.md | 477 | entry_exit_3_2 | `.d7.years.2017.lo` | 0 | 100 | 105 |
| FINDINGS_LEDGER.md | 477 | entry_exit_3_2 | `.d7.years.2019.hi` | 0 | 100 | 92 |
| FINDINGS_LEDGER.md | 477 | foot_5 | `.d1.rows[0].mde` | 0 | 100 | 96 |
| FINDINGS_LEDGER.md | 477 | foot_5 | `.d1.segments.second.lo` | 0 | 100 | 106 |
| FINDINGS_LEDGER.md | 477 | levels_1 | `.d1.segments.first.lo` | 0 | 100 | 93 |
| FINDINGS_LEDGER.md | 477 | levels_1 | `.d7.years.2015.lo` | 0 | 100 | 101 |
| FINDINGS_LEDGER.md | 477 | levels_3 | `.d1.rows[3].lo` | 0 | 100 | 102 |
| FINDINGS_LEDGER.md | 477 | levels_3 | `.d7.all.mean` | 0 | 100 | 108 |
| FINDINGS_LEDGER.md | 477 | levels_3 | `.d7.years.2015.lo` | 0 | 100 | 91 |
| FINDINGS_LEDGER.md | 477 | levels_3 | `.d7.years.2018.mean` | 0 | 100 | 102 |
| FINDINGS_LEDGER.md | 477 | levels_3 | `.d7.years.2019.mde` | 0 | 100 | 92 |
| FINDINGS_LEDGER.md | 477 | levels_3 | `.d7.years.2019.mean` | 0 | 100 | 102 |
| FINDINGS_LEDGER.md | 477 | levels_3 | `.d7.years.2022.mde` | 0 | 100 | 103 |
| FINDINGS_LEDGER.md | 477 | levels_7 | `.d1.rows[0].mde` | 0 | 100 | 101 |
| FINDINGS_LEDGER.md | 477 | levels_7 | `.d1.rows[6].lo` | 0 | 100 | 96 |
| FINDINGS_LEDGER.md | 477 | levels_7 | `.d1.rows[7].hi` | 0 | 100 | 96 |
| FINDINGS_LEDGER.md | 477 | levels_7 | `.d1.segments.second.hi` | 0 | 100 | 106 |
| FINDINGS_LEDGER.md | 477 | levels_7 | `.d1.segments.second.mde` | 0 | 100 | 101 |
| FINDINGS_LEDGER.md | 477 | levels_7 | `.d3.trade_quantiles.0.95` | 0 | 100 | 103 |
| FINDINGS_LEDGER.md | 477 | levels_7 | `.d7.years.2018.lo` | 0 | 100 | 90 |
| FINDINGS_LEDGER.md | 477 | levels_7 | `.d7.years.2021.mde` | 0 | 100 | 96 |
| FINDINGS_LEDGER.md | 477 | range_hi_none | `.d1.rows[5].lo` | 0 | 100 | 94 |
| FINDINGS_LEDGER.md | 477 | range_hi_none | `.d7.years.2017.mean` | 0 | 100 | 110 |
| FINDINGS_LEDGER.md | 477 | range_hi_p75 | `.d1.rows[0].lo` | 0 | 100 | 101 |
| FINDINGS_LEDGER.md | 477 | range_hi_p75 | `.d1.rows[2].lo` | 0 | 100 | 102 |
| FINDINGS_LEDGER.md | 477 | range_hi_p75 | `.d1.rows[5].lo` | 0 | 100 | 97 |
| FINDINGS_LEDGER.md | 477 | range_hi_p75 | `.d1.segments.second.mde` | 0 | 100 | 97 |
| FINDINGS_LEDGER.md | 477 | range_hi_p75 | `.d3.trade_quantiles.0.95` | 0 | 100 | 90 |
| FINDINGS_LEDGER.md | 477 | range_hi_p75 | `.d7.years.2016.lo` | 0 | 100 | 96 |
| FINDINGS_LEDGER.md | 477 | range_hi_p75 | `.d7.years.2021.lo` | 0 | 100 | 94 |
| FINDINGS_LEDGER.md | 477 | range_hi_p75 | `.d7.years.2023.mde` | 0 | 100 | 92 |
| FINDINGS_LEDGER.md | 477 | range_hi_p90 | `.d1.rows[7].hi` | 0 | 100 | 108 |
| FINDINGS_LEDGER.md | 477 | range_hi_p90 | `.d3.trade_quantiles.0.95` | 0 | 100 | 109 |
| FINDINGS_LEDGER.md | 477 | range_hi_p90 | `.d7.all.lo` | 0 | 100 | 96 |
| FINDINGS_LEDGER.md | 477 | range_hi_p90 | `.d7.years.2016.hi` | 0 | 100 | 101 |
| FINDINGS_LEDGER.md | 477 | range_lo_none | `.d7.match.sum_only_a` | 0 | 100 | 94 |
| FINDINGS_LEDGER.md | 477 | range_lo_p25 | `.d1.segments.second.hi` | 0 | 100 | 105 |
| FINDINGS_LEDGER.md | 477 | range_lo_p25 | `.d7.years.2015.hi` | 0 | 100 | 91 |
| FINDINGS_LEDGER.md | 477 | range_lo_p25 | `.d7.years.2020.hi` | 0 | 100 | 107 |
| FINDINGS_LEDGER.md | 477 | range_lo_p50 | `.d1.rows[0].mde` | 0 | 100 | 106 |
| FINDINGS_LEDGER.md | 477 | range_lo_p50 | `.d1.rows[0].mean` | 0 | 100 | 91 |
| FINDINGS_LEDGER.md | 477 | range_lo_p50 | `.d7.years.2017.lo` | 0 | 100 | 108 |
| FINDINGS_LEDGER.md | 477 | range_lo_p50 | `.d7.years.2017.mde` | 0 | 100 | 102 |
| FINDINGS_LEDGER.md | 477 | range_lo_p50 | `.d7.years.2018.mde` | 0 | 100 | 102 |
| FINDINGS_LEDGER.md | 477 | range_lo_p50 | `.d7.years.2019.mde` | 0 | 100 | 97 |
| FINDINGS_LEDGER.md | 477 | range_lo_p50 | `.d7.years.2020.mde` | 0 | 100 | 103 |
| FINDINGS_LEDGER.md | 477 | range_lo_p50 | `.d7.years.2021.lo` | 0 | 100 | 103 |
| FINDINGS_LEDGER.md | 477 | range_lo_p50 | `.d7.years.2022.lo` | 0 | 100 | 103 |
| FINDINGS_LEDGER.md | 477 | step_2 | `.d1.rows[0].mde` | 0 | 100 | 92 |
| FINDINGS_LEDGER.md | 477 | step_2 | `.d1.segments.second.mde` | 0 | 100 | 92 |
| FINDINGS_LEDGER.md | 477 | step_2 | `.d7.years.2016.mde` | 0 | 100 | 96 |
| FINDINGS_LEDGER.md | 477 | step_2 | `.d7.years.2019.mde` | 0 | 100 | 98 |
| FINDINGS_LEDGER.md | 477 | step_2 | `.d7.years.2020.mde` | 0 | 100 | 94 |
| FINDINGS_LEDGER.md | 477 | step_4 | `.d1.rows[2].mean` | 0 | 100 | 96 |
| FINDINGS_LEDGER.md | 477 | step_4 | `.d1.rows[3].lo` | 0 | 100 | 91 |
| FINDINGS_LEDGER.md | 477 | step_4 | `.d1.rows[5].mde` | 0 | 100 | 97 |
| FINDINGS_LEDGER.md | 477 | step_4 | `.d1.rows[6].mean` | 0 | 100 | 103 |
| FINDINGS_LEDGER.md | 477 | step_4 | `.d1.segments.first.mde` | 0 | 100 | 102 |
| FINDINGS_LEDGER.md | 477 | step_4 | `.d7.years.2016.hi` | 0 | 100 | 101 |
| FINDINGS_LEDGER.md | 477 | step_4 | `.d7.years.2017.hi` | 0 | 100 | 92 |
| FINDINGS_LEDGER.md | 477 | step_4 | `.d7.years.2020.mean` | 0 | 100 | 109 |
| FINDINGS_LEDGER.md | 477 | step_4 | `.d7.years.2021.mean` | 0 | 100 | 92 |
| FINDINGS_LEDGER.md | 477 | vola_gate_p10 | `.d1.rows[5].lo` | 0 | 100 | 106 |
| FINDINGS_LEDGER.md | 477 | vola_gate_p10 | `.d7.years.2016.mean` | 0 | 100 | 107 |
| FINDINGS_LEDGER.md | 477 | vola_gate_p25 | `.d1.rows[5].lo` | 0 | 100 | 105 |
| FINDINGS_LEDGER.md | 477 | vola_gate_p25 | `.d1.segments.second.hi` | 0 | 100 | 97 |
| FINDINGS_LEDGER.md | 477 | vola_gate_p25 | `.d7.years.2020.hi` | 0 | 100 | 108 |
| FINDINGS_LEDGER.md | 477 | vola_gate_p25 | `.d7.years.2023.mde` | 0 | 100 | 94 |
| FINDINGS_LEDGER.md | 477 | vola_gate_p50 | `.d1.rows[0].mde` | 0 | 100 | 103 |
| FINDINGS_LEDGER.md | 477 | vola_gate_p50 | `.d1.rows[0].mean` | 0 | 100 | 99 |
| FINDINGS_LEDGER.md | 477 | vola_gate_p50 | `.d7.all.hi` | 0 | 100 | 95 |
| FINDINGS_LEDGER.md | 477 | vola_gate_p50 | `.d7.years.2016.hi` | 0 | 100 | 95 |
| FINDINGS_LEDGER.md | 477 | vola_gate_p50 | `.d7.years.2018.mean` | 0 | 100 | 105 |
| FINDINGS_LEDGER.md | 477 | vola_gate_p50 | `.d7.years.2019.lo` | 0 | 100 | 99 |
| FINDINGS_LEDGER.md | 477 | vola_gate_p50 | `.d7.years.2019.mde` | 0 | 100 | 91 |
| FINDINGS_LEDGER.md | 477 | vola_gate_p50 | `.d7.years.2021.mean` | 0 | 100 | 93 |
| FINDINGS_LEDGER.md | 477 | vola_gate_p50 | `.d7.years.2022.mde` | 0 | 100 | 90 |
| FINDINGS_LEDGER.md | 490 | alert_x1 | `.d7.years.2023.mde` | 2 | 22.6 | 22.5 |
| FINDINGS_LEDGER.md | 524 | alert_x1 | `.d1.rows[1].mean` | 0 | 100 | 98 |
| FINDINGS_LEDGER.md | 524 | alert_x1 | `.d1.rows[5].lo` | 0 | 100 | 93 |
| FINDINGS_LEDGER.md | 524 | alert_x2 | `.d1.rows[5].lo` | 0 | 100 | 94 |
| FINDINGS_LEDGER.md | 524 | beard_off | `.d7.all.hi` | 0 | 100 | 93 |
| FINDINGS_LEDGER.md | 524 | beard_off | `.d7.years.2016.mde` | 0 | 100 | 105 |
| FINDINGS_LEDGER.md | 524 | break_delay_2 | `.d1.rows[5].lo` | 0 | 100 | 105 |
| FINDINGS_LEDGER.md | 524 | break_delay_2 | `.d7.years.2021.mde` | 0 | 100 | 98 |
| FINDINGS_LEDGER.md | 524 | break_delay_3 | `.d1.rows[3].lo` | 0 | 100 | 96 |
| FINDINGS_LEDGER.md | 524 | break_delay_3 | `.d1.rows[5].lo` | 0 | 100 | 97 |
| FINDINGS_LEDGER.md | 524 | break_delay_3 | `.d1.rows[8].hi` | 0 | 100 | 105 |
| FINDINGS_LEDGER.md | 524 | break_delay_3 | `.d7.years.2020.mde` | 0 | 100 | 97 |
| FINDINGS_LEDGER.md | 524 | break_delay_3 | `.d7.years.2022.mde` | 0 | 100 | 97 |
| FINDINGS_LEDGER.md | 524 | break_delay_4 | `.d7.years.2019.hi` | 0 | 100 | 99 |
| FINDINGS_LEDGER.md | 524 | break_delay_4 | `.d7.years.2019.mde` | 0 | 100 | 107 |
| FINDINGS_LEDGER.md | 524 | break_delay_4 | `.d7.years.2022.hi` | 0 | 100 | 94 |
| FINDINGS_LEDGER.md | 524 | break_delay_8 | `.d1.rows[0].mde` | 0 | 100 | 110 |
| FINDINGS_LEDGER.md | 524 | break_delay_8 | `.d1.rows[5].lo` | 0 | 100 | 107 |
| FINDINGS_LEDGER.md | 524 | break_delay_8 | `.d7.years.2016.mde` | 0 | 100 | 102 |
| FINDINGS_LEDGER.md | 524 | break_dist_0.25 | `.d1.rows[0].mde` | 0 | 100 | 98 |
| FINDINGS_LEDGER.md | 524 | break_dist_0.25 | `.d1.rows[2].lo` | 0 | 100 | 97 |
| FINDINGS_LEDGER.md | 524 | break_dist_0.25 | `.d7.all.hi` | 0 | 100 | 95 |
| FINDINGS_LEDGER.md | 524 | break_dist_0.25 | `.d7.years.2016.hi` | 0 | 100 | 109 |
| FINDINGS_LEDGER.md | 524 | break_dist_0.25 | `.d7.years.2023.mde` | 0 | 100 | 99 |
| FINDINGS_LEDGER.md | 524 | break_dist_1 | `.d1.rows[1].mde` | 0 | 2,160 | 2,157 |
| FINDINGS_LEDGER.md | 524 | break_dist_1 | `.d1.rows[8].hi` | 0 | 100 | 109 |
| FINDINGS_LEDGER.md | 524 | break_dist_1 | `.d7.all.hi` | 0 | 100 | 107 |
| FINDINGS_LEDGER.md | 524 | break_dist_1 | `.d7.all.mde` | 0 | 100 | 93 |
| FINDINGS_LEDGER.md | 524 | break_dist_1 | `.d7.years.2016.lo` | 0 | 100 | 97 |
| FINDINGS_LEDGER.md | 524 | break_dist_1 | `.d7.years.2022.hi` | 0 | 100 | 93 |
| FINDINGS_LEDGER.md | 524 | break_len_mult_4 | `.d1.rows[7].hi` | 0 | 100 | 94 |
| FINDINGS_LEDGER.md | 524 | break_len_mult_4 | `.d7.years.2021.lo` | 0 | 100 | 103 |
| FINDINGS_LEDGER.md | 524 | break_len_mult_4 | `.d7.years.2023.mde` | 0 | 100 | 109 |
| FINDINGS_LEDGER.md | 524 | break_off | `.d3.groups.保有時間の帯【結果で決まる群】.4 分超.hi` | 0 | 100 | 103 |
| FINDINGS_LEDGER.md | 524 | break_off | `.d3.groups.保有時間の帯【結果で決まる群】.4 分超.per_trade` | 0 | 100 | 110 |
| FINDINGS_LEDGER.md | 524 | count_20 | `.d1.rows[5].lo` | 0 | 100 | 99 |
| FINDINGS_LEDGER.md | 524 | count_20 | `.d1.rows[6].hi` | 0 | 100 | 108 |
| FINDINGS_LEDGER.md | 524 | count_20 | `.d1.segments.diff.hi` | 0 | 100 | 97 |
| FINDINGS_LEDGER.md | 524 | count_20 | `.d1.segments.second.mde` | 0 | 100 | 94 |
| FINDINGS_LEDGER.md | 524 | count_20 | `.d3.groups.出の理由【結果で決まる群】.break.lo` | 0 | 100 | 93 |
| FINDINGS_LEDGER.md | 524 | count_20 | `.d3.trade_quantiles.0.05` | 0 | 100 | 109 |
| FINDINGS_LEDGER.md | 524 | count_20 | `.d7.all.mde` | 0 | 100 | 102 |
| FINDINGS_LEDGER.md | 524 | count_80 | `.d7.all.hi` | 0 | 100 | 93 |
| FINDINGS_LEDGER.md | 524 | count_80 | `.d7.all.lo` | 0 | 100 | 101 |
| FINDINGS_LEDGER.md | 524 | entry_exit_2_1 | `.d7.years.2017.lo` | 0 | 100 | 106 |
| FINDINGS_LEDGER.md | 524 | entry_exit_3_2 | `.d1.rows[0].lo` | 0 | 100 | 103 |
| FINDINGS_LEDGER.md | 524 | entry_exit_3_2 | `.d7.years.2017.lo` | 0 | 100 | 105 |
| FINDINGS_LEDGER.md | 524 | foot_5 | `.d1.rows[0].mde` | 0 | 100 | 96 |
| FINDINGS_LEDGER.md | 524 | foot_5 | `.d1.segments.second.lo` | 0 | 100 | 106 |
| FINDINGS_LEDGER.md | 524 | levels_1 | `.d1.segments.first.lo` | 0 | 100 | 93 |
| FINDINGS_LEDGER.md | 524 | levels_1 | `.d7.years.2015.lo` | 0 | 100 | 101 |
| FINDINGS_LEDGER.md | 524 | levels_3 | `.d1.rows[3].lo` | 0 | 100 | 102 |
| FINDINGS_LEDGER.md | 524 | levels_3 | `.d7.all.mean` | 0 | 100 | 108 |
| FINDINGS_LEDGER.md | 524 | levels_3 | `.d7.years.2015.lo` | 0 | 100 | 91 |
| FINDINGS_LEDGER.md | 524 | levels_3 | `.d7.years.2018.mean` | 0 | 100 | 102 |
| FINDINGS_LEDGER.md | 524 | levels_3 | `.d7.years.2019.mean` | 0 | 100 | 102 |
| FINDINGS_LEDGER.md | 524 | levels_3 | `.d7.years.2022.mde` | 0 | 100 | 103 |
| FINDINGS_LEDGER.md | 524 | levels_7 | `.d1.rows[0].mde` | 0 | 100 | 101 |
| FINDINGS_LEDGER.md | 524 | levels_7 | `.d1.rows[6].lo` | 0 | 100 | 96 |
| FINDINGS_LEDGER.md | 524 | levels_7 | `.d1.rows[7].hi` | 0 | 100 | 96 |
| FINDINGS_LEDGER.md | 524 | levels_7 | `.d1.segments.second.hi` | 0 | 100 | 106 |
| FINDINGS_LEDGER.md | 524 | levels_7 | `.d1.segments.second.mde` | 0 | 100 | 101 |
| FINDINGS_LEDGER.md | 524 | levels_7 | `.d3.trade_quantiles.0.95` | 0 | 100 | 103 |
| FINDINGS_LEDGER.md | 524 | levels_7 | `.d7.years.2018.lo` | 0 | 100 | 90 |
| FINDINGS_LEDGER.md | 524 | levels_7 | `.d7.years.2021.mde` | 0 | 100 | 96 |
| FINDINGS_LEDGER.md | 524 | range_hi_none | `.d1.rows[5].lo` | 0 | 100 | 94 |
| FINDINGS_LEDGER.md | 524 | range_hi_none | `.d7.years.2017.mean` | 0 | 100 | 110 |
| FINDINGS_LEDGER.md | 524 | range_hi_p75 | `.d1.rows[0].lo` | 0 | 100 | 101 |
| FINDINGS_LEDGER.md | 524 | range_hi_p75 | `.d1.rows[2].lo` | 0 | 100 | 102 |
| FINDINGS_LEDGER.md | 524 | range_hi_p75 | `.d1.rows[5].lo` | 0 | 100 | 97 |
| FINDINGS_LEDGER.md | 524 | range_hi_p75 | `.d1.segments.second.mde` | 0 | 100 | 97 |
| FINDINGS_LEDGER.md | 524 | range_hi_p75 | `.d3.trade_quantiles.0.95` | 0 | 100 | 90 |
| FINDINGS_LEDGER.md | 524 | range_hi_p75 | `.d7.years.2016.lo` | 0 | 100 | 96 |
| FINDINGS_LEDGER.md | 524 | range_hi_p75 | `.d7.years.2021.lo` | 0 | 100 | 94 |
| FINDINGS_LEDGER.md | 524 | range_hi_p90 | `.d1.rows[7].hi` | 0 | 100 | 108 |
| FINDINGS_LEDGER.md | 524 | range_hi_p90 | `.d3.trade_quantiles.0.95` | 0 | 100 | 109 |
| FINDINGS_LEDGER.md | 524 | range_hi_p90 | `.d7.all.lo` | 0 | 100 | 96 |
| FINDINGS_LEDGER.md | 524 | range_hi_p90 | `.d7.years.2016.hi` | 0 | 100 | 101 |
| FINDINGS_LEDGER.md | 524 | range_lo_none | `.d7.match.sum_only_a` | 0 | 100 | 94 |
| FINDINGS_LEDGER.md | 524 | range_lo_p25 | `.d1.segments.second.hi` | 0 | 100 | 105 |
| FINDINGS_LEDGER.md | 524 | range_lo_p25 | `.d7.years.2015.hi` | 0 | 100 | 91 |
| FINDINGS_LEDGER.md | 524 | range_lo_p25 | `.d7.years.2020.hi` | 0 | 100 | 107 |
| FINDINGS_LEDGER.md | 524 | range_lo_p50 | `.d1.rows[0].mde` | 0 | 100 | 106 |
| FINDINGS_LEDGER.md | 524 | range_lo_p50 | `.d1.rows[0].mean` | 0 | 100 | 91 |
| FINDINGS_LEDGER.md | 524 | range_lo_p50 | `.d7.years.2017.lo` | 0 | 100 | 108 |
| FINDINGS_LEDGER.md | 524 | range_lo_p50 | `.d7.years.2017.mde` | 0 | 100 | 102 |
| FINDINGS_LEDGER.md | 524 | range_lo_p50 | `.d7.years.2018.mde` | 0 | 100 | 102 |
| FINDINGS_LEDGER.md | 524 | range_lo_p50 | `.d7.years.2019.mde` | 0 | 100 | 97 |
| FINDINGS_LEDGER.md | 524 | range_lo_p50 | `.d7.years.2020.mde` | 0 | 100 | 103 |
| FINDINGS_LEDGER.md | 524 | range_lo_p50 | `.d7.years.2021.lo` | 0 | 100 | 103 |
| FINDINGS_LEDGER.md | 524 | range_lo_p50 | `.d7.years.2022.lo` | 0 | 100 | 103 |
| FINDINGS_LEDGER.md | 524 | step_2 | `.d7.years.2016.mde` | 0 | 100 | 96 |
| FINDINGS_LEDGER.md | 524 | step_2 | `.d7.years.2019.mde` | 0 | 100 | 98 |
| FINDINGS_LEDGER.md | 524 | step_2 | `.d7.years.2020.mde` | 0 | 100 | 94 |
| FINDINGS_LEDGER.md | 524 | step_4 | `.d1.rows[2].mean` | 0 | 100 | 96 |
| FINDINGS_LEDGER.md | 524 | step_4 | `.d1.rows[3].lo` | 0 | 100 | 91 |
| FINDINGS_LEDGER.md | 524 | step_4 | `.d1.rows[5].mde` | 0 | 100 | 97 |
| FINDINGS_LEDGER.md | 524 | step_4 | `.d1.rows[6].mean` | 0 | 100 | 103 |
| FINDINGS_LEDGER.md | 524 | step_4 | `.d1.segments.first.mde` | 0 | 100 | 102 |
| FINDINGS_LEDGER.md | 524 | step_4 | `.d7.years.2016.hi` | 0 | 100 | 101 |
| FINDINGS_LEDGER.md | 524 | step_4 | `.d7.years.2020.mean` | 0 | 100 | 109 |
| FINDINGS_LEDGER.md | 524 | vola_gate_p10 | `.d1.rows[5].lo` | 0 | 100 | 106 |
| FINDINGS_LEDGER.md | 524 | vola_gate_p10 | `.d7.years.2016.mean` | 0 | 100 | 107 |
| FINDINGS_LEDGER.md | 524 | vola_gate_p25 | `.d1.rows[5].lo` | 0 | 100 | 105 |
| FINDINGS_LEDGER.md | 524 | vola_gate_p25 | `.d1.segments.second.hi` | 0 | 100 | 97 |
| FINDINGS_LEDGER.md | 524 | vola_gate_p25 | `.d7.years.2020.hi` | 0 | 100 | 108 |
| FINDINGS_LEDGER.md | 524 | vola_gate_p25 | `.d7.years.2023.mde` | 0 | 100 | 94 |
| FINDINGS_LEDGER.md | 524 | vola_gate_p50 | `.d1.rows[0].mde` | 0 | 100 | 103 |
| FINDINGS_LEDGER.md | 524 | vola_gate_p50 | `.d1.rows[0].mean` | 0 | 100 | 99 |
| FINDINGS_LEDGER.md | 524 | vola_gate_p50 | `.d7.all.hi` | 0 | 100 | 95 |
| FINDINGS_LEDGER.md | 524 | vola_gate_p50 | `.d7.years.2016.hi` | 0 | 100 | 95 |
| FINDINGS_LEDGER.md | 524 | vola_gate_p50 | `.d7.years.2018.mean` | 0 | 100 | 105 |
| FINDINGS_LEDGER.md | 524 | vola_gate_p50 | `.d7.years.2019.lo` | 0 | 100 | 99 |
| FINDINGS_LEDGER.md | 524 | vola_gate_p50 | `.d7.years.2019.mde` | 0 | 100 | 91 |
| FINDINGS_LEDGER.md | 524 | vola_gate_p50 | `.d7.years.2021.mean` | 0 | 100 | 93 |
| FINDINGS_LEDGER.md | 524 | vola_gate_p50 | `.d7.years.2022.mde` | 0 | 100 | 90 |
| FINDINGS_LEDGER.md | 575 | alert_x1 | `.d3.groups.保有時間の帯【結果で決まる群】.1 分超〜3 分.hi` | 2 | 10.8 | 10.7 |
| FINDINGS_LEDGER.md | 575 | alert_x1 | `.d6.groups.〜1 分.lo` | 2 | 1.4 | 1.3 |
| FINDINGS_LEDGER.md | 575 | alert_x1 | `.d7.all.hi` | 2 | 13.4 | 13.5 |
| FINDINGS_LEDGER.md | 575 | alert_x1 | `.d7.all.lo` | 2 | 1.4 | 1.3 |
| FINDINGS_LEDGER.md | 575 | alert_x1 | `.d7.all.mean` | 2 | 6.4 | 6.3 |
| FINDINGS_LEDGER.md | 575 | alert_x1 | `.d7.match.sum_both_a_minus_b` | 0 | 3,200 | 3,198 |
| FINDINGS_LEDGER.md | 575 | alert_x1 | `.d7.match.sum_only_b` | 0 | 21,120 | 21,118 |
| FINDINGS_LEDGER.md | 575 | alert_x2 | `.d6.groups.〜1 分.lo` | 2 | 1.4 | 1.3 |
| FINDINGS_LEDGER.md | 575 | alert_x2 | `.d7.all.hi` | 2 | 11.4 | 11.3 |
| FINDINGS_LEDGER.md | 575 | alert_x2 | `.d7.all.lo` | 2 | 3.4 | 3.5 |
| FINDINGS_LEDGER.md | 575 | alert_x2 | `.d7.all.mde` | 2 | 10.6 | 10.5 |
| FINDINGS_LEDGER.md | 575 | alert_x2 | `.d7.all.mean` | 2 | 4.2 | 4.3 |
| FINDINGS_LEDGER.md | 575 | alert_x2 | `.d7.match.sum_both_a_minus_b` | 0 | 13,300 | 13,306 |
| FINDINGS_LEDGER.md | 575 | alert_x2 | `.d7.match.sum_only_b` | 0 | 19,700 | 19,709 |
| FINDINGS_LEDGER.md | 575 | alert_x2 | `.d7.years.2020.mean` | 2 | 6.4 | 6.5 |
| FINDINGS_LEDGER.md | 575 | base | `.d6.groups.〜1 分.hi` | 2 | 3.4 | 3.3 |
| FINDINGS_LEDGER.md | 575 | base | `.d6.groups.〜1 分.lo` | 2 | 1.4 | 1.3 |
| FINDINGS_LEDGER.md | 575 | beard_off | `.d1.rows[6].mean` | 2 | 13.4 | 13.5 |
| FINDINGS_LEDGER.md | 575 | beard_off | `.d6.groups.9 分超.lo` | 2 | 1.4 | 1.3 |
| FINDINGS_LEDGER.md | 575 | break_delay_2 | `.d6.groups.11 分超.hi` | 2 | 1.4 | 1.5 |
| FINDINGS_LEDGER.md | 575 | break_delay_2 | `.d6.groups.11 分超.lo` | 2 | 1.4 | 1.5 |
| FINDINGS_LEDGER.md | 575 | break_delay_2 | `.d6.groups.3 分超〜11 分.lo` | 2 | 3.4 | 3.3 |
| FINDINGS_LEDGER.md | 575 | break_delay_2 | `.d7.years.2023.lo` | 2 | 1.4 | 1.5 |
| FINDINGS_LEDGER.md | 575 | break_delay_3 | `.d6.groups.3 分超〜11 分.lo` | 2 | 3.4 | 3.5 |
| FINDINGS_LEDGER.md | 575 | break_delay_3 | `.d7.years.2016.mean` | 2 | 6.4 | 6.3 |
| FINDINGS_LEDGER.md | 575 | break_delay_4 | `.d3.groups.保有時間の帯【結果で決まる群】.1 分超〜3 分.lo` | 2 | 3.4 | 3.3 |
| FINDINGS_LEDGER.md | 575 | break_delay_4 | `.d6.groups.1 分超〜3 分.lo` | 2 | 1.4 | 1.3 |
| FINDINGS_LEDGER.md | 575 | break_delay_4 | `.d6.groups.11 分超.hi` | 2 | 1.4 | 1.5 |
| FINDINGS_LEDGER.md | 575 | break_delay_4 | `.d6.groups.11 分超.lo` | 2 | 1.4 | 1.3 |
| FINDINGS_LEDGER.md | 575 | break_delay_8 | `.d1.rows[0].mean` | 2 | 1.4 | 1.5 |
| FINDINGS_LEDGER.md | 575 | break_dist_0.25 | `.d3.groups.保有時間の帯【結果で決まる群】.0 分超〜1 分.per_trade` | 2 | 10.8 | 10.7 |
| FINDINGS_LEDGER.md | 575 | break_dist_0.25 | `.d3.groups.保有時間の帯【結果で決まる群】.1 分超〜3 分.hi` | 2 | 6.4 | 6.3 |
| FINDINGS_LEDGER.md | 575 | break_dist_0.25 | `.d3.trade_quantiles.0.5` | 2 | 13.4 | 13.5 |
| FINDINGS_LEDGER.md | 575 | break_dist_0.25 | `.d6.groups.1 分超〜3 分.hi` | 2 | 1.4 | 1.3 |
| FINDINGS_LEDGER.md | 575 | break_dist_0.25 | `.d6.groups.1 分超〜3 分.lo` | 2 | 1.4 | 1.5 |
| FINDINGS_LEDGER.md | 575 | break_dist_0.25 | `.d6.groups.3 分超〜13 分.per_trade` | 2 | 1.4 | 1.5 |
| FINDINGS_LEDGER.md | 575 | count_20 | `.d6.groups.〜1 分.per_trade` | 2 | 1.4 | 1.5 |
| FINDINGS_LEDGER.md | 575 | count_80 | `.d6.groups.〜1 分.hi` | 2 | 4.2 | 4.3 |
| FINDINGS_LEDGER.md | 575 | entry_exit_2_1 | `.d6.groups.1 分超〜2 分.hi` | 2 | 1.4 | 1.5 |
| FINDINGS_LEDGER.md | 575 | foot_5 | `.d6.groups.40 分超.hi` | 2 | 6.4 | 6.3 |
| FINDINGS_LEDGER.md | 575 | levels_3 | `.d6.groups.1 分超〜3 分.lo` | 2 | 3.4 | 3.3 |
| FINDINGS_LEDGER.md | 575 | levels_3 | `.d6.groups.〜1 分.lo` | 2 | 1.4 | 1.3 |
| FINDINGS_LEDGER.md | 575 | levels_3 | `.d7.years.2018.hi` | 2 | 10.6 | 10.5 |
| FINDINGS_LEDGER.md | 575 | levels_7 | `.d3.groups.保有時間の帯【結果で決まる群】.1 分超〜3 分.per_trade` | 2 | 6.4 | 6.3 |
| FINDINGS_LEDGER.md | 575 | levels_7 | `.d3.groups.保有時間の帯【結果で決まる群】.〜0 分.lo` | 2 | 4.2 | 4.3 |
| FINDINGS_LEDGER.md | 575 | range_hi_none | `.d6.groups.1 分超〜3 分.lo` | 2 | 1.4 | 1.5 |
| FINDINGS_LEDGER.md | 575 | range_hi_none | `.d6.groups.〜1 分.hi` | 2 | 3.4 | 3.3 |
| FINDINGS_LEDGER.md | 575 | range_hi_p90 | `.d6.groups.11 分超.per_trade` | 2 | 1.4 | 1.3 |
| FINDINGS_LEDGER.md | 575 | range_lo_none | `.d6.groups.〜1 分.hi` | 2 | 3.4 | 3.3 |
| FINDINGS_LEDGER.md | 575 | range_lo_none | `.d6.groups.〜1 分.lo` | 2 | 1.4 | 1.3 |
| FINDINGS_LEDGER.md | 575 | range_lo_p10 | `.d6.groups.〜1 分.lo` | 2 | 1.4 | 1.3 |
| FINDINGS_LEDGER.md | 575 | range_lo_p10 | `.d7.all.hi` | 2 | 3.4 | 3.5 |
| FINDINGS_LEDGER.md | 575 | range_lo_p50 | `.d6.groups.3 分超〜16 分.per_trade` | 2 | 1.4 | 1.3 |
| FINDINGS_LEDGER.md | 575 | vola_gate_p10 | `.d6.groups.〜1 分.lo` | 2 | 1.4 | 1.3 |
| FINDINGS_LEDGER.md | 575 | vola_gate_p50 | `.d6.groups.〜1 分.hi` | 2 | 6.4 | 6.5 |
| FINDINGS_LEDGER.md | 580 | alert_x1 | `.d3.groups.保有時間の帯【結果で決まる群】.1 分超〜3 分.hi` | 2 | 10.8 | 10.7 |
| FINDINGS_LEDGER.md | 580 | alert_x1 | `.d7.all.mean` | 2 | 6.4 | 6.3 |
| FINDINGS_LEDGER.md | 580 | alert_x2 | `.d7.years.2020.mean` | 2 | 6.4 | 6.5 |
| FINDINGS_LEDGER.md | 580 | break_delay_3 | `.d7.years.2016.mean` | 2 | 6.4 | 6.3 |
| FINDINGS_LEDGER.md | 580 | break_dist_0.25 | `.d3.groups.保有時間の帯【結果で決まる群】.0 分超〜1 分.per_trade` | 2 | 10.8 | 10.7 |
| FINDINGS_LEDGER.md | 580 | break_dist_0.25 | `.d3.groups.保有時間の帯【結果で決まる群】.1 分超〜3 分.hi` | 2 | 6.4 | 6.3 |
| FINDINGS_LEDGER.md | 580 | foot_5 | `.d6.groups.40 分超.hi` | 2 | 6.4 | 6.3 |
| FINDINGS_LEDGER.md | 580 | levels_7 | `.d3.groups.保有時間の帯【結果で決まる群】.1 分超〜3 分.per_trade` | 2 | 6.4 | 6.3 |
| FINDINGS_LEDGER.md | 580 | vola_gate_p50 | `.d6.groups.〜1 分.hi` | 2 | 6.4 | 6.5 |
| FINDINGS_LEDGER.md | 592 | count_80 | `.d6.groups.9 分超.hi` | 2 | 2.6 | 2.7 |
| FINDINGS_LEDGER.md | 592 | entry_exit_3_2 | `.d6.groups.〜1 分.hi` | 2 | 2.6 | 2.7 |
| FINDINGS_LEDGER.md | 592 | range_hi_p90 | `.d6.groups.11 分超.lo` | 2 | 2.6 | 2.5 |
| FINDINGS_LEDGER.md | 592 | step_2 | `.d3.groups.保有時間の帯【結果で決まる群】.1 分超〜3 分.hi` | 2 | 2.6 | 2.7 |
| FINDINGS_LEDGER.md | 643 | alert_x2 | `.d3.groups.出の理由【結果で決まる群】.close.lo` | 2 | 34.8 | 34.7 |
| FINDINGS_LEDGER.md | 643 | alert_x2 | `.d3.groups.出の理由【結果で決まる群】.close.per_trade` | 2 | 36.4 | 36.5 |
| FINDINGS_LEDGER.md | 643 | base | `.d3.groups.出の理由【結果で決まる群】.close.lo` | 2 | 34.8 | 34.7 |
| FINDINGS_LEDGER.md | 643 | break_delay_2 | `.d3.groups.出の理由【結果で決まる群】.close.lo` | 2 | 34.8 | 34.9 |
| FINDINGS_LEDGER.md | 643 | break_delay_4 | `.d3.trade_quantiles.0.99` | 2 | 271.6 | 271.7 |
| FINDINGS_LEDGER.md | 643 | range_hi_none | `.d3.groups.出の理由【結果で決まる群】.close.lo` | 2 | 34.8 | 34.9 |
| FINDINGS_LEDGER.md | 643 | range_lo_none | `.d3.groups.出の理由【結果で決まる群】.close.lo` | 2 | 34.8 | 34.7 |
| FINDINGS_LEDGER.md | 643 | vola_gate_p10 | `.d3.groups.保有時間の帯【結果で決まる群】.3 分超.hi` | 2 | 36.4 | 36.5 |
| FINDINGS_LEDGER.md | 643 | vola_gate_p25 | `.d3.trade_quantiles.0.05` | 2 | 271.6 | 271.5 |
| FINDINGS_LEDGER.md | 660 | alert_x1 | `.d1.segments.second.mean` | 0 | 280 | 272 |
| FINDINGS_LEDGER.md | 660 | alert_x1 | `.d3.groups.出の理由【結果で決まる群】.break.lo` | 0 | 280 | 275 |
| FINDINGS_LEDGER.md | 660 | alert_x1 | `.d3.groups.出の理由【結果で決まる群】.market.per_trade` | 0 | 280 | 287 |
| FINDINGS_LEDGER.md | 660 | alert_x2 | `.d1.rows[1].mean` | 0 | 280 | 279 |
| FINDINGS_LEDGER.md | 660 | alert_x2 | `.d1.segments.second.mean` | 0 | 280 | 271 |
| FINDINGS_LEDGER.md | 660 | alert_x2 | `.d3.groups.出の理由【結果で決まる群】.break.lo` | 0 | 280 | 276 |
| FINDINGS_LEDGER.md | 660 | alert_x2 | `.d3.trade_quantiles.0.99` | 0 | 280 | 281 |
| FINDINGS_LEDGER.md | 660 | base | `.d3.groups.出の理由【結果で決まる群】.break.lo` | 0 | 280 | 272 |
| FINDINGS_LEDGER.md | 660 | base | `.d3.groups.出の理由【結果で決まる群】.market.hi` | 0 | 280 | 278 |
| FINDINGS_LEDGER.md | 660 | base | `.d3.trade_quantiles.0.99` | 0 | 280 | 277 |
| FINDINGS_LEDGER.md | 660 | beard_off | `.d1.rows[9].mde` | 0 | 280 | 281 |
| FINDINGS_LEDGER.md | 660 | beard_off | `.d3.trade_quantiles.0.99` | 0 | 280 | 288 |
| FINDINGS_LEDGER.md | 660 | break_delay_2 | `.d1.rows[9].hi` | 0 | 280 | 286 |
| FINDINGS_LEDGER.md | 660 | break_delay_2 | `.d3.trade_quantiles.0.99` | 0 | 280 | 274 |
| FINDINGS_LEDGER.md | 660 | break_delay_3 | `.d1.rows[4].lo` | 0 | 280 | 272 |
| FINDINGS_LEDGER.md | 660 | break_delay_3 | `.d1.rows[4].mde` | 0 | 280 | 272 |
| FINDINGS_LEDGER.md | 660 | break_delay_3 | `.d1.rows[9].hi` | 0 | 280 | 278 |
| FINDINGS_LEDGER.md | 660 | break_delay_3 | `.d1.segments.second.lo` | 0 | 280 | 286 |
| FINDINGS_LEDGER.md | 660 | break_delay_3 | `.d3.groups.出の理由【結果で決まる群】.market.per_trade` | 0 | 280 | 288 |
| FINDINGS_LEDGER.md | 660 | break_delay_3 | `.d3.trade_quantiles.0.99` | 0 | 280 | 272 |
| FINDINGS_LEDGER.md | 660 | break_delay_3 | `.d7.years.2017.lo` | 0 | 280 | 279 |
| FINDINGS_LEDGER.md | 660 | break_delay_4 | `.d1.rows[7].mde` | 0 | 280 | 289 |
| FINDINGS_LEDGER.md | 660 | break_delay_4 | `.d3.groups.出の理由【結果で決まる群】.market.per_trade` | 0 | 280 | 287 |
| FINDINGS_LEDGER.md | 660 | break_delay_4 | `.d3.trade_quantiles.0.99` | 0 | 280 | 272 |
| FINDINGS_LEDGER.md | 660 | break_delay_8 | `.d3.groups.出の理由【結果で決まる群】.market.per_trade` | 0 | 280 | 278 |
| FINDINGS_LEDGER.md | 660 | break_delay_8 | `.d7.years.2017.mde` | 0 | 280 | 289 |
| FINDINGS_LEDGER.md | 660 | break_delay_8 | `.d7.years.2021.hi` | 0 | 280 | 271 |
| FINDINGS_LEDGER.md | 660 | break_dist_1 | `.d1.rows[6].mde` | 0 | 280 | 287 |
| FINDINGS_LEDGER.md | 660 | break_dist_1 | `.d1.segments.second.mean` | 0 | 280 | 289 |
| FINDINGS_LEDGER.md | 660 | break_dist_1 | `.d7.years.2020.hi` | 0 | 280 | 274 |
| FINDINGS_LEDGER.md | 660 | break_dist_1 | `.d7.years.2021.lo` | 0 | 280 | 279 |
| FINDINGS_LEDGER.md | 660 | break_dist_1 | `.d7.years.2021.mde` | 0 | 280 | 281 |
| FINDINGS_LEDGER.md | 660 | break_len_mult_4 | `.d1.rows[9].hi` | 0 | 280 | 289 |
| FINDINGS_LEDGER.md | 660 | break_len_mult_4 | `.d3.trade_quantiles.0.99` | 0 | 280 | 288 |
| FINDINGS_LEDGER.md | 660 | break_len_mult_4 | `.d7.years.2019.hi` | 0 | 280 | 283 |
| FINDINGS_LEDGER.md | 660 | break_off | `.d7.years.2015.hi` | 0 | 280 | 283 |
| FINDINGS_LEDGER.md | 660 | break_off | `.d7.years.2022.hi` | 0 | 280 | 274 |
| FINDINGS_LEDGER.md | 660 | count_20 | `.d1.rows[3].hi` | 0 | 280 | 281 |
| FINDINGS_LEDGER.md | 660 | count_20 | `.d1.rows[8].mean` | 0 | 280 | 271 |
| FINDINGS_LEDGER.md | 660 | count_20 | `.d7.years.2016.mde` | 0 | 280 | 276 |
| FINDINGS_LEDGER.md | 660 | entry_exit_2_1 | `.d1.rows[0].lo` | 0 | 280 | 275 |
| FINDINGS_LEDGER.md | 660 | entry_exit_2_1 | `.d7.all.lo` | 0 | 280 | 271 |
| FINDINGS_LEDGER.md | 660 | entry_exit_2_1 | `.d7.years.2015.lo` | 0 | 280 | 279 |
| FINDINGS_LEDGER.md | 660 | entry_exit_3_2 | `.d1.rows[1].mean` | 0 | 280 | 287 |
| FINDINGS_LEDGER.md | 660 | entry_exit_3_2 | `.d1.rows[9].mde` | 0 | 280 | 277 |
| FINDINGS_LEDGER.md | 660 | entry_exit_3_2 | `.d7.years.2019.lo` | 0 | 280 | 288 |
| FINDINGS_LEDGER.md | 660 | entry_exit_3_2 | `.d7.years.2021.mean` | 0 | 280 | 283 |
| FINDINGS_LEDGER.md | 660 | foot_5 | `.d1.rows[2].mde` | 0 | 280 | 274 |
| FINDINGS_LEDGER.md | 660 | foot_5 | `.d1.rows[4].mde` | 0 | 280 | 288 |
| FINDINGS_LEDGER.md | 660 | foot_5 | `.d1.rows[6].mde` | 0 | 280 | 274 |
| FINDINGS_LEDGER.md | 660 | levels_1 | `.d1.rows[3].mean` | 0 | 280 | 274 |
| FINDINGS_LEDGER.md | 660 | levels_1 | `.d7.years.2017.mean` | 0 | 280 | 290 |
| FINDINGS_LEDGER.md | 660 | levels_3 | `.d1.rows[5].mde` | 0 | 280 | 290 |
| FINDINGS_LEDGER.md | 660 | levels_3 | `.d1.rows[8].hi` | 0 | 280 | 270 |
| FINDINGS_LEDGER.md | 660 | levels_3 | `.d1.rows[8].mde` | 0 | 280 | 271 |
| FINDINGS_LEDGER.md | 660 | levels_3 | `.d1.rows[9].mde` | 0 | 280 | 282 |
| FINDINGS_LEDGER.md | 660 | levels_3 | `.d3.trade_quantiles.0.05` | 0 | 280 | 287 |
| FINDINGS_LEDGER.md | 660 | levels_3 | `.d7.years.2015.mean` | 0 | 280 | 278 |
| FINDINGS_LEDGER.md | 660 | levels_3 | `.d7.years.2021.mean` | 0 | 280 | 287 |
| FINDINGS_LEDGER.md | 660 | levels_7 | `.d1.rows[7].mde` | 0 | 280 | 282 |
| FINDINGS_LEDGER.md | 660 | levels_7 | `.d1.rows[7].mean` | 0 | 280 | 272 |
| FINDINGS_LEDGER.md | 660 | levels_7 | `.d3.groups.出の理由【結果で決まる群】.market.per_trade` | 0 | 280 | 277 |
| FINDINGS_LEDGER.md | 660 | levels_7 | `.d7.match.sum_only_a` | 0 | 280 | 275 |
| FINDINGS_LEDGER.md | 660 | range_hi_none | `.d1.segments.second.mean` | 0 | 280 | 274 |
| FINDINGS_LEDGER.md | 660 | range_hi_none | `.d3.groups.出の理由【結果で決まる群】.break.lo` | 0 | 280 | 272 |
| FINDINGS_LEDGER.md | 660 | range_hi_none | `.d3.groups.出の理由【結果で決まる群】.market.hi` | 0 | 280 | 278 |
| FINDINGS_LEDGER.md | 660 | range_hi_none | `.d3.trade_quantiles.0.99` | 0 | 280 | 279 |
| FINDINGS_LEDGER.md | 660 | range_hi_none | `.d7.years.2017.hi` | 0 | 280 | 285 |
| FINDINGS_LEDGER.md | 660 | range_hi_p75 | `.d1.rows[3].hi` | 0 | 280 | 289 |
| FINDINGS_LEDGER.md | 660 | range_hi_p75 | `.d7.years.2018.mean` | 0 | 280 | 289 |
| FINDINGS_LEDGER.md | 660 | range_hi_p90 | `.d1.rows[3].mean` | 0 | 280 | 287 |
| FINDINGS_LEDGER.md | 660 | range_hi_p90 | `.d1.rows[7].mde` | 0 | 280 | 284 |
| FINDINGS_LEDGER.md | 660 | range_hi_p90 | `.d1.segments.second.mean` | 0 | 280 | 277 |
| FINDINGS_LEDGER.md | 660 | range_hi_p90 | `.d3.groups.出の理由【結果で決まる群】.market.per_trade` | 0 | 280 | 279 |
| FINDINGS_LEDGER.md | 660 | range_hi_p90 | `.d7.years.2017.mean` | 0 | 280 | 276 |
| FINDINGS_LEDGER.md | 660 | range_lo_none | `.d3.groups.出の理由【結果で決まる群】.break.lo` | 0 | 280 | 272 |
| FINDINGS_LEDGER.md | 660 | range_lo_none | `.d3.groups.出の理由【結果で決まる群】.market.hi` | 0 | 280 | 278 |
| FINDINGS_LEDGER.md | 660 | range_lo_none | `.d3.trade_quantiles.0.99` | 0 | 280 | 277 |
| FINDINGS_LEDGER.md | 660 | range_lo_p10 | `.d1.rows[2].lo` | 0 | 280 | 284 |
| FINDINGS_LEDGER.md | 660 | range_lo_p10 | `.d1.rows[5].mean` | 0 | 280 | 275 |
| FINDINGS_LEDGER.md | 660 | range_lo_p10 | `.d3.groups.出の理由【結果で決まる群】.break.hi` | 0 | 280 | 272 |
| FINDINGS_LEDGER.md | 660 | range_lo_p10 | `.d3.groups.出の理由【結果で決まる群】.break.per_trade` | 0 | 280 | 286 |
| FINDINGS_LEDGER.md | 660 | range_lo_p10 | `.d3.groups.出の理由【結果で決まる群】.market.hi` | 0 | 280 | 289 |
| FINDINGS_LEDGER.md | 660 | range_lo_p25 | `.d1.rows[5].mean` | 0 | 280 | 279 |
| FINDINGS_LEDGER.md | 660 | range_lo_p25 | `.d1.rows[9].mean` | 0 | 280 | 274 |
| FINDINGS_LEDGER.md | 660 | range_lo_p25 | `.d1.segments.second.lo` | 0 | 280 | 277 |
| FINDINGS_LEDGER.md | 660 | range_lo_p25 | `.d3.trade_quantiles.0.05` | 0 | 280 | 287 |
| FINDINGS_LEDGER.md | 660 | range_lo_p50 | `.d1.rows[2].mde` | 0 | 280 | 287 |
| FINDINGS_LEDGER.md | 660 | range_lo_p50 | `.d1.rows[4].lo` | 0 | 280 | 272 |
| FINDINGS_LEDGER.md | 660 | range_lo_p50 | `.d7.years.2015.hi` | 0 | 280 | 286 |
| FINDINGS_LEDGER.md | 660 | step_2 | `.d1.rows[8].lo` | 0 | 280 | 285 |
| FINDINGS_LEDGER.md | 660 | step_2 | `.d1.segments.second.lo` | 0 | 280 | 290 |
| FINDINGS_LEDGER.md | 660 | step_2 | `.d7.years.2018.lo` | 0 | 280 | 284 |
| FINDINGS_LEDGER.md | 660 | step_4 | `.d1.rows[2].hi` | 0 | 280 | 274 |
| FINDINGS_LEDGER.md | 660 | step_4 | `.d1.rows[8].lo` | 0 | 280 | 275 |
| FINDINGS_LEDGER.md | 660 | vola_gate_p10 | `.d3.groups.出の理由【結果で決まる群】.break.per_trade` | 0 | 280 | 282 |
| FINDINGS_LEDGER.md | 660 | vola_gate_p10 | `.d7.years.2015.mean` | 0 | 280 | 271 |
| FINDINGS_LEDGER.md | 660 | vola_gate_p25 | `.d1.rows[2].mde` | 0 | 280 | 289 |
| FINDINGS_LEDGER.md | 660 | vola_gate_p25 | `.d3.trade_quantiles.0.05` | 0 | 280 | 272 |
| FINDINGS_LEDGER.md | 660 | vola_gate_p50 | `.d1.segments.first.mean` | 0 | 280 | 285 |
| FINDINGS_LEDGER.md | 694 | base | `.d1.rows[4].lo` | 0 | 320 | 327 |
| FINDINGS_LEDGER.md | 694 | base | `.d1.rows[9].hi` | 0 | 320 | 315 |
| FINDINGS_LEDGER.md | 694 | base | `.d3.groups.出の理由【結果で決まる群】.market.per_trade` | 0 | 320 | 315 |
| FINDINGS_LEDGER.md | 694 | beard_off | `.d1.rows[6].mde` | 0 | 320 | 317 |
| FINDINGS_LEDGER.md | 694 | beard_off | `.d1.segments.second.mean` | 0 | 320 | 327 |
| FINDINGS_LEDGER.md | 694 | beard_off | `.d3.groups.出の理由【結果で決まる群】.break.hi` | 0 | 320 | 321 |
| FINDINGS_LEDGER.md | 694 | beard_off | `.d3.groups.出の理由【結果で決まる群】.market.hi` | 0 | 320 | 326 |
| FINDINGS_LEDGER.md | 694 | beard_off | `.d7.years.2021.lo` | 0 | 320 | 316 |
| FINDINGS_LEDGER.md | 694 | break_delay_2 | `.d1.rows[7].mde` | 0 | 320 | 318 |
| FINDINGS_LEDGER.md | 694 | break_delay_2 | `.d1.segments.first.mean` | 0 | 320 | 323 |
| FINDINGS_LEDGER.md | 694 | break_delay_2 | `.d1.segments.second.lo` | 0 | 320 | 317 |
| FINDINGS_LEDGER.md | 694 | break_delay_3 | `.d1.segments.first.mean` | 0 | 320 | 321 |
| FINDINGS_LEDGER.md | 694 | break_delay_4 | `.d3.groups.出の理由【結果で決まる群】.market.lo` | 0 | 320 | 328 |
| FINDINGS_LEDGER.md | 694 | break_delay_8 | `.d1.segments.diff.hi` | 0 | 320 | 322 |
| FINDINGS_LEDGER.md | 694 | break_delay_8 | `.d1.segments.second.lo` | 0 | 320 | 313 |
| FINDINGS_LEDGER.md | 694 | break_delay_8 | `.d3.groups.出の理由【結果で決まる群】.market.lo` | 0 | 320 | 323 |
| FINDINGS_LEDGER.md | 694 | break_dist_0.25 | `.d1.rows[3].lo` | 0 | 320 | 322 |
| FINDINGS_LEDGER.md | 694 | break_dist_1 | `.d1.rows[4].lo` | 0 | 320 | 325 |
| FINDINGS_LEDGER.md | 694 | break_dist_1 | `.d1.rows[8].mean` | 0 | 320 | 324 |
| FINDINGS_LEDGER.md | 694 | break_len_mult_4 | `.d3.groups.出の理由【結果で決まる群】.break.hi` | 0 | 320 | 325 |
| FINDINGS_LEDGER.md | 694 | break_off | `.d1.rows[2].hi` | 0 | 320 | 313 |
| FINDINGS_LEDGER.md | 694 | break_off | `.d3.trade_quantiles.0.99` | 0 | 320 | 322 |
| FINDINGS_LEDGER.md | 694 | count_20 | `.d1.segments.second.lo` | 0 | 320 | 317 |
| FINDINGS_LEDGER.md | 694 | count_80 | `.d1.rows[8].mde` | 0 | 320 | 311 |
| FINDINGS_LEDGER.md | 694 | entry_exit_2_1 | `.d7.years.2021.hi` | 0 | 320 | 316 |
| FINDINGS_LEDGER.md | 694 | entry_exit_2_1 | `.d7.years.2021.mde` | 0 | 320 | 317 |
| FINDINGS_LEDGER.md | 694 | entry_exit_3_2 | `.d3.groups.出の理由【結果で決まる群】.break.hi` | 0 | 320 | 318 |
| FINDINGS_LEDGER.md | 694 | entry_exit_3_2 | `.d3.trade_quantiles.0.99` | 0 | 320 | 325 |
| FINDINGS_LEDGER.md | 694 | entry_exit_3_2 | `.d7.years.2015.mde` | 0 | 320 | 326 |
| FINDINGS_LEDGER.md | 694 | foot_5 | `.d1.rows[2].hi` | 0 | 320 | 321 |
| FINDINGS_LEDGER.md | 694 | foot_5 | `.d7.years.2018.hi` | 0 | 320 | 316 |
| FINDINGS_LEDGER.md | 694 | levels_3 | `.d1.rows[6].lo` | 0 | 320 | 318 |
| FINDINGS_LEDGER.md | 694 | levels_3 | `.d3.groups.出の理由【結果で決まる群】.break.per_trade` | 0 | 320 | 326 |
| FINDINGS_LEDGER.md | 694 | levels_3 | `.d3.groups.出の理由【結果で決まる群】.market.hi` | 0 | 320 | 311 |
| FINDINGS_LEDGER.md | 694 | levels_3 | `.d3.trade_quantiles.0.99` | 0 | 320 | 317 |
| FINDINGS_LEDGER.md | 694 | levels_7 | `.d1.rows[2].hi` | 0 | 320 | 318 |
| FINDINGS_LEDGER.md | 694 | levels_7 | `.d3.groups.出の理由【結果で決まる群】.market.lo` | 0 | 320 | 321 |
| FINDINGS_LEDGER.md | 694 | range_hi_none | `.d1.rows[3].lo` | 0 | 320 | 327 |
| FINDINGS_LEDGER.md | 694 | range_hi_none | `.d1.rows[9].hi` | 0 | 320 | 315 |
| FINDINGS_LEDGER.md | 694 | range_hi_none | `.d3.groups.出の理由【結果で決まる群】.market.per_trade` | 0 | 320 | 315 |
| FINDINGS_LEDGER.md | 694 | range_hi_p90 | `.d1.rows[1].hi` | 0 | 320 | 318 |
| FINDINGS_LEDGER.md | 694 | range_hi_p90 | `.d1.rows[8].mean` | 0 | 320 | 325 |
| FINDINGS_LEDGER.md | 694 | range_hi_p90 | `.d1.rows[9].hi` | 0 | 320 | 317 |
| FINDINGS_LEDGER.md | 694 | range_hi_p90 | `.d3.groups.出の理由【結果で決まる群】.market.lo` | 0 | 320 | 314 |
| FINDINGS_LEDGER.md | 694 | range_lo_none | `.d1.rows[4].lo` | 0 | 320 | 327 |
| FINDINGS_LEDGER.md | 694 | range_lo_none | `.d1.rows[9].hi` | 0 | 320 | 315 |
| FINDINGS_LEDGER.md | 694 | range_lo_none | `.d3.groups.出の理由【結果で決まる群】.market.per_trade` | 0 | 320 | 315 |
| FINDINGS_LEDGER.md | 694 | range_lo_p10 | `.d3.groups.出の理由【結果で決まる群】.market.per_trade` | 0 | 320 | 327 |
| FINDINGS_LEDGER.md | 694 | range_lo_p25 | `.d1.rows[4].lo` | 0 | 320 | 317 |
| FINDINGS_LEDGER.md | 694 | range_lo_p25 | `.d1.segments.diff.hi` | 0 | 320 | 327 |
| FINDINGS_LEDGER.md | 694 | range_lo_p25 | `.d3.groups.出の理由【結果で決まる群】.break.hi` | 0 | 320 | 312 |
| FINDINGS_LEDGER.md | 694 | range_lo_p25 | `.d3.groups.出の理由【結果で決まる群】.break.per_trade` | 0 | 320 | 327 |
| FINDINGS_LEDGER.md | 694 | range_lo_p25 | `.d3.groups.出の理由【結果で決まる群】.market.hi` | 0 | 320 | 312 |
| FINDINGS_LEDGER.md | 694 | range_lo_p25 | `.d3.trade_quantiles.0.99` | 0 | 320 | 324 |
| FINDINGS_LEDGER.md | 694 | range_lo_p50 | `.d1.segments.diff.mean` | 0 | 320 | 328 |
| FINDINGS_LEDGER.md | 694 | range_lo_p50 | `.d7.years.2016.mean` | 0 | 320 | 312 |
| FINDINGS_LEDGER.md | 694 | range_lo_p50 | `.d7.years.2023.lo` | 0 | 320 | 315 |
| FINDINGS_LEDGER.md | 694 | step_4 | `.d1.rows[9].lo` | 0 | 320 | 326 |
| FINDINGS_LEDGER.md | 694 | step_4 | `.d3.trade_quantiles.0.01` | 0 | 320 | 317 |
| FINDINGS_LEDGER.md | 694 | step_4 | `.d7.years.2023.hi` | 0 | 320 | 324 |
| FINDINGS_LEDGER.md | 694 | vola_gate_p25 | `.d1.rows[4].lo` | 0 | 320 | 316 |
| FINDINGS_LEDGER.md | 694 | vola_gate_p25 | `.d1.segments.first.mean` | 0 | 320 | 322 |
| FINDINGS_LEDGER.md | 694 | vola_gate_p25 | `.d3.trade_quantiles.0.99` | 0 | 320 | 319 |
| FINDINGS_LEDGER.md | 694 | vola_gate_p25 | `.d7.years.2016.lo` | 0 | 320 | 323 |
| FINDINGS_LEDGER.md | 711 | alert_x1 | `.d1.rows[2].mean` | 0 | 160 | 151 |
| FINDINGS_LEDGER.md | 711 | alert_x1 | `.d1.rows[6].hi` | 0 | 160 | 157 |
| FINDINGS_LEDGER.md | 711 | alert_x1 | `.d1.rows[6].lo` | 0 | 160 | 164 |
| FINDINGS_LEDGER.md | 711 | alert_x1 | `.d1.rows[7].hi` | 0 | 160 | 154 |
| FINDINGS_LEDGER.md | 711 | alert_x1 | `.d7.years.2015.mean` | 0 | 160 | 165 |
| FINDINGS_LEDGER.md | 711 | alert_x2 | `.d1.rows[2].lo` | 0 | 160 | 153 |
| FINDINGS_LEDGER.md | 711 | alert_x2 | `.d1.rows[6].hi` | 0 | 160 | 158 |
| FINDINGS_LEDGER.md | 711 | alert_x2 | `.d1.rows[6].lo` | 0 | 160 | 164 |
| FINDINGS_LEDGER.md | 711 | alert_x2 | `.d1.rows[7].hi` | 0 | 160 | 153 |
| FINDINGS_LEDGER.md | 711 | base | `.d1.rows[2].lo` | 0 | 160 | 162 |
| FINDINGS_LEDGER.md | 711 | base | `.d1.rows[6].lo` | 0 | 160 | 158 |
| FINDINGS_LEDGER.md | 711 | base | `.d1.rows[7].hi` | 0 | 160 | 161 |
| FINDINGS_LEDGER.md | 711 | beard_off | `.d1.segments.second.mde` | 0 | 160 | 155 |
| FINDINGS_LEDGER.md | 711 | beard_off | `.d7.years.2018.hi` | 0 | 160 | 155 |
| FINDINGS_LEDGER.md | 711 | beard_off | `.d7.years.2020.lo` | 0 | 160 | 155 |
| FINDINGS_LEDGER.md | 711 | beard_off | `.d7.years.2021.mean` | 0 | 160 | 159 |
| FINDINGS_LEDGER.md | 711 | break_delay_2 | `.d1.rows[6].lo` | 0 | 160 | 156 |
| FINDINGS_LEDGER.md | 711 | break_delay_2 | `.d1.segments.second.hi` | 0 | 160 | 153 |
| FINDINGS_LEDGER.md | 711 | break_delay_3 | `.d1.rows[2].lo` | 0 | 160 | 153 |
| FINDINGS_LEDGER.md | 711 | break_delay_3 | `.d7.years.2021.mean` | 0 | 160 | 155 |
| FINDINGS_LEDGER.md | 711 | break_delay_4 | `.d7.years.2017.mean` | 0 | 160 | 157 |
| FINDINGS_LEDGER.md | 711 | break_delay_4 | `.d7.years.2018.mde` | 0 | 160 | 169 |
| FINDINGS_LEDGER.md | 711 | break_delay_4 | `.d7.years.2021.mde` | 0 | 160 | 157 |
| FINDINGS_LEDGER.md | 711 | break_delay_8 | `.d1.segments.second.hi` | 0 | 160 | 158 |
| FINDINGS_LEDGER.md | 711 | break_delay_8 | `.d7.years.2022.mde` | 0 | 160 | 157 |
| FINDINGS_LEDGER.md | 711 | break_dist_0.25 | `.d1.rows[0].hi` | 0 | 160 | 155 |
| FINDINGS_LEDGER.md | 711 | break_dist_0.25 | `.d1.rows[5].lo` | 0 | 160 | 166 |
| FINDINGS_LEDGER.md | 711 | break_dist_0.25 | `.d1.segments.first.mde` | 0 | 160 | 152 |
| FINDINGS_LEDGER.md | 711 | break_dist_0.25 | `.d1.segments.second.mean` | 0 | 160 | 162 |
| FINDINGS_LEDGER.md | 711 | break_dist_0.25 | `.d3.groups.出の理由【結果で決まる群】.break.hi` | 0 | 160 | 150 |
| FINDINGS_LEDGER.md | 711 | break_dist_0.25 | `.d3.groups.出の理由【結果で決まる群】.break.lo` | 0 | 160 | 166 |
| FINDINGS_LEDGER.md | 711 | break_dist_0.25 | `.d3.groups.出の理由【結果で決まる群】.break.per_trade` | 0 | 160 | 158 |
| FINDINGS_LEDGER.md | 711 | break_dist_0.25 | `.d7.years.2017.lo` | 0 | 160 | 151 |
| FINDINGS_LEDGER.md | 711 | break_dist_0.25 | `.d7.years.2019.hi` | 0 | 160 | 159 |
| FINDINGS_LEDGER.md | 711 | break_dist_0.25 | `.d7.years.2019.mde` | 0 | 160 | 154 |
| FINDINGS_LEDGER.md | 711 | break_dist_1 | `.d1.rows[0].mde` | 0 | 160 | 155 |
| FINDINGS_LEDGER.md | 711 | break_dist_1 | `.d1.segments.second.mde` | 0 | 160 | 169 |
| FINDINGS_LEDGER.md | 711 | break_dist_1 | `.d7.years.2015.hi` | 0 | 160 | 151 |
| FINDINGS_LEDGER.md | 711 | break_len_mult_4 | `.d7.all.lo` | 0 | 160 | 155 |
| FINDINGS_LEDGER.md | 711 | break_len_mult_4 | `.d7.years.2020.mde` | 0 | 160 | 170 |
| FINDINGS_LEDGER.md | 711 | break_len_mult_4 | `.d7.years.2022.hi` | 0 | 160 | 155 |
| FINDINGS_LEDGER.md | 711 | break_off | `.d1.rows[7].hi` | 0 | 160 | 153 |
| FINDINGS_LEDGER.md | 711 | break_off | `.d1.rows[7].mean` | 0 | 160 | 168 |
| FINDINGS_LEDGER.md | 711 | count_20 | `.d1.rows[1].mean` | 0 | 160 | 162 |
| FINDINGS_LEDGER.md | 711 | count_20 | `.d1.rows[5].mde` | 0 | 160 | 166 |
| FINDINGS_LEDGER.md | 711 | count_20 | `.d1.rows[8].mde` | 0 | 160 | 157 |
| FINDINGS_LEDGER.md | 711 | count_20 | `.d1.rows[9].mde` | 0 | 160 | 169 |
| FINDINGS_LEDGER.md | 711 | count_20 | `.d7.years.2022.lo` | 0 | 160 | 152 |
| FINDINGS_LEDGER.md | 711 | count_80 | `.d1.rows[0].mde` | 0 | 160 | 157 |
| FINDINGS_LEDGER.md | 711 | count_80 | `.d1.rows[2].lo` | 0 | 160 | 168 |
| FINDINGS_LEDGER.md | 711 | count_80 | `.d1.rows[5].mean` | 0 | 160 | 162 |
| FINDINGS_LEDGER.md | 711 | entry_exit_2_1 | `.d1.rows[5].mean` | 0 | 160 | 156 |
| FINDINGS_LEDGER.md | 711 | entry_exit_3_2 | `.d1.segments.second.mde` | 0 | 160 | 164 |
| FINDINGS_LEDGER.md | 711 | entry_exit_3_2 | `.d3.trade_quantiles.0.95` | 0 | 160 | 151 |
| FINDINGS_LEDGER.md | 711 | entry_exit_3_2 | `.d7.years.2015.hi` | 0 | 160 | 168 |
| FINDINGS_LEDGER.md | 711 | entry_exit_3_2 | `.d7.years.2022.hi` | 0 | 160 | 154 |
| FINDINGS_LEDGER.md | 711 | foot_5 | `.d1.rows[9].hi` | 0 | 160 | 151 |
| FINDINGS_LEDGER.md | 711 | foot_5 | `.d1.rows[9].mde` | 0 | 160 | 170 |
| FINDINGS_LEDGER.md | 711 | foot_5 | `.d1.segments.diff.mean` | 0 | 160 | 164 |
| FINDINGS_LEDGER.md | 711 | foot_5 | `.d1.segments.first.mde` | 0 | 160 | 152 |
| FINDINGS_LEDGER.md | 711 | foot_5 | `.d1.segments.first.mean` | 0 | 160 | 155 |
| FINDINGS_LEDGER.md | 711 | foot_5 | `.d7.years.2021.mean` | 0 | 160 | 159 |
| FINDINGS_LEDGER.md | 711 | levels_3 | `.d1.rows[0].mde` | 0 | 160 | 153 |
| FINDINGS_LEDGER.md | 711 | levels_3 | `.d1.segments.second.mde` | 0 | 160 | 159 |
| FINDINGS_LEDGER.md | 711 | levels_3 | `.d3.trade_quantiles.0.95` | 0 | 160 | 154 |
| FINDINGS_LEDGER.md | 711 | levels_3 | `.d7.years.2016.mean` | 0 | 160 | 167 |
| FINDINGS_LEDGER.md | 711 | levels_3 | `.d7.years.2023.hi` | 0 | 160 | 154 |
| FINDINGS_LEDGER.md | 711 | levels_7 | `.d1.rows[8].mde` | 0 | 160 | 169 |
| FINDINGS_LEDGER.md | 711 | levels_7 | `.d1.segments.first.mde` | 0 | 160 | 165 |
| FINDINGS_LEDGER.md | 711 | levels_7 | `.d3.trade_quantiles.0.05` | 0 | 160 | 152 |
| FINDINGS_LEDGER.md | 711 | levels_7 | `.d7.years.2023.hi` | 0 | 160 | 161 |
| FINDINGS_LEDGER.md | 711 | range_hi_none | `.d1.rows[2].lo` | 0 | 160 | 162 |
| FINDINGS_LEDGER.md | 711 | range_hi_none | `.d1.rows[6].lo` | 0 | 160 | 169 |
| FINDINGS_LEDGER.md | 711 | range_hi_p75 | `.d1.rows[2].mean` | 0 | 160 | 154 |
| FINDINGS_LEDGER.md | 711 | range_hi_p75 | `.d1.rows[7].hi` | 0 | 160 | 170 |
| FINDINGS_LEDGER.md | 711 | range_hi_p75 | `.d3.trade_quantiles.0.99` | 0 | 160 | 158 |
| FINDINGS_LEDGER.md | 711 | range_hi_p75 | `.d7.years.2016.mde` | 0 | 160 | 170 |
| FINDINGS_LEDGER.md | 711 | range_hi_p90 | `.d1.rows[5].lo` | 0 | 160 | 162 |
| FINDINGS_LEDGER.md | 711 | range_hi_p90 | `.d1.rows[5].mde` | 0 | 160 | 169 |
| FINDINGS_LEDGER.md | 711 | range_hi_p90 | `.d1.segments.first.mde` | 0 | 160 | 154 |
| FINDINGS_LEDGER.md | 711 | range_lo_none | `.d1.rows[2].lo` | 0 | 160 | 162 |
| FINDINGS_LEDGER.md | 711 | range_lo_none | `.d1.rows[6].lo` | 0 | 160 | 158 |
| FINDINGS_LEDGER.md | 711 | range_lo_none | `.d1.rows[7].hi` | 0 | 160 | 161 |
| FINDINGS_LEDGER.md | 711 | range_lo_p25 | `.d3.trade_quantiles.0.95` | 0 | 160 | 155 |
| FINDINGS_LEDGER.md | 711 | range_lo_p25 | `.d7.years.2016.hi` | 0 | 160 | 153 |
| FINDINGS_LEDGER.md | 711 | range_lo_p25 | `.d7.years.2023.lo` | 0 | 160 | 159 |
| FINDINGS_LEDGER.md | 711 | range_lo_p50 | `.d1.segments.second.lo` | 0 | 160 | 153 |
| FINDINGS_LEDGER.md | 711 | range_lo_p50 | `.d7.years.2015.mean` | 0 | 160 | 152 |
| FINDINGS_LEDGER.md | 711 | range_lo_p50 | `.d7.years.2021.mean` | 0 | 160 | 152 |
| FINDINGS_LEDGER.md | 711 | step_2 | `.d1.rows[5].mde` | 0 | 160 | 151 |
| FINDINGS_LEDGER.md | 711 | step_2 | `.d1.rows[6].lo` | 0 | 160 | 167 |
| FINDINGS_LEDGER.md | 711 | step_2 | `.d1.rows[8].mde` | 0 | 160 | 157 |
| FINDINGS_LEDGER.md | 711 | step_2 | `.d1.segments.second.hi` | 0 | 160 | 159 |
| FINDINGS_LEDGER.md | 711 | step_4 | `.d1.rows[4].mde` | 0 | 160 | 155 |
| FINDINGS_LEDGER.md | 711 | step_4 | `.d1.rows[4].mean` | 0 | 160 | 154 |
| FINDINGS_LEDGER.md | 711 | step_4 | `.d1.segments.second.hi` | 0 | 160 | 165 |
| FINDINGS_LEDGER.md | 711 | step_4 | `.d3.groups.出の理由【結果で決まる群】.market.hi` | 0 | 160 | 151 |
| FINDINGS_LEDGER.md | 711 | step_4 | `.d7.years.2016.lo` | 0 | 160 | 170 |
| FINDINGS_LEDGER.md | 711 | step_4 | `.d7.years.2019.mde` | 0 | 160 | 152 |
| FINDINGS_LEDGER.md | 711 | step_4 | `.d7.years.2020.mde` | 0 | 160 | 152 |
| FINDINGS_LEDGER.md | 711 | vola_gate_p10 | `.d1.segments.second.hi` | 0 | 160 | 164 |
| FINDINGS_LEDGER.md | 711 | vola_gate_p25 | `.d1.rows[7].hi` | 0 | 160 | 152 |
| FINDINGS_LEDGER.md | 711 | vola_gate_p25 | `.d3.trade_quantiles.0.95` | 0 | 160 | 152 |
| FINDINGS_LEDGER.md | 711 | vola_gate_p25 | `.d7.years.2016.mean` | 0 | 160 | 154 |
| FINDINGS_LEDGER.md | 711 | vola_gate_p50 | `.d1.rows[0].hi` | 0 | 160 | 168 |
| FINDINGS_LEDGER.md | 711 | vola_gate_p50 | `.d1.rows[9].lo` | 0 | 160 | 159 |
| FINDINGS_LEDGER.md | 711 | vola_gate_p50 | `.d1.segments.first.mde` | 0 | 160 | 166 |
| FINDINGS_LEDGER.md | 711 | vola_gate_p50 | `.d1.segments.second.lo` | 0 | 160 | 166 |
| FINDINGS_LEDGER.md | 711 | vola_gate_p50 | `.d7.years.2018.lo` | 0 | 160 | 165 |
| FINDINGS_LEDGER.md | 711 | vola_gate_p50 | `.d7.years.2023.mde` | 0 | 160 | 155 |
| FINDINGS_LEDGER.md | 722 | alert_x1 | `.d3.groups.保有時間の帯【結果で決まる群】.0 分超〜1 分.hi` | 0 | 20.0 | 14.8 |
| FINDINGS_LEDGER.md | 722 | alert_x1 | `.d3.groups.保有時間の帯【結果で決まる群】.0 分超〜1 分.lo` | 0 | 20.0 | 13.1 |
| FINDINGS_LEDGER.md | 722 | alert_x1 | `.d3.groups.保有時間の帯【結果で決まる群】.0 分超〜1 分.per_trade` | 0 | 20.0 | 13.9 |
| FINDINGS_LEDGER.md | 722 | alert_x1 | `.d3.groups.保有時間の帯【結果で決まる群】.1 分超〜3 分.hi` | 0 | 20.0 | 10.7 |
| FINDINGS_LEDGER.md | 722 | alert_x1 | `.d3.trade_quantiles.0.5` | 0 | 20.0 | 15.5 |
| FINDINGS_LEDGER.md | 722 | alert_x1 | `.d7.all.hi` | 0 | 20.0 | 13.5 |
| FINDINGS_LEDGER.md | 722 | alert_x1 | `.d7.all.mde` | 0 | 20.0 | 10.8 |
| FINDINGS_LEDGER.md | 722 | alert_x1 | `.d7.years.2016.mean` | 0 | 20.0 | 18.1 |
| FINDINGS_LEDGER.md | 722 | alert_x1 | `.d7.years.2017.hi` | 0 | 20.0 | 21.0 |
| FINDINGS_LEDGER.md | 722 | alert_x1 | `.d7.years.2017.lo` | 0 | 20.0 | 29.7 |
| FINDINGS_LEDGER.md | 722 | alert_x1 | `.d7.years.2018.mean` | 0 | 20.0 | 17.8 |
| FINDINGS_LEDGER.md | 722 | alert_x1 | `.d7.years.2019.hi` | 0 | 20.0 | 13.8 |
| FINDINGS_LEDGER.md | 722 | alert_x1 | `.d7.years.2019.mde` | 0 | 20.0 | 16.6 |
| FINDINGS_LEDGER.md | 722 | alert_x1 | `.d7.years.2020.lo` | 0 | 20.0 | 19.7 |
| FINDINGS_LEDGER.md | 722 | alert_x1 | `.d7.years.2020.mde` | 0 | 20.0 | 18.4 |
| FINDINGS_LEDGER.md | 722 | alert_x1 | `.d7.years.2021.hi` | 0 | 20.0 | 19.6 |
| FINDINGS_LEDGER.md | 722 | alert_x1 | `.d7.years.2021.lo` | 0 | 20.0 | 14.5 |
| FINDINGS_LEDGER.md | 722 | alert_x1 | `.d7.years.2021.mde` | 0 | 20.0 | 23.9 |
| FINDINGS_LEDGER.md | 722 | alert_x1 | `.d7.years.2022.hi` | 0 | 20.0 | 14.3 |
| FINDINGS_LEDGER.md | 722 | alert_x1 | `.d7.years.2022.lo` | 0 | 20.0 | 24.2 |
| FINDINGS_LEDGER.md | 722 | alert_x1 | `.d7.years.2022.mde` | 0 | 20.0 | 27.3 |
| FINDINGS_LEDGER.md | 722 | alert_x1 | `.d7.years.2023.hi` | 0 | 20.0 | 24.6 |
| FINDINGS_LEDGER.md | 722 | alert_x1 | `.d7.years.2023.mde` | 0 | 20.0 | 22.5 |
| FINDINGS_LEDGER.md | 722 | alert_x2 | `.d3.groups.保有時間の帯【結果で決まる群】.0 分超〜1 分.hi` | 0 | 20.0 | 14.8 |
| FINDINGS_LEDGER.md | 722 | alert_x2 | `.d3.groups.保有時間の帯【結果で決まる群】.0 分超〜1 分.lo` | 0 | 20.0 | 13.1 |
| FINDINGS_LEDGER.md | 722 | alert_x2 | `.d3.groups.保有時間の帯【結果で決まる群】.0 分超〜1 分.per_trade` | 0 | 20.0 | 13.9 |
| FINDINGS_LEDGER.md | 722 | alert_x2 | `.d3.groups.保有時間の帯【結果で決まる群】.1 分超〜3 分.hi` | 0 | 20.0 | 10.8 |
| FINDINGS_LEDGER.md | 722 | alert_x2 | `.d3.trade_quantiles.0.5` | 0 | 20.0 | 15.5 |
| FINDINGS_LEDGER.md | 722 | alert_x2 | `.d7.all.hi` | 0 | 20.0 | 11.3 |
| FINDINGS_LEDGER.md | 722 | alert_x2 | `.d7.all.mde` | 0 | 20.0 | 10.5 |
| FINDINGS_LEDGER.md | 722 | alert_x2 | `.d7.years.2015.mean` | 0 | 20.0 | 15.7 |
| FINDINGS_LEDGER.md | 722 | alert_x2 | `.d7.years.2016.lo` | 0 | 20.0 | 13.9 |
| FINDINGS_LEDGER.md | 722 | alert_x2 | `.d7.years.2016.mean` | 0 | 20.0 | 13.4 |
| FINDINGS_LEDGER.md | 722 | alert_x2 | `.d7.years.2017.hi` | 0 | 20.0 | 21.0 |
| FINDINGS_LEDGER.md | 722 | alert_x2 | `.d7.years.2017.lo` | 0 | 20.0 | 29.7 |
| FINDINGS_LEDGER.md | 722 | alert_x2 | `.d7.years.2018.mean` | 0 | 20.0 | 18.0 |
| FINDINGS_LEDGER.md | 722 | alert_x2 | `.d7.years.2019.hi` | 0 | 20.0 | 14.5 |
| FINDINGS_LEDGER.md | 722 | alert_x2 | `.d7.years.2019.mde` | 0 | 20.0 | 16.7 |
| FINDINGS_LEDGER.md | 722 | alert_x2 | `.d7.years.2020.lo` | 0 | 20.0 | 19.0 |
| FINDINGS_LEDGER.md | 722 | alert_x2 | `.d7.years.2020.mde` | 0 | 20.0 | 18.5 |
| FINDINGS_LEDGER.md | 722 | alert_x2 | `.d7.years.2021.hi` | 0 | 20.0 | 20.5 |
| FINDINGS_LEDGER.md | 722 | alert_x2 | `.d7.years.2021.lo` | 0 | 20.0 | 14.1 |
| FINDINGS_LEDGER.md | 722 | alert_x2 | `.d7.years.2021.mde` | 0 | 20.0 | 24.0 |
| FINDINGS_LEDGER.md | 722 | alert_x2 | `.d7.years.2022.hi` | 0 | 20.0 | 14.0 |
| FINDINGS_LEDGER.md | 722 | alert_x2 | `.d7.years.2022.lo` | 0 | 20.0 | 24.4 |
| FINDINGS_LEDGER.md | 722 | alert_x2 | `.d7.years.2022.mde` | 0 | 20.0 | 27.6 |
| FINDINGS_LEDGER.md | 722 | alert_x2 | `.d7.years.2023.hi` | 0 | 20.0 | 26.4 |
| FINDINGS_LEDGER.md | 722 | alert_x2 | `.d7.years.2023.mde` | 0 | 20.0 | 23.1 |
| FINDINGS_LEDGER.md | 722 | alert_x2 | `.d7.years.2023.mean` | 0 | 20.0 | 10.9 |
| FINDINGS_LEDGER.md | 722 | base | `.d3.groups.保有時間の帯【結果で決まる群】.0 分超〜1 分.hi` | 0 | 20.0 | 14.8 |
| FINDINGS_LEDGER.md | 722 | base | `.d3.groups.保有時間の帯【結果で決まる群】.0 分超〜1 分.lo` | 0 | 20.0 | 13.1 |
| FINDINGS_LEDGER.md | 722 | base | `.d3.groups.保有時間の帯【結果で決まる群】.0 分超〜1 分.per_trade` | 0 | 20.0 | 13.9 |
| FINDINGS_LEDGER.md | 722 | base | `.d3.groups.保有時間の帯【結果で決まる群】.1 分超〜3 分.hi` | 0 | 20.0 | 10.8 |
| FINDINGS_LEDGER.md | 722 | base | `.d3.trade_quantiles.0.5` | 0 | 20.0 | 15.4 |
| FINDINGS_LEDGER.md | 722 | beard_off | `.d1.rows[0].lo` | 0 | 20.0 | 24.3 |
| FINDINGS_LEDGER.md | 722 | beard_off | `.d1.rows[6].mean` | 0 | 20.0 | 13.5 |
| FINDINGS_LEDGER.md | 722 | beard_off | `.d3.groups.保有時間の帯【結果で決まる群】.1 分超〜3 分.hi` | 0 | 20.0 | 14.4 |
| FINDINGS_LEDGER.md | 722 | beard_off | `.d3.groups.保有時間の帯【結果で決まる群】.1 分超〜3 分.lo` | 0 | 20.0 | 11.7 |
| FINDINGS_LEDGER.md | 722 | beard_off | `.d3.groups.保有時間の帯【結果で決まる群】.1 分超〜3 分.per_trade` | 0 | 20.0 | 13.0 |
| FINDINGS_LEDGER.md | 722 | beard_off | `.d3.groups.保有時間の帯【結果で決まる群】.〜1 分.hi` | 0 | 20.0 | 15.7 |
| FINDINGS_LEDGER.md | 722 | beard_off | `.d3.groups.保有時間の帯【結果で決まる群】.〜1 分.lo` | 0 | 20.0 | 13.8 |
| FINDINGS_LEDGER.md | 722 | beard_off | `.d3.groups.保有時間の帯【結果で決まる群】.〜1 分.per_trade` | 0 | 20.0 | 14.7 |
| FINDINGS_LEDGER.md | 722 | beard_off | `.d3.trade_quantiles.0.5` | 0 | 20.0 | 16.6 |
| FINDINGS_LEDGER.md | 722 | beard_off | `.d7.all.lo` | 0 | 20.0 | 22.4 |
| FINDINGS_LEDGER.md | 722 | beard_off | `.d7.years.2016.lo` | 0 | 20.0 | 14.1 |
| FINDINGS_LEDGER.md | 722 | beard_off | `.d7.years.2018.mean` | 0 | 20.0 | 13.0 |
| FINDINGS_LEDGER.md | 722 | beard_off | `.d7.years.2021.hi` | 0 | 20.0 | 19.7 |
| FINDINGS_LEDGER.md | 722 | break_delay_2 | `.d3.groups.保有時間の帯【結果で決まる群】.0 分超〜1 分.hi` | 0 | 20.0 | 13.0 |
| FINDINGS_LEDGER.md | 722 | break_delay_2 | `.d3.groups.保有時間の帯【結果で決まる群】.0 分超〜1 分.lo` | 0 | 20.0 | 11.4 |
| FINDINGS_LEDGER.md | 722 | break_delay_2 | `.d3.groups.保有時間の帯【結果で決まる群】.0 分超〜1 分.per_trade` | 0 | 20.0 | 12.2 |
| FINDINGS_LEDGER.md | 722 | break_delay_2 | `.d3.trade_quantiles.0.5` | 0 | 20.0 | 15.2 |
| FINDINGS_LEDGER.md | 722 | break_delay_2 | `.d7.all.hi` | 0 | 20.0 | 24.5 |
| FINDINGS_LEDGER.md | 722 | break_delay_2 | `.d7.all.lo` | 0 | 20.0 | 27.1 |
| FINDINGS_LEDGER.md | 722 | break_delay_2 | `.d7.years.2018.hi` | 0 | 20.0 | 21.4 |
| FINDINGS_LEDGER.md | 722 | break_delay_2 | `.d7.years.2019.mean` | 0 | 20.0 | 18.1 |
| FINDINGS_LEDGER.md | 722 | break_delay_3 | `.d1.rows[0].lo` | 0 | 20.0 | 24.9 |
| FINDINGS_LEDGER.md | 722 | break_delay_3 | `.d1.rows[1].mean` | 0 | 20.0 | 29.3 |
| FINDINGS_LEDGER.md | 722 | break_delay_3 | `.d3.groups.保有時間の帯【結果で決まる群】.0 分超〜1 分.hi` | 0 | 20.0 | 13.4 |
| FINDINGS_LEDGER.md | 722 | break_delay_3 | `.d3.groups.保有時間の帯【結果で決まる群】.0 分超〜1 分.lo` | 0 | 20.0 | 11.7 |
| FINDINGS_LEDGER.md | 722 | break_delay_3 | `.d3.groups.保有時間の帯【結果で決まる群】.0 分超〜1 分.per_trade` | 0 | 20.0 | 12.5 |
| FINDINGS_LEDGER.md | 722 | break_delay_3 | `.d3.groups.保有時間の帯【結果で決まる群】.3 分超.hi` | 0 | 20.0 | 29.1 |
| FINDINGS_LEDGER.md | 722 | break_delay_3 | `.d3.trade_quantiles.0.5` | 0 | 20.0 | 15.1 |
| FINDINGS_LEDGER.md | 722 | break_delay_3 | `.d7.all.lo` | 0 | 20.0 | 21.4 |
| FINDINGS_LEDGER.md | 722 | break_delay_3 | `.d7.all.mean` | 0 | 20.0 | 13.1 |
| FINDINGS_LEDGER.md | 722 | break_delay_3 | `.d7.years.2018.hi` | 0 | 20.0 | 19.4 |
| FINDINGS_LEDGER.md | 722 | break_delay_3 | `.d7.years.2020.lo` | 0 | 20.0 | 17.1 |
| FINDINGS_LEDGER.md | 722 | break_delay_3 | `.d7.years.2022.mean` | 0 | 20.0 | 25.1 |
| FINDINGS_LEDGER.md | 722 | break_delay_4 | `.d1.rows[0].lo` | 0 | 20.0 | 24.7 |
| FINDINGS_LEDGER.md | 722 | break_delay_4 | `.d1.rows[1].mean` | 0 | 20.0 | 28.0 |
| FINDINGS_LEDGER.md | 722 | break_delay_4 | `.d1.rows[7].hi` | 0 | 20.0 | 14.1 |
| FINDINGS_LEDGER.md | 722 | break_delay_4 | `.d3.groups.保有時間の帯【結果で決まる群】.0 分超〜1 分.hi` | 0 | 20.0 | 13.5 |
| FINDINGS_LEDGER.md | 722 | break_delay_4 | `.d3.groups.保有時間の帯【結果で決まる群】.0 分超〜1 分.lo` | 0 | 20.0 | 11.9 |
| FINDINGS_LEDGER.md | 722 | break_delay_4 | `.d3.groups.保有時間の帯【結果で決まる群】.0 分超〜1 分.per_trade` | 0 | 20.0 | 12.7 |
| FINDINGS_LEDGER.md | 722 | break_delay_4 | `.d3.groups.保有時間の帯【結果で決まる群】.3 分超.hi` | 0 | 20.0 | 29.1 |
| FINDINGS_LEDGER.md | 722 | break_delay_4 | `.d3.trade_quantiles.0.5` | 0 | 20.0 | 15.0 |
| FINDINGS_LEDGER.md | 722 | break_delay_4 | `.d7.years.2017.hi` | 0 | 20.0 | 26.9 |
| FINDINGS_LEDGER.md | 722 | break_delay_4 | `.d7.years.2019.mean` | 0 | 20.0 | 22.6 |
| FINDINGS_LEDGER.md | 722 | break_delay_4 | `.d7.years.2020.lo` | 0 | 20.0 | 14.4 |
| FINDINGS_LEDGER.md | 722 | break_delay_4 | `.d7.years.2022.mean` | 0 | 20.0 | 12.3 |
| FINDINGS_LEDGER.md | 722 | break_delay_4 | `.d7.years.2023.lo` | 0 | 20.0 | 12.4 |
| FINDINGS_LEDGER.md | 722 | break_delay_8 | `.d1.rows[3].lo` | 0 | 20.0 | 16.0 |
| FINDINGS_LEDGER.md | 722 | break_delay_8 | `.d1.rows[6].mean` | 0 | 20.0 | 26.5 |
| FINDINGS_LEDGER.md | 722 | break_delay_8 | `.d3.groups.保有時間の帯【結果で決まる群】.0 分超〜1 分.hi` | 0 | 20.0 | 13.7 |
| FINDINGS_LEDGER.md | 722 | break_delay_8 | `.d3.groups.保有時間の帯【結果で決まる群】.0 分超〜1 分.lo` | 0 | 20.0 | 12.1 |
| FINDINGS_LEDGER.md | 722 | break_delay_8 | `.d3.groups.保有時間の帯【結果で決まる群】.0 分超〜1 分.per_trade` | 0 | 20.0 | 12.9 |
| FINDINGS_LEDGER.md | 722 | break_delay_8 | `.d3.trade_quantiles.0.5` | 0 | 20.0 | 14.7 |
| FINDINGS_LEDGER.md | 722 | break_delay_8 | `.d7.years.2017.hi` | 0 | 20.0 | 22.9 |
| FINDINGS_LEDGER.md | 722 | break_delay_8 | `.d7.years.2019.mean` | 0 | 20.0 | 13.7 |
| FINDINGS_LEDGER.md | 722 | break_delay_8 | `.d7.years.2020.mean` | 0 | 20.0 | 20.6 |
| FINDINGS_LEDGER.md | 722 | break_delay_8 | `.d7.years.2021.lo` | 0 | 20.0 | 29.7 |
| FINDINGS_LEDGER.md | 722 | break_delay_8 | `.d7.years.2022.mean` | 0 | 20.0 | 29.9 |
| FINDINGS_LEDGER.md | 722 | break_delay_8 | `.d7.years.2023.mean` | 0 | 20.0 | 20.2 |
| FINDINGS_LEDGER.md | 722 | break_dist_0.25 | `.d1.rows[0].lo` | 0 | 20.0 | 20.6 |
| FINDINGS_LEDGER.md | 722 | break_dist_0.25 | `.d3.groups.保有時間の帯【結果で決まる群】.0 分超〜1 分.hi` | 0 | 20.0 | 11.4 |
| FINDINGS_LEDGER.md | 722 | break_dist_0.25 | `.d3.groups.保有時間の帯【結果で決まる群】.0 分超〜1 分.lo` | 0 | 20.0 | 10.0 |
| FINDINGS_LEDGER.md | 722 | break_dist_0.25 | `.d3.groups.保有時間の帯【結果で決まる群】.0 分超〜1 分.per_trade` | 0 | 20.0 | 10.7 |
| FINDINGS_LEDGER.md | 722 | break_dist_0.25 | `.d3.groups.保有時間の帯【結果で決まる群】.3 分超.hi` | 0 | 20.0 | 23.1 |
| FINDINGS_LEDGER.md | 722 | break_dist_0.25 | `.d3.groups.保有時間の帯【結果で決まる群】.3 分超.lo` | 0 | 20.0 | 28.8 |
| FINDINGS_LEDGER.md | 722 | break_dist_0.25 | `.d3.groups.保有時間の帯【結果で決まる群】.3 分超.per_trade` | 0 | 20.0 | 25.8 |
| FINDINGS_LEDGER.md | 722 | break_dist_0.25 | `.d3.trade_quantiles.0.5` | 0 | 20.0 | 13.5 |
| FINDINGS_LEDGER.md | 722 | break_dist_0.25 | `.d7.years.2015.lo` | 0 | 20.0 | 24.4 |
| FINDINGS_LEDGER.md | 722 | break_dist_0.25 | `.d7.years.2016.mean` | 0 | 20.0 | 16.6 |
| FINDINGS_LEDGER.md | 722 | break_dist_0.25 | `.d7.years.2022.lo` | 0 | 20.0 | 18.4 |
| FINDINGS_LEDGER.md | 722 | break_dist_1 | `.d1.rows[0].lo` | 0 | 20.0 | 16.4 |
| FINDINGS_LEDGER.md | 722 | break_dist_1 | `.d3.groups.保有時間の帯【結果で決まる群】.1 分超〜3 分.hi` | 0 | 20.0 | 21.9 |
| FINDINGS_LEDGER.md | 722 | break_dist_1 | `.d3.groups.保有時間の帯【結果で決まる群】.1 分超〜3 分.lo` | 0 | 20.0 | 18.6 |
| FINDINGS_LEDGER.md | 722 | break_dist_1 | `.d3.groups.保有時間の帯【結果で決まる群】.1 分超〜3 分.per_trade` | 0 | 20.0 | 20.3 |
| FINDINGS_LEDGER.md | 722 | break_dist_1 | `.d3.groups.保有時間の帯【結果で決まる群】.〜1 分.hi` | 0 | 20.0 | 18.5 |
| FINDINGS_LEDGER.md | 722 | break_dist_1 | `.d3.groups.保有時間の帯【結果で決まる群】.〜1 分.lo` | 0 | 20.0 | 16.4 |
| FINDINGS_LEDGER.md | 722 | break_dist_1 | `.d3.groups.保有時間の帯【結果で決まる群】.〜1 分.per_trade` | 0 | 20.0 | 17.4 |
| FINDINGS_LEDGER.md | 722 | break_dist_1 | `.d3.trade_quantiles.0.5` | 0 | 20.0 | 16.8 |
| FINDINGS_LEDGER.md | 722 | break_dist_1 | `.d7.all.lo` | 0 | 20.0 | 23.8 |
| FINDINGS_LEDGER.md | 722 | break_dist_1 | `.d7.years.2020.lo` | 0 | 20.0 | 13.6 |
| FINDINGS_LEDGER.md | 722 | break_dist_1 | `.d7.years.2023.hi` | 0 | 20.0 | 17.5 |
| FINDINGS_LEDGER.md | 722 | break_len_mult_4 | `.d1.rows[6].lo` | 0 | 20.0 | 10.6 |
| FINDINGS_LEDGER.md | 722 | break_len_mult_4 | `.d3.groups.保有時間の帯【結果で決まる群】.1 分超〜3 分.hi` | 0 | 20.0 | 22.3 |
| FINDINGS_LEDGER.md | 722 | break_len_mult_4 | `.d3.groups.保有時間の帯【結果で決まる群】.1 分超〜3 分.lo` | 0 | 20.0 | 19.2 |
| FINDINGS_LEDGER.md | 722 | break_len_mult_4 | `.d3.groups.保有時間の帯【結果で決まる群】.1 分超〜3 分.per_trade` | 0 | 20.0 | 20.8 |
| FINDINGS_LEDGER.md | 722 | break_len_mult_4 | `.d3.groups.保有時間の帯【結果で決まる群】.〜1 分.hi` | 0 | 20.0 | 16.9 |
| FINDINGS_LEDGER.md | 722 | break_len_mult_4 | `.d3.groups.保有時間の帯【結果で決まる群】.〜1 分.lo` | 0 | 20.0 | 14.8 |
| FINDINGS_LEDGER.md | 722 | break_len_mult_4 | `.d3.groups.保有時間の帯【結果で決まる群】.〜1 分.per_trade` | 0 | 20.0 | 15.8 |
| FINDINGS_LEDGER.md | 722 | break_len_mult_4 | `.d3.trade_quantiles.0.5` | 0 | 20.0 | 16.4 |
| FINDINGS_LEDGER.md | 722 | break_off | `.d1.rows[8].hi` | 0 | 20.0 | 17.6 |
| FINDINGS_LEDGER.md | 722 | break_off | `.d3.groups.保有時間の帯【結果で決まる群】.〜1 分.hi` | 0 | 20.0 | 29.4 |
| FINDINGS_LEDGER.md | 722 | break_off | `.d3.groups.保有時間の帯【結果で決まる群】.〜1 分.lo` | 0 | 20.0 | 26.6 |
| FINDINGS_LEDGER.md | 722 | break_off | `.d3.groups.保有時間の帯【結果で決まる群】.〜1 分.per_trade` | 0 | 20.0 | 28.0 |
| FINDINGS_LEDGER.md | 722 | break_off | `.d3.groups.出の理由【結果で決まる群】.close.hi` | 0 | 20.0 | 16.2 |
| FINDINGS_LEDGER.md | 722 | break_off | `.d3.groups.出の理由【結果で決まる群】.close.lo` | 0 | 20.0 | 14.3 |
| FINDINGS_LEDGER.md | 722 | break_off | `.d3.groups.出の理由【結果で決まる群】.close.per_trade` | 0 | 20.0 | 15.3 |
| FINDINGS_LEDGER.md | 722 | break_off | `.d3.trade_quantiles.0.5` | 0 | 20.0 | 18.1 |
| FINDINGS_LEDGER.md | 722 | count_20 | `.d1.rows[5].mean` | 0 | 20.0 | 18.7 |
| FINDINGS_LEDGER.md | 722 | count_20 | `.d1.rows[6].mean` | 0 | 20.0 | 13.1 |
| FINDINGS_LEDGER.md | 722 | count_20 | `.d1.segments.first.mean` | 0 | 20.0 | 26.6 |
| FINDINGS_LEDGER.md | 722 | count_20 | `.d3.groups.保有時間の帯【結果で決まる群】.1 分超.hi` | 0 | 20.0 | 12.9 |
| FINDINGS_LEDGER.md | 722 | count_20 | `.d3.groups.保有時間の帯【結果で決まる群】.1 分超.lo` | 0 | 20.0 | 16.9 |
| FINDINGS_LEDGER.md | 722 | count_20 | `.d3.groups.保有時間の帯【結果で決まる群】.1 分超.per_trade` | 0 | 20.0 | 14.8 |
| FINDINGS_LEDGER.md | 722 | count_20 | `.d3.groups.出の理由【結果で決まる群】.close.hi` | 0 | 20.0 | 23.7 |
| FINDINGS_LEDGER.md | 722 | count_20 | `.d3.groups.出の理由【結果で決まる群】.close.lo` | 0 | 20.0 | 21.5 |
| FINDINGS_LEDGER.md | 722 | count_20 | `.d3.groups.出の理由【結果で決まる群】.close.per_trade` | 0 | 20.0 | 22.6 |
| FINDINGS_LEDGER.md | 722 | count_20 | `.d3.trade_quantiles.0.75` | 0 | 20.0 | 20.5 |
| FINDINGS_LEDGER.md | 722 | count_20 | `.d7.years.2020.mean` | 0 | 20.0 | 19.0 |
| FINDINGS_LEDGER.md | 722 | count_20 | `.d7.years.2023.mean` | 0 | 20.0 | 20.7 |
| FINDINGS_LEDGER.md | 722 | count_80 | `.d3.groups.保有時間の帯【結果で決まる群】.1 分超〜5 分.hi` | 0 | 20.0 | 28.4 |
| FINDINGS_LEDGER.md | 722 | count_80 | `.d3.groups.保有時間の帯【結果で決まる群】.1 分超〜5 分.lo` | 0 | 20.0 | 24.0 |
| FINDINGS_LEDGER.md | 722 | count_80 | `.d3.groups.保有時間の帯【結果で決まる群】.1 分超〜5 分.per_trade` | 0 | 20.0 | 26.1 |
| FINDINGS_LEDGER.md | 722 | count_80 | `.d3.groups.保有時間の帯【結果で決まる群】.〜1 分.hi` | 0 | 20.0 | 21.7 |
| FINDINGS_LEDGER.md | 722 | count_80 | `.d3.groups.保有時間の帯【結果で決まる群】.〜1 分.lo` | 0 | 20.0 | 19.0 |
| FINDINGS_LEDGER.md | 722 | count_80 | `.d3.groups.保有時間の帯【結果で決まる群】.〜1 分.per_trade` | 0 | 20.0 | 20.3 |
| FINDINGS_LEDGER.md | 722 | count_80 | `.d3.trade_quantiles.0.5` | 0 | 20.0 | 19.6 |
| FINDINGS_LEDGER.md | 722 | count_80 | `.d7.years.2020.hi` | 0 | 20.0 | 15.6 |
| FINDINGS_LEDGER.md | 722 | entry_exit_2_1 | `.d3.groups.保有時間の帯【結果で決まる群】.1 分超〜2 分.hi` | 0 | 20.0 | 20.4 |
| FINDINGS_LEDGER.md | 722 | entry_exit_2_1 | `.d3.groups.保有時間の帯【結果で決まる群】.1 分超〜2 分.lo` | 0 | 20.0 | 17.1 |
| FINDINGS_LEDGER.md | 722 | entry_exit_2_1 | `.d3.groups.保有時間の帯【結果で決まる群】.1 分超〜2 分.per_trade` | 0 | 20.0 | 18.7 |
| FINDINGS_LEDGER.md | 722 | entry_exit_2_1 | `.d3.groups.保有時間の帯【結果で決まる群】.2 分超〜5 分.hi` | 0 | 20.0 | 17.2 |
| FINDINGS_LEDGER.md | 722 | entry_exit_2_1 | `.d3.groups.保有時間の帯【結果で決まる群】.2 分超〜5 分.lo` | 0 | 20.0 | 13.6 |
| FINDINGS_LEDGER.md | 722 | entry_exit_2_1 | `.d3.groups.保有時間の帯【結果で決まる群】.2 分超〜5 分.per_trade` | 0 | 20.0 | 15.4 |
| FINDINGS_LEDGER.md | 722 | entry_exit_2_1 | `.d3.groups.保有時間の帯【結果で決まる群】.〜1 分.hi` | 0 | 20.0 | 18.2 |
| FINDINGS_LEDGER.md | 722 | entry_exit_2_1 | `.d3.groups.保有時間の帯【結果で決まる群】.〜1 分.lo` | 0 | 20.0 | 15.9 |
| FINDINGS_LEDGER.md | 722 | entry_exit_2_1 | `.d3.groups.保有時間の帯【結果で決まる群】.〜1 分.per_trade` | 0 | 20.0 | 17.0 |
| FINDINGS_LEDGER.md | 722 | entry_exit_2_1 | `.d3.trade_quantiles.0.5` | 0 | 20.0 | 18.0 |
| FINDINGS_LEDGER.md | 722 | entry_exit_3_2 | `.d1.rows[0].mean` | 0 | 20.0 | 10.0 |
| FINDINGS_LEDGER.md | 722 | entry_exit_3_2 | `.d1.rows[6].hi` | 0 | 20.0 | 22.3 |
| FINDINGS_LEDGER.md | 722 | entry_exit_3_2 | `.d3.groups.保有時間の帯【結果で決まる群】.1 分超〜4 分.hi` | 0 | 20.0 | 13.4 |
| FINDINGS_LEDGER.md | 722 | entry_exit_3_2 | `.d3.groups.保有時間の帯【結果で決まる群】.1 分超〜4 分.lo` | 0 | 20.0 | 10.9 |
| FINDINGS_LEDGER.md | 722 | entry_exit_3_2 | `.d3.groups.保有時間の帯【結果で決まる群】.1 分超〜4 分.per_trade` | 0 | 20.0 | 12.1 |
| FINDINGS_LEDGER.md | 722 | entry_exit_3_2 | `.d3.groups.保有時間の帯【結果で決まる群】.〜1 分.hi` | 0 | 20.0 | 15.5 |
| FINDINGS_LEDGER.md | 722 | entry_exit_3_2 | `.d3.groups.保有時間の帯【結果で決まる群】.〜1 分.lo` | 0 | 20.0 | 13.4 |
| FINDINGS_LEDGER.md | 722 | entry_exit_3_2 | `.d3.groups.保有時間の帯【結果で決まる群】.〜1 分.per_trade` | 0 | 20.0 | 14.4 |
| FINDINGS_LEDGER.md | 722 | entry_exit_3_2 | `.d3.trade_quantiles.0.5` | 0 | 20.0 | 17.2 |
| FINDINGS_LEDGER.md | 722 | entry_exit_3_2 | `.d7.all.hi` | 0 | 20.0 | 17.1 |
| FINDINGS_LEDGER.md | 722 | entry_exit_3_2 | `.d7.years.2015.mean` | 0 | 20.0 | 24.4 |
| FINDINGS_LEDGER.md | 722 | entry_exit_3_2 | `.d7.years.2018.lo` | 0 | 20.0 | 18.6 |
| FINDINGS_LEDGER.md | 722 | foot_5 | `.d1.rows[7].hi` | 0 | 20.0 | 11.9 |
| FINDINGS_LEDGER.md | 722 | foot_5 | `.d1.segments.diff.hi` | 0 | 20.0 | 25.3 |
| FINDINGS_LEDGER.md | 722 | foot_5 | `.d3.groups.保有時間の帯【結果で決まる群】.1 分超〜3 分.hi` | 0 | 20.0 | 23.9 |
| FINDINGS_LEDGER.md | 722 | foot_5 | `.d3.groups.保有時間の帯【結果で決まる群】.1 分超〜3 分.lo` | 0 | 20.0 | 18.5 |
| FINDINGS_LEDGER.md | 722 | foot_5 | `.d3.groups.保有時間の帯【結果で決まる群】.1 分超〜3 分.per_trade` | 0 | 20.0 | 21.4 |
| FINDINGS_LEDGER.md | 722 | foot_5 | `.d3.groups.保有時間の帯【結果で決まる群】.3 分超〜10 分.hi` | 0 | 20.0 | 26.7 |
| FINDINGS_LEDGER.md | 722 | foot_5 | `.d3.groups.保有時間の帯【結果で決まる群】.3 分超〜10 分.lo` | 0 | 20.0 | 18.7 |
| FINDINGS_LEDGER.md | 722 | foot_5 | `.d3.groups.保有時間の帯【結果で決まる群】.3 分超〜10 分.per_trade` | 0 | 20.0 | 22.6 |
| FINDINGS_LEDGER.md | 722 | foot_5 | `.d3.groups.保有時間の帯【結果で決まる群】.〜1 分.hi` | 0 | 20.0 | 22.9 |
| FINDINGS_LEDGER.md | 722 | foot_5 | `.d3.groups.保有時間の帯【結果で決まる群】.〜1 分.lo` | 0 | 20.0 | 18.6 |
| FINDINGS_LEDGER.md | 722 | foot_5 | `.d3.groups.保有時間の帯【結果で決まる群】.〜1 分.per_trade` | 0 | 20.0 | 20.6 |
| FINDINGS_LEDGER.md | 722 | foot_5 | `.d3.trade_quantiles.0.25` | 0 | 20.0 | 12.8 |
| FINDINGS_LEDGER.md | 722 | foot_5 | `.d6.groups.〜2 分.hi` | 0 | 20.0 | 11.9 |
| FINDINGS_LEDGER.md | 722 | foot_5 | `.d7.all.mean` | 0 | 20.0 | 29.6 |
| FINDINGS_LEDGER.md | 722 | foot_5 | `.d7.years.2016.mean` | 0 | 20.0 | 10.6 |
| FINDINGS_LEDGER.md | 722 | foot_5 | `.d7.years.2020.lo` | 0 | 20.0 | 18.9 |
| FINDINGS_LEDGER.md | 722 | foot_5 | `.d7.years.2022.lo` | 0 | 20.0 | 22.6 |
| FINDINGS_LEDGER.md | 722 | levels_1 | `.d6.groups.11 分超.lo` | 0 | 20.0 | 10.1 |
| FINDINGS_LEDGER.md | 722 | levels_1 | `.d6.groups.3 分超〜11 分.lo` | 0 | 20.0 | 12.5 |
| FINDINGS_LEDGER.md | 722 | levels_1 | `.d6.groups.3 分超〜11 分.per_trade` | 0 | 20.0 | 10.2 |
| FINDINGS_LEDGER.md | 722 | levels_1 | `.d7.years.2017.hi` | 0 | 20.0 | 16.4 |
| FINDINGS_LEDGER.md | 722 | levels_3 | `.d1.rows[1].mean` | 0 | 20.0 | 15.3 |
| FINDINGS_LEDGER.md | 722 | levels_3 | `.d3.groups.保有時間の帯【結果で決まる群】.0 分超〜1 分.hi` | 0 | 20.0 | 24.4 |
| FINDINGS_LEDGER.md | 722 | levels_3 | `.d3.groups.保有時間の帯【結果で決まる群】.0 分超〜1 分.lo` | 0 | 20.0 | 21.7 |
| FINDINGS_LEDGER.md | 722 | levels_3 | `.d3.groups.保有時間の帯【結果で決まる群】.0 分超〜1 分.per_trade` | 0 | 20.0 | 23.1 |
| FINDINGS_LEDGER.md | 722 | levels_3 | `.d3.groups.保有時間の帯【結果で決まる群】.1 分超〜3 分.hi` | 0 | 20.0 | 15.4 |
| FINDINGS_LEDGER.md | 722 | levels_3 | `.d3.groups.保有時間の帯【結果で決まる群】.1 分超〜3 分.lo` | 0 | 20.0 | 12.3 |
| FINDINGS_LEDGER.md | 722 | levels_3 | `.d3.groups.保有時間の帯【結果で決まる群】.1 分超〜3 分.per_trade` | 0 | 20.0 | 13.9 |
| FINDINGS_LEDGER.md | 722 | levels_3 | `.d3.groups.保有時間の帯【結果で決まる群】.〜0 分.hi` | 0 | 20.0 | 15.5 |
| FINDINGS_LEDGER.md | 722 | levels_3 | `.d3.groups.保有時間の帯【結果で決まる群】.〜0 分.lo` | 0 | 20.0 | 12.8 |
| FINDINGS_LEDGER.md | 722 | levels_3 | `.d3.groups.保有時間の帯【結果で決まる群】.〜0 分.per_trade` | 0 | 20.0 | 14.1 |
| FINDINGS_LEDGER.md | 722 | levels_3 | `.d3.trade_quantiles.0.5` | 0 | 20.0 | 23.1 |
| FINDINGS_LEDGER.md | 722 | levels_3 | `.d7.years.2018.hi` | 0 | 20.0 | 10.5 |
| FINDINGS_LEDGER.md | 722 | levels_7 | `.d1.rows[8].hi` | 0 | 20.0 | 25.8 |
| FINDINGS_LEDGER.md | 722 | levels_7 | `.d3.groups.保有時間の帯【結果で決まる群】.0 分超〜1 分.hi` | 0 | 20.0 | 10.3 |
| FINDINGS_LEDGER.md | 722 | levels_7 | `.d3.groups.保有時間の帯【結果で決まる群】.3 分超.hi` | 0 | 20.0 | 21.0 |
| FINDINGS_LEDGER.md | 722 | levels_7 | `.d3.groups.保有時間の帯【結果で決まる群】.3 分超.lo` | 0 | 20.0 | 25.8 |
| FINDINGS_LEDGER.md | 722 | levels_7 | `.d3.groups.保有時間の帯【結果で決まる群】.3 分超.per_trade` | 0 | 20.0 | 23.5 |
| FINDINGS_LEDGER.md | 722 | levels_7 | `.d3.groups.出の理由【結果で決まる群】.close.lo` | 0 | 20.0 | 28.0 |
| FINDINGS_LEDGER.md | 722 | levels_7 | `.d3.groups.出の理由【結果で決まる群】.close.per_trade` | 0 | 20.0 | 29.5 |
| FINDINGS_LEDGER.md | 722 | levels_7 | `.d3.trade_quantiles.0.5` | 0 | 20.0 | 11.2 |
| FINDINGS_LEDGER.md | 722 | levels_7 | `.d3.trade_quantiles.0.75` | 0 | 20.0 | 28.2 |
| FINDINGS_LEDGER.md | 722 | levels_7 | `.d7.all.lo` | 0 | 20.0 | 13.2 |
| FINDINGS_LEDGER.md | 722 | levels_7 | `.d7.all.mde` | 0 | 20.0 | 30.0 |
| FINDINGS_LEDGER.md | 722 | levels_7 | `.d7.years.2016.hi` | 0 | 20.0 | 17.1 |
| FINDINGS_LEDGER.md | 722 | levels_7 | `.d7.years.2018.hi` | 0 | 20.0 | 17.1 |
| FINDINGS_LEDGER.md | 722 | levels_7 | `.d7.years.2020.lo` | 0 | 20.0 | 17.8 |
| FINDINGS_LEDGER.md | 722 | levels_7 | `.d7.years.2020.mean` | 0 | 20.0 | 29.7 |
| FINDINGS_LEDGER.md | 722 | range_hi_none | `.d1.rows[6].mean` | 0 | 20.0 | 11.1 |
| FINDINGS_LEDGER.md | 722 | range_hi_none | `.d3.groups.保有時間の帯【結果で決まる群】.0 分超〜1 分.hi` | 0 | 20.0 | 15.3 |
| FINDINGS_LEDGER.md | 722 | range_hi_none | `.d3.groups.保有時間の帯【結果で決まる群】.0 分超〜1 分.lo` | 0 | 20.0 | 13.2 |
| FINDINGS_LEDGER.md | 722 | range_hi_none | `.d3.groups.保有時間の帯【結果で決まる群】.0 分超〜1 分.per_trade` | 0 | 20.0 | 14.2 |
| FINDINGS_LEDGER.md | 722 | range_hi_none | `.d3.groups.保有時間の帯【結果で決まる群】.1 分超〜3 分.hi` | 0 | 20.0 | 10.8 |
| FINDINGS_LEDGER.md | 722 | range_hi_none | `.d3.trade_quantiles.0.5` | 0 | 20.0 | 15.4 |
| FINDINGS_LEDGER.md | 722 | range_hi_none | `.d7.all.mean` | 0 | 20.0 | 13.3 |
| FINDINGS_LEDGER.md | 722 | range_hi_none | `.d7.years.2018.mean` | 0 | 20.0 | 12.5 |
| FINDINGS_LEDGER.md | 722 | range_hi_none | `.d7.years.2019.mean` | 0 | 20.0 | 16.7 |
| FINDINGS_LEDGER.md | 722 | range_hi_none | `.d7.years.2020.mean` | 0 | 20.0 | 17.0 |
| FINDINGS_LEDGER.md | 722 | range_hi_none | `.d7.years.2021.hi` | 0 | 20.0 | 28.1 |
| FINDINGS_LEDGER.md | 722 | range_hi_none | `.d7.years.2021.mde` | 0 | 20.0 | 21.3 |
| FINDINGS_LEDGER.md | 722 | range_hi_none | `.d7.years.2021.mean` | 0 | 20.0 | 10.6 |
| FINDINGS_LEDGER.md | 722 | range_hi_p75 | `.d1.rows[0].hi` | 0 | 20.0 | 12.9 |
| FINDINGS_LEDGER.md | 722 | range_hi_p75 | `.d3.groups.保有時間の帯【結果で決まる群】.3 分超.hi` | 0 | 20.0 | 25.7 |
| FINDINGS_LEDGER.md | 722 | range_hi_p75 | `.d3.groups.保有時間の帯【結果で決まる群】.3 分超.lo` | 0 | 20.0 | 29.8 |
| FINDINGS_LEDGER.md | 722 | range_hi_p75 | `.d3.groups.保有時間の帯【結果で決まる群】.3 分超.per_trade` | 0 | 20.0 | 27.7 |
| FINDINGS_LEDGER.md | 722 | range_hi_p75 | `.d3.groups.出の理由【結果で決まる群】.close.hi` | 0 | 20.0 | 27.0 |
| FINDINGS_LEDGER.md | 722 | range_hi_p75 | `.d3.groups.出の理由【結果で決まる群】.close.lo` | 0 | 20.0 | 25.4 |
| FINDINGS_LEDGER.md | 722 | range_hi_p75 | `.d3.groups.出の理由【結果で決まる群】.close.per_trade` | 0 | 20.0 | 26.2 |
| FINDINGS_LEDGER.md | 722 | range_hi_p75 | `.d3.trade_quantiles.0.5` | 0 | 20.0 | 13.1 |
| FINDINGS_LEDGER.md | 722 | range_hi_p75 | `.d3.trade_quantiles.0.75` | 0 | 20.0 | 29.1 |
| FINDINGS_LEDGER.md | 722 | range_hi_p75 | `.d7.all.hi` | 0 | 20.0 | 19.1 |
| FINDINGS_LEDGER.md | 722 | range_hi_p75 | `.d7.years.2016.mean` | 0 | 20.0 | 20.9 |
| FINDINGS_LEDGER.md | 722 | range_hi_p75 | `.d7.years.2020.hi` | 0 | 20.0 | 21.8 |
| FINDINGS_LEDGER.md | 722 | range_hi_p90 | `.d1.rows[0].mean` | 0 | 20.0 | 14.7 |
| FINDINGS_LEDGER.md | 722 | range_hi_p90 | `.d3.groups.保有時間の帯【結果で決まる群】.0 分超〜1 分.hi` | 0 | 20.0 | 12.2 |
| FINDINGS_LEDGER.md | 722 | range_hi_p90 | `.d3.groups.保有時間の帯【結果で決まる群】.0 分超〜1 分.lo` | 0 | 20.0 | 11.0 |
| FINDINGS_LEDGER.md | 722 | range_hi_p90 | `.d3.groups.保有時間の帯【結果で決まる群】.0 分超〜1 分.per_trade` | 0 | 20.0 | 11.6 |
| FINDINGS_LEDGER.md | 722 | range_hi_p90 | `.d3.groups.保有時間の帯【結果で決まる群】.3 分超.hi` | 0 | 20.0 | 29.1 |
| FINDINGS_LEDGER.md | 722 | range_hi_p90 | `.d3.groups.出の理由【結果で決まる群】.close.lo` | 0 | 20.0 | 29.9 |
| FINDINGS_LEDGER.md | 722 | range_hi_p90 | `.d3.trade_quantiles.0.5` | 0 | 20.0 | 14.6 |
| FINDINGS_LEDGER.md | 722 | range_hi_p90 | `.d7.years.2017.hi` | 0 | 20.0 | 26.7 |
| FINDINGS_LEDGER.md | 722 | range_hi_p90 | `.d7.years.2018.hi` | 0 | 20.0 | 18.1 |
| FINDINGS_LEDGER.md | 722 | range_hi_p90 | `.d7.years.2020.hi` | 0 | 20.0 | 20.3 |
| FINDINGS_LEDGER.md | 722 | range_hi_p90 | `.d7.years.2021.lo` | 0 | 20.0 | 26.0 |
| FINDINGS_LEDGER.md | 722 | range_hi_p90 | `.d7.years.2023.lo` | 0 | 20.0 | 22.6 |
| FINDINGS_LEDGER.md | 722 | range_lo_none | `.d3.groups.保有時間の帯【結果で決まる群】.0 分超〜1 分.hi` | 0 | 20.0 | 14.8 |
| FINDINGS_LEDGER.md | 722 | range_lo_none | `.d3.groups.保有時間の帯【結果で決まる群】.0 分超〜1 分.lo` | 0 | 20.0 | 13.1 |
| FINDINGS_LEDGER.md | 722 | range_lo_none | `.d3.groups.保有時間の帯【結果で決まる群】.0 分超〜1 分.per_trade` | 0 | 20.0 | 13.9 |
| FINDINGS_LEDGER.md | 722 | range_lo_none | `.d3.groups.保有時間の帯【結果で決まる群】.1 分超〜3 分.hi` | 0 | 20.0 | 10.8 |
| FINDINGS_LEDGER.md | 722 | range_lo_none | `.d3.trade_quantiles.0.5` | 0 | 20.0 | 15.4 |
| FINDINGS_LEDGER.md | 722 | range_lo_none | `.d7.match.sum_only_b` | 0 | 20.0 | 21.7 |
| FINDINGS_LEDGER.md | 722 | range_lo_p10 | `.d3.groups.保有時間の帯【結果で決まる群】.1 分超〜3 分.hi` | 0 | 20.0 | 11.9 |
| FINDINGS_LEDGER.md | 722 | range_lo_p10 | `.d3.groups.保有時間の帯【結果で決まる群】.1 分超〜3 分.per_trade` | 0 | 20.0 | 10.6 |
| FINDINGS_LEDGER.md | 722 | range_lo_p10 | `.d3.groups.保有時間の帯【結果で決まる群】.〜1 分.hi` | 0 | 20.0 | 13.4 |
| FINDINGS_LEDGER.md | 722 | range_lo_p10 | `.d3.groups.保有時間の帯【結果で決まる群】.〜1 分.lo` | 0 | 20.0 | 11.6 |
| FINDINGS_LEDGER.md | 722 | range_lo_p10 | `.d3.groups.保有時間の帯【結果で決まる群】.〜1 分.per_trade` | 0 | 20.0 | 12.5 |
| FINDINGS_LEDGER.md | 722 | range_lo_p10 | `.d3.trade_quantiles.0.5` | 0 | 20.0 | 18.0 |
| FINDINGS_LEDGER.md | 722 | range_lo_p10 | `.d7.all.lo` | 0 | 20.0 | 12.7 |
| FINDINGS_LEDGER.md | 722 | range_lo_p10 | `.d7.all.mde` | 0 | 20.0 | 11.6 |
| FINDINGS_LEDGER.md | 722 | range_lo_p10 | `.d7.years.2017.hi` | 0 | 20.0 | 11.9 |
| FINDINGS_LEDGER.md | 722 | range_lo_p10 | `.d7.years.2017.mde` | 0 | 20.0 | 24.4 |
| FINDINGS_LEDGER.md | 722 | range_lo_p10 | `.d7.years.2017.mean` | 0 | 20.0 | 27.3 |
| FINDINGS_LEDGER.md | 722 | range_lo_p10 | `.d7.years.2018.hi` | 0 | 20.0 | 20.7 |
| FINDINGS_LEDGER.md | 722 | range_lo_p10 | `.d7.years.2018.mde` | 0 | 20.0 | 18.2 |
| FINDINGS_LEDGER.md | 722 | range_lo_p10 | `.d7.years.2019.lo` | 0 | 20.0 | 16.8 |
| FINDINGS_LEDGER.md | 722 | range_lo_p10 | `.d7.years.2019.mde` | 0 | 20.0 | 21.3 |
| FINDINGS_LEDGER.md | 722 | range_lo_p10 | `.d7.years.2020.lo` | 0 | 20.0 | 14.8 |
| FINDINGS_LEDGER.md | 722 | range_lo_p10 | `.d7.years.2020.mde` | 0 | 20.0 | 14.8 |
| FINDINGS_LEDGER.md | 722 | range_lo_p10 | `.d7.years.2020.mean` | 0 | 20.0 | 24.9 |
| FINDINGS_LEDGER.md | 722 | range_lo_p10 | `.d7.years.2022.hi` | 0 | 20.0 | 14.9 |
| FINDINGS_LEDGER.md | 722 | range_lo_p10 | `.d7.years.2022.mde` | 0 | 20.0 | 11.2 |
| FINDINGS_LEDGER.md | 722 | range_lo_p10 | `.d7.years.2023.mde` | 0 | 20.0 | 27.2 |
| FINDINGS_LEDGER.md | 722 | range_lo_p25 | `.d1.rows[0].lo` | 0 | 20.0 | 26.6 |
| FINDINGS_LEDGER.md | 722 | range_lo_p25 | `.d3.groups.保有時間の帯【結果で決まる群】.1 分超〜3 分.hi` | 0 | 20.0 | 13.7 |
| FINDINGS_LEDGER.md | 722 | range_lo_p25 | `.d3.groups.保有時間の帯【結果で決まる群】.1 分超〜3 分.lo` | 0 | 20.0 | 10.4 |
| FINDINGS_LEDGER.md | 722 | range_lo_p25 | `.d3.groups.保有時間の帯【結果で決まる群】.1 分超〜3 分.per_trade` | 0 | 20.0 | 12.2 |
| FINDINGS_LEDGER.md | 722 | range_lo_p25 | `.d3.groups.保有時間の帯【結果で決まる群】.〜1 分.hi` | 0 | 20.0 | 15.8 |
| FINDINGS_LEDGER.md | 722 | range_lo_p25 | `.d3.groups.保有時間の帯【結果で決まる群】.〜1 分.lo` | 0 | 20.0 | 13.6 |
| FINDINGS_LEDGER.md | 722 | range_lo_p25 | `.d3.groups.保有時間の帯【結果で決まる群】.〜1 分.per_trade` | 0 | 20.0 | 14.8 |
| FINDINGS_LEDGER.md | 722 | range_lo_p25 | `.d3.trade_quantiles.0.25` | 0 | 20.0 | 10.3 |
| FINDINGS_LEDGER.md | 722 | range_lo_p25 | `.d3.trade_quantiles.0.5` | 0 | 20.0 | 21.5 |
| FINDINGS_LEDGER.md | 722 | range_lo_p25 | `.d7.all.hi` | 0 | 20.0 | 29.5 |
| FINDINGS_LEDGER.md | 722 | range_lo_p25 | `.d7.all.mde` | 0 | 20.0 | 25.2 |
| FINDINGS_LEDGER.md | 722 | range_lo_p25 | `.d7.all.mean` | 0 | 20.0 | 12.0 |
| FINDINGS_LEDGER.md | 722 | range_lo_p25 | `.d7.years.2017.hi` | 0 | 20.0 | 13.8 |
| FINDINGS_LEDGER.md | 722 | range_lo_p25 | `.d7.years.2017.mean` | 0 | 20.0 | 20.9 |
| FINDINGS_LEDGER.md | 722 | range_lo_p25 | `.d7.years.2018.hi` | 0 | 20.0 | 17.6 |
| FINDINGS_LEDGER.md | 722 | range_lo_p25 | `.d7.years.2018.mean` | 0 | 20.0 | 10.0 |
| FINDINGS_LEDGER.md | 722 | range_lo_p25 | `.d7.years.2021.lo` | 0 | 20.0 | 14.7 |
| FINDINGS_LEDGER.md | 722 | range_lo_p25 | `.d7.years.2021.mde` | 0 | 20.0 | 17.4 |
| FINDINGS_LEDGER.md | 722 | range_lo_p25 | `.d7.years.2021.mean` | 0 | 20.0 | 26.5 |
| FINDINGS_LEDGER.md | 722 | range_lo_p25 | `.d7.years.2022.lo` | 0 | 20.0 | 13.3 |
| FINDINGS_LEDGER.md | 722 | range_lo_p50 | `.d1.rows[0].lo` | 0 | 20.0 | 14.2 |
| FINDINGS_LEDGER.md | 722 | range_lo_p50 | `.d1.rows[2].hi` | 0 | 20.0 | 14.3 |
| FINDINGS_LEDGER.md | 722 | range_lo_p50 | `.d1.rows[6].lo` | 0 | 20.0 | 18.4 |
| FINDINGS_LEDGER.md | 722 | range_lo_p50 | `.d1.rows[7].hi` | 0 | 20.0 | 18.0 |
| FINDINGS_LEDGER.md | 722 | range_lo_p50 | `.d1.rows[8].hi` | 0 | 20.0 | 25.7 |
| FINDINGS_LEDGER.md | 722 | range_lo_p50 | `.d3.groups.保有時間の帯【結果で決まる群】.1 分超〜4 分.hi` | 0 | 20.0 | 17.1 |
| FINDINGS_LEDGER.md | 722 | range_lo_p50 | `.d3.groups.保有時間の帯【結果で決まる群】.1 分超〜4 分.lo` | 0 | 20.0 | 12.2 |
| FINDINGS_LEDGER.md | 722 | range_lo_p50 | `.d3.groups.保有時間の帯【結果で決まる群】.1 分超〜4 分.per_trade` | 0 | 20.0 | 14.7 |
| FINDINGS_LEDGER.md | 722 | range_lo_p50 | `.d3.groups.保有時間の帯【結果で決まる群】.〜1 分.hi` | 0 | 20.0 | 21.8 |
| FINDINGS_LEDGER.md | 722 | range_lo_p50 | `.d3.groups.保有時間の帯【結果で決まる群】.〜1 分.lo` | 0 | 20.0 | 18.7 |
| FINDINGS_LEDGER.md | 722 | range_lo_p50 | `.d3.groups.保有時間の帯【結果で決まる群】.〜1 分.per_trade` | 0 | 20.0 | 20.3 |
| FINDINGS_LEDGER.md | 722 | range_lo_p50 | `.d3.trade_quantiles.0.25` | 0 | 20.0 | 14.7 |
| FINDINGS_LEDGER.md | 722 | range_lo_p50 | `.d3.trade_quantiles.0.5` | 0 | 20.0 | 29.2 |
| FINDINGS_LEDGER.md | 722 | range_lo_p50 | `.d7.all.lo` | 0 | 20.0 | 14.1 |
| FINDINGS_LEDGER.md | 722 | range_lo_p50 | `.d7.years.2015.lo` | 0 | 20.0 | 29.0 |
| FINDINGS_LEDGER.md | 722 | range_lo_p50 | `.d7.years.2019.hi` | 0 | 20.0 | 21.4 |
| FINDINGS_LEDGER.md | 722 | step_2 | `.d1.rows[0].mean` | 0 | 20.0 | 11.9 |
| FINDINGS_LEDGER.md | 722 | step_2 | `.d1.rows[5].lo` | 0 | 20.0 | 22.1 |
| FINDINGS_LEDGER.md | 722 | step_2 | `.d3.groups.保有時間の帯【結果で決まる群】.3 分超.hi` | 0 | 20.0 | 21.8 |
| FINDINGS_LEDGER.md | 722 | step_2 | `.d3.groups.保有時間の帯【結果で決まる群】.3 分超.lo` | 0 | 20.0 | 26.4 |
| FINDINGS_LEDGER.md | 722 | step_2 | `.d3.groups.保有時間の帯【結果で決まる群】.3 分超.per_trade` | 0 | 20.0 | 24.1 |
| FINDINGS_LEDGER.md | 722 | step_2 | `.d3.groups.出の理由【結果で決まる群】.close.hi` | 0 | 20.0 | 26.8 |
| FINDINGS_LEDGER.md | 722 | step_2 | `.d3.groups.出の理由【結果で決まる群】.close.lo` | 0 | 20.0 | 24.4 |
| FINDINGS_LEDGER.md | 722 | step_2 | `.d3.groups.出の理由【結果で決まる群】.close.per_trade` | 0 | 20.0 | 25.6 |
| FINDINGS_LEDGER.md | 722 | step_2 | `.d3.trade_quantiles.0.5` | 0 | 20.0 | 11.6 |
| FINDINGS_LEDGER.md | 722 | step_2 | `.d3.trade_quantiles.0.75` | 0 | 20.0 | 24.6 |
| FINDINGS_LEDGER.md | 722 | step_2 | `.d7.years.2016.hi` | 0 | 20.0 | 22.9 |
| FINDINGS_LEDGER.md | 722 | step_2 | `.d7.years.2017.hi` | 0 | 20.0 | 14.0 |
| FINDINGS_LEDGER.md | 722 | step_2 | `.d7.years.2022.lo` | 0 | 20.0 | 27.6 |
| FINDINGS_LEDGER.md | 722 | step_4 | `.d1.rows[1].mean` | 0 | 20.0 | 21.1 |
| FINDINGS_LEDGER.md | 722 | step_4 | `.d3.groups.保有時間の帯【結果で決まる群】.3 分超.hi` | 0 | 20.0 | 20.3 |
| FINDINGS_LEDGER.md | 722 | step_4 | `.d3.groups.保有時間の帯【結果で決まる群】.3 分超.lo` | 0 | 20.0 | 23.8 |
| FINDINGS_LEDGER.md | 722 | step_4 | `.d3.groups.保有時間の帯【結果で決まる群】.3 分超.per_trade` | 0 | 20.0 | 22.1 |
| FINDINGS_LEDGER.md | 722 | step_4 | `.d3.groups.出の理由【結果で決まる群】.close.hi` | 0 | 20.0 | 17.8 |
| FINDINGS_LEDGER.md | 722 | step_4 | `.d3.groups.出の理由【結果で決まる群】.close.lo` | 0 | 20.0 | 16.2 |
| FINDINGS_LEDGER.md | 722 | step_4 | `.d3.groups.出の理由【結果で決まる群】.close.per_trade` | 0 | 20.0 | 17.0 |
| FINDINGS_LEDGER.md | 722 | step_4 | `.d3.trade_quantiles.0.75` | 0 | 20.0 | 17.6 |
| FINDINGS_LEDGER.md | 722 | step_4 | `.d7.years.2015.lo` | 0 | 20.0 | 21.2 |
| FINDINGS_LEDGER.md | 722 | step_4 | `.d7.years.2021.lo` | 0 | 20.0 | 28.9 |
| FINDINGS_LEDGER.md | 722 | step_4 | `.d7.years.2022.lo` | 0 | 20.0 | 11.1 |
| FINDINGS_LEDGER.md | 722 | vola_gate_p10 | `.d1.rows[2].mean` | 0 | 20.0 | 25.7 |
| FINDINGS_LEDGER.md | 722 | vola_gate_p10 | `.d1.rows[6].mean` | 0 | 20.0 | 23.1 |
| FINDINGS_LEDGER.md | 722 | vola_gate_p10 | `.d3.groups.保有時間の帯【結果で決まる群】.1 分超〜3 分.hi` | 0 | 20.0 | 11.6 |
| FINDINGS_LEDGER.md | 722 | vola_gate_p10 | `.d3.groups.保有時間の帯【結果で決まる群】.1 分超〜3 分.per_trade` | 0 | 20.0 | 10.3 |
| FINDINGS_LEDGER.md | 722 | vola_gate_p10 | `.d3.groups.保有時間の帯【結果で決まる群】.〜1 分.hi` | 0 | 20.0 | 13.1 |
| FINDINGS_LEDGER.md | 722 | vola_gate_p10 | `.d3.groups.保有時間の帯【結果で決まる群】.〜1 分.lo` | 0 | 20.0 | 11.2 |
| FINDINGS_LEDGER.md | 722 | vola_gate_p10 | `.d3.groups.保有時間の帯【結果で決まる群】.〜1 分.per_trade` | 0 | 20.0 | 12.2 |
| FINDINGS_LEDGER.md | 722 | vola_gate_p10 | `.d3.trade_quantiles.0.5` | 0 | 20.0 | 17.4 |
| FINDINGS_LEDGER.md | 722 | vola_gate_p10 | `.d7.all.hi` | 0 | 20.0 | 12.5 |
| FINDINGS_LEDGER.md | 722 | vola_gate_p10 | `.d7.all.lo` | 0 | 20.0 | 16.1 |
| FINDINGS_LEDGER.md | 722 | vola_gate_p10 | `.d7.all.mde` | 0 | 20.0 | 20.5 |
| FINDINGS_LEDGER.md | 722 | vola_gate_p10 | `.d7.years.2017.hi` | 0 | 20.0 | 11.1 |
| FINDINGS_LEDGER.md | 722 | vola_gate_p10 | `.d7.years.2017.mde` | 0 | 20.0 | 23.5 |
| FINDINGS_LEDGER.md | 722 | vola_gate_p10 | `.d7.years.2017.mean` | 0 | 20.0 | 26.1 |
| FINDINGS_LEDGER.md | 722 | vola_gate_p10 | `.d7.years.2018.hi` | 0 | 20.0 | 24.1 |
| FINDINGS_LEDGER.md | 722 | vola_gate_p10 | `.d7.years.2018.mde` | 0 | 20.0 | 19.4 |
| FINDINGS_LEDGER.md | 722 | vola_gate_p10 | `.d7.years.2018.mean` | 0 | 20.0 | 10.1 |
| FINDINGS_LEDGER.md | 722 | vola_gate_p10 | `.d7.years.2019.mde` | 0 | 20.0 | 20.2 |
| FINDINGS_LEDGER.md | 722 | vola_gate_p10 | `.d7.years.2019.mean` | 0 | 20.0 | 16.4 |
| FINDINGS_LEDGER.md | 722 | vola_gate_p10 | `.d7.years.2020.hi` | 0 | 20.0 | 27.3 |
| FINDINGS_LEDGER.md | 722 | vola_gate_p10 | `.d7.years.2020.mde` | 0 | 20.0 | 13.8 |
| FINDINGS_LEDGER.md | 722 | vola_gate_p10 | `.d7.years.2020.mean` | 0 | 20.0 | 17.2 |
| FINDINGS_LEDGER.md | 722 | vola_gate_p10 | `.d7.years.2022.hi` | 0 | 20.0 | 11.9 |
| FINDINGS_LEDGER.md | 722 | vola_gate_p10 | `.d7.years.2022.mde` | 0 | 20.0 | 11.9 |
| FINDINGS_LEDGER.md | 722 | vola_gate_p10 | `.d7.years.2023.lo` | 0 | 20.0 | 29.2 |
| FINDINGS_LEDGER.md | 722 | vola_gate_p25 | `.d1.rows[0].lo` | 0 | 20.0 | 13.8 |
| FINDINGS_LEDGER.md | 722 | vola_gate_p25 | `.d1.rows[2].mean` | 0 | 20.0 | 21.8 |
| FINDINGS_LEDGER.md | 722 | vola_gate_p25 | `.d3.groups.保有時間の帯【結果で決まる群】.1 分超〜3 分.hi` | 0 | 20.0 | 13.2 |
| FINDINGS_LEDGER.md | 722 | vola_gate_p25 | `.d3.groups.保有時間の帯【結果で決まる群】.1 分超〜3 分.per_trade` | 0 | 20.0 | 11.6 |
| FINDINGS_LEDGER.md | 722 | vola_gate_p25 | `.d3.groups.保有時間の帯【結果で決まる群】.〜1 分.hi` | 0 | 20.0 | 14.8 |
| FINDINGS_LEDGER.md | 722 | vola_gate_p25 | `.d3.groups.保有時間の帯【結果で決まる群】.〜1 分.lo` | 0 | 20.0 | 12.7 |
| FINDINGS_LEDGER.md | 722 | vola_gate_p25 | `.d3.groups.保有時間の帯【結果で決まる群】.〜1 分.per_trade` | 0 | 20.0 | 13.8 |
| FINDINGS_LEDGER.md | 722 | vola_gate_p25 | `.d3.trade_quantiles.0.5` | 0 | 20.0 | 20.3 |
| FINDINGS_LEDGER.md | 722 | vola_gate_p25 | `.d7.all.mean` | 0 | 20.0 | 26.8 |
| FINDINGS_LEDGER.md | 722 | vola_gate_p25 | `.d7.years.2015.lo` | 0 | 20.0 | 16.6 |
| FINDINGS_LEDGER.md | 722 | vola_gate_p25 | `.d7.years.2016.hi` | 0 | 20.0 | 19.8 |
| FINDINGS_LEDGER.md | 722 | vola_gate_p25 | `.d7.years.2017.hi` | 0 | 20.0 | 12.0 |
| FINDINGS_LEDGER.md | 722 | vola_gate_p25 | `.d7.years.2018.hi` | 0 | 20.0 | 11.0 |
| FINDINGS_LEDGER.md | 722 | vola_gate_p25 | `.d7.years.2018.mean` | 0 | 20.0 | 11.2 |
| FINDINGS_LEDGER.md | 722 | vola_gate_p25 | `.d7.years.2019.lo` | 0 | 20.0 | 13.5 |
| FINDINGS_LEDGER.md | 722 | vola_gate_p25 | `.d7.years.2019.mean` | 0 | 20.0 | 18.5 |
| FINDINGS_LEDGER.md | 722 | vola_gate_p25 | `.d7.years.2021.hi` | 0 | 20.0 | 20.8 |
| FINDINGS_LEDGER.md | 722 | vola_gate_p25 | `.d7.years.2021.mde` | 0 | 20.0 | 12.9 |
| FINDINGS_LEDGER.md | 722 | vola_gate_p25 | `.d7.years.2021.mean` | 0 | 20.0 | 11.1 |
| FINDINGS_LEDGER.md | 722 | vola_gate_p25 | `.d7.years.2022.lo` | 0 | 20.0 | 12.2 |
| FINDINGS_LEDGER.md | 722 | vola_gate_p50 | `.d1.rows[0].lo` | 0 | 20.0 | 23.8 |
| FINDINGS_LEDGER.md | 722 | vola_gate_p50 | `.d1.rows[2].mean` | 0 | 20.0 | 12.6 |
| FINDINGS_LEDGER.md | 722 | vola_gate_p50 | `.d1.rows[6].lo` | 0 | 20.0 | 23.7 |
| FINDINGS_LEDGER.md | 722 | vola_gate_p50 | `.d1.segments.second.hi` | 0 | 20.0 | 10.8 |
| FINDINGS_LEDGER.md | 722 | vola_gate_p50 | `.d3.groups.保有時間の帯【結果で決まる群】.1 分超〜3 分.hi` | 0 | 20.0 | 17.8 |
| FINDINGS_LEDGER.md | 722 | vola_gate_p50 | `.d3.groups.保有時間の帯【結果で決まる群】.1 分超〜3 分.lo` | 0 | 20.0 | 13.1 |
| FINDINGS_LEDGER.md | 722 | vola_gate_p50 | `.d3.groups.保有時間の帯【結果で決まる群】.1 分超〜3 分.per_trade` | 0 | 20.0 | 15.6 |
| FINDINGS_LEDGER.md | 722 | vola_gate_p50 | `.d3.groups.保有時間の帯【結果で決まる群】.〜1 分.hi` | 0 | 20.0 | 19.6 |
| FINDINGS_LEDGER.md | 722 | vola_gate_p50 | `.d3.groups.保有時間の帯【結果で決まる群】.〜1 分.lo` | 0 | 20.0 | 16.7 |
| FINDINGS_LEDGER.md | 722 | vola_gate_p50 | `.d3.groups.保有時間の帯【結果で決まる群】.〜1 分.per_trade` | 0 | 20.0 | 18.2 |
| FINDINGS_LEDGER.md | 722 | vola_gate_p50 | `.d3.trade_quantiles.0.25` | 0 | 20.0 | 14.0 |
| FINDINGS_LEDGER.md | 722 | vola_gate_p50 | `.d3.trade_quantiles.0.5` | 0 | 20.0 | 26.2 |
| FINDINGS_LEDGER.md | 722 | vola_gate_p50 | `.d7.all.lo` | 0 | 20.0 | 14.8 |
| FINDINGS_LEDGER.md | 722 | vola_gate_p50 | `.d7.years.2017.hi` | 0 | 20.0 | 12.0 |
| FINDINGS_LEDGER.md | 722 | vola_gate_p50 | `.d7.years.2019.hi` | 0 | 20.0 | 25.6 |
| FINDINGS_LEDGER.md | 727 | alert_x1 | `.d1.rows[4].lo` | 0 | 340 | 347 |
| FINDINGS_LEDGER.md | 727 | alert_x1 | `.d3.groups.出の理由【結果で決まる群】.market.lo` | 0 | 340 | 343 |
| FINDINGS_LEDGER.md | 727 | alert_x2 | `.d1.rows[4].lo` | 0 | 340 | 347 |
| FINDINGS_LEDGER.md | 727 | alert_x2 | `.d7.years.2015.mde` | 0 | 340 | 344 |
| FINDINGS_LEDGER.md | 727 | beard_off | `.d1.rows[4].mde` | 0 | 340 | 339 |
| FINDINGS_LEDGER.md | 727 | beard_off | `.d3.groups.出の理由【結果で決まる群】.break.per_trade` | 0 | 340 | 338 |
| FINDINGS_LEDGER.md | 727 | beard_off | `.d7.years.2019.hi` | 0 | 340 | 345 |
| FINDINGS_LEDGER.md | 727 | break_delay_2 | `.d3.groups.出の理由【結果で決まる群】.market.lo` | 0 | 340 | 349 |
| FINDINGS_LEDGER.md | 727 | break_delay_3 | `.d3.groups.出の理由【結果で決まる群】.market.lo` | 0 | 340 | 331 |
| FINDINGS_LEDGER.md | 727 | break_delay_4 | `.d7.years.2017.lo` | 0 | 340 | 342 |
| FINDINGS_LEDGER.md | 727 | break_delay_8 | `.d1.rows[3].mean` | 0 | 340 | 334 |
| FINDINGS_LEDGER.md | 727 | break_dist_0.25 | `.d1.rows[2].mde` | 0 | 340 | 344 |
| FINDINGS_LEDGER.md | 727 | break_dist_0.25 | `.d1.segments.first.mean` | 0 | 340 | 345 |
| FINDINGS_LEDGER.md | 727 | break_dist_0.25 | `.d7.years.2021.hi` | 0 | 340 | 339 |
| FINDINGS_LEDGER.md | 727 | break_dist_1 | `.d1.rows[6].hi` | 0 | 340 | 337 |
| FINDINGS_LEDGER.md | 727 | break_dist_1 | `.d1.rows[8].mde` | 0 | 340 | 335 |
| FINDINGS_LEDGER.md | 727 | break_dist_1 | `.d7.years.2015.mde` | 0 | 340 | 349 |
| FINDINGS_LEDGER.md | 727 | break_len_mult_4 | `.d1.rows[4].mde` | 0 | 340 | 349 |
| FINDINGS_LEDGER.md | 727 | break_len_mult_4 | `.d1.rows[7].mean` | 0 | 340 | 339 |
| FINDINGS_LEDGER.md | 727 | break_len_mult_4 | `.d3.groups.出の理由【結果で決まる群】.break.per_trade` | 0 | 340 | 343 |
| FINDINGS_LEDGER.md | 727 | break_off | `.d1.rows[0].mean` | 0 | 340 | 337 |
| FINDINGS_LEDGER.md | 727 | break_off | `.d1.rows[8].mde` | 0 | 340 | 334 |
| FINDINGS_LEDGER.md | 727 | break_off | `.d7.years.2022.mde` | 0 | 340 | 335 |
| FINDINGS_LEDGER.md | 727 | count_20 | `.d1.segments.diff.lo` | 0 | 340 | 348 |
| FINDINGS_LEDGER.md | 727 | count_20 | `.d7.years.2021.hi` | 0 | 340 | 347 |
| FINDINGS_LEDGER.md | 727 | count_80 | `.d7.years.2016.mean` | 0 | 340 | 347 |
| FINDINGS_LEDGER.md | 727 | entry_exit_2_1 | `.d1.rows[1].mean` | 0 | 340 | 333 |
| FINDINGS_LEDGER.md | 727 | entry_exit_2_1 | `.d7.years.2018.hi` | 0 | 340 | 333 |
| FINDINGS_LEDGER.md | 727 | entry_exit_2_1 | `.d7.years.2022.mde` | 0 | 340 | 344 |
| FINDINGS_LEDGER.md | 727 | entry_exit_3_2 | `.d1.rows[8].mde` | 0 | 340 | 338 |
| FINDINGS_LEDGER.md | 727 | entry_exit_3_2 | `.d1.rows[9].hi` | 0 | 340 | 339 |
| FINDINGS_LEDGER.md | 727 | entry_exit_3_2 | `.d1.segments.first.lo` | 0 | 340 | 341 |
| FINDINGS_LEDGER.md | 727 | entry_exit_3_2 | `.d3.groups.出の理由【結果で決まる群】.break.per_trade` | 0 | 340 | 335 |
| FINDINGS_LEDGER.md | 727 | entry_exit_3_2 | `.d3.groups.出の理由【結果で決まる群】.market.hi` | 0 | 340 | 350 |
| FINDINGS_LEDGER.md | 727 | foot_5 | `.d1.rows[5].hi` | 0 | 340 | 335 |
| FINDINGS_LEDGER.md | 727 | foot_5 | `.d7.years.2020.mde` | 0 | 340 | 347 |
| FINDINGS_LEDGER.md | 727 | levels_1 | `.d1.rows[0].hi` | 0 | 340 | 339 |
| FINDINGS_LEDGER.md | 727 | levels_1 | `.d1.rows[2].lo` | 0 | 340 | 342 |
| FINDINGS_LEDGER.md | 727 | levels_1 | `.d1.rows[3].lo` | 0 | 340 | 334 |
| FINDINGS_LEDGER.md | 727 | levels_3 | `.d1.rows[5].hi` | 0 | 340 | 330 |
| FINDINGS_LEDGER.md | 727 | levels_3 | `.d1.segments.first.mean` | 0 | 340 | 348 |
| FINDINGS_LEDGER.md | 727 | levels_3 | `.d3.groups.出の理由【結果で決まる群】.break.lo` | 0 | 340 | 342 |
| FINDINGS_LEDGER.md | 727 | levels_7 | `.d1.rows[1].mean` | 0 | 340 | 336 |
| FINDINGS_LEDGER.md | 727 | levels_7 | `.d1.rows[4].lo` | 0 | 340 | 331 |
| FINDINGS_LEDGER.md | 727 | levels_7 | `.d1.segments.first.mean` | 0 | 340 | 333 |
| FINDINGS_LEDGER.md | 727 | range_hi_none | `.d1.rows[7].mde` | 0 | 340 | 348 |
| FINDINGS_LEDGER.md | 727 | range_hi_p75 | `.d1.rows[9].hi` | 0 | 340 | 335 |
| FINDINGS_LEDGER.md | 727 | range_hi_p75 | `.d1.segments.diff.hi` | 0 | 340 | 336 |
| FINDINGS_LEDGER.md | 727 | range_hi_p90 | `.d1.rows[3].mde` | 0 | 340 | 339 |
| FINDINGS_LEDGER.md | 727 | range_lo_p10 | `.d1.rows[4].lo` | 0 | 340 | 332 |
| FINDINGS_LEDGER.md | 727 | range_lo_p10 | `.d1.segments.first.mean` | 0 | 340 | 335 |
| FINDINGS_LEDGER.md | 727 | range_lo_p10 | `.d1.segments.second.lo` | 0 | 340 | 341 |
| FINDINGS_LEDGER.md | 727 | range_lo_p25 | `.d3.groups.出の理由【結果で決まる群】.break.lo` | 0 | 340 | 342 |
| FINDINGS_LEDGER.md | 727 | range_lo_p25 | `.d7.years.2016.lo` | 0 | 340 | 343 |
| FINDINGS_LEDGER.md | 727 | range_lo_p50 | `.d1.rows[7].mde` | 0 | 340 | 347 |
| FINDINGS_LEDGER.md | 727 | step_2 | `.d1.rows[2].hi` | 0 | 340 | 333 |
| FINDINGS_LEDGER.md | 727 | step_2 | `.d1.rows[4].mean` | 0 | 340 | 344 |
| FINDINGS_LEDGER.md | 727 | step_2 | `.d1.rows[7].mean` | 0 | 340 | 339 |
| FINDINGS_LEDGER.md | 727 | step_2 | `.d1.rows[9].mean` | 0 | 340 | 337 |
| FINDINGS_LEDGER.md | 727 | step_2 | `.d1.segments.diff.hi` | 0 | 340 | 349 |
| FINDINGS_LEDGER.md | 727 | step_2 | `.d1.segments.first.hi` | 0 | 340 | 349 |
| FINDINGS_LEDGER.md | 727 | step_4 | `.d1.segments.diff.mean` | 0 | 340 | 335 |
| FINDINGS_LEDGER.md | 727 | step_4 | `.d7.years.2019.lo` | 0 | 340 | 336 |
| FINDINGS_LEDGER.md | 727 | vola_gate_p10 | `.d1.rows[4].lo` | 0 | 340 | 338 |
| FINDINGS_LEDGER.md | 727 | vola_gate_p10 | `.d1.segments.first.mean` | 0 | 340 | 341 |
| FINDINGS_LEDGER.md | 727 | vola_gate_p10 | `.d1.segments.second.lo` | 0 | 340 | 341 |
| FINDINGS_LEDGER.md | 727 | vola_gate_p10 | `.d3.groups.出の理由【結果で決まる群】.market.hi` | 0 | 340 | 337 |
| FINDINGS_LEDGER.md | 727 | vola_gate_p25 | `.d1.segments.diff.hi` | 0 | 340 | 344 |
| FINDINGS_LEDGER.md | 727 | vola_gate_p25 | `.d3.groups.出の理由【結果で決まる群】.break.lo` | 0 | 340 | 335 |
| FINDINGS_LEDGER.md | 727 | vola_gate_p25 | `.d7.years.2015.mean` | 0 | 340 | 344 |
| FINDINGS_LEDGER.md | 727 | vola_gate_p25 | `.d7.years.2023.hi` | 0 | 340 | 333 |
| FINDINGS_LEDGER.md | 727 | vola_gate_p50 | `.d1.rows[7].mde` | 0 | 340 | 349 |
| FINDINGS_LEDGER.md | 727 | vola_gate_p50 | `.d7.years.2016.mde` | 0 | 340 | 348 |
| FINDINGS_LEDGER.md | 728 | alert_x1 | `.d1.rows[1].mean` | 0 | 100 | 98 |
| FINDINGS_LEDGER.md | 728 | alert_x1 | `.d1.rows[5].lo` | 0 | 100 | 93 |
| FINDINGS_LEDGER.md | 728 | alert_x1 | `.d3.groups.保有時間の帯【結果で決まる群】.0 分超〜1 分.hi` | 0 | 20.0 | 14.8 |
| FINDINGS_LEDGER.md | 728 | alert_x1 | `.d3.groups.保有時間の帯【結果で決まる群】.0 分超〜1 分.lo` | 0 | 20.0 | 13.1 |
| FINDINGS_LEDGER.md | 728 | alert_x1 | `.d3.groups.保有時間の帯【結果で決まる群】.0 分超〜1 分.per_trade` | 0 | 20.0 | 13.9 |
| FINDINGS_LEDGER.md | 728 | alert_x1 | `.d3.groups.保有時間の帯【結果で決まる群】.1 分超〜3 分.hi` | 0 | 20.0 | 10.7 |
| FINDINGS_LEDGER.md | 728 | alert_x1 | `.d3.trade_quantiles.0.5` | 0 | 20.0 | 15.5 |
| FINDINGS_LEDGER.md | 728 | alert_x1 | `.d7.all.hi` | 0 | 20.0 | 13.5 |
| FINDINGS_LEDGER.md | 728 | alert_x1 | `.d7.all.mde` | 0 | 20.0 | 10.8 |
| FINDINGS_LEDGER.md | 728 | alert_x1 | `.d7.years.2016.mean` | 0 | 20.0 | 18.1 |
| FINDINGS_LEDGER.md | 728 | alert_x1 | `.d7.years.2017.hi` | 0 | 20.0 | 21.0 |
| FINDINGS_LEDGER.md | 728 | alert_x1 | `.d7.years.2017.lo` | 0 | 20.0 | 29.7 |
| FINDINGS_LEDGER.md | 728 | alert_x1 | `.d7.years.2018.mean` | 0 | 20.0 | 17.8 |
| FINDINGS_LEDGER.md | 728 | alert_x1 | `.d7.years.2019.hi` | 0 | 20.0 | 13.8 |
| FINDINGS_LEDGER.md | 728 | alert_x1 | `.d7.years.2019.mde` | 0 | 20.0 | 16.6 |
| FINDINGS_LEDGER.md | 728 | alert_x1 | `.d7.years.2020.lo` | 0 | 20.0 | 19.7 |
| FINDINGS_LEDGER.md | 728 | alert_x1 | `.d7.years.2020.mde` | 0 | 20.0 | 18.4 |
| FINDINGS_LEDGER.md | 728 | alert_x1 | `.d7.years.2021.hi` | 0 | 20.0 | 19.6 |
| FINDINGS_LEDGER.md | 728 | alert_x1 | `.d7.years.2021.lo` | 0 | 20.0 | 14.5 |
| FINDINGS_LEDGER.md | 728 | alert_x1 | `.d7.years.2021.mde` | 0 | 20.0 | 23.9 |
| FINDINGS_LEDGER.md | 728 | alert_x1 | `.d7.years.2022.hi` | 0 | 20.0 | 14.3 |
| FINDINGS_LEDGER.md | 728 | alert_x1 | `.d7.years.2022.lo` | 0 | 20.0 | 24.2 |
| FINDINGS_LEDGER.md | 728 | alert_x1 | `.d7.years.2022.mde` | 0 | 20.0 | 27.3 |
| FINDINGS_LEDGER.md | 728 | alert_x1 | `.d7.years.2023.hi` | 0 | 20.0 | 24.6 |
| FINDINGS_LEDGER.md | 728 | alert_x1 | `.d7.years.2023.mde` | 0 | 20.0 | 22.5 |
| FINDINGS_LEDGER.md | 728 | alert_x2 | `.d1.rows[5].lo` | 0 | 100 | 94 |
| FINDINGS_LEDGER.md | 728 | alert_x2 | `.d3.groups.保有時間の帯【結果で決まる群】.0 分超〜1 分.hi` | 0 | 20.0 | 14.8 |
| FINDINGS_LEDGER.md | 728 | alert_x2 | `.d3.groups.保有時間の帯【結果で決まる群】.0 分超〜1 分.lo` | 0 | 20.0 | 13.1 |
| FINDINGS_LEDGER.md | 728 | alert_x2 | `.d3.groups.保有時間の帯【結果で決まる群】.0 分超〜1 分.per_trade` | 0 | 20.0 | 13.9 |
| FINDINGS_LEDGER.md | 728 | alert_x2 | `.d3.groups.保有時間の帯【結果で決まる群】.1 分超〜3 分.hi` | 0 | 20.0 | 10.8 |
| FINDINGS_LEDGER.md | 728 | alert_x2 | `.d3.trade_quantiles.0.5` | 0 | 20.0 | 15.5 |
| FINDINGS_LEDGER.md | 728 | alert_x2 | `.d7.all.hi` | 0 | 20.0 | 11.3 |
| FINDINGS_LEDGER.md | 728 | alert_x2 | `.d7.all.mde` | 0 | 20.0 | 10.5 |
| FINDINGS_LEDGER.md | 728 | alert_x2 | `.d7.years.2015.mean` | 0 | 20.0 | 15.7 |
| FINDINGS_LEDGER.md | 728 | alert_x2 | `.d7.years.2016.lo` | 0 | 20.0 | 13.9 |
| FINDINGS_LEDGER.md | 728 | alert_x2 | `.d7.years.2016.mean` | 0 | 20.0 | 13.4 |
| FINDINGS_LEDGER.md | 728 | alert_x2 | `.d7.years.2017.hi` | 0 | 20.0 | 21.0 |
| FINDINGS_LEDGER.md | 728 | alert_x2 | `.d7.years.2017.lo` | 0 | 20.0 | 29.7 |
| FINDINGS_LEDGER.md | 728 | alert_x2 | `.d7.years.2018.mean` | 0 | 20.0 | 18.0 |
| FINDINGS_LEDGER.md | 728 | alert_x2 | `.d7.years.2019.hi` | 0 | 20.0 | 14.5 |
| FINDINGS_LEDGER.md | 728 | alert_x2 | `.d7.years.2019.mde` | 0 | 20.0 | 16.7 |
| FINDINGS_LEDGER.md | 728 | alert_x2 | `.d7.years.2020.lo` | 0 | 20.0 | 19.0 |
| FINDINGS_LEDGER.md | 728 | alert_x2 | `.d7.years.2020.mde` | 0 | 20.0 | 18.5 |
| FINDINGS_LEDGER.md | 728 | alert_x2 | `.d7.years.2021.hi` | 0 | 20.0 | 20.5 |
| FINDINGS_LEDGER.md | 728 | alert_x2 | `.d7.years.2021.lo` | 0 | 20.0 | 14.1 |
| FINDINGS_LEDGER.md | 728 | alert_x2 | `.d7.years.2021.mde` | 0 | 20.0 | 24.0 |
| FINDINGS_LEDGER.md | 728 | alert_x2 | `.d7.years.2022.hi` | 0 | 20.0 | 14.0 |
| FINDINGS_LEDGER.md | 728 | alert_x2 | `.d7.years.2022.lo` | 0 | 20.0 | 24.4 |
| FINDINGS_LEDGER.md | 728 | alert_x2 | `.d7.years.2022.mde` | 0 | 20.0 | 27.6 |
| FINDINGS_LEDGER.md | 728 | alert_x2 | `.d7.years.2023.hi` | 0 | 20.0 | 26.4 |
| FINDINGS_LEDGER.md | 728 | alert_x2 | `.d7.years.2023.mde` | 0 | 20.0 | 23.1 |
| FINDINGS_LEDGER.md | 728 | alert_x2 | `.d7.years.2023.mean` | 0 | 20.0 | 10.9 |
| FINDINGS_LEDGER.md | 728 | base | `.d3.groups.保有時間の帯【結果で決まる群】.0 分超〜1 分.hi` | 0 | 20.0 | 14.8 |
| FINDINGS_LEDGER.md | 728 | base | `.d3.groups.保有時間の帯【結果で決まる群】.0 分超〜1 分.lo` | 0 | 20.0 | 13.1 |
| FINDINGS_LEDGER.md | 728 | base | `.d3.groups.保有時間の帯【結果で決まる群】.0 分超〜1 分.per_trade` | 0 | 20.0 | 13.9 |
| FINDINGS_LEDGER.md | 728 | base | `.d3.groups.保有時間の帯【結果で決まる群】.1 分超〜3 分.hi` | 0 | 20.0 | 10.8 |
| FINDINGS_LEDGER.md | 728 | base | `.d3.trade_quantiles.0.5` | 0 | 20.0 | 15.4 |
| FINDINGS_LEDGER.md | 728 | beard_off | `.d1.rows[0].lo` | 0 | 20.0 | 24.3 |
| FINDINGS_LEDGER.md | 728 | beard_off | `.d1.rows[6].mean` | 0 | 20.0 | 13.5 |
| FINDINGS_LEDGER.md | 728 | beard_off | `.d3.groups.保有時間の帯【結果で決まる群】.1 分超〜3 分.hi` | 0 | 20.0 | 14.4 |
| FINDINGS_LEDGER.md | 728 | beard_off | `.d3.groups.保有時間の帯【結果で決まる群】.1 分超〜3 分.lo` | 0 | 20.0 | 11.7 |
| FINDINGS_LEDGER.md | 728 | beard_off | `.d3.groups.保有時間の帯【結果で決まる群】.1 分超〜3 分.per_trade` | 0 | 20.0 | 13.0 |
| FINDINGS_LEDGER.md | 728 | beard_off | `.d3.groups.保有時間の帯【結果で決まる群】.〜1 分.hi` | 0 | 20.0 | 15.7 |
| FINDINGS_LEDGER.md | 728 | beard_off | `.d3.groups.保有時間の帯【結果で決まる群】.〜1 分.lo` | 0 | 20.0 | 13.8 |
| FINDINGS_LEDGER.md | 728 | beard_off | `.d3.groups.保有時間の帯【結果で決まる群】.〜1 分.per_trade` | 0 | 20.0 | 14.7 |
| FINDINGS_LEDGER.md | 728 | beard_off | `.d3.trade_quantiles.0.5` | 0 | 20.0 | 16.6 |
| FINDINGS_LEDGER.md | 728 | beard_off | `.d7.all.hi` | 0 | 100 | 93 |
| FINDINGS_LEDGER.md | 728 | beard_off | `.d7.all.lo` | 0 | 20.0 | 22.4 |
| FINDINGS_LEDGER.md | 728 | beard_off | `.d7.years.2016.lo` | 0 | 20.0 | 14.1 |
| FINDINGS_LEDGER.md | 728 | beard_off | `.d7.years.2016.mde` | 0 | 100 | 105 |
| FINDINGS_LEDGER.md | 728 | beard_off | `.d7.years.2018.mean` | 0 | 20.0 | 13.0 |
| FINDINGS_LEDGER.md | 728 | beard_off | `.d7.years.2021.hi` | 0 | 20.0 | 19.7 |
| FINDINGS_LEDGER.md | 728 | beard_off | `.d7.years.2023.hi` | 0 | 100 | 92 |
| FINDINGS_LEDGER.md | 728 | break_delay_2 | `.d1.rows[5].lo` | 0 | 100 | 105 |
| FINDINGS_LEDGER.md | 728 | break_delay_2 | `.d3.groups.保有時間の帯【結果で決まる群】.0 分超〜1 分.hi` | 0 | 20.0 | 13.0 |
| FINDINGS_LEDGER.md | 728 | break_delay_2 | `.d3.groups.保有時間の帯【結果で決まる群】.0 分超〜1 分.lo` | 0 | 20.0 | 11.4 |
| FINDINGS_LEDGER.md | 728 | break_delay_2 | `.d3.groups.保有時間の帯【結果で決まる群】.0 分超〜1 分.per_trade` | 0 | 20.0 | 12.2 |
| FINDINGS_LEDGER.md | 728 | break_delay_2 | `.d3.trade_quantiles.0.5` | 0 | 20.0 | 15.2 |
| FINDINGS_LEDGER.md | 728 | break_delay_2 | `.d7.all.hi` | 0 | 20.0 | 24.5 |
| FINDINGS_LEDGER.md | 728 | break_delay_2 | `.d7.all.lo` | 0 | 20.0 | 27.1 |
| FINDINGS_LEDGER.md | 728 | break_delay_2 | `.d7.years.2018.hi` | 0 | 20.0 | 21.4 |
| FINDINGS_LEDGER.md | 728 | break_delay_2 | `.d7.years.2019.mean` | 0 | 20.0 | 18.1 |
| FINDINGS_LEDGER.md | 728 | break_delay_2 | `.d7.years.2021.mde` | 0 | 100 | 98 |
| FINDINGS_LEDGER.md | 728 | break_delay_3 | `.d1.rows[0].lo` | 0 | 20.0 | 24.9 |
| FINDINGS_LEDGER.md | 728 | break_delay_3 | `.d1.rows[1].mean` | 0 | 20.0 | 29.3 |
| FINDINGS_LEDGER.md | 728 | break_delay_3 | `.d1.rows[3].lo` | 0 | 100 | 96 |
| FINDINGS_LEDGER.md | 728 | break_delay_3 | `.d1.rows[5].lo` | 0 | 100 | 97 |
| FINDINGS_LEDGER.md | 728 | break_delay_3 | `.d1.rows[8].hi` | 0 | 100 | 105 |
| FINDINGS_LEDGER.md | 728 | break_delay_3 | `.d3.groups.保有時間の帯【結果で決まる群】.0 分超〜1 分.hi` | 0 | 20.0 | 13.4 |
| FINDINGS_LEDGER.md | 728 | break_delay_3 | `.d3.groups.保有時間の帯【結果で決まる群】.0 分超〜1 分.lo` | 0 | 20.0 | 11.7 |
| FINDINGS_LEDGER.md | 728 | break_delay_3 | `.d3.groups.保有時間の帯【結果で決まる群】.0 分超〜1 分.per_trade` | 0 | 20.0 | 12.5 |
| FINDINGS_LEDGER.md | 728 | break_delay_3 | `.d3.groups.保有時間の帯【結果で決まる群】.3 分超.hi` | 0 | 20.0 | 29.1 |
| FINDINGS_LEDGER.md | 728 | break_delay_3 | `.d3.trade_quantiles.0.5` | 0 | 20.0 | 15.1 |
| FINDINGS_LEDGER.md | 728 | break_delay_3 | `.d7.all.lo` | 0 | 20.0 | 21.4 |
| FINDINGS_LEDGER.md | 728 | break_delay_3 | `.d7.all.mean` | 0 | 20.0 | 13.1 |
| FINDINGS_LEDGER.md | 728 | break_delay_3 | `.d7.years.2018.hi` | 0 | 20.0 | 19.4 |
| FINDINGS_LEDGER.md | 728 | break_delay_3 | `.d7.years.2020.lo` | 0 | 20.0 | 17.1 |
| FINDINGS_LEDGER.md | 728 | break_delay_3 | `.d7.years.2020.mde` | 0 | 100 | 97 |
| FINDINGS_LEDGER.md | 728 | break_delay_3 | `.d7.years.2022.mde` | 0 | 100 | 97 |
| FINDINGS_LEDGER.md | 728 | break_delay_3 | `.d7.years.2022.mean` | 0 | 20.0 | 25.1 |
| FINDINGS_LEDGER.md | 728 | break_delay_4 | `.d1.rows[0].lo` | 0 | 20.0 | 24.7 |
| FINDINGS_LEDGER.md | 728 | break_delay_4 | `.d1.rows[1].mean` | 0 | 20.0 | 28.0 |
| FINDINGS_LEDGER.md | 728 | break_delay_4 | `.d1.rows[7].hi` | 0 | 20.0 | 14.1 |
| FINDINGS_LEDGER.md | 728 | break_delay_4 | `.d3.groups.保有時間の帯【結果で決まる群】.0 分超〜1 分.hi` | 0 | 20.0 | 13.5 |
| FINDINGS_LEDGER.md | 728 | break_delay_4 | `.d3.groups.保有時間の帯【結果で決まる群】.0 分超〜1 分.lo` | 0 | 20.0 | 11.9 |
| FINDINGS_LEDGER.md | 728 | break_delay_4 | `.d3.groups.保有時間の帯【結果で決まる群】.0 分超〜1 分.per_trade` | 0 | 20.0 | 12.7 |
| FINDINGS_LEDGER.md | 728 | break_delay_4 | `.d3.groups.保有時間の帯【結果で決まる群】.3 分超.hi` | 0 | 20.0 | 29.1 |
| FINDINGS_LEDGER.md | 728 | break_delay_4 | `.d3.trade_quantiles.0.5` | 0 | 20.0 | 15.0 |
| FINDINGS_LEDGER.md | 728 | break_delay_4 | `.d7.years.2017.hi` | 0 | 20.0 | 26.9 |
| FINDINGS_LEDGER.md | 728 | break_delay_4 | `.d7.years.2019.hi` | 0 | 100 | 99 |
| FINDINGS_LEDGER.md | 728 | break_delay_4 | `.d7.years.2019.mde` | 0 | 100 | 107 |
| FINDINGS_LEDGER.md | 728 | break_delay_4 | `.d7.years.2019.mean` | 0 | 20.0 | 22.6 |
| FINDINGS_LEDGER.md | 728 | break_delay_4 | `.d7.years.2020.lo` | 0 | 20.0 | 14.4 |
| FINDINGS_LEDGER.md | 728 | break_delay_4 | `.d7.years.2022.hi` | 0 | 100 | 94 |
| FINDINGS_LEDGER.md | 728 | break_delay_4 | `.d7.years.2022.mean` | 0 | 20.0 | 12.3 |
| FINDINGS_LEDGER.md | 728 | break_delay_4 | `.d7.years.2023.lo` | 0 | 20.0 | 12.4 |
| FINDINGS_LEDGER.md | 728 | break_delay_8 | `.d1.rows[2].mean` | 0 | 100 | 92 |
| FINDINGS_LEDGER.md | 728 | break_delay_8 | `.d1.rows[3].lo` | 0 | 20.0 | 16.0 |
| FINDINGS_LEDGER.md | 728 | break_delay_8 | `.d1.rows[5].lo` | 0 | 100 | 107 |
| FINDINGS_LEDGER.md | 728 | break_delay_8 | `.d1.rows[6].mean` | 0 | 20.0 | 26.5 |
| FINDINGS_LEDGER.md | 728 | break_delay_8 | `.d3.groups.保有時間の帯【結果で決まる群】.0 分超〜1 分.hi` | 0 | 20.0 | 13.7 |
| FINDINGS_LEDGER.md | 728 | break_delay_8 | `.d3.groups.保有時間の帯【結果で決まる群】.0 分超〜1 分.lo` | 0 | 20.0 | 12.1 |
| FINDINGS_LEDGER.md | 728 | break_delay_8 | `.d3.groups.保有時間の帯【結果で決まる群】.0 分超〜1 分.per_trade` | 0 | 20.0 | 12.9 |
| FINDINGS_LEDGER.md | 728 | break_delay_8 | `.d3.trade_quantiles.0.5` | 0 | 20.0 | 14.7 |
| FINDINGS_LEDGER.md | 728 | break_delay_8 | `.d7.years.2016.mde` | 0 | 100 | 102 |
| FINDINGS_LEDGER.md | 728 | break_delay_8 | `.d7.years.2017.hi` | 0 | 20.0 | 22.9 |
| FINDINGS_LEDGER.md | 728 | break_delay_8 | `.d7.years.2019.mean` | 0 | 20.0 | 13.7 |
| FINDINGS_LEDGER.md | 728 | break_delay_8 | `.d7.years.2020.mean` | 0 | 20.0 | 20.6 |
| FINDINGS_LEDGER.md | 728 | break_delay_8 | `.d7.years.2021.lo` | 0 | 20.0 | 29.7 |
| FINDINGS_LEDGER.md | 728 | break_delay_8 | `.d7.years.2022.mean` | 0 | 20.0 | 29.9 |
| FINDINGS_LEDGER.md | 728 | break_delay_8 | `.d7.years.2023.mean` | 0 | 20.0 | 20.2 |
| FINDINGS_LEDGER.md | 728 | break_dist_0.25 | `.d1.rows[0].lo` | 0 | 20.0 | 20.6 |
| FINDINGS_LEDGER.md | 728 | break_dist_0.25 | `.d1.rows[0].mde` | 0 | 100 | 98 |
| FINDINGS_LEDGER.md | 728 | break_dist_0.25 | `.d1.rows[0].mean` | 0 | 100 | 92 |
| FINDINGS_LEDGER.md | 728 | break_dist_0.25 | `.d1.rows[2].lo` | 0 | 100 | 97 |
| FINDINGS_LEDGER.md | 728 | break_dist_0.25 | `.d3.groups.保有時間の帯【結果で決まる群】.0 分超〜1 分.hi` | 0 | 20.0 | 11.4 |
| FINDINGS_LEDGER.md | 728 | break_dist_0.25 | `.d3.groups.保有時間の帯【結果で決まる群】.0 分超〜1 分.lo` | 0 | 20.0 | 10.0 |
| FINDINGS_LEDGER.md | 728 | break_dist_0.25 | `.d3.groups.保有時間の帯【結果で決まる群】.0 分超〜1 分.per_trade` | 0 | 20.0 | 10.7 |
| FINDINGS_LEDGER.md | 728 | break_dist_0.25 | `.d3.groups.保有時間の帯【結果で決まる群】.3 分超.hi` | 0 | 20.0 | 23.1 |
| FINDINGS_LEDGER.md | 728 | break_dist_0.25 | `.d3.groups.保有時間の帯【結果で決まる群】.3 分超.lo` | 0 | 20.0 | 28.8 |
| FINDINGS_LEDGER.md | 728 | break_dist_0.25 | `.d3.groups.保有時間の帯【結果で決まる群】.3 分超.per_trade` | 0 | 20.0 | 25.8 |
| FINDINGS_LEDGER.md | 728 | break_dist_0.25 | `.d3.trade_quantiles.0.5` | 0 | 20.0 | 13.5 |
| FINDINGS_LEDGER.md | 728 | break_dist_0.25 | `.d7.all.hi` | 0 | 100 | 95 |
| FINDINGS_LEDGER.md | 728 | break_dist_0.25 | `.d7.years.2015.lo` | 0 | 20.0 | 24.4 |
| FINDINGS_LEDGER.md | 728 | break_dist_0.25 | `.d7.years.2016.hi` | 0 | 100 | 109 |
| FINDINGS_LEDGER.md | 728 | break_dist_0.25 | `.d7.years.2016.mean` | 0 | 20.0 | 16.6 |
| FINDINGS_LEDGER.md | 728 | break_dist_0.25 | `.d7.years.2022.lo` | 0 | 20.0 | 18.4 |
| FINDINGS_LEDGER.md | 728 | break_dist_0.25 | `.d7.years.2023.mde` | 0 | 100 | 99 |
| FINDINGS_LEDGER.md | 728 | break_dist_1 | `.d1.rows[0].lo` | 0 | 20.0 | 16.4 |
| FINDINGS_LEDGER.md | 728 | break_dist_1 | `.d1.rows[0].mean` | 0 | 100 | 92 |
| FINDINGS_LEDGER.md | 728 | break_dist_1 | `.d1.rows[8].hi` | 0 | 100 | 109 |
| FINDINGS_LEDGER.md | 728 | break_dist_1 | `.d3.groups.保有時間の帯【結果で決まる群】.1 分超〜3 分.hi` | 0 | 20.0 | 21.9 |
| FINDINGS_LEDGER.md | 728 | break_dist_1 | `.d3.groups.保有時間の帯【結果で決まる群】.1 分超〜3 分.lo` | 0 | 20.0 | 18.6 |
| FINDINGS_LEDGER.md | 728 | break_dist_1 | `.d3.groups.保有時間の帯【結果で決まる群】.1 分超〜3 分.per_trade` | 0 | 20.0 | 20.3 |
| FINDINGS_LEDGER.md | 728 | break_dist_1 | `.d3.groups.保有時間の帯【結果で決まる群】.〜1 分.hi` | 0 | 20.0 | 18.5 |
| FINDINGS_LEDGER.md | 728 | break_dist_1 | `.d3.groups.保有時間の帯【結果で決まる群】.〜1 分.lo` | 0 | 20.0 | 16.4 |
| FINDINGS_LEDGER.md | 728 | break_dist_1 | `.d3.groups.保有時間の帯【結果で決まる群】.〜1 分.per_trade` | 0 | 20.0 | 17.4 |
| FINDINGS_LEDGER.md | 728 | break_dist_1 | `.d3.trade_quantiles.0.5` | 0 | 20.0 | 16.8 |
| FINDINGS_LEDGER.md | 728 | break_dist_1 | `.d7.all.hi` | 0 | 100 | 107 |
| FINDINGS_LEDGER.md | 728 | break_dist_1 | `.d7.all.lo` | 0 | 20.0 | 23.8 |
| FINDINGS_LEDGER.md | 728 | break_dist_1 | `.d7.all.mde` | 0 | 100 | 93 |
| FINDINGS_LEDGER.md | 728 | break_dist_1 | `.d7.years.2016.hi` | 0 | 100 | 92 |
| FINDINGS_LEDGER.md | 728 | break_dist_1 | `.d7.years.2016.lo` | 0 | 100 | 97 |
| FINDINGS_LEDGER.md | 728 | break_dist_1 | `.d7.years.2020.lo` | 0 | 20.0 | 13.6 |
| FINDINGS_LEDGER.md | 728 | break_dist_1 | `.d7.years.2022.hi` | 0 | 100 | 93 |
| FINDINGS_LEDGER.md | 728 | break_dist_1 | `.d7.years.2023.hi` | 0 | 20.0 | 17.5 |
| FINDINGS_LEDGER.md | 728 | break_len_mult_4 | `.d1.rows[6].lo` | 0 | 20.0 | 10.6 |
| FINDINGS_LEDGER.md | 728 | break_len_mult_4 | `.d1.rows[7].hi` | 0 | 100 | 94 |
| FINDINGS_LEDGER.md | 728 | break_len_mult_4 | `.d3.groups.保有時間の帯【結果で決まる群】.1 分超〜3 分.hi` | 0 | 20.0 | 22.3 |
| FINDINGS_LEDGER.md | 728 | break_len_mult_4 | `.d3.groups.保有時間の帯【結果で決まる群】.1 分超〜3 分.lo` | 0 | 20.0 | 19.2 |
| FINDINGS_LEDGER.md | 728 | break_len_mult_4 | `.d3.groups.保有時間の帯【結果で決まる群】.1 分超〜3 分.per_trade` | 0 | 20.0 | 20.8 |
| FINDINGS_LEDGER.md | 728 | break_len_mult_4 | `.d3.groups.保有時間の帯【結果で決まる群】.〜1 分.hi` | 0 | 20.0 | 16.9 |
| FINDINGS_LEDGER.md | 728 | break_len_mult_4 | `.d3.groups.保有時間の帯【結果で決まる群】.〜1 分.lo` | 0 | 20.0 | 14.8 |
| FINDINGS_LEDGER.md | 728 | break_len_mult_4 | `.d3.groups.保有時間の帯【結果で決まる群】.〜1 分.per_trade` | 0 | 20.0 | 15.8 |
| FINDINGS_LEDGER.md | 728 | break_len_mult_4 | `.d3.trade_quantiles.0.5` | 0 | 20.0 | 16.4 |
| FINDINGS_LEDGER.md | 728 | break_len_mult_4 | `.d7.years.2021.lo` | 0 | 100 | 103 |
| FINDINGS_LEDGER.md | 728 | break_len_mult_4 | `.d7.years.2023.mde` | 0 | 100 | 109 |
| FINDINGS_LEDGER.md | 728 | break_off | `.d1.rows[8].hi` | 0 | 20.0 | 17.6 |
| FINDINGS_LEDGER.md | 728 | break_off | `.d3.groups.保有時間の帯【結果で決まる群】.4 分超.hi` | 0 | 100 | 103 |
| FINDINGS_LEDGER.md | 728 | break_off | `.d3.groups.保有時間の帯【結果で決まる群】.〜1 分.hi` | 0 | 20.0 | 29.4 |
| FINDINGS_LEDGER.md | 728 | break_off | `.d3.groups.保有時間の帯【結果で決まる群】.〜1 分.lo` | 0 | 20.0 | 26.6 |
| FINDINGS_LEDGER.md | 728 | break_off | `.d3.groups.保有時間の帯【結果で決まる群】.〜1 分.per_trade` | 0 | 20.0 | 28.0 |
| FINDINGS_LEDGER.md | 728 | break_off | `.d3.groups.出の理由【結果で決まる群】.close.hi` | 0 | 20.0 | 16.2 |
| FINDINGS_LEDGER.md | 728 | break_off | `.d3.groups.出の理由【結果で決まる群】.close.lo` | 0 | 20.0 | 14.3 |
| FINDINGS_LEDGER.md | 728 | break_off | `.d3.groups.出の理由【結果で決まる群】.close.per_trade` | 0 | 20.0 | 15.3 |
| FINDINGS_LEDGER.md | 728 | break_off | `.d3.trade_quantiles.0.5` | 0 | 20.0 | 18.1 |
| FINDINGS_LEDGER.md | 728 | count_20 | `.d1.rows[5].lo` | 0 | 100 | 99 |
| FINDINGS_LEDGER.md | 728 | count_20 | `.d1.rows[5].mean` | 0 | 20.0 | 18.7 |
| FINDINGS_LEDGER.md | 728 | count_20 | `.d1.rows[6].hi` | 0 | 100 | 108 |
| FINDINGS_LEDGER.md | 728 | count_20 | `.d1.rows[6].mean` | 0 | 20.0 | 13.1 |
| FINDINGS_LEDGER.md | 728 | count_20 | `.d1.segments.diff.hi` | 0 | 100 | 97 |
| FINDINGS_LEDGER.md | 728 | count_20 | `.d1.segments.first.mean` | 0 | 20.0 | 26.6 |
| FINDINGS_LEDGER.md | 728 | count_20 | `.d1.segments.second.mde` | 0 | 100 | 94 |
| FINDINGS_LEDGER.md | 728 | count_20 | `.d3.groups.保有時間の帯【結果で決まる群】.1 分超.hi` | 0 | 20.0 | 12.9 |
| FINDINGS_LEDGER.md | 728 | count_20 | `.d3.groups.保有時間の帯【結果で決まる群】.1 分超.lo` | 0 | 20.0 | 16.9 |
| FINDINGS_LEDGER.md | 728 | count_20 | `.d3.groups.保有時間の帯【結果で決まる群】.1 分超.per_trade` | 0 | 20.0 | 14.8 |
| FINDINGS_LEDGER.md | 728 | count_20 | `.d3.groups.出の理由【結果で決まる群】.break.lo` | 0 | 100 | 93 |
| FINDINGS_LEDGER.md | 728 | count_20 | `.d3.groups.出の理由【結果で決まる群】.close.hi` | 0 | 20.0 | 23.7 |
| FINDINGS_LEDGER.md | 728 | count_20 | `.d3.groups.出の理由【結果で決まる群】.close.lo` | 0 | 20.0 | 21.5 |
| FINDINGS_LEDGER.md | 728 | count_20 | `.d3.groups.出の理由【結果で決まる群】.close.per_trade` | 0 | 20.0 | 22.6 |
| FINDINGS_LEDGER.md | 728 | count_20 | `.d3.trade_quantiles.0.05` | 0 | 100 | 109 |
| FINDINGS_LEDGER.md | 728 | count_20 | `.d3.trade_quantiles.0.75` | 0 | 20.0 | 20.5 |
| FINDINGS_LEDGER.md | 728 | count_20 | `.d7.all.mde` | 0 | 100 | 102 |
| FINDINGS_LEDGER.md | 728 | count_20 | `.d7.years.2020.mean` | 0 | 20.0 | 19.0 |
| FINDINGS_LEDGER.md | 728 | count_20 | `.d7.years.2023.mean` | 0 | 20.0 | 20.7 |
| FINDINGS_LEDGER.md | 728 | count_80 | `.d3.groups.保有時間の帯【結果で決まる群】.1 分超〜5 分.hi` | 0 | 20.0 | 28.4 |
| FINDINGS_LEDGER.md | 728 | count_80 | `.d3.groups.保有時間の帯【結果で決まる群】.1 分超〜5 分.lo` | 0 | 20.0 | 24.0 |
| FINDINGS_LEDGER.md | 728 | count_80 | `.d3.groups.保有時間の帯【結果で決まる群】.1 分超〜5 分.per_trade` | 0 | 20.0 | 26.1 |
| FINDINGS_LEDGER.md | 728 | count_80 | `.d3.groups.保有時間の帯【結果で決まる群】.〜1 分.hi` | 0 | 20.0 | 21.7 |
| FINDINGS_LEDGER.md | 728 | count_80 | `.d3.groups.保有時間の帯【結果で決まる群】.〜1 分.lo` | 0 | 20.0 | 19.0 |
| FINDINGS_LEDGER.md | 728 | count_80 | `.d3.groups.保有時間の帯【結果で決まる群】.〜1 分.per_trade` | 0 | 20.0 | 20.3 |
| FINDINGS_LEDGER.md | 728 | count_80 | `.d3.trade_quantiles.0.5` | 0 | 20.0 | 19.6 |
| FINDINGS_LEDGER.md | 728 | count_80 | `.d7.all.hi` | 0 | 100 | 93 |
| FINDINGS_LEDGER.md | 728 | count_80 | `.d7.all.lo` | 0 | 100 | 101 |
| FINDINGS_LEDGER.md | 728 | count_80 | `.d7.years.2020.hi` | 0 | 20.0 | 15.6 |
| FINDINGS_LEDGER.md | 728 | entry_exit_2_1 | `.d3.groups.保有時間の帯【結果で決まる群】.1 分超〜2 分.hi` | 0 | 20.0 | 20.4 |
| FINDINGS_LEDGER.md | 728 | entry_exit_2_1 | `.d3.groups.保有時間の帯【結果で決まる群】.1 分超〜2 分.lo` | 0 | 20.0 | 17.1 |
| FINDINGS_LEDGER.md | 728 | entry_exit_2_1 | `.d3.groups.保有時間の帯【結果で決まる群】.1 分超〜2 分.per_trade` | 0 | 20.0 | 18.7 |
| FINDINGS_LEDGER.md | 728 | entry_exit_2_1 | `.d3.groups.保有時間の帯【結果で決まる群】.2 分超〜5 分.hi` | 0 | 20.0 | 17.2 |
| FINDINGS_LEDGER.md | 728 | entry_exit_2_1 | `.d3.groups.保有時間の帯【結果で決まる群】.2 分超〜5 分.lo` | 0 | 20.0 | 13.6 |
| FINDINGS_LEDGER.md | 728 | entry_exit_2_1 | `.d3.groups.保有時間の帯【結果で決まる群】.2 分超〜5 分.per_trade` | 0 | 20.0 | 15.4 |
| FINDINGS_LEDGER.md | 728 | entry_exit_2_1 | `.d3.groups.保有時間の帯【結果で決まる群】.〜1 分.hi` | 0 | 20.0 | 18.2 |
| FINDINGS_LEDGER.md | 728 | entry_exit_2_1 | `.d3.groups.保有時間の帯【結果で決まる群】.〜1 分.lo` | 0 | 20.0 | 15.9 |
| FINDINGS_LEDGER.md | 728 | entry_exit_2_1 | `.d3.groups.保有時間の帯【結果で決まる群】.〜1 分.per_trade` | 0 | 20.0 | 17.0 |
| FINDINGS_LEDGER.md | 728 | entry_exit_2_1 | `.d3.trade_quantiles.0.5` | 0 | 20.0 | 18.0 |
| FINDINGS_LEDGER.md | 728 | entry_exit_2_1 | `.d7.years.2017.lo` | 0 | 100 | 106 |
| FINDINGS_LEDGER.md | 728 | entry_exit_3_2 | `.d1.rows[0].lo` | 0 | 100 | 103 |
| FINDINGS_LEDGER.md | 728 | entry_exit_3_2 | `.d1.rows[0].mean` | 0 | 20.0 | 10.0 |
| FINDINGS_LEDGER.md | 728 | entry_exit_3_2 | `.d1.rows[6].hi` | 0 | 20.0 | 22.3 |
| FINDINGS_LEDGER.md | 728 | entry_exit_3_2 | `.d3.groups.保有時間の帯【結果で決まる群】.1 分超〜4 分.hi` | 0 | 20.0 | 13.4 |
| FINDINGS_LEDGER.md | 728 | entry_exit_3_2 | `.d3.groups.保有時間の帯【結果で決まる群】.1 分超〜4 分.lo` | 0 | 20.0 | 10.9 |
| FINDINGS_LEDGER.md | 728 | entry_exit_3_2 | `.d3.groups.保有時間の帯【結果で決まる群】.1 分超〜4 分.per_trade` | 0 | 20.0 | 12.1 |
| FINDINGS_LEDGER.md | 728 | entry_exit_3_2 | `.d3.groups.保有時間の帯【結果で決まる群】.〜1 分.hi` | 0 | 20.0 | 15.5 |
| FINDINGS_LEDGER.md | 728 | entry_exit_3_2 | `.d3.groups.保有時間の帯【結果で決まる群】.〜1 分.lo` | 0 | 20.0 | 13.4 |
| FINDINGS_LEDGER.md | 728 | entry_exit_3_2 | `.d3.groups.保有時間の帯【結果で決まる群】.〜1 分.per_trade` | 0 | 20.0 | 14.4 |
| FINDINGS_LEDGER.md | 728 | entry_exit_3_2 | `.d3.trade_quantiles.0.5` | 0 | 20.0 | 17.2 |
| FINDINGS_LEDGER.md | 728 | entry_exit_3_2 | `.d7.all.hi` | 0 | 20.0 | 17.1 |
| FINDINGS_LEDGER.md | 728 | entry_exit_3_2 | `.d7.years.2015.mean` | 0 | 20.0 | 24.4 |
| FINDINGS_LEDGER.md | 728 | entry_exit_3_2 | `.d7.years.2017.lo` | 0 | 100 | 105 |
| FINDINGS_LEDGER.md | 728 | entry_exit_3_2 | `.d7.years.2018.lo` | 0 | 20.0 | 18.6 |
| FINDINGS_LEDGER.md | 728 | entry_exit_3_2 | `.d7.years.2019.hi` | 0 | 100 | 92 |
| FINDINGS_LEDGER.md | 728 | foot_5 | `.d1.rows[0].mde` | 0 | 100 | 96 |
| FINDINGS_LEDGER.md | 728 | foot_5 | `.d1.rows[7].hi` | 0 | 20.0 | 11.9 |
| FINDINGS_LEDGER.md | 728 | foot_5 | `.d1.segments.diff.hi` | 0 | 20.0 | 25.3 |
| FINDINGS_LEDGER.md | 728 | foot_5 | `.d1.segments.second.lo` | 0 | 100 | 106 |
| FINDINGS_LEDGER.md | 728 | foot_5 | `.d3.groups.保有時間の帯【結果で決まる群】.1 分超〜3 分.hi` | 0 | 20.0 | 23.9 |
| FINDINGS_LEDGER.md | 728 | foot_5 | `.d3.groups.保有時間の帯【結果で決まる群】.1 分超〜3 分.lo` | 0 | 20.0 | 18.5 |
| FINDINGS_LEDGER.md | 728 | foot_5 | `.d3.groups.保有時間の帯【結果で決まる群】.1 分超〜3 分.per_trade` | 0 | 20.0 | 21.4 |
| FINDINGS_LEDGER.md | 728 | foot_5 | `.d3.groups.保有時間の帯【結果で決まる群】.3 分超〜10 分.hi` | 0 | 20.0 | 26.7 |
| FINDINGS_LEDGER.md | 728 | foot_5 | `.d3.groups.保有時間の帯【結果で決まる群】.3 分超〜10 分.lo` | 0 | 20.0 | 18.7 |
| FINDINGS_LEDGER.md | 728 | foot_5 | `.d3.groups.保有時間の帯【結果で決まる群】.3 分超〜10 分.per_trade` | 0 | 20.0 | 22.6 |
| FINDINGS_LEDGER.md | 728 | foot_5 | `.d3.groups.保有時間の帯【結果で決まる群】.〜1 分.hi` | 0 | 20.0 | 22.9 |
| FINDINGS_LEDGER.md | 728 | foot_5 | `.d3.groups.保有時間の帯【結果で決まる群】.〜1 分.lo` | 0 | 20.0 | 18.6 |
| FINDINGS_LEDGER.md | 728 | foot_5 | `.d3.groups.保有時間の帯【結果で決まる群】.〜1 分.per_trade` | 0 | 20.0 | 20.6 |
| FINDINGS_LEDGER.md | 728 | foot_5 | `.d3.trade_quantiles.0.25` | 0 | 20.0 | 12.8 |
| FINDINGS_LEDGER.md | 728 | foot_5 | `.d6.groups.〜2 分.hi` | 0 | 20.0 | 11.9 |
| FINDINGS_LEDGER.md | 728 | foot_5 | `.d7.all.mean` | 0 | 20.0 | 29.6 |
| FINDINGS_LEDGER.md | 728 | foot_5 | `.d7.years.2016.mean` | 0 | 20.0 | 10.6 |
| FINDINGS_LEDGER.md | 728 | foot_5 | `.d7.years.2020.lo` | 0 | 20.0 | 18.9 |
| FINDINGS_LEDGER.md | 728 | foot_5 | `.d7.years.2022.lo` | 0 | 20.0 | 22.6 |
| FINDINGS_LEDGER.md | 728 | levels_1 | `.d1.segments.first.lo` | 0 | 100 | 93 |
| FINDINGS_LEDGER.md | 728 | levels_1 | `.d6.groups.11 分超.lo` | 0 | 20.0 | 10.1 |
| FINDINGS_LEDGER.md | 728 | levels_1 | `.d6.groups.3 分超〜11 分.lo` | 0 | 20.0 | 12.5 |
| FINDINGS_LEDGER.md | 728 | levels_1 | `.d6.groups.3 分超〜11 分.per_trade` | 0 | 20.0 | 10.2 |
| FINDINGS_LEDGER.md | 728 | levels_1 | `.d7.years.2015.lo` | 0 | 100 | 101 |
| FINDINGS_LEDGER.md | 728 | levels_1 | `.d7.years.2017.hi` | 0 | 20.0 | 16.4 |
| FINDINGS_LEDGER.md | 728 | levels_3 | `.d1.rows[1].mean` | 0 | 20.0 | 15.3 |
| FINDINGS_LEDGER.md | 728 | levels_3 | `.d1.rows[3].lo` | 0 | 100 | 102 |
| FINDINGS_LEDGER.md | 728 | levels_3 | `.d3.groups.保有時間の帯【結果で決まる群】.0 分超〜1 分.hi` | 0 | 20.0 | 24.4 |
| FINDINGS_LEDGER.md | 728 | levels_3 | `.d3.groups.保有時間の帯【結果で決まる群】.0 分超〜1 分.lo` | 0 | 20.0 | 21.7 |
| FINDINGS_LEDGER.md | 728 | levels_3 | `.d3.groups.保有時間の帯【結果で決まる群】.0 分超〜1 分.per_trade` | 0 | 20.0 | 23.1 |
| FINDINGS_LEDGER.md | 728 | levels_3 | `.d3.groups.保有時間の帯【結果で決まる群】.1 分超〜3 分.hi` | 0 | 20.0 | 15.4 |
| FINDINGS_LEDGER.md | 728 | levels_3 | `.d3.groups.保有時間の帯【結果で決まる群】.1 分超〜3 分.lo` | 0 | 20.0 | 12.3 |
| FINDINGS_LEDGER.md | 728 | levels_3 | `.d3.groups.保有時間の帯【結果で決まる群】.1 分超〜3 分.per_trade` | 0 | 20.0 | 13.9 |
| FINDINGS_LEDGER.md | 728 | levels_3 | `.d3.groups.保有時間の帯【結果で決まる群】.〜0 分.hi` | 0 | 20.0 | 15.5 |
| FINDINGS_LEDGER.md | 728 | levels_3 | `.d3.groups.保有時間の帯【結果で決まる群】.〜0 分.lo` | 0 | 20.0 | 12.8 |
| FINDINGS_LEDGER.md | 728 | levels_3 | `.d3.groups.保有時間の帯【結果で決まる群】.〜0 分.per_trade` | 0 | 20.0 | 14.1 |
| FINDINGS_LEDGER.md | 728 | levels_3 | `.d3.trade_quantiles.0.5` | 0 | 20.0 | 23.1 |
| FINDINGS_LEDGER.md | 728 | levels_3 | `.d7.all.mean` | 0 | 100 | 108 |
| FINDINGS_LEDGER.md | 728 | levels_3 | `.d7.years.2015.lo` | 0 | 100 | 91 |
| FINDINGS_LEDGER.md | 728 | levels_3 | `.d7.years.2018.hi` | 0 | 20.0 | 10.5 |
| FINDINGS_LEDGER.md | 728 | levels_3 | `.d7.years.2018.mean` | 0 | 100 | 102 |
| FINDINGS_LEDGER.md | 728 | levels_3 | `.d7.years.2019.mde` | 0 | 100 | 92 |
| FINDINGS_LEDGER.md | 728 | levels_3 | `.d7.years.2019.mean` | 0 | 100 | 102 |
| FINDINGS_LEDGER.md | 728 | levels_3 | `.d7.years.2022.mde` | 0 | 100 | 103 |
| FINDINGS_LEDGER.md | 728 | levels_7 | `.d1.rows[0].mde` | 0 | 100 | 101 |
| FINDINGS_LEDGER.md | 728 | levels_7 | `.d1.rows[6].lo` | 0 | 100 | 96 |
| FINDINGS_LEDGER.md | 728 | levels_7 | `.d1.rows[7].hi` | 0 | 100 | 96 |
| FINDINGS_LEDGER.md | 728 | levels_7 | `.d1.rows[8].hi` | 0 | 20.0 | 25.8 |
| FINDINGS_LEDGER.md | 728 | levels_7 | `.d1.segments.second.hi` | 0 | 100 | 106 |
| FINDINGS_LEDGER.md | 728 | levels_7 | `.d1.segments.second.mde` | 0 | 100 | 101 |
| FINDINGS_LEDGER.md | 728 | levels_7 | `.d3.groups.保有時間の帯【結果で決まる群】.0 分超〜1 分.hi` | 0 | 20.0 | 10.3 |
| FINDINGS_LEDGER.md | 728 | levels_7 | `.d3.groups.保有時間の帯【結果で決まる群】.3 分超.hi` | 0 | 20.0 | 21.0 |
| FINDINGS_LEDGER.md | 728 | levels_7 | `.d3.groups.保有時間の帯【結果で決まる群】.3 分超.lo` | 0 | 20.0 | 25.8 |
| FINDINGS_LEDGER.md | 728 | levels_7 | `.d3.groups.保有時間の帯【結果で決まる群】.3 分超.per_trade` | 0 | 20.0 | 23.5 |
| FINDINGS_LEDGER.md | 728 | levels_7 | `.d3.groups.出の理由【結果で決まる群】.close.lo` | 0 | 20.0 | 28.0 |
| FINDINGS_LEDGER.md | 728 | levels_7 | `.d3.groups.出の理由【結果で決まる群】.close.per_trade` | 0 | 20.0 | 29.5 |
| FINDINGS_LEDGER.md | 728 | levels_7 | `.d3.trade_quantiles.0.5` | 0 | 20.0 | 11.2 |
| FINDINGS_LEDGER.md | 728 | levels_7 | `.d3.trade_quantiles.0.75` | 0 | 20.0 | 28.2 |
| FINDINGS_LEDGER.md | 728 | levels_7 | `.d3.trade_quantiles.0.95` | 0 | 100 | 103 |
| FINDINGS_LEDGER.md | 728 | levels_7 | `.d7.all.lo` | 0 | 20.0 | 13.2 |
| FINDINGS_LEDGER.md | 728 | levels_7 | `.d7.all.mde` | 0 | 20.0 | 30.0 |
| FINDINGS_LEDGER.md | 728 | levels_7 | `.d7.years.2016.hi` | 0 | 20.0 | 17.1 |
| FINDINGS_LEDGER.md | 728 | levels_7 | `.d7.years.2018.hi` | 0 | 20.0 | 17.1 |
| FINDINGS_LEDGER.md | 728 | levels_7 | `.d7.years.2018.lo` | 0 | 100 | 90 |
| FINDINGS_LEDGER.md | 728 | levels_7 | `.d7.years.2020.lo` | 0 | 20.0 | 17.8 |
| FINDINGS_LEDGER.md | 728 | levels_7 | `.d7.years.2020.mean` | 0 | 20.0 | 29.7 |
| FINDINGS_LEDGER.md | 728 | levels_7 | `.d7.years.2021.mde` | 0 | 100 | 96 |
| FINDINGS_LEDGER.md | 728 | range_hi_none | `.d1.rows[5].lo` | 0 | 100 | 94 |
| FINDINGS_LEDGER.md | 728 | range_hi_none | `.d1.rows[6].mean` | 0 | 20.0 | 11.1 |
| FINDINGS_LEDGER.md | 728 | range_hi_none | `.d3.groups.保有時間の帯【結果で決まる群】.0 分超〜1 分.hi` | 0 | 20.0 | 15.3 |
| FINDINGS_LEDGER.md | 728 | range_hi_none | `.d3.groups.保有時間の帯【結果で決まる群】.0 分超〜1 分.lo` | 0 | 20.0 | 13.2 |
| FINDINGS_LEDGER.md | 728 | range_hi_none | `.d3.groups.保有時間の帯【結果で決まる群】.0 分超〜1 分.per_trade` | 0 | 20.0 | 14.2 |
| FINDINGS_LEDGER.md | 728 | range_hi_none | `.d3.groups.保有時間の帯【結果で決まる群】.1 分超〜3 分.hi` | 0 | 20.0 | 10.8 |
| FINDINGS_LEDGER.md | 728 | range_hi_none | `.d3.trade_quantiles.0.5` | 0 | 20.0 | 15.4 |
| FINDINGS_LEDGER.md | 728 | range_hi_none | `.d7.all.mean` | 0 | 20.0 | 13.3 |
| FINDINGS_LEDGER.md | 728 | range_hi_none | `.d7.years.2018.mean` | 0 | 20.0 | 12.5 |
| FINDINGS_LEDGER.md | 728 | range_hi_none | `.d7.years.2019.mean` | 0 | 20.0 | 16.7 |
| FINDINGS_LEDGER.md | 728 | range_hi_none | `.d7.years.2020.mean` | 0 | 20.0 | 17.0 |
| FINDINGS_LEDGER.md | 728 | range_hi_none | `.d7.years.2021.hi` | 0 | 20.0 | 28.1 |
| FINDINGS_LEDGER.md | 728 | range_hi_none | `.d7.years.2021.mde` | 0 | 20.0 | 21.3 |
| FINDINGS_LEDGER.md | 728 | range_hi_none | `.d7.years.2021.mean` | 0 | 20.0 | 10.6 |
| FINDINGS_LEDGER.md | 728 | range_hi_p75 | `.d1.rows[0].hi` | 0 | 20.0 | 12.9 |
| FINDINGS_LEDGER.md | 728 | range_hi_p75 | `.d1.rows[0].lo` | 0 | 100 | 101 |
| FINDINGS_LEDGER.md | 728 | range_hi_p75 | `.d1.rows[2].lo` | 0 | 100 | 102 |
| FINDINGS_LEDGER.md | 728 | range_hi_p75 | `.d1.rows[5].lo` | 0 | 100 | 97 |
| FINDINGS_LEDGER.md | 728 | range_hi_p75 | `.d1.segments.second.mde` | 0 | 100 | 97 |
| FINDINGS_LEDGER.md | 728 | range_hi_p75 | `.d3.groups.保有時間の帯【結果で決まる群】.3 分超.hi` | 0 | 20.0 | 25.7 |
| FINDINGS_LEDGER.md | 728 | range_hi_p75 | `.d3.groups.保有時間の帯【結果で決まる群】.3 分超.lo` | 0 | 20.0 | 29.8 |
| FINDINGS_LEDGER.md | 728 | range_hi_p75 | `.d3.groups.保有時間の帯【結果で決まる群】.3 分超.per_trade` | 0 | 20.0 | 27.7 |
| FINDINGS_LEDGER.md | 728 | range_hi_p75 | `.d3.groups.出の理由【結果で決まる群】.close.hi` | 0 | 20.0 | 27.0 |
| FINDINGS_LEDGER.md | 728 | range_hi_p75 | `.d3.groups.出の理由【結果で決まる群】.close.lo` | 0 | 20.0 | 25.4 |
| FINDINGS_LEDGER.md | 728 | range_hi_p75 | `.d3.groups.出の理由【結果で決まる群】.close.per_trade` | 0 | 20.0 | 26.2 |
| FINDINGS_LEDGER.md | 728 | range_hi_p75 | `.d3.trade_quantiles.0.5` | 0 | 20.0 | 13.1 |
| FINDINGS_LEDGER.md | 728 | range_hi_p75 | `.d3.trade_quantiles.0.75` | 0 | 20.0 | 29.1 |
| FINDINGS_LEDGER.md | 728 | range_hi_p75 | `.d3.trade_quantiles.0.95` | 0 | 100 | 90 |
| FINDINGS_LEDGER.md | 728 | range_hi_p75 | `.d7.all.hi` | 0 | 20.0 | 19.1 |
| FINDINGS_LEDGER.md | 728 | range_hi_p75 | `.d7.years.2016.lo` | 0 | 100 | 96 |
| FINDINGS_LEDGER.md | 728 | range_hi_p75 | `.d7.years.2016.mean` | 0 | 20.0 | 20.9 |
| FINDINGS_LEDGER.md | 728 | range_hi_p75 | `.d7.years.2020.hi` | 0 | 20.0 | 21.8 |
| FINDINGS_LEDGER.md | 728 | range_hi_p75 | `.d7.years.2021.lo` | 0 | 100 | 94 |
| FINDINGS_LEDGER.md | 728 | range_hi_p75 | `.d7.years.2023.mde` | 0 | 100 | 92 |
| FINDINGS_LEDGER.md | 728 | range_hi_p90 | `.d1.rows[0].mean` | 0 | 20.0 | 14.7 |
| FINDINGS_LEDGER.md | 728 | range_hi_p90 | `.d1.rows[7].hi` | 0 | 100 | 108 |
| FINDINGS_LEDGER.md | 728 | range_hi_p90 | `.d3.groups.保有時間の帯【結果で決まる群】.0 分超〜1 分.hi` | 0 | 20.0 | 12.2 |
| FINDINGS_LEDGER.md | 728 | range_hi_p90 | `.d3.groups.保有時間の帯【結果で決まる群】.0 分超〜1 分.lo` | 0 | 20.0 | 11.0 |
| FINDINGS_LEDGER.md | 728 | range_hi_p90 | `.d3.groups.保有時間の帯【結果で決まる群】.0 分超〜1 分.per_trade` | 0 | 20.0 | 11.6 |
| FINDINGS_LEDGER.md | 728 | range_hi_p90 | `.d3.groups.保有時間の帯【結果で決まる群】.3 分超.hi` | 0 | 20.0 | 29.1 |
| FINDINGS_LEDGER.md | 728 | range_hi_p90 | `.d3.groups.出の理由【結果で決まる群】.close.lo` | 0 | 20.0 | 29.9 |
| FINDINGS_LEDGER.md | 728 | range_hi_p90 | `.d3.trade_quantiles.0.5` | 0 | 20.0 | 14.6 |
| FINDINGS_LEDGER.md | 728 | range_hi_p90 | `.d3.trade_quantiles.0.95` | 0 | 100 | 109 |
| FINDINGS_LEDGER.md | 728 | range_hi_p90 | `.d7.all.lo` | 0 | 100 | 96 |
| FINDINGS_LEDGER.md | 728 | range_hi_p90 | `.d7.years.2016.hi` | 0 | 100 | 101 |
| FINDINGS_LEDGER.md | 728 | range_hi_p90 | `.d7.years.2017.hi` | 0 | 20.0 | 26.7 |
| FINDINGS_LEDGER.md | 728 | range_hi_p90 | `.d7.years.2018.hi` | 0 | 20.0 | 18.1 |
| FINDINGS_LEDGER.md | 728 | range_hi_p90 | `.d7.years.2020.hi` | 0 | 20.0 | 20.3 |
| FINDINGS_LEDGER.md | 728 | range_hi_p90 | `.d7.years.2021.lo` | 0 | 20.0 | 26.0 |
| FINDINGS_LEDGER.md | 728 | range_hi_p90 | `.d7.years.2023.lo` | 0 | 20.0 | 22.6 |
| FINDINGS_LEDGER.md | 728 | range_lo_none | `.d3.groups.保有時間の帯【結果で決まる群】.0 分超〜1 分.hi` | 0 | 20.0 | 14.8 |
| FINDINGS_LEDGER.md | 728 | range_lo_none | `.d3.groups.保有時間の帯【結果で決まる群】.0 分超〜1 分.lo` | 0 | 20.0 | 13.1 |
| FINDINGS_LEDGER.md | 728 | range_lo_none | `.d3.groups.保有時間の帯【結果で決まる群】.0 分超〜1 分.per_trade` | 0 | 20.0 | 13.9 |
| FINDINGS_LEDGER.md | 728 | range_lo_none | `.d3.groups.保有時間の帯【結果で決まる群】.1 分超〜3 分.hi` | 0 | 20.0 | 10.8 |
| FINDINGS_LEDGER.md | 728 | range_lo_none | `.d3.trade_quantiles.0.5` | 0 | 20.0 | 15.4 |
| FINDINGS_LEDGER.md | 728 | range_lo_none | `.d7.match.sum_only_a` | 0 | 100 | 94 |
| FINDINGS_LEDGER.md | 728 | range_lo_none | `.d7.match.sum_only_b` | 0 | 20.0 | 21.7 |
| FINDINGS_LEDGER.md | 728 | range_lo_p10 | `.d3.groups.保有時間の帯【結果で決まる群】.1 分超〜3 分.hi` | 0 | 20.0 | 11.9 |
| FINDINGS_LEDGER.md | 728 | range_lo_p10 | `.d3.groups.保有時間の帯【結果で決まる群】.1 分超〜3 分.per_trade` | 0 | 20.0 | 10.6 |
| FINDINGS_LEDGER.md | 728 | range_lo_p10 | `.d3.groups.保有時間の帯【結果で決まる群】.〜1 分.hi` | 0 | 20.0 | 13.4 |
| FINDINGS_LEDGER.md | 728 | range_lo_p10 | `.d3.groups.保有時間の帯【結果で決まる群】.〜1 分.lo` | 0 | 20.0 | 11.6 |
| FINDINGS_LEDGER.md | 728 | range_lo_p10 | `.d3.groups.保有時間の帯【結果で決まる群】.〜1 分.per_trade` | 0 | 20.0 | 12.5 |
| FINDINGS_LEDGER.md | 728 | range_lo_p10 | `.d3.trade_quantiles.0.5` | 0 | 20.0 | 18.0 |
| FINDINGS_LEDGER.md | 728 | range_lo_p10 | `.d7.all.lo` | 0 | 20.0 | 12.7 |
| FINDINGS_LEDGER.md | 728 | range_lo_p10 | `.d7.all.mde` | 0 | 20.0 | 11.6 |
| FINDINGS_LEDGER.md | 728 | range_lo_p10 | `.d7.years.2017.hi` | 0 | 20.0 | 11.9 |
| FINDINGS_LEDGER.md | 728 | range_lo_p10 | `.d7.years.2017.mde` | 0 | 20.0 | 24.4 |
| FINDINGS_LEDGER.md | 728 | range_lo_p10 | `.d7.years.2017.mean` | 0 | 20.0 | 27.3 |
| FINDINGS_LEDGER.md | 728 | range_lo_p10 | `.d7.years.2018.hi` | 0 | 20.0 | 20.7 |
| FINDINGS_LEDGER.md | 728 | range_lo_p10 | `.d7.years.2018.mde` | 0 | 20.0 | 18.2 |
| FINDINGS_LEDGER.md | 728 | range_lo_p10 | `.d7.years.2019.lo` | 0 | 20.0 | 16.8 |
| FINDINGS_LEDGER.md | 728 | range_lo_p10 | `.d7.years.2019.mde` | 0 | 20.0 | 21.3 |
| FINDINGS_LEDGER.md | 728 | range_lo_p10 | `.d7.years.2020.lo` | 0 | 20.0 | 14.8 |
| FINDINGS_LEDGER.md | 728 | range_lo_p10 | `.d7.years.2020.mde` | 0 | 20.0 | 14.8 |
| FINDINGS_LEDGER.md | 728 | range_lo_p10 | `.d7.years.2020.mean` | 0 | 20.0 | 24.9 |
| FINDINGS_LEDGER.md | 728 | range_lo_p10 | `.d7.years.2022.hi` | 0 | 20.0 | 14.9 |
| FINDINGS_LEDGER.md | 728 | range_lo_p10 | `.d7.years.2022.mde` | 0 | 20.0 | 11.2 |
| FINDINGS_LEDGER.md | 728 | range_lo_p10 | `.d7.years.2023.mde` | 0 | 20.0 | 27.2 |
| FINDINGS_LEDGER.md | 728 | range_lo_p25 | `.d1.rows[0].lo` | 0 | 20.0 | 26.6 |
| FINDINGS_LEDGER.md | 728 | range_lo_p25 | `.d1.segments.second.hi` | 0 | 100 | 105 |
| FINDINGS_LEDGER.md | 728 | range_lo_p25 | `.d3.groups.保有時間の帯【結果で決まる群】.1 分超〜3 分.hi` | 0 | 20.0 | 13.7 |
| FINDINGS_LEDGER.md | 728 | range_lo_p25 | `.d3.groups.保有時間の帯【結果で決まる群】.1 分超〜3 分.lo` | 0 | 20.0 | 10.4 |
| FINDINGS_LEDGER.md | 728 | range_lo_p25 | `.d3.groups.保有時間の帯【結果で決まる群】.1 分超〜3 分.per_trade` | 0 | 20.0 | 12.2 |
| FINDINGS_LEDGER.md | 728 | range_lo_p25 | `.d3.groups.保有時間の帯【結果で決まる群】.〜1 分.hi` | 0 | 20.0 | 15.8 |
| FINDINGS_LEDGER.md | 728 | range_lo_p25 | `.d3.groups.保有時間の帯【結果で決まる群】.〜1 分.lo` | 0 | 20.0 | 13.6 |
| FINDINGS_LEDGER.md | 728 | range_lo_p25 | `.d3.groups.保有時間の帯【結果で決まる群】.〜1 分.per_trade` | 0 | 20.0 | 14.8 |
| FINDINGS_LEDGER.md | 728 | range_lo_p25 | `.d3.trade_quantiles.0.25` | 0 | 20.0 | 10.3 |
| FINDINGS_LEDGER.md | 728 | range_lo_p25 | `.d3.trade_quantiles.0.5` | 0 | 20.0 | 21.5 |
| FINDINGS_LEDGER.md | 728 | range_lo_p25 | `.d7.all.hi` | 0 | 20.0 | 29.5 |
| FINDINGS_LEDGER.md | 728 | range_lo_p25 | `.d7.all.mde` | 0 | 20.0 | 25.2 |
| FINDINGS_LEDGER.md | 728 | range_lo_p25 | `.d7.all.mean` | 0 | 20.0 | 12.0 |
| FINDINGS_LEDGER.md | 728 | range_lo_p25 | `.d7.years.2015.hi` | 0 | 100 | 91 |
| FINDINGS_LEDGER.md | 728 | range_lo_p25 | `.d7.years.2017.hi` | 0 | 20.0 | 13.8 |
| FINDINGS_LEDGER.md | 728 | range_lo_p25 | `.d7.years.2017.mean` | 0 | 20.0 | 20.9 |
| FINDINGS_LEDGER.md | 728 | range_lo_p25 | `.d7.years.2018.hi` | 0 | 20.0 | 17.6 |
| FINDINGS_LEDGER.md | 728 | range_lo_p25 | `.d7.years.2018.mean` | 0 | 20.0 | 10.0 |
| FINDINGS_LEDGER.md | 728 | range_lo_p25 | `.d7.years.2020.hi` | 0 | 100 | 107 |
| FINDINGS_LEDGER.md | 728 | range_lo_p25 | `.d7.years.2021.lo` | 0 | 20.0 | 14.7 |
| FINDINGS_LEDGER.md | 728 | range_lo_p25 | `.d7.years.2021.mde` | 0 | 20.0 | 17.4 |
| FINDINGS_LEDGER.md | 728 | range_lo_p25 | `.d7.years.2021.mean` | 0 | 20.0 | 26.5 |
| FINDINGS_LEDGER.md | 728 | range_lo_p25 | `.d7.years.2022.lo` | 0 | 20.0 | 13.3 |
| FINDINGS_LEDGER.md | 728 | range_lo_p50 | `.d1.rows[0].lo` | 0 | 20.0 | 14.2 |
| FINDINGS_LEDGER.md | 728 | range_lo_p50 | `.d1.rows[0].mde` | 0 | 100 | 106 |
| FINDINGS_LEDGER.md | 728 | range_lo_p50 | `.d1.rows[0].mean` | 0 | 100 | 91 |
| FINDINGS_LEDGER.md | 728 | range_lo_p50 | `.d1.rows[2].hi` | 0 | 20.0 | 14.3 |
| FINDINGS_LEDGER.md | 728 | range_lo_p50 | `.d1.rows[6].lo` | 0 | 20.0 | 18.4 |
| FINDINGS_LEDGER.md | 728 | range_lo_p50 | `.d1.rows[7].hi` | 0 | 20.0 | 18.0 |
| FINDINGS_LEDGER.md | 728 | range_lo_p50 | `.d1.rows[8].hi` | 0 | 20.0 | 25.7 |
| FINDINGS_LEDGER.md | 728 | range_lo_p50 | `.d3.groups.保有時間の帯【結果で決まる群】.1 分超〜4 分.hi` | 0 | 20.0 | 17.1 |
| FINDINGS_LEDGER.md | 728 | range_lo_p50 | `.d3.groups.保有時間の帯【結果で決まる群】.1 分超〜4 分.lo` | 0 | 20.0 | 12.2 |
| FINDINGS_LEDGER.md | 728 | range_lo_p50 | `.d3.groups.保有時間の帯【結果で決まる群】.1 分超〜4 分.per_trade` | 0 | 20.0 | 14.7 |
| FINDINGS_LEDGER.md | 728 | range_lo_p50 | `.d3.groups.保有時間の帯【結果で決まる群】.〜1 分.hi` | 0 | 20.0 | 21.8 |
| FINDINGS_LEDGER.md | 728 | range_lo_p50 | `.d3.groups.保有時間の帯【結果で決まる群】.〜1 分.lo` | 0 | 20.0 | 18.7 |
| FINDINGS_LEDGER.md | 728 | range_lo_p50 | `.d3.groups.保有時間の帯【結果で決まる群】.〜1 分.per_trade` | 0 | 20.0 | 20.3 |
| FINDINGS_LEDGER.md | 728 | range_lo_p50 | `.d3.trade_quantiles.0.25` | 0 | 20.0 | 14.7 |
| FINDINGS_LEDGER.md | 728 | range_lo_p50 | `.d3.trade_quantiles.0.5` | 0 | 20.0 | 29.2 |
| FINDINGS_LEDGER.md | 728 | range_lo_p50 | `.d7.all.lo` | 0 | 20.0 | 14.1 |
| FINDINGS_LEDGER.md | 728 | range_lo_p50 | `.d7.years.2015.lo` | 0 | 20.0 | 29.0 |
| FINDINGS_LEDGER.md | 728 | range_lo_p50 | `.d7.years.2017.lo` | 0 | 100 | 108 |
| FINDINGS_LEDGER.md | 728 | range_lo_p50 | `.d7.years.2017.mde` | 0 | 100 | 102 |
| FINDINGS_LEDGER.md | 728 | range_lo_p50 | `.d7.years.2018.mde` | 0 | 100 | 102 |
| FINDINGS_LEDGER.md | 728 | range_lo_p50 | `.d7.years.2019.hi` | 0 | 20.0 | 21.4 |
| FINDINGS_LEDGER.md | 728 | range_lo_p50 | `.d7.years.2019.mde` | 0 | 100 | 97 |
| FINDINGS_LEDGER.md | 728 | range_lo_p50 | `.d7.years.2020.mde` | 0 | 100 | 103 |
| FINDINGS_LEDGER.md | 728 | range_lo_p50 | `.d7.years.2021.lo` | 0 | 100 | 103 |
| FINDINGS_LEDGER.md | 728 | range_lo_p50 | `.d7.years.2022.lo` | 0 | 100 | 103 |
| FINDINGS_LEDGER.md | 728 | step_2 | `.d1.rows[0].mde` | 0 | 100 | 92 |
| FINDINGS_LEDGER.md | 728 | step_2 | `.d1.rows[0].mean` | 0 | 20.0 | 11.9 |
| FINDINGS_LEDGER.md | 728 | step_2 | `.d1.rows[5].lo` | 0 | 20.0 | 22.1 |
| FINDINGS_LEDGER.md | 728 | step_2 | `.d1.segments.second.mde` | 0 | 100 | 92 |
| FINDINGS_LEDGER.md | 728 | step_2 | `.d3.groups.保有時間の帯【結果で決まる群】.3 分超.hi` | 0 | 20.0 | 21.8 |
| FINDINGS_LEDGER.md | 728 | step_2 | `.d3.groups.保有時間の帯【結果で決まる群】.3 分超.lo` | 0 | 20.0 | 26.4 |
| FINDINGS_LEDGER.md | 728 | step_2 | `.d3.groups.保有時間の帯【結果で決まる群】.3 分超.per_trade` | 0 | 20.0 | 24.1 |
| FINDINGS_LEDGER.md | 728 | step_2 | `.d3.groups.出の理由【結果で決まる群】.close.hi` | 0 | 20.0 | 26.8 |
| FINDINGS_LEDGER.md | 728 | step_2 | `.d3.groups.出の理由【結果で決まる群】.close.lo` | 0 | 20.0 | 24.4 |
| FINDINGS_LEDGER.md | 728 | step_2 | `.d3.groups.出の理由【結果で決まる群】.close.per_trade` | 0 | 20.0 | 25.6 |
| FINDINGS_LEDGER.md | 728 | step_2 | `.d3.trade_quantiles.0.5` | 0 | 20.0 | 11.6 |
| FINDINGS_LEDGER.md | 728 | step_2 | `.d3.trade_quantiles.0.75` | 0 | 20.0 | 24.6 |
| FINDINGS_LEDGER.md | 728 | step_2 | `.d7.years.2016.hi` | 0 | 20.0 | 22.9 |
| FINDINGS_LEDGER.md | 728 | step_2 | `.d7.years.2016.mde` | 0 | 100 | 96 |
| FINDINGS_LEDGER.md | 728 | step_2 | `.d7.years.2017.hi` | 0 | 20.0 | 14.0 |
| FINDINGS_LEDGER.md | 728 | step_2 | `.d7.years.2019.mde` | 0 | 100 | 98 |
| FINDINGS_LEDGER.md | 728 | step_2 | `.d7.years.2020.mde` | 0 | 100 | 94 |
| FINDINGS_LEDGER.md | 728 | step_2 | `.d7.years.2022.lo` | 0 | 20.0 | 27.6 |
| FINDINGS_LEDGER.md | 728 | step_4 | `.d1.rows[1].mean` | 0 | 20.0 | 21.1 |
| FINDINGS_LEDGER.md | 728 | step_4 | `.d1.rows[2].mean` | 0 | 100 | 96 |
| FINDINGS_LEDGER.md | 728 | step_4 | `.d1.rows[3].lo` | 0 | 100 | 91 |
| FINDINGS_LEDGER.md | 728 | step_4 | `.d1.rows[5].mde` | 0 | 100 | 97 |
| FINDINGS_LEDGER.md | 728 | step_4 | `.d1.rows[6].mean` | 0 | 100 | 103 |
| FINDINGS_LEDGER.md | 728 | step_4 | `.d1.segments.first.mde` | 0 | 100 | 102 |
| FINDINGS_LEDGER.md | 728 | step_4 | `.d3.groups.保有時間の帯【結果で決まる群】.3 分超.hi` | 0 | 20.0 | 20.3 |
| FINDINGS_LEDGER.md | 728 | step_4 | `.d3.groups.保有時間の帯【結果で決まる群】.3 分超.lo` | 0 | 20.0 | 23.8 |
| FINDINGS_LEDGER.md | 728 | step_4 | `.d3.groups.保有時間の帯【結果で決まる群】.3 分超.per_trade` | 0 | 20.0 | 22.1 |
| FINDINGS_LEDGER.md | 728 | step_4 | `.d3.groups.出の理由【結果で決まる群】.close.hi` | 0 | 20.0 | 17.8 |
| FINDINGS_LEDGER.md | 728 | step_4 | `.d3.groups.出の理由【結果で決まる群】.close.lo` | 0 | 20.0 | 16.2 |
| FINDINGS_LEDGER.md | 728 | step_4 | `.d3.groups.出の理由【結果で決まる群】.close.per_trade` | 0 | 20.0 | 17.0 |
| FINDINGS_LEDGER.md | 728 | step_4 | `.d3.trade_quantiles.0.75` | 0 | 20.0 | 17.6 |
| FINDINGS_LEDGER.md | 728 | step_4 | `.d7.years.2015.lo` | 0 | 20.0 | 21.2 |
| FINDINGS_LEDGER.md | 728 | step_4 | `.d7.years.2016.hi` | 0 | 100 | 101 |
| FINDINGS_LEDGER.md | 728 | step_4 | `.d7.years.2017.hi` | 0 | 100 | 92 |
| FINDINGS_LEDGER.md | 728 | step_4 | `.d7.years.2020.mean` | 0 | 100 | 109 |
| FINDINGS_LEDGER.md | 728 | step_4 | `.d7.years.2021.lo` | 0 | 20.0 | 28.9 |
| FINDINGS_LEDGER.md | 728 | step_4 | `.d7.years.2021.mean` | 0 | 100 | 92 |
| FINDINGS_LEDGER.md | 728 | step_4 | `.d7.years.2022.lo` | 0 | 20.0 | 11.1 |
| FINDINGS_LEDGER.md | 728 | vola_gate_p10 | `.d1.rows[2].mean` | 0 | 20.0 | 25.7 |
| FINDINGS_LEDGER.md | 728 | vola_gate_p10 | `.d1.rows[5].lo` | 0 | 100 | 106 |
| FINDINGS_LEDGER.md | 728 | vola_gate_p10 | `.d1.rows[6].mean` | 0 | 20.0 | 23.1 |
| FINDINGS_LEDGER.md | 728 | vola_gate_p10 | `.d3.groups.保有時間の帯【結果で決まる群】.1 分超〜3 分.hi` | 0 | 20.0 | 11.6 |
| FINDINGS_LEDGER.md | 728 | vola_gate_p10 | `.d3.groups.保有時間の帯【結果で決まる群】.1 分超〜3 分.per_trade` | 0 | 20.0 | 10.3 |
| FINDINGS_LEDGER.md | 728 | vola_gate_p10 | `.d3.groups.保有時間の帯【結果で決まる群】.〜1 分.hi` | 0 | 20.0 | 13.1 |
| FINDINGS_LEDGER.md | 728 | vola_gate_p10 | `.d3.groups.保有時間の帯【結果で決まる群】.〜1 分.lo` | 0 | 20.0 | 11.2 |
| FINDINGS_LEDGER.md | 728 | vola_gate_p10 | `.d3.groups.保有時間の帯【結果で決まる群】.〜1 分.per_trade` | 0 | 20.0 | 12.2 |
| FINDINGS_LEDGER.md | 728 | vola_gate_p10 | `.d3.trade_quantiles.0.5` | 0 | 20.0 | 17.4 |
| FINDINGS_LEDGER.md | 728 | vola_gate_p10 | `.d7.all.hi` | 0 | 20.0 | 12.5 |
| FINDINGS_LEDGER.md | 728 | vola_gate_p10 | `.d7.all.lo` | 0 | 20.0 | 16.1 |
| FINDINGS_LEDGER.md | 728 | vola_gate_p10 | `.d7.all.mde` | 0 | 20.0 | 20.5 |
| FINDINGS_LEDGER.md | 728 | vola_gate_p10 | `.d7.years.2016.mean` | 0 | 100 | 107 |
| FINDINGS_LEDGER.md | 728 | vola_gate_p10 | `.d7.years.2017.hi` | 0 | 20.0 | 11.1 |
| FINDINGS_LEDGER.md | 728 | vola_gate_p10 | `.d7.years.2017.mde` | 0 | 20.0 | 23.5 |
| FINDINGS_LEDGER.md | 728 | vola_gate_p10 | `.d7.years.2017.mean` | 0 | 20.0 | 26.1 |
| FINDINGS_LEDGER.md | 728 | vola_gate_p10 | `.d7.years.2018.hi` | 0 | 20.0 | 24.1 |
| FINDINGS_LEDGER.md | 728 | vola_gate_p10 | `.d7.years.2018.mde` | 0 | 20.0 | 19.4 |
| FINDINGS_LEDGER.md | 728 | vola_gate_p10 | `.d7.years.2018.mean` | 0 | 20.0 | 10.1 |
| FINDINGS_LEDGER.md | 728 | vola_gate_p10 | `.d7.years.2019.mde` | 0 | 20.0 | 20.2 |
| FINDINGS_LEDGER.md | 728 | vola_gate_p10 | `.d7.years.2019.mean` | 0 | 20.0 | 16.4 |
| FINDINGS_LEDGER.md | 728 | vola_gate_p10 | `.d7.years.2020.hi` | 0 | 20.0 | 27.3 |
| FINDINGS_LEDGER.md | 728 | vola_gate_p10 | `.d7.years.2020.mde` | 0 | 20.0 | 13.8 |
| FINDINGS_LEDGER.md | 728 | vola_gate_p10 | `.d7.years.2020.mean` | 0 | 20.0 | 17.2 |
| FINDINGS_LEDGER.md | 728 | vola_gate_p10 | `.d7.years.2022.hi` | 0 | 20.0 | 11.9 |
| FINDINGS_LEDGER.md | 728 | vola_gate_p10 | `.d7.years.2022.mde` | 0 | 20.0 | 11.9 |
| FINDINGS_LEDGER.md | 728 | vola_gate_p10 | `.d7.years.2023.lo` | 0 | 20.0 | 29.2 |
| FINDINGS_LEDGER.md | 728 | vola_gate_p25 | `.d1.rows[0].lo` | 0 | 20.0 | 13.8 |
| FINDINGS_LEDGER.md | 728 | vola_gate_p25 | `.d1.rows[2].mean` | 0 | 20.0 | 21.8 |
| FINDINGS_LEDGER.md | 728 | vola_gate_p25 | `.d1.rows[5].lo` | 0 | 100 | 105 |
| FINDINGS_LEDGER.md | 728 | vola_gate_p25 | `.d1.segments.second.hi` | 0 | 100 | 97 |
| FINDINGS_LEDGER.md | 728 | vola_gate_p25 | `.d3.groups.保有時間の帯【結果で決まる群】.1 分超〜3 分.hi` | 0 | 20.0 | 13.2 |
| FINDINGS_LEDGER.md | 728 | vola_gate_p25 | `.d3.groups.保有時間の帯【結果で決まる群】.1 分超〜3 分.per_trade` | 0 | 20.0 | 11.6 |
| FINDINGS_LEDGER.md | 728 | vola_gate_p25 | `.d3.groups.保有時間の帯【結果で決まる群】.〜1 分.hi` | 0 | 20.0 | 14.8 |
| FINDINGS_LEDGER.md | 728 | vola_gate_p25 | `.d3.groups.保有時間の帯【結果で決まる群】.〜1 分.lo` | 0 | 20.0 | 12.7 |
| FINDINGS_LEDGER.md | 728 | vola_gate_p25 | `.d3.groups.保有時間の帯【結果で決まる群】.〜1 分.per_trade` | 0 | 20.0 | 13.8 |
| FINDINGS_LEDGER.md | 728 | vola_gate_p25 | `.d3.trade_quantiles.0.5` | 0 | 20.0 | 20.3 |
| FINDINGS_LEDGER.md | 728 | vola_gate_p25 | `.d7.all.mean` | 0 | 20.0 | 26.8 |
| FINDINGS_LEDGER.md | 728 | vola_gate_p25 | `.d7.years.2015.lo` | 0 | 20.0 | 16.6 |
| FINDINGS_LEDGER.md | 728 | vola_gate_p25 | `.d7.years.2016.hi` | 0 | 20.0 | 19.8 |
| FINDINGS_LEDGER.md | 728 | vola_gate_p25 | `.d7.years.2017.hi` | 0 | 20.0 | 12.0 |
| FINDINGS_LEDGER.md | 728 | vola_gate_p25 | `.d7.years.2018.hi` | 0 | 20.0 | 11.0 |
| FINDINGS_LEDGER.md | 728 | vola_gate_p25 | `.d7.years.2018.mean` | 0 | 20.0 | 11.2 |
| FINDINGS_LEDGER.md | 728 | vola_gate_p25 | `.d7.years.2019.lo` | 0 | 20.0 | 13.5 |
| FINDINGS_LEDGER.md | 728 | vola_gate_p25 | `.d7.years.2019.mean` | 0 | 20.0 | 18.5 |
| FINDINGS_LEDGER.md | 728 | vola_gate_p25 | `.d7.years.2020.hi` | 0 | 100 | 108 |
| FINDINGS_LEDGER.md | 728 | vola_gate_p25 | `.d7.years.2021.hi` | 0 | 20.0 | 20.8 |
| FINDINGS_LEDGER.md | 728 | vola_gate_p25 | `.d7.years.2021.mde` | 0 | 20.0 | 12.9 |
| FINDINGS_LEDGER.md | 728 | vola_gate_p25 | `.d7.years.2021.mean` | 0 | 20.0 | 11.1 |
| FINDINGS_LEDGER.md | 728 | vola_gate_p25 | `.d7.years.2022.lo` | 0 | 20.0 | 12.2 |
| FINDINGS_LEDGER.md | 728 | vola_gate_p25 | `.d7.years.2023.mde` | 0 | 100 | 94 |
| FINDINGS_LEDGER.md | 728 | vola_gate_p50 | `.d1.rows[0].lo` | 0 | 20.0 | 23.8 |
| FINDINGS_LEDGER.md | 728 | vola_gate_p50 | `.d1.rows[0].mde` | 0 | 100 | 103 |
| FINDINGS_LEDGER.md | 728 | vola_gate_p50 | `.d1.rows[0].mean` | 0 | 100 | 99 |
| FINDINGS_LEDGER.md | 728 | vola_gate_p50 | `.d1.rows[2].mean` | 0 | 20.0 | 12.6 |
| FINDINGS_LEDGER.md | 728 | vola_gate_p50 | `.d1.rows[6].lo` | 0 | 20.0 | 23.7 |
| FINDINGS_LEDGER.md | 728 | vola_gate_p50 | `.d1.segments.second.hi` | 0 | 20.0 | 10.8 |
| FINDINGS_LEDGER.md | 728 | vola_gate_p50 | `.d3.groups.保有時間の帯【結果で決まる群】.1 分超〜3 分.hi` | 0 | 20.0 | 17.8 |
| FINDINGS_LEDGER.md | 728 | vola_gate_p50 | `.d3.groups.保有時間の帯【結果で決まる群】.1 分超〜3 分.lo` | 0 | 20.0 | 13.1 |
| FINDINGS_LEDGER.md | 728 | vola_gate_p50 | `.d3.groups.保有時間の帯【結果で決まる群】.1 分超〜3 分.per_trade` | 0 | 20.0 | 15.6 |
| FINDINGS_LEDGER.md | 728 | vola_gate_p50 | `.d3.groups.保有時間の帯【結果で決まる群】.〜1 分.hi` | 0 | 20.0 | 19.6 |
| FINDINGS_LEDGER.md | 728 | vola_gate_p50 | `.d3.groups.保有時間の帯【結果で決まる群】.〜1 分.lo` | 0 | 20.0 | 16.7 |
| FINDINGS_LEDGER.md | 728 | vola_gate_p50 | `.d3.groups.保有時間の帯【結果で決まる群】.〜1 分.per_trade` | 0 | 20.0 | 18.2 |
| FINDINGS_LEDGER.md | 728 | vola_gate_p50 | `.d3.trade_quantiles.0.25` | 0 | 20.0 | 14.0 |
| FINDINGS_LEDGER.md | 728 | vola_gate_p50 | `.d3.trade_quantiles.0.5` | 0 | 20.0 | 26.2 |
| FINDINGS_LEDGER.md | 728 | vola_gate_p50 | `.d7.all.hi` | 0 | 100 | 95 |
| FINDINGS_LEDGER.md | 728 | vola_gate_p50 | `.d7.all.lo` | 0 | 20.0 | 14.8 |
| FINDINGS_LEDGER.md | 728 | vola_gate_p50 | `.d7.years.2016.hi` | 0 | 100 | 95 |
| FINDINGS_LEDGER.md | 728 | vola_gate_p50 | `.d7.years.2017.hi` | 0 | 20.0 | 12.0 |
| FINDINGS_LEDGER.md | 728 | vola_gate_p50 | `.d7.years.2018.mean` | 0 | 100 | 105 |
| FINDINGS_LEDGER.md | 728 | vola_gate_p50 | `.d7.years.2019.hi` | 0 | 20.0 | 25.6 |
| FINDINGS_LEDGER.md | 728 | vola_gate_p50 | `.d7.years.2019.lo` | 0 | 100 | 99 |
| FINDINGS_LEDGER.md | 728 | vola_gate_p50 | `.d7.years.2019.mde` | 0 | 100 | 91 |
| FINDINGS_LEDGER.md | 728 | vola_gate_p50 | `.d7.years.2021.mean` | 0 | 100 | 93 |
| FINDINGS_LEDGER.md | 728 | vola_gate_p50 | `.d7.years.2022.mde` | 0 | 100 | 90 |
| FINDINGS_LEDGER.md | 745 | break_delay_2 | `.d1.segments.second.mde` | 2 | 118.8 | 118.7 |
| FINDINGS_LEDGER.md | 745 | step_4 | `.d1.rows[8].hi` | 2 | 118.8 | 118.7 |
| FINDINGS_LEDGER.md | 762 | alert_x1 | `.d1.rows[1].mean` | 0 | 100 | 98 |
| FINDINGS_LEDGER.md | 762 | alert_x1 | `.d1.rows[5].lo` | 0 | 100 | 93 |
| FINDINGS_LEDGER.md | 762 | alert_x2 | `.d1.rows[5].lo` | 0 | 100 | 94 |
| FINDINGS_LEDGER.md | 762 | alert_x2 | `.d7.years.2019.hi` | 2 | 14.6 | 14.5 |
| FINDINGS_LEDGER.md | 762 | beard_off | `.d1.rows[1].hi` | 0 | 1,200 | 1,204 |
| FINDINGS_LEDGER.md | 762 | beard_off | `.d3.groups.出の理由【結果で決まる群】.close.hi` | 2 | 37.6 | 37.5 |
| FINDINGS_LEDGER.md | 762 | beard_off | `.d7.all.hi` | 0 | 100 | 93 |
| FINDINGS_LEDGER.md | 762 | beard_off | `.d7.years.2016.mde` | 0 | 100 | 105 |
| FINDINGS_LEDGER.md | 762 | beard_off | `.d7.years.2023.hi` | 0 | 100 | 92 |
| FINDINGS_LEDGER.md | 762 | break_delay_2 | `.d1.rows[5].lo` | 0 | 100 | 105 |
| FINDINGS_LEDGER.md | 762 | break_delay_2 | `.d7.years.2021.mde` | 0 | 100 | 98 |
| FINDINGS_LEDGER.md | 762 | break_delay_3 | `.d1.rows[3].lo` | 0 | 100 | 96 |
| FINDINGS_LEDGER.md | 762 | break_delay_3 | `.d1.rows[5].lo` | 0 | 100 | 97 |
| FINDINGS_LEDGER.md | 762 | break_delay_3 | `.d1.rows[8].hi` | 0 | 100 | 105 |
| FINDINGS_LEDGER.md | 762 | break_delay_3 | `.d7.years.2020.mde` | 0 | 100 | 97 |
| FINDINGS_LEDGER.md | 762 | break_delay_3 | `.d7.years.2022.mde` | 0 | 100 | 97 |
| FINDINGS_LEDGER.md | 762 | break_delay_4 | `.d7.years.2019.mde` | 0 | 100 | 107 |
| FINDINGS_LEDGER.md | 762 | break_delay_4 | `.d7.years.2022.hi` | 0 | 100 | 94 |
| FINDINGS_LEDGER.md | 762 | break_delay_8 | `.d1.rows[2].mean` | 0 | 100 | 92 |
| FINDINGS_LEDGER.md | 762 | break_delay_8 | `.d1.rows[5].lo` | 0 | 100 | 107 |
| FINDINGS_LEDGER.md | 762 | break_delay_8 | `.d7.years.2016.mde` | 0 | 100 | 102 |
| FINDINGS_LEDGER.md | 762 | break_dist_0.25 | `.d1.rows[0].mde` | 0 | 100 | 98 |
| FINDINGS_LEDGER.md | 762 | break_dist_0.25 | `.d1.rows[0].mean` | 0 | 100 | 92 |
| FINDINGS_LEDGER.md | 762 | break_dist_0.25 | `.d1.rows[2].lo` | 0 | 100 | 97 |
| FINDINGS_LEDGER.md | 762 | break_dist_0.25 | `.d7.all.hi` | 0 | 100 | 95 |
| FINDINGS_LEDGER.md | 762 | break_dist_0.25 | `.d7.years.2016.hi` | 0 | 100 | 109 |
| FINDINGS_LEDGER.md | 762 | break_dist_1 | `.d1.rows[0].mean` | 0 | 100 | 92 |
| FINDINGS_LEDGER.md | 762 | break_dist_1 | `.d1.rows[8].hi` | 0 | 100 | 109 |
| FINDINGS_LEDGER.md | 762 | break_dist_1 | `.d7.all.hi` | 0 | 100 | 107 |
| FINDINGS_LEDGER.md | 762 | break_dist_1 | `.d7.all.mde` | 0 | 100 | 93 |
| FINDINGS_LEDGER.md | 762 | break_dist_1 | `.d7.years.2016.hi` | 0 | 100 | 92 |
| FINDINGS_LEDGER.md | 762 | break_dist_1 | `.d7.years.2016.lo` | 0 | 100 | 97 |
| FINDINGS_LEDGER.md | 762 | break_dist_1 | `.d7.years.2022.hi` | 0 | 100 | 93 |
| FINDINGS_LEDGER.md | 762 | break_len_mult_4 | `.d1.rows[7].hi` | 0 | 100 | 94 |
| FINDINGS_LEDGER.md | 762 | break_len_mult_4 | `.d7.years.2021.lo` | 0 | 100 | 103 |
| FINDINGS_LEDGER.md | 762 | break_len_mult_4 | `.d7.years.2023.mde` | 0 | 100 | 109 |
| FINDINGS_LEDGER.md | 762 | break_off | `.d3.groups.保有時間の帯【結果で決まる群】.4 分超.hi` | 0 | 100 | 103 |
| FINDINGS_LEDGER.md | 762 | count_20 | `.d1.segments.diff.hi` | 0 | 100 | 97 |
| FINDINGS_LEDGER.md | 762 | count_20 | `.d1.segments.second.mde` | 0 | 100 | 94 |
| FINDINGS_LEDGER.md | 762 | count_20 | `.d3.groups.出の理由【結果で決まる群】.break.lo` | 0 | 100 | 93 |
| FINDINGS_LEDGER.md | 762 | count_20 | `.d3.trade_quantiles.0.05` | 0 | 100 | 109 |
| FINDINGS_LEDGER.md | 762 | count_20 | `.d7.all.mde` | 0 | 100 | 102 |
| FINDINGS_LEDGER.md | 762 | count_80 | `.d7.all.hi` | 0 | 100 | 93 |
| FINDINGS_LEDGER.md | 762 | entry_exit_2_1 | `.d7.years.2017.lo` | 0 | 100 | 106 |
| FINDINGS_LEDGER.md | 762 | entry_exit_3_2 | `.d1.rows[0].lo` | 0 | 100 | 103 |
| FINDINGS_LEDGER.md | 762 | entry_exit_3_2 | `.d1.segments.diff.lo` | 0 | 1,200 | 1,191 |
| FINDINGS_LEDGER.md | 762 | entry_exit_3_2 | `.d7.years.2017.lo` | 0 | 100 | 105 |
| FINDINGS_LEDGER.md | 762 | entry_exit_3_2 | `.d7.years.2019.hi` | 0 | 100 | 92 |
| FINDINGS_LEDGER.md | 762 | foot_5 | `.d1.rows[0].lo` | 2 | 9.2 | 9.1 |
| FINDINGS_LEDGER.md | 762 | foot_5 | `.d1.rows[0].mde` | 0 | 100 | 96 |
| FINDINGS_LEDGER.md | 762 | foot_5 | `.d1.segments.second.lo` | 0 | 100 | 106 |
| FINDINGS_LEDGER.md | 762 | levels_1 | `.d1.rows[7].hi` | 0 | 1,200 | 1,197 |
| FINDINGS_LEDGER.md | 762 | levels_1 | `.d1.segments.first.lo` | 0 | 100 | 93 |
| FINDINGS_LEDGER.md | 762 | levels_3 | `.d1.rows[3].lo` | 0 | 100 | 102 |
| FINDINGS_LEDGER.md | 762 | levels_3 | `.d7.years.2015.lo` | 0 | 100 | 91 |
| FINDINGS_LEDGER.md | 762 | levels_3 | `.d7.years.2018.mean` | 0 | 100 | 102 |
| FINDINGS_LEDGER.md | 762 | levels_3 | `.d7.years.2019.mde` | 0 | 100 | 92 |
| FINDINGS_LEDGER.md | 762 | levels_3 | `.d7.years.2019.mean` | 0 | 100 | 102 |
| FINDINGS_LEDGER.md | 762 | levels_3 | `.d7.years.2022.mde` | 0 | 100 | 103 |
| FINDINGS_LEDGER.md | 762 | levels_7 | `.d1.rows[6].lo` | 0 | 100 | 96 |
| FINDINGS_LEDGER.md | 762 | levels_7 | `.d1.rows[7].hi` | 0 | 100 | 96 |
| FINDINGS_LEDGER.md | 762 | levels_7 | `.d1.segments.second.hi` | 0 | 100 | 106 |
| FINDINGS_LEDGER.md | 762 | levels_7 | `.d3.trade_quantiles.0.95` | 0 | 100 | 103 |
| FINDINGS_LEDGER.md | 762 | levels_7 | `.d7.years.2018.lo` | 0 | 100 | 90 |
| FINDINGS_LEDGER.md | 762 | levels_7 | `.d7.years.2021.mde` | 0 | 100 | 96 |
| FINDINGS_LEDGER.md | 762 | levels_7 | `.d7.years.2023.mde` | 2 | 55.6 | 55.7 |
| FINDINGS_LEDGER.md | 762 | range_hi_none | `.d1.rows[5].lo` | 0 | 100 | 94 |
| FINDINGS_LEDGER.md | 762 | range_hi_p75 | `.d1.rows[2].lo` | 0 | 100 | 102 |
| FINDINGS_LEDGER.md | 762 | range_hi_p75 | `.d1.rows[5].lo` | 0 | 100 | 97 |
| FINDINGS_LEDGER.md | 762 | range_hi_p75 | `.d1.segments.second.mde` | 0 | 100 | 97 |
| FINDINGS_LEDGER.md | 762 | range_hi_p75 | `.d3.trade_quantiles.0.95` | 0 | 100 | 90 |
| FINDINGS_LEDGER.md | 762 | range_hi_p75 | `.d7.years.2016.lo` | 0 | 100 | 96 |
| FINDINGS_LEDGER.md | 762 | range_hi_p75 | `.d7.years.2021.lo` | 0 | 100 | 94 |
| FINDINGS_LEDGER.md | 762 | range_hi_p75 | `.d7.years.2023.mde` | 0 | 100 | 92 |
| FINDINGS_LEDGER.md | 762 | range_hi_p90 | `.d3.groups.保有時間の帯【結果で決まる群】.〜0 分.per_trade` | 2 | 5.0 | 5.1 |
| FINDINGS_LEDGER.md | 762 | range_hi_p90 | `.d3.trade_quantiles.0.95` | 0 | 100 | 109 |
| FINDINGS_LEDGER.md | 762 | range_hi_p90 | `.d7.all.lo` | 0 | 100 | 96 |
| FINDINGS_LEDGER.md | 762 | range_lo_none | `.d7.match.sum_only_a` | 0 | 100 | 94 |
| FINDINGS_LEDGER.md | 762 | range_lo_p10 | `.d1.rows[1].lo` | 0 | 1,600 | 1,590 |
| FINDINGS_LEDGER.md | 762 | range_lo_p25 | `.d1.rows[1].hi` | 0 | 1,200 | 1,190 |
| FINDINGS_LEDGER.md | 762 | range_lo_p25 | `.d1.segments.second.hi` | 0 | 100 | 105 |
| FINDINGS_LEDGER.md | 762 | range_lo_p25 | `.d3.groups.保有時間の帯【結果で決まる群】.3 分超.hi` | 2 | 37.6 | 37.7 |
| FINDINGS_LEDGER.md | 762 | range_lo_p25 | `.d7.years.2015.hi` | 0 | 100 | 91 |
| FINDINGS_LEDGER.md | 762 | range_lo_p25 | `.d7.years.2020.hi` | 0 | 100 | 107 |
| FINDINGS_LEDGER.md | 762 | range_lo_p25 | `.d7.years.2021.lo` | 2 | 14.6 | 14.7 |
| FINDINGS_LEDGER.md | 762 | range_lo_p50 | `.d1.rows[0].mde` | 0 | 100 | 106 |
| FINDINGS_LEDGER.md | 762 | range_lo_p50 | `.d1.rows[0].mean` | 0 | 100 | 91 |
| FINDINGS_LEDGER.md | 762 | range_lo_p50 | `.d7.years.2017.mde` | 0 | 100 | 102 |
| FINDINGS_LEDGER.md | 762 | range_lo_p50 | `.d7.years.2018.mde` | 0 | 100 | 102 |
| FINDINGS_LEDGER.md | 762 | range_lo_p50 | `.d7.years.2019.mde` | 0 | 100 | 97 |
| FINDINGS_LEDGER.md | 762 | range_lo_p50 | `.d7.years.2020.mde` | 0 | 100 | 103 |
| FINDINGS_LEDGER.md | 762 | range_lo_p50 | `.d7.years.2021.lo` | 0 | 100 | 103 |
| FINDINGS_LEDGER.md | 762 | range_lo_p50 | `.d7.years.2022.lo` | 0 | 100 | 103 |
| FINDINGS_LEDGER.md | 762 | step_2 | `.d1.rows[0].mde` | 0 | 100 | 92 |
| FINDINGS_LEDGER.md | 762 | step_2 | `.d1.segments.second.mde` | 0 | 100 | 92 |
| FINDINGS_LEDGER.md | 762 | step_2 | `.d7.years.2016.mde` | 0 | 100 | 96 |
| FINDINGS_LEDGER.md | 762 | step_2 | `.d7.years.2019.mde` | 0 | 100 | 98 |
| FINDINGS_LEDGER.md | 762 | step_2 | `.d7.years.2020.mde` | 0 | 100 | 94 |
| FINDINGS_LEDGER.md | 762 | step_4 | `.d1.rows[2].mean` | 0 | 100 | 96 |
| FINDINGS_LEDGER.md | 762 | step_4 | `.d1.rows[3].lo` | 0 | 100 | 91 |
| FINDINGS_LEDGER.md | 762 | step_4 | `.d1.rows[5].mde` | 0 | 100 | 97 |
| FINDINGS_LEDGER.md | 762 | step_4 | `.d1.rows[6].mean` | 0 | 100 | 103 |
| FINDINGS_LEDGER.md | 762 | step_4 | `.d1.segments.first.mde` | 0 | 100 | 102 |
| FINDINGS_LEDGER.md | 762 | step_4 | `.d3.groups.保有時間の帯【結果で決まる群】.〜0 分.hi` | 2 | 9.2 | 9.1 |
| FINDINGS_LEDGER.md | 762 | step_4 | `.d7.years.2017.hi` | 0 | 100 | 92 |
| FINDINGS_LEDGER.md | 762 | step_4 | `.d7.years.2020.mean` | 0 | 100 | 109 |
| FINDINGS_LEDGER.md | 762 | step_4 | `.d7.years.2021.mean` | 0 | 100 | 92 |
| FINDINGS_LEDGER.md | 762 | vola_gate_p10 | `.d1.rows[5].lo` | 0 | 100 | 106 |
| FINDINGS_LEDGER.md | 762 | vola_gate_p10 | `.d7.years.2016.mean` | 0 | 100 | 107 |
| FINDINGS_LEDGER.md | 762 | vola_gate_p25 | `.d1.rows[5].lo` | 0 | 100 | 105 |
| FINDINGS_LEDGER.md | 762 | vola_gate_p25 | `.d1.segments.second.hi` | 0 | 100 | 97 |
| FINDINGS_LEDGER.md | 762 | vola_gate_p25 | `.d7.years.2023.mde` | 0 | 100 | 94 |
| FINDINGS_LEDGER.md | 762 | vola_gate_p50 | `.d1.rows[0].mde` | 0 | 100 | 103 |
| FINDINGS_LEDGER.md | 762 | vola_gate_p50 | `.d7.all.hi` | 0 | 100 | 95 |
| FINDINGS_LEDGER.md | 762 | vola_gate_p50 | `.d7.years.2016.hi` | 0 | 100 | 95 |
| FINDINGS_LEDGER.md | 762 | vola_gate_p50 | `.d7.years.2018.mean` | 0 | 100 | 105 |
| FINDINGS_LEDGER.md | 762 | vola_gate_p50 | `.d7.years.2019.mde` | 0 | 100 | 91 |
| FINDINGS_LEDGER.md | 762 | vola_gate_p50 | `.d7.years.2021.mean` | 0 | 100 | 93 |
| FINDINGS_LEDGER.md | 762 | vola_gate_p50 | `.d7.years.2022.mde` | 0 | 100 | 90 |
| FINDINGS_LEDGER.md | 773 | break_off | `.d7.years.2021.mean` | 2 | 216.0 | 216.1 |
| FINDINGS_LEDGER.md | 773 | count_20 | `.d7.years.2021.mean` | 2 | 134.6 | 134.5 |
| FINDINGS_LEDGER.md | 779 | alert_x1 | `.d1.rows[1].mean` | 0 | 100 | 98 |
| FINDINGS_LEDGER.md | 779 | alert_x1 | `.d1.rows[5].lo` | 0 | 100 | 93 |
| FINDINGS_LEDGER.md | 779 | alert_x2 | `.d1.rows[5].lo` | 0 | 100 | 94 |
| FINDINGS_LEDGER.md | 779 | beard_off | `.d7.all.hi` | 0 | 100 | 93 |
| FINDINGS_LEDGER.md | 779 | beard_off | `.d7.years.2016.mde` | 0 | 100 | 105 |
| FINDINGS_LEDGER.md | 779 | beard_off | `.d7.years.2023.hi` | 0 | 100 | 92 |
| FINDINGS_LEDGER.md | 779 | break_delay_2 | `.d1.rows[5].lo` | 0 | 100 | 105 |
| FINDINGS_LEDGER.md | 779 | break_delay_2 | `.d7.years.2021.mde` | 0 | 100 | 98 |
| FINDINGS_LEDGER.md | 779 | break_delay_3 | `.d1.rows[3].lo` | 0 | 100 | 96 |
| FINDINGS_LEDGER.md | 779 | break_delay_3 | `.d1.rows[5].lo` | 0 | 100 | 97 |
| FINDINGS_LEDGER.md | 779 | break_delay_3 | `.d1.rows[8].hi` | 0 | 100 | 105 |
| FINDINGS_LEDGER.md | 779 | break_delay_3 | `.d6.groups.3 分超〜11 分.per_trade` | 2 | 2.2 | 2.3 |
| FINDINGS_LEDGER.md | 779 | break_delay_3 | `.d7.years.2020.mde` | 0 | 100 | 97 |
| FINDINGS_LEDGER.md | 779 | break_delay_3 | `.d7.years.2022.mde` | 0 | 100 | 97 |
| FINDINGS_LEDGER.md | 779 | break_delay_4 | `.d6.groups.3 分超〜11 分.per_trade` | 2 | 2.2 | 2.3 |
| FINDINGS_LEDGER.md | 779 | break_delay_4 | `.d7.years.2019.hi` | 0 | 100 | 99 |
| FINDINGS_LEDGER.md | 779 | break_delay_4 | `.d7.years.2019.mde` | 0 | 100 | 107 |
| FINDINGS_LEDGER.md | 779 | break_delay_4 | `.d7.years.2022.hi` | 0 | 100 | 94 |
| FINDINGS_LEDGER.md | 779 | break_delay_8 | `.d1.rows[0].mde` | 0 | 100 | 110 |
| FINDINGS_LEDGER.md | 779 | break_delay_8 | `.d1.rows[2].mean` | 0 | 100 | 92 |
| FINDINGS_LEDGER.md | 779 | break_delay_8 | `.d1.rows[5].lo` | 0 | 100 | 107 |
| FINDINGS_LEDGER.md | 779 | break_delay_8 | `.d6.groups.1 分超〜3 分.lo` | 2 | 2.0 | 1.9 |
| FINDINGS_LEDGER.md | 779 | break_delay_8 | `.d6.groups.12 分超.lo` | 2 | 2.0 | 2.1 |
| FINDINGS_LEDGER.md | 779 | break_delay_8 | `.d7.years.2016.mde` | 0 | 100 | 102 |
| FINDINGS_LEDGER.md | 779 | break_dist_0.25 | `.d1.rows[0].mde` | 0 | 100 | 98 |
| FINDINGS_LEDGER.md | 779 | break_dist_0.25 | `.d1.rows[0].mean` | 0 | 100 | 92 |
| FINDINGS_LEDGER.md | 779 | break_dist_0.25 | `.d1.rows[2].lo` | 0 | 100 | 97 |
| FINDINGS_LEDGER.md | 779 | break_dist_0.25 | `.d6.groups.〜1 分.lo` | 2 | 2.0 | 1.9 |
| FINDINGS_LEDGER.md | 779 | break_dist_0.25 | `.d7.all.hi` | 0 | 100 | 95 |
| FINDINGS_LEDGER.md | 779 | break_dist_0.25 | `.d7.years.2023.mde` | 0 | 100 | 99 |
| FINDINGS_LEDGER.md | 779 | break_dist_1 | `.d1.rows[0].mean` | 0 | 100 | 92 |
| FINDINGS_LEDGER.md | 779 | break_dist_1 | `.d7.all.hi` | 0 | 100 | 107 |
| FINDINGS_LEDGER.md | 779 | break_dist_1 | `.d7.all.mde` | 0 | 100 | 93 |
| FINDINGS_LEDGER.md | 779 | break_dist_1 | `.d7.years.2016.hi` | 0 | 100 | 92 |
| FINDINGS_LEDGER.md | 779 | break_dist_1 | `.d7.years.2016.lo` | 0 | 100 | 97 |
| FINDINGS_LEDGER.md | 779 | break_dist_1 | `.d7.years.2022.hi` | 0 | 100 | 93 |
| FINDINGS_LEDGER.md | 779 | break_len_mult_4 | `.d1.rows[7].hi` | 0 | 100 | 94 |
| FINDINGS_LEDGER.md | 779 | break_len_mult_4 | `.d7.years.2021.lo` | 0 | 100 | 103 |
| FINDINGS_LEDGER.md | 779 | break_off | `.d3.groups.保有時間の帯【結果で決まる群】.4 分超.hi` | 0 | 100 | 103 |
| FINDINGS_LEDGER.md | 779 | break_off | `.d3.groups.保有時間の帯【結果で決まる群】.4 分超.per_trade` | 0 | 100 | 110 |
| FINDINGS_LEDGER.md | 779 | count_20 | `.d1.rows[5].lo` | 0 | 100 | 99 |
| FINDINGS_LEDGER.md | 779 | count_20 | `.d1.rows[6].hi` | 0 | 100 | 108 |
| FINDINGS_LEDGER.md | 779 | count_20 | `.d1.segments.diff.hi` | 0 | 100 | 97 |
| FINDINGS_LEDGER.md | 779 | count_20 | `.d1.segments.second.mde` | 0 | 100 | 94 |
| FINDINGS_LEDGER.md | 779 | count_20 | `.d3.groups.出の理由【結果で決まる群】.break.lo` | 0 | 100 | 93 |
| FINDINGS_LEDGER.md | 779 | count_20 | `.d6.groups.1 分超〜5 分.per_trade` | 2 | 2.0 | 2.1 |
| FINDINGS_LEDGER.md | 779 | count_20 | `.d6.groups.〜1 分.hi` | 2 | 2.0 | 2.1 |
| FINDINGS_LEDGER.md | 779 | count_20 | `.d7.all.mde` | 0 | 100 | 102 |
| FINDINGS_LEDGER.md | 779 | count_80 | `.d6.groups.1 分超〜2 分.per_trade` | 2 | 2.2 | 2.3 |
| FINDINGS_LEDGER.md | 779 | count_80 | `.d7.all.hi` | 0 | 100 | 93 |
| FINDINGS_LEDGER.md | 779 | count_80 | `.d7.all.lo` | 0 | 100 | 101 |
| FINDINGS_LEDGER.md | 779 | entry_exit_2_1 | `.d7.years.2017.lo` | 0 | 100 | 106 |
| FINDINGS_LEDGER.md | 779 | entry_exit_3_2 | `.d1.rows[0].lo` | 0 | 100 | 103 |
| FINDINGS_LEDGER.md | 779 | entry_exit_3_2 | `.d7.years.2017.lo` | 0 | 100 | 105 |
| FINDINGS_LEDGER.md | 779 | entry_exit_3_2 | `.d7.years.2019.hi` | 0 | 100 | 92 |
| FINDINGS_LEDGER.md | 779 | foot_5 | `.d1.rows[0].mde` | 0 | 100 | 96 |
| FINDINGS_LEDGER.md | 779 | foot_5 | `.d1.segments.second.lo` | 0 | 100 | 106 |
| FINDINGS_LEDGER.md | 779 | foot_5 | `.d6.groups.8 分超〜40 分.per_trade` | 2 | 2.2 | 2.3 |
| FINDINGS_LEDGER.md | 779 | levels_1 | `.d1.segments.first.lo` | 0 | 100 | 93 |
| FINDINGS_LEDGER.md | 779 | levels_1 | `.d3.trade_quantiles.0.25` | 2 | 2.2 | 2.3 |
| FINDINGS_LEDGER.md | 779 | levels_1 | `.d7.years.2015.lo` | 0 | 100 | 101 |
| FINDINGS_LEDGER.md | 779 | levels_3 | `.d1.rows[3].lo` | 0 | 100 | 102 |
| FINDINGS_LEDGER.md | 779 | levels_3 | `.d7.all.mean` | 0 | 100 | 108 |
| FINDINGS_LEDGER.md | 779 | levels_3 | `.d7.years.2015.lo` | 0 | 100 | 91 |
| FINDINGS_LEDGER.md | 779 | levels_3 | `.d7.years.2018.mean` | 0 | 100 | 102 |
| FINDINGS_LEDGER.md | 779 | levels_3 | `.d7.years.2019.mde` | 0 | 100 | 92 |
| FINDINGS_LEDGER.md | 779 | levels_3 | `.d7.years.2019.mean` | 0 | 100 | 102 |
| FINDINGS_LEDGER.md | 779 | levels_3 | `.d7.years.2022.mde` | 0 | 100 | 103 |
| FINDINGS_LEDGER.md | 779 | levels_7 | `.d1.rows[0].mde` | 0 | 100 | 101 |
| FINDINGS_LEDGER.md | 779 | levels_7 | `.d1.rows[6].lo` | 0 | 100 | 96 |
| FINDINGS_LEDGER.md | 779 | levels_7 | `.d1.rows[7].hi` | 0 | 100 | 96 |
| FINDINGS_LEDGER.md | 779 | levels_7 | `.d1.segments.second.hi` | 0 | 100 | 106 |
| FINDINGS_LEDGER.md | 779 | levels_7 | `.d1.segments.second.mde` | 0 | 100 | 101 |
| FINDINGS_LEDGER.md | 779 | levels_7 | `.d3.trade_quantiles.0.95` | 0 | 100 | 103 |
| FINDINGS_LEDGER.md | 779 | levels_7 | `.d6.groups.〜1 分.per_trade` | 2 | 2.0 | 2.1 |
| FINDINGS_LEDGER.md | 779 | levels_7 | `.d7.years.2018.lo` | 0 | 100 | 90 |
| FINDINGS_LEDGER.md | 779 | levels_7 | `.d7.years.2021.mde` | 0 | 100 | 96 |
| FINDINGS_LEDGER.md | 779 | range_hi_none | `.d1.rows[5].lo` | 0 | 100 | 94 |
| FINDINGS_LEDGER.md | 779 | range_hi_none | `.d7.years.2017.mean` | 0 | 100 | 110 |
| FINDINGS_LEDGER.md | 779 | range_hi_p75 | `.d1.rows[0].lo` | 0 | 100 | 101 |
| FINDINGS_LEDGER.md | 779 | range_hi_p75 | `.d1.rows[2].lo` | 0 | 100 | 102 |
| FINDINGS_LEDGER.md | 779 | range_hi_p75 | `.d1.rows[5].lo` | 0 | 100 | 97 |
| FINDINGS_LEDGER.md | 779 | range_hi_p75 | `.d1.segments.second.mde` | 0 | 100 | 97 |
| FINDINGS_LEDGER.md | 779 | range_hi_p75 | `.d3.trade_quantiles.0.95` | 0 | 100 | 90 |
| FINDINGS_LEDGER.md | 779 | range_hi_p75 | `.d7.years.2016.lo` | 0 | 100 | 96 |
| FINDINGS_LEDGER.md | 779 | range_hi_p75 | `.d7.years.2021.lo` | 0 | 100 | 94 |
| FINDINGS_LEDGER.md | 779 | range_hi_p75 | `.d7.years.2023.mde` | 0 | 100 | 92 |
| FINDINGS_LEDGER.md | 779 | range_hi_p90 | `.d1.rows[7].hi` | 0 | 100 | 108 |
| FINDINGS_LEDGER.md | 779 | range_hi_p90 | `.d6.groups.3 分超〜11 分.per_trade` | 2 | 2.0 | 2.1 |
| FINDINGS_LEDGER.md | 779 | range_hi_p90 | `.d7.all.lo` | 0 | 100 | 96 |
| FINDINGS_LEDGER.md | 779 | range_hi_p90 | `.d7.years.2016.hi` | 0 | 100 | 101 |
| FINDINGS_LEDGER.md | 779 | range_lo_none | `.d7.match.sum_only_a` | 0 | 100 | 94 |
| FINDINGS_LEDGER.md | 779 | range_lo_p10 | `.d6.groups.1 分超〜3 分.lo` | 2 | 2.0 | 1.9 |
| FINDINGS_LEDGER.md | 779 | range_lo_p10 | `.d6.groups.12 分超.lo` | 2 | 2.2 | 2.1 |
| FINDINGS_LEDGER.md | 779 | range_lo_p10 | `.d7.years.2021.mde` | 2 | 2.2 | 2.1 |
| FINDINGS_LEDGER.md | 779 | range_lo_p25 | `.d1.segments.second.hi` | 0 | 100 | 105 |
| FINDINGS_LEDGER.md | 779 | range_lo_p25 | `.d6.groups.1 分超〜3 分.hi` | 2 | 2.0 | 2.1 |
| FINDINGS_LEDGER.md | 779 | range_lo_p25 | `.d6.groups.3 分超〜13 分.per_trade` | 2 | 2.0 | 1.9 |
| FINDINGS_LEDGER.md | 779 | range_lo_p25 | `.d7.years.2015.hi` | 0 | 100 | 91 |
| FINDINGS_LEDGER.md | 779 | range_lo_p25 | `.d7.years.2020.hi` | 0 | 100 | 107 |
| FINDINGS_LEDGER.md | 779 | range_lo_p50 | `.d1.rows[0].mde` | 0 | 100 | 106 |
| FINDINGS_LEDGER.md | 779 | range_lo_p50 | `.d1.rows[0].mean` | 0 | 100 | 91 |
| FINDINGS_LEDGER.md | 779 | range_lo_p50 | `.d7.years.2017.lo` | 0 | 100 | 108 |
| FINDINGS_LEDGER.md | 779 | range_lo_p50 | `.d7.years.2017.mde` | 0 | 100 | 102 |
| FINDINGS_LEDGER.md | 779 | range_lo_p50 | `.d7.years.2018.mde` | 0 | 100 | 102 |
| FINDINGS_LEDGER.md | 779 | range_lo_p50 | `.d7.years.2019.mde` | 0 | 100 | 97 |
| FINDINGS_LEDGER.md | 779 | range_lo_p50 | `.d7.years.2020.mde` | 0 | 100 | 103 |
| FINDINGS_LEDGER.md | 779 | range_lo_p50 | `.d7.years.2021.lo` | 0 | 100 | 103 |
| FINDINGS_LEDGER.md | 779 | range_lo_p50 | `.d7.years.2022.lo` | 0 | 100 | 103 |
| FINDINGS_LEDGER.md | 779 | step_2 | `.d1.rows[0].mde` | 0 | 100 | 92 |
| FINDINGS_LEDGER.md | 779 | step_2 | `.d1.segments.second.mde` | 0 | 100 | 92 |
| FINDINGS_LEDGER.md | 779 | step_2 | `.d3.groups.保有時間の帯【結果で決まる群】.1 分超〜3 分.per_trade` | 2 | 2.0 | 1.9 |
| FINDINGS_LEDGER.md | 779 | step_2 | `.d6.groups.3 分超〜11 分.lo` | 2 | 2.0 | 2.1 |
| FINDINGS_LEDGER.md | 779 | step_2 | `.d7.years.2016.mde` | 0 | 100 | 96 |
| FINDINGS_LEDGER.md | 779 | step_2 | `.d7.years.2019.mde` | 0 | 100 | 98 |
| FINDINGS_LEDGER.md | 779 | step_2 | `.d7.years.2020.mde` | 0 | 100 | 94 |
| FINDINGS_LEDGER.md | 779 | step_4 | `.d1.rows[2].mean` | 0 | 100 | 96 |
| FINDINGS_LEDGER.md | 779 | step_4 | `.d1.rows[3].lo` | 0 | 100 | 91 |
| FINDINGS_LEDGER.md | 779 | step_4 | `.d1.rows[5].mde` | 0 | 100 | 97 |
| FINDINGS_LEDGER.md | 779 | step_4 | `.d1.rows[6].mean` | 0 | 100 | 103 |
| FINDINGS_LEDGER.md | 779 | step_4 | `.d1.segments.first.mde` | 0 | 100 | 102 |
| FINDINGS_LEDGER.md | 779 | step_4 | `.d7.years.2016.hi` | 0 | 100 | 101 |
| FINDINGS_LEDGER.md | 779 | step_4 | `.d7.years.2017.hi` | 0 | 100 | 92 |
| FINDINGS_LEDGER.md | 779 | step_4 | `.d7.years.2021.mean` | 0 | 100 | 92 |
| FINDINGS_LEDGER.md | 779 | vola_gate_p10 | `.d1.rows[5].lo` | 0 | 100 | 106 |
| FINDINGS_LEDGER.md | 779 | vola_gate_p10 | `.d7.years.2016.mean` | 0 | 100 | 107 |
| FINDINGS_LEDGER.md | 779 | vola_gate_p10 | `.d7.years.2018.lo` | 2 | 2.0 | 1.9 |
| FINDINGS_LEDGER.md | 779 | vola_gate_p25 | `.d1.rows[5].lo` | 0 | 100 | 105 |
| FINDINGS_LEDGER.md | 779 | vola_gate_p25 | `.d1.segments.second.hi` | 0 | 100 | 97 |
| FINDINGS_LEDGER.md | 779 | vola_gate_p25 | `.d6.groups.12 分超.hi` | 2 | 2.2 | 2.3 |
| FINDINGS_LEDGER.md | 779 | vola_gate_p25 | `.d7.years.2020.hi` | 0 | 100 | 108 |
| FINDINGS_LEDGER.md | 779 | vola_gate_p25 | `.d7.years.2023.mde` | 0 | 100 | 94 |
| FINDINGS_LEDGER.md | 779 | vola_gate_p50 | `.d1.rows[0].mde` | 0 | 100 | 103 |
| FINDINGS_LEDGER.md | 779 | vola_gate_p50 | `.d1.rows[0].mean` | 0 | 100 | 99 |
| FINDINGS_LEDGER.md | 779 | vola_gate_p50 | `.d7.all.hi` | 0 | 100 | 95 |
| FINDINGS_LEDGER.md | 779 | vola_gate_p50 | `.d7.years.2016.hi` | 0 | 100 | 95 |
| FINDINGS_LEDGER.md | 779 | vola_gate_p50 | `.d7.years.2018.mean` | 0 | 100 | 105 |
| FINDINGS_LEDGER.md | 779 | vola_gate_p50 | `.d7.years.2019.lo` | 0 | 100 | 99 |
| FINDINGS_LEDGER.md | 779 | vola_gate_p50 | `.d7.years.2019.mde` | 0 | 100 | 91 |
| FINDINGS_LEDGER.md | 779 | vola_gate_p50 | `.d7.years.2021.mean` | 0 | 100 | 93 |
| FINDINGS_LEDGER.md | 779 | vola_gate_p50 | `.d7.years.2022.mde` | 0 | 100 | 90 |
| FINDINGS_LEDGER.md | 788 | alert_x1 | `.d1.rows[4].lo` | 0 | 340 | 347 |
| FINDINGS_LEDGER.md | 788 | alert_x1 | `.d3.groups.出の理由【結果で決まる群】.market.lo` | 0 | 340 | 343 |
| FINDINGS_LEDGER.md | 788 | alert_x2 | `.d1.rows[4].lo` | 0 | 340 | 347 |
| FINDINGS_LEDGER.md | 788 | alert_x2 | `.d7.years.2015.mde` | 0 | 340 | 344 |
| FINDINGS_LEDGER.md | 788 | beard_off | `.d1.rows[4].mde` | 0 | 340 | 339 |
| FINDINGS_LEDGER.md | 788 | beard_off | `.d3.groups.出の理由【結果で決まる群】.break.per_trade` | 0 | 340 | 338 |
| FINDINGS_LEDGER.md | 788 | beard_off | `.d7.years.2019.hi` | 0 | 340 | 345 |
| FINDINGS_LEDGER.md | 788 | break_delay_2 | `.d3.groups.出の理由【結果で決まる群】.market.lo` | 0 | 340 | 349 |
| FINDINGS_LEDGER.md | 788 | break_delay_3 | `.d3.groups.出の理由【結果で決まる群】.market.lo` | 0 | 340 | 331 |
| FINDINGS_LEDGER.md | 788 | break_delay_4 | `.d7.years.2017.lo` | 0 | 340 | 342 |
| FINDINGS_LEDGER.md | 788 | break_delay_8 | `.d1.rows[3].mean` | 0 | 340 | 334 |
| FINDINGS_LEDGER.md | 788 | break_dist_0.25 | `.d1.rows[2].mde` | 0 | 340 | 344 |
| FINDINGS_LEDGER.md | 788 | break_dist_0.25 | `.d1.segments.first.mean` | 0 | 340 | 345 |
| FINDINGS_LEDGER.md | 788 | break_dist_0.25 | `.d7.years.2021.hi` | 0 | 340 | 339 |
| FINDINGS_LEDGER.md | 788 | break_dist_1 | `.d1.rows[6].hi` | 0 | 340 | 337 |
| FINDINGS_LEDGER.md | 788 | break_dist_1 | `.d1.rows[8].mde` | 0 | 340 | 335 |
| FINDINGS_LEDGER.md | 788 | break_dist_1 | `.d7.years.2015.mde` | 0 | 340 | 349 |
| FINDINGS_LEDGER.md | 788 | break_len_mult_4 | `.d1.rows[4].mde` | 0 | 340 | 349 |
| FINDINGS_LEDGER.md | 788 | break_len_mult_4 | `.d1.rows[7].mean` | 0 | 340 | 339 |
| FINDINGS_LEDGER.md | 788 | break_len_mult_4 | `.d3.groups.出の理由【結果で決まる群】.break.per_trade` | 0 | 340 | 343 |
| FINDINGS_LEDGER.md | 788 | break_off | `.d1.rows[0].mean` | 0 | 340 | 337 |
| FINDINGS_LEDGER.md | 788 | break_off | `.d1.rows[8].mde` | 0 | 340 | 334 |
| FINDINGS_LEDGER.md | 788 | break_off | `.d7.years.2022.mde` | 0 | 340 | 335 |
| FINDINGS_LEDGER.md | 788 | count_20 | `.d1.segments.diff.lo` | 0 | 340 | 348 |
| FINDINGS_LEDGER.md | 788 | count_20 | `.d7.years.2021.hi` | 0 | 340 | 347 |
| FINDINGS_LEDGER.md | 788 | count_80 | `.d7.years.2016.mean` | 0 | 340 | 347 |
| FINDINGS_LEDGER.md | 788 | entry_exit_2_1 | `.d1.rows[1].mean` | 0 | 340 | 333 |
| FINDINGS_LEDGER.md | 788 | entry_exit_2_1 | `.d7.years.2018.hi` | 0 | 340 | 333 |
| FINDINGS_LEDGER.md | 788 | entry_exit_2_1 | `.d7.years.2022.mde` | 0 | 340 | 344 |
| FINDINGS_LEDGER.md | 788 | entry_exit_3_2 | `.d1.rows[8].mde` | 0 | 340 | 338 |
| FINDINGS_LEDGER.md | 788 | entry_exit_3_2 | `.d1.rows[9].hi` | 0 | 340 | 339 |
| FINDINGS_LEDGER.md | 788 | entry_exit_3_2 | `.d1.segments.first.lo` | 0 | 340 | 341 |
| FINDINGS_LEDGER.md | 788 | entry_exit_3_2 | `.d3.groups.出の理由【結果で決まる群】.break.per_trade` | 0 | 340 | 335 |
| FINDINGS_LEDGER.md | 788 | entry_exit_3_2 | `.d3.groups.出の理由【結果で決まる群】.market.hi` | 0 | 340 | 350 |
| FINDINGS_LEDGER.md | 788 | foot_5 | `.d1.rows[5].hi` | 0 | 340 | 335 |
| FINDINGS_LEDGER.md | 788 | foot_5 | `.d7.years.2020.mde` | 0 | 340 | 347 |
| FINDINGS_LEDGER.md | 788 | levels_1 | `.d1.rows[0].hi` | 0 | 340 | 339 |
| FINDINGS_LEDGER.md | 788 | levels_1 | `.d1.rows[2].lo` | 0 | 340 | 342 |
| FINDINGS_LEDGER.md | 788 | levels_1 | `.d1.rows[3].lo` | 0 | 340 | 334 |
| FINDINGS_LEDGER.md | 788 | levels_3 | `.d1.rows[5].hi` | 0 | 340 | 330 |
| FINDINGS_LEDGER.md | 788 | levels_3 | `.d1.segments.first.mean` | 0 | 340 | 348 |
| FINDINGS_LEDGER.md | 788 | levels_3 | `.d3.groups.出の理由【結果で決まる群】.break.lo` | 0 | 340 | 342 |
| FINDINGS_LEDGER.md | 788 | levels_7 | `.d1.rows[1].mean` | 0 | 340 | 336 |
| FINDINGS_LEDGER.md | 788 | levels_7 | `.d1.rows[4].lo` | 0 | 340 | 331 |
| FINDINGS_LEDGER.md | 788 | levels_7 | `.d1.segments.first.mean` | 0 | 340 | 333 |
| FINDINGS_LEDGER.md | 788 | range_hi_none | `.d1.rows[7].mde` | 0 | 340 | 348 |
| FINDINGS_LEDGER.md | 788 | range_hi_p75 | `.d1.rows[9].hi` | 0 | 340 | 335 |
| FINDINGS_LEDGER.md | 788 | range_hi_p75 | `.d1.segments.diff.hi` | 0 | 340 | 336 |
| FINDINGS_LEDGER.md | 788 | range_hi_p90 | `.d1.rows[3].mde` | 0 | 340 | 339 |
| FINDINGS_LEDGER.md | 788 | range_lo_p10 | `.d1.rows[4].lo` | 0 | 340 | 332 |
| FINDINGS_LEDGER.md | 788 | range_lo_p10 | `.d1.segments.first.mean` | 0 | 340 | 335 |
| FINDINGS_LEDGER.md | 788 | range_lo_p10 | `.d1.segments.second.lo` | 0 | 340 | 341 |
| FINDINGS_LEDGER.md | 788 | range_lo_p25 | `.d3.groups.出の理由【結果で決まる群】.break.lo` | 0 | 340 | 342 |
| FINDINGS_LEDGER.md | 788 | range_lo_p25 | `.d7.years.2016.lo` | 0 | 340 | 343 |
| FINDINGS_LEDGER.md | 788 | range_lo_p50 | `.d1.rows[7].mde` | 0 | 340 | 347 |
| FINDINGS_LEDGER.md | 788 | step_2 | `.d1.rows[2].hi` | 0 | 340 | 333 |
| FINDINGS_LEDGER.md | 788 | step_2 | `.d1.rows[4].mean` | 0 | 340 | 344 |
| FINDINGS_LEDGER.md | 788 | step_2 | `.d1.rows[7].mean` | 0 | 340 | 339 |
| FINDINGS_LEDGER.md | 788 | step_2 | `.d1.rows[9].mean` | 0 | 340 | 337 |
| FINDINGS_LEDGER.md | 788 | step_2 | `.d1.segments.diff.hi` | 0 | 340 | 349 |
| FINDINGS_LEDGER.md | 788 | step_2 | `.d1.segments.first.hi` | 0 | 340 | 349 |
| FINDINGS_LEDGER.md | 788 | step_4 | `.d1.segments.diff.mean` | 0 | 340 | 335 |
| FINDINGS_LEDGER.md | 788 | step_4 | `.d7.years.2019.lo` | 0 | 340 | 336 |
| FINDINGS_LEDGER.md | 788 | vola_gate_p10 | `.d1.rows[4].lo` | 0 | 340 | 338 |
| FINDINGS_LEDGER.md | 788 | vola_gate_p10 | `.d1.segments.first.mean` | 0 | 340 | 341 |
| FINDINGS_LEDGER.md | 788 | vola_gate_p10 | `.d1.segments.second.lo` | 0 | 340 | 341 |
| FINDINGS_LEDGER.md | 788 | vola_gate_p10 | `.d3.groups.出の理由【結果で決まる群】.market.hi` | 0 | 340 | 337 |
| FINDINGS_LEDGER.md | 788 | vola_gate_p25 | `.d1.segments.diff.hi` | 0 | 340 | 344 |
| FINDINGS_LEDGER.md | 788 | vola_gate_p25 | `.d3.groups.出の理由【結果で決まる群】.break.lo` | 0 | 340 | 335 |
| FINDINGS_LEDGER.md | 788 | vola_gate_p25 | `.d7.years.2015.mean` | 0 | 340 | 344 |
| FINDINGS_LEDGER.md | 788 | vola_gate_p25 | `.d7.years.2023.hi` | 0 | 340 | 333 |
| FINDINGS_LEDGER.md | 788 | vola_gate_p50 | `.d1.rows[7].mde` | 0 | 340 | 349 |
| FINDINGS_LEDGER.md | 788 | vola_gate_p50 | `.d7.years.2016.mde` | 0 | 340 | 348 |
| FINDINGS_LEDGER.md | 796 | alert_x1 | `.d1.rows[7].mde` | 0 | 360 | 353 |
| FINDINGS_LEDGER.md | 796 | alert_x1 | `.d1.segments.second.lo` | 0 | 360 | 359 |
| FINDINGS_LEDGER.md | 796 | alert_x1 | `.d7.years.2015.mde` | 0 | 360 | 351 |
| FINDINGS_LEDGER.md | 796 | alert_x2 | `.d1.rows[7].mde` | 0 | 360 | 353 |
| FINDINGS_LEDGER.md | 796 | alert_x2 | `.d1.segments.first.mean` | 0 | 360 | 370 |
| FINDINGS_LEDGER.md | 796 | alert_x2 | `.d1.segments.second.lo` | 0 | 360 | 359 |
| FINDINGS_LEDGER.md | 796 | base | `.d1.rows[7].mde` | 0 | 360 | 353 |
| FINDINGS_LEDGER.md | 796 | base | `.d1.segments.first.mean` | 0 | 360 | 362 |
| FINDINGS_LEDGER.md | 796 | base | `.d3.groups.出の理由【結果で決まる群】.market.lo` | 0 | 360 | 361 |
| FINDINGS_LEDGER.md | 796 | beard_off | `.d3.groups.出の理由【結果で決まる群】.break.lo` | 0 | 360 | 355 |
| FINDINGS_LEDGER.md | 796 | beard_off | `.d3.groups.出の理由【結果で決まる群】.market.per_trade` | 0 | 360 | 367 |
| FINDINGS_LEDGER.md | 796 | break_delay_3 | `.d7.years.2015.mde` | 0 | 360 | 351 |
| FINDINGS_LEDGER.md | 796 | break_delay_4 | `.d1.segments.diff.hi` | 0 | 360 | 350 |
| FINDINGS_LEDGER.md | 796 | break_delay_8 | `.d1.rows[2].hi` | 0 | 360 | 364 |
| FINDINGS_LEDGER.md | 796 | break_delay_8 | `.d1.rows[5].hi` | 0 | 360 | 354 |
| FINDINGS_LEDGER.md | 796 | break_delay_8 | `.d1.segments.first.hi` | 0 | 360 | 357 |
| FINDINGS_LEDGER.md | 796 | break_dist_0.25 | `.d1.rows[4].mean` | 0 | 360 | 368 |
| FINDINGS_LEDGER.md | 796 | break_dist_0.25 | `.d1.rows[7].lo` | 0 | 360 | 365 |
| FINDINGS_LEDGER.md | 796 | break_dist_0.25 | `.d1.rows[9].mean` | 0 | 360 | 368 |
| FINDINGS_LEDGER.md | 796 | break_dist_0.25 | `.d7.years.2018.lo` | 0 | 360 | 369 |
| FINDINGS_LEDGER.md | 796 | break_dist_1 | `.d1.rows[4].mde` | 0 | 360 | 355 |
| FINDINGS_LEDGER.md | 796 | break_dist_1 | `.d1.rows[9].hi` | 0 | 360 | 353 |
| FINDINGS_LEDGER.md | 796 | break_dist_1 | `.d7.years.2019.hi` | 0 | 360 | 357 |
| FINDINGS_LEDGER.md | 796 | break_len_mult_4 | `.d1.rows[0].hi` | 0 | 360 | 353 |
| FINDINGS_LEDGER.md | 796 | break_len_mult_4 | `.d1.rows[6].hi` | 0 | 360 | 359 |
| FINDINGS_LEDGER.md | 796 | break_len_mult_4 | `.d3.groups.出の理由【結果で決まる群】.break.lo` | 0 | 360 | 362 |
| FINDINGS_LEDGER.md | 796 | break_off | `.d1.segments.first.mde` | 0 | 360 | 353 |
| FINDINGS_LEDGER.md | 796 | count_20 | `.d7.years.2016.mean` | 0 | 360 | 358 |
| FINDINGS_LEDGER.md | 796 | count_20 | `.d7.years.2018.mde` | 0 | 360 | 362 |
| FINDINGS_LEDGER.md | 796 | count_20 | `.d7.years.2019.lo` | 0 | 360 | 364 |
| FINDINGS_LEDGER.md | 796 | count_80 | `.d1.rows[4].mde` | 0 | 360 | 370 |
| FINDINGS_LEDGER.md | 796 | count_80 | `.d7.years.2021.mde` | 0 | 360 | 369 |
| FINDINGS_LEDGER.md | 796 | entry_exit_2_1 | `.d1.rows[9].hi` | 0 | 360 | 368 |
| FINDINGS_LEDGER.md | 796 | entry_exit_2_1 | `.d7.years.2018.lo` | 0 | 360 | 358 |
| FINDINGS_LEDGER.md | 796 | entry_exit_3_2 | `.d1.rows[4].lo` | 0 | 360 | 366 |
| FINDINGS_LEDGER.md | 796 | entry_exit_3_2 | `.d1.rows[7].hi` | 0 | 360 | 367 |
| FINDINGS_LEDGER.md | 796 | entry_exit_3_2 | `.d3.groups.出の理由【結果で決まる群】.break.lo` | 0 | 360 | 352 |
| FINDINGS_LEDGER.md | 796 | entry_exit_3_2 | `.d7.years.2016.hi` | 0 | 360 | 358 |
| FINDINGS_LEDGER.md | 796 | entry_exit_3_2 | `.d7.years.2018.hi` | 0 | 360 | 364 |
| FINDINGS_LEDGER.md | 796 | foot_5 | `.d7.years.2023.lo` | 0 | 360 | 354 |
| FINDINGS_LEDGER.md | 796 | levels_1 | `.d1.rows[5].mde` | 0 | 360 | 366 |
| FINDINGS_LEDGER.md | 796 | levels_1 | `.d1.rows[9].mde` | 0 | 360 | 362 |
| FINDINGS_LEDGER.md | 796 | levels_1 | `.d1.segments.first.mde` | 0 | 360 | 352 |
| FINDINGS_LEDGER.md | 796 | levels_1 | `.d3.groups.出の理由【結果で決まる群】.market.hi` | 0 | 360 | 354 |
| FINDINGS_LEDGER.md | 796 | levels_1 | `.d3.trade_quantiles.0.99` | 0 | 360 | 355 |
| FINDINGS_LEDGER.md | 796 | levels_3 | `.d1.rows[4].mde` | 0 | 360 | 369 |
| FINDINGS_LEDGER.md | 796 | levels_3 | `.d1.segments.second.hi` | 0 | 360 | 364 |
| FINDINGS_LEDGER.md | 796 | levels_3 | `.d3.groups.出の理由【結果で決まる群】.market.per_trade` | 0 | 360 | 351 |
| FINDINGS_LEDGER.md | 796 | levels_7 | `.d1.rows[9].mean` | 0 | 360 | 356 |
| FINDINGS_LEDGER.md | 796 | range_hi_none | `.d1.segments.second.lo` | 0 | 360 | 358 |
| FINDINGS_LEDGER.md | 796 | range_hi_none | `.d3.groups.出の理由【結果で決まる群】.market.lo` | 0 | 360 | 361 |
| FINDINGS_LEDGER.md | 796 | range_hi_p75 | `.d1.rows[8].lo` | 0 | 360 | 356 |
| FINDINGS_LEDGER.md | 796 | range_hi_p90 | `.d1.rows[4].mean` | 0 | 360 | 355 |
| FINDINGS_LEDGER.md | 796 | range_hi_p90 | `.d1.segments.second.lo` | 0 | 360 | 356 |
| FINDINGS_LEDGER.md | 796 | range_hi_p90 | `.d7.years.2017.mde` | 0 | 360 | 351 |
| FINDINGS_LEDGER.md | 796 | range_hi_p90 | `.d7.years.2018.lo` | 0 | 360 | 358 |
| FINDINGS_LEDGER.md | 796 | range_lo_none | `.d1.rows[7].mde` | 0 | 360 | 353 |
| FINDINGS_LEDGER.md | 796 | range_lo_none | `.d1.segments.first.mean` | 0 | 360 | 362 |
| FINDINGS_LEDGER.md | 796 | range_lo_none | `.d3.groups.出の理由【結果で決まる群】.market.lo` | 0 | 360 | 361 |
| FINDINGS_LEDGER.md | 796 | range_lo_p10 | `.d1.rows[7].mde` | 0 | 360 | 353 |
| FINDINGS_LEDGER.md | 796 | range_lo_p25 | `.d1.rows[2].lo` | 0 | 360 | 362 |
| FINDINGS_LEDGER.md | 796 | range_lo_p25 | `.d1.rows[7].mde` | 0 | 360 | 354 |
| FINDINGS_LEDGER.md | 796 | range_lo_p25 | `.d1.rows[7].mean` | 0 | 360 | 358 |
| FINDINGS_LEDGER.md | 796 | range_lo_p25 | `.d1.rows[8].lo` | 0 | 360 | 364 |
| FINDINGS_LEDGER.md | 796 | range_lo_p25 | `.d3.groups.出の理由【結果で決まる群】.market.per_trade` | 0 | 360 | 357 |
| FINDINGS_LEDGER.md | 796 | range_lo_p50 | `.d1.rows[5].hi` | 0 | 360 | 352 |
| FINDINGS_LEDGER.md | 796 | range_lo_p50 | `.d3.groups.出の理由【結果で決まる群】.market.hi` | 0 | 360 | 365 |
| FINDINGS_LEDGER.md | 796 | step_2 | `.d1.rows[2].mde` | 0 | 360 | 355 |
| FINDINGS_LEDGER.md | 796 | step_2 | `.d1.rows[3].mde` | 0 | 360 | 364 |
| FINDINGS_LEDGER.md | 796 | vola_gate_p10 | `.d1.rows[2].mde` | 0 | 360 | 364 |
| FINDINGS_LEDGER.md | 796 | vola_gate_p10 | `.d1.rows[7].mde` | 0 | 360 | 353 |
| FINDINGS_LEDGER.md | 796 | vola_gate_p10 | `.d7.years.2015.mde` | 0 | 360 | 370 |
| FINDINGS_LEDGER.md | 796 | vola_gate_p25 | `.d1.rows[7].mde` | 0 | 360 | 354 |
| FINDINGS_LEDGER.md | 796 | vola_gate_p25 | `.d1.rows[8].lo` | 0 | 360 | 366 |
| FINDINGS_LEDGER.md | 796 | vola_gate_p25 | `.d1.rows[9].lo` | 0 | 360 | 358 |
| FINDINGS_LEDGER.md | 796 | vola_gate_p50 | `.d1.rows[5].hi` | 0 | 360 | 361 |
| FINDINGS_LEDGER.md | 796 | vola_gate_p50 | `.d3.trade_quantiles.0.05` | 0 | 360 | 353 |
| FINDINGS_LEDGER.md | 801 | alert_x1 | `.d1.rows[7].mde` | 0 | 360 | 353 |
| FINDINGS_LEDGER.md | 801 | alert_x1 | `.d1.segments.second.lo` | 0 | 360 | 359 |
| FINDINGS_LEDGER.md | 801 | alert_x1 | `.d7.years.2015.mde` | 0 | 360 | 351 |
| FINDINGS_LEDGER.md | 801 | alert_x2 | `.d1.rows[7].mde` | 0 | 360 | 353 |
| FINDINGS_LEDGER.md | 801 | alert_x2 | `.d1.segments.first.mean` | 0 | 360 | 370 |
| FINDINGS_LEDGER.md | 801 | alert_x2 | `.d1.segments.second.lo` | 0 | 360 | 359 |
| FINDINGS_LEDGER.md | 801 | base | `.d1.rows[7].mde` | 0 | 360 | 353 |
| FINDINGS_LEDGER.md | 801 | base | `.d1.segments.first.mean` | 0 | 360 | 362 |
| FINDINGS_LEDGER.md | 801 | base | `.d3.groups.出の理由【結果で決まる群】.market.lo` | 0 | 360 | 361 |
| FINDINGS_LEDGER.md | 801 | beard_off | `.d3.groups.出の理由【結果で決まる群】.break.lo` | 0 | 360 | 355 |
| FINDINGS_LEDGER.md | 801 | beard_off | `.d3.groups.出の理由【結果で決まる群】.market.per_trade` | 0 | 360 | 367 |
| FINDINGS_LEDGER.md | 801 | break_delay_3 | `.d7.years.2015.mde` | 0 | 360 | 351 |
| FINDINGS_LEDGER.md | 801 | break_delay_4 | `.d1.segments.diff.hi` | 0 | 360 | 350 |
| FINDINGS_LEDGER.md | 801 | break_delay_8 | `.d1.rows[2].hi` | 0 | 360 | 364 |
| FINDINGS_LEDGER.md | 801 | break_delay_8 | `.d1.rows[5].hi` | 0 | 360 | 354 |
| FINDINGS_LEDGER.md | 801 | break_delay_8 | `.d1.segments.first.hi` | 0 | 360 | 357 |
| FINDINGS_LEDGER.md | 801 | break_dist_0.25 | `.d1.rows[4].mean` | 0 | 360 | 368 |
| FINDINGS_LEDGER.md | 801 | break_dist_0.25 | `.d1.rows[7].lo` | 0 | 360 | 365 |
| FINDINGS_LEDGER.md | 801 | break_dist_0.25 | `.d1.rows[9].mean` | 0 | 360 | 368 |
| FINDINGS_LEDGER.md | 801 | break_dist_0.25 | `.d7.years.2018.lo` | 0 | 360 | 369 |
| FINDINGS_LEDGER.md | 801 | break_dist_1 | `.d1.rows[4].mde` | 0 | 360 | 355 |
| FINDINGS_LEDGER.md | 801 | break_dist_1 | `.d1.rows[9].hi` | 0 | 360 | 353 |
| FINDINGS_LEDGER.md | 801 | break_dist_1 | `.d7.years.2019.hi` | 0 | 360 | 357 |
| FINDINGS_LEDGER.md | 801 | break_len_mult_4 | `.d1.rows[0].hi` | 0 | 360 | 353 |
| FINDINGS_LEDGER.md | 801 | break_len_mult_4 | `.d1.rows[6].hi` | 0 | 360 | 359 |
| FINDINGS_LEDGER.md | 801 | break_len_mult_4 | `.d3.groups.出の理由【結果で決まる群】.break.lo` | 0 | 360 | 362 |
| FINDINGS_LEDGER.md | 801 | break_off | `.d1.segments.first.mde` | 0 | 360 | 353 |
| FINDINGS_LEDGER.md | 801 | count_20 | `.d7.years.2016.mean` | 0 | 360 | 358 |
| FINDINGS_LEDGER.md | 801 | count_20 | `.d7.years.2018.mde` | 0 | 360 | 362 |
| FINDINGS_LEDGER.md | 801 | count_20 | `.d7.years.2019.lo` | 0 | 360 | 364 |
| FINDINGS_LEDGER.md | 801 | count_80 | `.d1.rows[4].mde` | 0 | 360 | 370 |
| FINDINGS_LEDGER.md | 801 | count_80 | `.d7.years.2021.mde` | 0 | 360 | 369 |
| FINDINGS_LEDGER.md | 801 | entry_exit_2_1 | `.d1.rows[9].hi` | 0 | 360 | 368 |
| FINDINGS_LEDGER.md | 801 | entry_exit_2_1 | `.d7.years.2018.lo` | 0 | 360 | 358 |
| FINDINGS_LEDGER.md | 801 | entry_exit_3_2 | `.d1.rows[4].lo` | 0 | 360 | 366 |
| FINDINGS_LEDGER.md | 801 | entry_exit_3_2 | `.d1.rows[7].hi` | 0 | 360 | 367 |
| FINDINGS_LEDGER.md | 801 | entry_exit_3_2 | `.d3.groups.出の理由【結果で決まる群】.break.lo` | 0 | 360 | 352 |
| FINDINGS_LEDGER.md | 801 | entry_exit_3_2 | `.d7.years.2016.hi` | 0 | 360 | 358 |
| FINDINGS_LEDGER.md | 801 | entry_exit_3_2 | `.d7.years.2018.hi` | 0 | 360 | 364 |
| FINDINGS_LEDGER.md | 801 | foot_5 | `.d7.years.2023.lo` | 0 | 360 | 354 |
| FINDINGS_LEDGER.md | 801 | levels_1 | `.d1.rows[5].mde` | 0 | 360 | 366 |
| FINDINGS_LEDGER.md | 801 | levels_1 | `.d1.rows[9].mde` | 0 | 360 | 362 |
| FINDINGS_LEDGER.md | 801 | levels_1 | `.d1.segments.first.mde` | 0 | 360 | 352 |
| FINDINGS_LEDGER.md | 801 | levels_1 | `.d3.groups.出の理由【結果で決まる群】.market.hi` | 0 | 360 | 354 |
| FINDINGS_LEDGER.md | 801 | levels_1 | `.d3.trade_quantiles.0.99` | 0 | 360 | 355 |
| FINDINGS_LEDGER.md | 801 | levels_3 | `.d1.rows[4].mde` | 0 | 360 | 369 |
| FINDINGS_LEDGER.md | 801 | levels_3 | `.d1.segments.second.hi` | 0 | 360 | 364 |
| FINDINGS_LEDGER.md | 801 | levels_3 | `.d3.groups.出の理由【結果で決まる群】.market.per_trade` | 0 | 360 | 351 |
| FINDINGS_LEDGER.md | 801 | levels_7 | `.d1.rows[9].mean` | 0 | 360 | 356 |
| FINDINGS_LEDGER.md | 801 | range_hi_none | `.d1.segments.second.lo` | 0 | 360 | 358 |
| FINDINGS_LEDGER.md | 801 | range_hi_none | `.d3.groups.出の理由【結果で決まる群】.market.lo` | 0 | 360 | 361 |
| FINDINGS_LEDGER.md | 801 | range_hi_p75 | `.d1.rows[8].lo` | 0 | 360 | 356 |
| FINDINGS_LEDGER.md | 801 | range_hi_p90 | `.d1.rows[4].mean` | 0 | 360 | 355 |
| FINDINGS_LEDGER.md | 801 | range_hi_p90 | `.d1.segments.second.lo` | 0 | 360 | 356 |
| FINDINGS_LEDGER.md | 801 | range_hi_p90 | `.d7.years.2017.mde` | 0 | 360 | 351 |
| FINDINGS_LEDGER.md | 801 | range_hi_p90 | `.d7.years.2018.lo` | 0 | 360 | 358 |
| FINDINGS_LEDGER.md | 801 | range_lo_none | `.d1.rows[7].mde` | 0 | 360 | 353 |
| FINDINGS_LEDGER.md | 801 | range_lo_none | `.d1.segments.first.mean` | 0 | 360 | 362 |
| FINDINGS_LEDGER.md | 801 | range_lo_none | `.d3.groups.出の理由【結果で決まる群】.market.lo` | 0 | 360 | 361 |
| FINDINGS_LEDGER.md | 801 | range_lo_p10 | `.d1.rows[7].mde` | 0 | 360 | 353 |
| FINDINGS_LEDGER.md | 801 | range_lo_p25 | `.d1.rows[2].lo` | 0 | 360 | 362 |
| FINDINGS_LEDGER.md | 801 | range_lo_p25 | `.d1.rows[7].mde` | 0 | 360 | 354 |
| FINDINGS_LEDGER.md | 801 | range_lo_p25 | `.d1.rows[7].mean` | 0 | 360 | 358 |
| FINDINGS_LEDGER.md | 801 | range_lo_p25 | `.d1.rows[8].lo` | 0 | 360 | 364 |
| FINDINGS_LEDGER.md | 801 | range_lo_p25 | `.d3.groups.出の理由【結果で決まる群】.market.per_trade` | 0 | 360 | 357 |
| FINDINGS_LEDGER.md | 801 | range_lo_p50 | `.d1.rows[5].hi` | 0 | 360 | 352 |
| FINDINGS_LEDGER.md | 801 | range_lo_p50 | `.d3.groups.出の理由【結果で決まる群】.market.hi` | 0 | 360 | 365 |
| FINDINGS_LEDGER.md | 801 | step_2 | `.d1.rows[2].mde` | 0 | 360 | 355 |
| FINDINGS_LEDGER.md | 801 | step_2 | `.d1.rows[3].mde` | 0 | 360 | 364 |
| FINDINGS_LEDGER.md | 801 | vola_gate_p10 | `.d1.rows[2].mde` | 0 | 360 | 364 |
| FINDINGS_LEDGER.md | 801 | vola_gate_p10 | `.d1.rows[7].mde` | 0 | 360 | 353 |
| FINDINGS_LEDGER.md | 801 | vola_gate_p10 | `.d7.years.2015.mde` | 0 | 360 | 370 |
| FINDINGS_LEDGER.md | 801 | vola_gate_p25 | `.d1.rows[7].mde` | 0 | 360 | 354 |
| FINDINGS_LEDGER.md | 801 | vola_gate_p25 | `.d1.rows[8].lo` | 0 | 360 | 366 |
| FINDINGS_LEDGER.md | 801 | vola_gate_p25 | `.d1.rows[9].lo` | 0 | 360 | 358 |
| FINDINGS_LEDGER.md | 801 | vola_gate_p50 | `.d1.rows[5].hi` | 0 | 360 | 361 |
| FINDINGS_LEDGER.md | 801 | vola_gate_p50 | `.d3.trade_quantiles.0.05` | 0 | 360 | 353 |
| FINDINGS_LEDGER.md | 829 | alert_x1 | `.d1.rows[2].mean` | 0 | 160 | 151 |
| FINDINGS_LEDGER.md | 829 | alert_x1 | `.d1.rows[6].hi` | 0 | 160 | 157 |
| FINDINGS_LEDGER.md | 829 | alert_x1 | `.d1.rows[6].lo` | 0 | 160 | 164 |
| FINDINGS_LEDGER.md | 829 | alert_x1 | `.d1.rows[7].hi` | 0 | 160 | 154 |
| FINDINGS_LEDGER.md | 829 | alert_x1 | `.d7.years.2015.mean` | 0 | 160 | 165 |
| FINDINGS_LEDGER.md | 829 | alert_x2 | `.d1.rows[2].lo` | 0 | 160 | 153 |
| FINDINGS_LEDGER.md | 829 | alert_x2 | `.d1.rows[6].hi` | 0 | 160 | 158 |
| FINDINGS_LEDGER.md | 829 | alert_x2 | `.d1.rows[6].lo` | 0 | 160 | 164 |
| FINDINGS_LEDGER.md | 829 | alert_x2 | `.d1.rows[7].hi` | 0 | 160 | 153 |
| FINDINGS_LEDGER.md | 829 | base | `.d1.rows[2].lo` | 0 | 160 | 162 |
| FINDINGS_LEDGER.md | 829 | base | `.d1.rows[6].hi` | 0 | 160 | 163 |
| FINDINGS_LEDGER.md | 829 | base | `.d1.rows[6].lo` | 0 | 160 | 158 |
| FINDINGS_LEDGER.md | 829 | base | `.d1.rows[7].hi` | 0 | 160 | 161 |
| FINDINGS_LEDGER.md | 829 | beard_off | `.d1.segments.second.mde` | 0 | 160 | 155 |
| FINDINGS_LEDGER.md | 829 | beard_off | `.d7.years.2018.hi` | 0 | 160 | 155 |
| FINDINGS_LEDGER.md | 829 | beard_off | `.d7.years.2020.lo` | 0 | 160 | 155 |
| FINDINGS_LEDGER.md | 829 | beard_off | `.d7.years.2021.mean` | 0 | 160 | 159 |
| FINDINGS_LEDGER.md | 829 | break_delay_2 | `.d1.rows[6].lo` | 0 | 160 | 156 |
| FINDINGS_LEDGER.md | 829 | break_delay_2 | `.d1.segments.second.hi` | 0 | 160 | 153 |
| FINDINGS_LEDGER.md | 829 | break_delay_3 | `.d1.rows[2].lo` | 0 | 160 | 153 |
| FINDINGS_LEDGER.md | 829 | break_delay_3 | `.d7.years.2021.mean` | 0 | 160 | 155 |
| FINDINGS_LEDGER.md | 829 | break_delay_4 | `.d7.years.2017.mean` | 0 | 160 | 157 |
| FINDINGS_LEDGER.md | 829 | break_delay_4 | `.d7.years.2018.mde` | 0 | 160 | 169 |
| FINDINGS_LEDGER.md | 829 | break_delay_4 | `.d7.years.2021.mde` | 0 | 160 | 157 |
| FINDINGS_LEDGER.md | 829 | break_delay_8 | `.d1.segments.second.hi` | 0 | 160 | 158 |
| FINDINGS_LEDGER.md | 829 | break_delay_8 | `.d7.years.2022.mde` | 0 | 160 | 157 |
| FINDINGS_LEDGER.md | 829 | break_dist_0.25 | `.d1.rows[0].hi` | 0 | 160 | 155 |
| FINDINGS_LEDGER.md | 829 | break_dist_0.25 | `.d1.rows[5].lo` | 0 | 160 | 166 |
| FINDINGS_LEDGER.md | 829 | break_dist_0.25 | `.d1.segments.first.mde` | 0 | 160 | 152 |
| FINDINGS_LEDGER.md | 829 | break_dist_0.25 | `.d1.segments.second.mean` | 0 | 160 | 162 |
| FINDINGS_LEDGER.md | 829 | break_dist_0.25 | `.d3.groups.出の理由【結果で決まる群】.break.hi` | 0 | 160 | 150 |
| FINDINGS_LEDGER.md | 829 | break_dist_0.25 | `.d3.groups.出の理由【結果で決まる群】.break.lo` | 0 | 160 | 166 |
| FINDINGS_LEDGER.md | 829 | break_dist_0.25 | `.d3.groups.出の理由【結果で決まる群】.break.per_trade` | 0 | 160 | 158 |
| FINDINGS_LEDGER.md | 829 | break_dist_0.25 | `.d7.years.2017.lo` | 0 | 160 | 151 |
| FINDINGS_LEDGER.md | 829 | break_dist_0.25 | `.d7.years.2019.hi` | 0 | 160 | 159 |
| FINDINGS_LEDGER.md | 829 | break_dist_0.25 | `.d7.years.2019.mde` | 0 | 160 | 154 |
| FINDINGS_LEDGER.md | 829 | break_dist_1 | `.d1.rows[0].mde` | 0 | 160 | 155 |
| FINDINGS_LEDGER.md | 829 | break_dist_1 | `.d1.segments.second.mde` | 0 | 160 | 169 |
| FINDINGS_LEDGER.md | 829 | break_dist_1 | `.d7.years.2015.hi` | 0 | 160 | 151 |
| FINDINGS_LEDGER.md | 829 | break_len_mult_4 | `.d7.all.lo` | 0 | 160 | 155 |
| FINDINGS_LEDGER.md | 829 | break_len_mult_4 | `.d7.years.2019.mde` | 0 | 160 | 163 |
| FINDINGS_LEDGER.md | 829 | break_len_mult_4 | `.d7.years.2020.mde` | 0 | 160 | 170 |
| FINDINGS_LEDGER.md | 829 | break_len_mult_4 | `.d7.years.2022.hi` | 0 | 160 | 155 |
| FINDINGS_LEDGER.md | 829 | break_len_mult_4 | `.d7.years.2022.mde` | 0 | 160 | 163 |
| FINDINGS_LEDGER.md | 829 | break_off | `.d1.rows[7].hi` | 0 | 160 | 153 |
| FINDINGS_LEDGER.md | 829 | break_off | `.d1.rows[7].mean` | 0 | 160 | 168 |
| FINDINGS_LEDGER.md | 829 | count_20 | `.d1.rows[1].mean` | 0 | 160 | 162 |
| FINDINGS_LEDGER.md | 829 | count_20 | `.d1.rows[5].mde` | 0 | 160 | 166 |
| FINDINGS_LEDGER.md | 829 | count_20 | `.d1.rows[8].mde` | 0 | 160 | 157 |
| FINDINGS_LEDGER.md | 829 | count_20 | `.d1.rows[9].mde` | 0 | 160 | 169 |
| FINDINGS_LEDGER.md | 829 | count_20 | `.d7.years.2022.lo` | 0 | 160 | 152 |
| FINDINGS_LEDGER.md | 829 | count_80 | `.d1.rows[0].mde` | 0 | 160 | 157 |
| FINDINGS_LEDGER.md | 829 | count_80 | `.d1.rows[2].lo` | 0 | 160 | 168 |
| FINDINGS_LEDGER.md | 829 | count_80 | `.d1.rows[5].mean` | 0 | 160 | 162 |
| FINDINGS_LEDGER.md | 829 | entry_exit_2_1 | `.d1.rows[5].mean` | 0 | 160 | 156 |
| FINDINGS_LEDGER.md | 829 | entry_exit_3_2 | `.d1.segments.second.mde` | 0 | 160 | 164 |
| FINDINGS_LEDGER.md | 829 | entry_exit_3_2 | `.d3.trade_quantiles.0.95` | 0 | 160 | 151 |
| FINDINGS_LEDGER.md | 829 | entry_exit_3_2 | `.d7.years.2015.hi` | 0 | 160 | 168 |
| FINDINGS_LEDGER.md | 829 | entry_exit_3_2 | `.d7.years.2022.hi` | 0 | 160 | 154 |
| FINDINGS_LEDGER.md | 829 | foot_5 | `.d1.rows[9].hi` | 0 | 160 | 151 |
| FINDINGS_LEDGER.md | 829 | foot_5 | `.d1.rows[9].mde` | 0 | 160 | 170 |
| FINDINGS_LEDGER.md | 829 | foot_5 | `.d1.segments.diff.mean` | 0 | 160 | 164 |
| FINDINGS_LEDGER.md | 829 | foot_5 | `.d1.segments.first.mde` | 0 | 160 | 152 |
| FINDINGS_LEDGER.md | 829 | foot_5 | `.d1.segments.first.mean` | 0 | 160 | 155 |
| FINDINGS_LEDGER.md | 829 | foot_5 | `.d7.years.2021.mean` | 0 | 160 | 159 |
| FINDINGS_LEDGER.md | 829 | levels_3 | `.d1.rows[0].mde` | 0 | 160 | 153 |
| FINDINGS_LEDGER.md | 829 | levels_3 | `.d1.segments.second.mde` | 0 | 160 | 159 |
| FINDINGS_LEDGER.md | 829 | levels_3 | `.d3.trade_quantiles.0.95` | 0 | 160 | 154 |
| FINDINGS_LEDGER.md | 829 | levels_3 | `.d7.years.2016.mean` | 0 | 160 | 167 |
| FINDINGS_LEDGER.md | 829 | levels_3 | `.d7.years.2023.hi` | 0 | 160 | 154 |
| FINDINGS_LEDGER.md | 829 | levels_7 | `.d1.rows[8].mde` | 0 | 160 | 169 |
| FINDINGS_LEDGER.md | 829 | levels_7 | `.d1.segments.first.mde` | 0 | 160 | 165 |
| FINDINGS_LEDGER.md | 829 | levels_7 | `.d3.trade_quantiles.0.05` | 0 | 160 | 152 |
| FINDINGS_LEDGER.md | 829 | levels_7 | `.d7.years.2023.hi` | 0 | 160 | 161 |
| FINDINGS_LEDGER.md | 829 | range_hi_none | `.d1.rows[2].lo` | 0 | 160 | 162 |
| FINDINGS_LEDGER.md | 829 | range_hi_none | `.d1.rows[6].lo` | 0 | 160 | 169 |
| FINDINGS_LEDGER.md | 829 | range_hi_p75 | `.d1.rows[2].mean` | 0 | 160 | 154 |
| FINDINGS_LEDGER.md | 829 | range_hi_p75 | `.d1.rows[7].hi` | 0 | 160 | 170 |
| FINDINGS_LEDGER.md | 829 | range_hi_p75 | `.d3.trade_quantiles.0.99` | 0 | 160 | 158 |
| FINDINGS_LEDGER.md | 829 | range_hi_p75 | `.d7.years.2016.mde` | 0 | 160 | 170 |
| FINDINGS_LEDGER.md | 829 | range_hi_p90 | `.d1.rows[5].lo` | 0 | 160 | 162 |
| FINDINGS_LEDGER.md | 829 | range_hi_p90 | `.d1.rows[5].mde` | 0 | 160 | 169 |
| FINDINGS_LEDGER.md | 829 | range_hi_p90 | `.d1.segments.first.mde` | 0 | 160 | 154 |
| FINDINGS_LEDGER.md | 829 | range_lo_none | `.d1.rows[2].lo` | 0 | 160 | 162 |
| FINDINGS_LEDGER.md | 829 | range_lo_none | `.d1.rows[6].hi` | 0 | 160 | 163 |
| FINDINGS_LEDGER.md | 829 | range_lo_none | `.d1.rows[6].lo` | 0 | 160 | 158 |
| FINDINGS_LEDGER.md | 829 | range_lo_none | `.d1.rows[7].hi` | 0 | 160 | 161 |
| FINDINGS_LEDGER.md | 829 | range_lo_p10 | `.d1.segments.second.hi` | 0 | 160 | 163 |
| FINDINGS_LEDGER.md | 829 | range_lo_p25 | `.d3.trade_quantiles.0.95` | 0 | 160 | 155 |
| FINDINGS_LEDGER.md | 829 | range_lo_p25 | `.d7.years.2016.hi` | 0 | 160 | 153 |
| FINDINGS_LEDGER.md | 829 | range_lo_p25 | `.d7.years.2023.lo` | 0 | 160 | 159 |
| FINDINGS_LEDGER.md | 829 | range_lo_p50 | `.d1.rows[0].hi` | 0 | 160 | 163 |
| FINDINGS_LEDGER.md | 829 | range_lo_p50 | `.d1.segments.second.lo` | 0 | 160 | 153 |
| FINDINGS_LEDGER.md | 829 | range_lo_p50 | `.d7.years.2015.mean` | 0 | 160 | 152 |
| FINDINGS_LEDGER.md | 829 | range_lo_p50 | `.d7.years.2021.mean` | 0 | 160 | 152 |
| FINDINGS_LEDGER.md | 829 | range_lo_p50 | `.d7.years.2022.mean` | 0 | 160 | 163 |
| FINDINGS_LEDGER.md | 829 | step_2 | `.d1.rows[5].mde` | 0 | 160 | 151 |
| FINDINGS_LEDGER.md | 829 | step_2 | `.d1.rows[6].lo` | 0 | 160 | 167 |
| FINDINGS_LEDGER.md | 829 | step_2 | `.d1.rows[8].mde` | 0 | 160 | 157 |
| FINDINGS_LEDGER.md | 829 | step_2 | `.d1.segments.second.hi` | 0 | 160 | 159 |
| FINDINGS_LEDGER.md | 829 | step_4 | `.d1.rows[4].mde` | 0 | 160 | 155 |
| FINDINGS_LEDGER.md | 829 | step_4 | `.d1.rows[4].mean` | 0 | 160 | 154 |
| FINDINGS_LEDGER.md | 829 | step_4 | `.d1.segments.second.hi` | 0 | 160 | 165 |
| FINDINGS_LEDGER.md | 829 | step_4 | `.d3.groups.出の理由【結果で決まる群】.market.hi` | 0 | 160 | 151 |
| FINDINGS_LEDGER.md | 829 | step_4 | `.d7.years.2016.lo` | 0 | 160 | 170 |
| FINDINGS_LEDGER.md | 829 | step_4 | `.d7.years.2019.mde` | 0 | 160 | 152 |
| FINDINGS_LEDGER.md | 829 | step_4 | `.d7.years.2020.mde` | 0 | 160 | 152 |
| FINDINGS_LEDGER.md | 829 | vola_gate_p10 | `.d1.segments.second.hi` | 0 | 160 | 164 |
| FINDINGS_LEDGER.md | 829 | vola_gate_p25 | `.d1.rows[7].hi` | 0 | 160 | 152 |
| FINDINGS_LEDGER.md | 829 | vola_gate_p25 | `.d3.trade_quantiles.0.95` | 0 | 160 | 152 |
| FINDINGS_LEDGER.md | 829 | vola_gate_p25 | `.d7.years.2016.mean` | 0 | 160 | 154 |
| FINDINGS_LEDGER.md | 829 | vola_gate_p50 | `.d1.rows[0].hi` | 0 | 160 | 168 |
| FINDINGS_LEDGER.md | 829 | vola_gate_p50 | `.d1.rows[9].lo` | 0 | 160 | 159 |
| FINDINGS_LEDGER.md | 829 | vola_gate_p50 | `.d1.segments.first.mde` | 0 | 160 | 166 |
| FINDINGS_LEDGER.md | 829 | vola_gate_p50 | `.d1.segments.second.lo` | 0 | 160 | 166 |
| FINDINGS_LEDGER.md | 829 | vola_gate_p50 | `.d7.years.2018.lo` | 0 | 160 | 165 |
| FINDINGS_LEDGER.md | 829 | vola_gate_p50 | `.d7.years.2023.mde` | 0 | 160 | 155 |
| FINDINGS_LEDGER.md | 830 | alert_x1 | `.d1.rows[2].mean` | 0 | 160 | 151 |
| FINDINGS_LEDGER.md | 830 | alert_x1 | `.d1.rows[6].hi` | 0 | 160 | 157 |
| FINDINGS_LEDGER.md | 830 | alert_x1 | `.d1.rows[6].lo` | 0 | 160 | 164 |
| FINDINGS_LEDGER.md | 830 | alert_x1 | `.d7.years.2015.mean` | 0 | 160 | 165 |
| FINDINGS_LEDGER.md | 830 | alert_x2 | `.d1.rows[2].lo` | 0 | 160 | 153 |
| FINDINGS_LEDGER.md | 830 | alert_x2 | `.d1.rows[6].hi` | 0 | 160 | 158 |
| FINDINGS_LEDGER.md | 830 | alert_x2 | `.d1.rows[6].lo` | 0 | 160 | 164 |
| FINDINGS_LEDGER.md | 830 | alert_x2 | `.d1.rows[7].hi` | 0 | 160 | 153 |
| FINDINGS_LEDGER.md | 830 | base | `.d1.rows[2].lo` | 0 | 160 | 162 |
| FINDINGS_LEDGER.md | 830 | base | `.d1.rows[6].hi` | 0 | 160 | 163 |
| FINDINGS_LEDGER.md | 830 | base | `.d1.rows[6].lo` | 0 | 160 | 158 |
| FINDINGS_LEDGER.md | 830 | base | `.d1.rows[7].hi` | 0 | 160 | 161 |
| FINDINGS_LEDGER.md | 830 | beard_off | `.d1.segments.second.mde` | 0 | 160 | 155 |
| FINDINGS_LEDGER.md | 830 | beard_off | `.d7.years.2018.hi` | 0 | 160 | 155 |
| FINDINGS_LEDGER.md | 830 | beard_off | `.d7.years.2020.lo` | 0 | 160 | 155 |
| FINDINGS_LEDGER.md | 830 | beard_off | `.d7.years.2021.mean` | 0 | 160 | 159 |
| FINDINGS_LEDGER.md | 830 | break_delay_2 | `.d1.rows[6].lo` | 0 | 160 | 156 |
| FINDINGS_LEDGER.md | 830 | break_delay_2 | `.d1.segments.second.hi` | 0 | 160 | 153 |
| FINDINGS_LEDGER.md | 830 | break_delay_3 | `.d1.rows[2].lo` | 0 | 160 | 153 |
| FINDINGS_LEDGER.md | 830 | break_delay_3 | `.d7.years.2021.mean` | 0 | 160 | 155 |
| FINDINGS_LEDGER.md | 830 | break_delay_4 | `.d7.years.2017.mean` | 0 | 160 | 157 |
| FINDINGS_LEDGER.md | 830 | break_delay_4 | `.d7.years.2018.mde` | 0 | 160 | 169 |
| FINDINGS_LEDGER.md | 830 | break_delay_4 | `.d7.years.2021.mde` | 0 | 160 | 157 |
| FINDINGS_LEDGER.md | 830 | break_delay_8 | `.d1.segments.second.hi` | 0 | 160 | 158 |
| FINDINGS_LEDGER.md | 830 | break_delay_8 | `.d7.years.2022.mde` | 0 | 160 | 157 |
| FINDINGS_LEDGER.md | 830 | break_dist_0.25 | `.d1.rows[0].hi` | 0 | 160 | 155 |
| FINDINGS_LEDGER.md | 830 | break_dist_0.25 | `.d1.rows[5].lo` | 0 | 160 | 166 |
| FINDINGS_LEDGER.md | 830 | break_dist_0.25 | `.d1.segments.first.mde` | 0 | 160 | 152 |
| FINDINGS_LEDGER.md | 830 | break_dist_0.25 | `.d1.segments.second.mean` | 0 | 160 | 162 |
| FINDINGS_LEDGER.md | 830 | break_dist_0.25 | `.d3.groups.出の理由【結果で決まる群】.break.hi` | 0 | 160 | 150 |
| FINDINGS_LEDGER.md | 830 | break_dist_0.25 | `.d3.groups.出の理由【結果で決まる群】.break.lo` | 0 | 160 | 166 |
| FINDINGS_LEDGER.md | 830 | break_dist_0.25 | `.d3.groups.出の理由【結果で決まる群】.break.per_trade` | 0 | 160 | 158 |
| FINDINGS_LEDGER.md | 830 | break_dist_0.25 | `.d7.years.2017.lo` | 0 | 160 | 151 |
| FINDINGS_LEDGER.md | 830 | break_dist_0.25 | `.d7.years.2019.hi` | 0 | 160 | 159 |
| FINDINGS_LEDGER.md | 830 | break_dist_1 | `.d1.rows[0].mde` | 0 | 160 | 155 |
| FINDINGS_LEDGER.md | 830 | break_dist_1 | `.d1.segments.second.mde` | 0 | 160 | 169 |
| FINDINGS_LEDGER.md | 830 | break_dist_1 | `.d7.years.2015.hi` | 0 | 160 | 151 |
| FINDINGS_LEDGER.md | 830 | break_len_mult_4 | `.d7.all.lo` | 0 | 160 | 155 |
| FINDINGS_LEDGER.md | 830 | break_len_mult_4 | `.d7.years.2019.mde` | 0 | 160 | 163 |
| FINDINGS_LEDGER.md | 830 | break_len_mult_4 | `.d7.years.2020.mde` | 0 | 160 | 170 |
| FINDINGS_LEDGER.md | 830 | break_len_mult_4 | `.d7.years.2022.hi` | 0 | 160 | 155 |
| FINDINGS_LEDGER.md | 830 | break_len_mult_4 | `.d7.years.2022.mde` | 0 | 160 | 163 |
| FINDINGS_LEDGER.md | 830 | break_off | `.d1.rows[7].hi` | 0 | 160 | 153 |
| FINDINGS_LEDGER.md | 830 | break_off | `.d1.rows[7].mean` | 0 | 160 | 168 |
| FINDINGS_LEDGER.md | 830 | break_off | `.d1.segments.second.lo` | 2 | 265.8 | 265.7 |
| FINDINGS_LEDGER.md | 830 | count_20 | `.d1.rows[1].mean` | 0 | 160 | 162 |
| FINDINGS_LEDGER.md | 830 | count_20 | `.d1.rows[5].mde` | 0 | 160 | 166 |
| FINDINGS_LEDGER.md | 830 | count_20 | `.d1.rows[8].mde` | 0 | 160 | 157 |
| FINDINGS_LEDGER.md | 830 | count_20 | `.d1.rows[9].mde` | 0 | 160 | 169 |
| FINDINGS_LEDGER.md | 830 | count_20 | `.d7.years.2022.lo` | 0 | 160 | 152 |
| FINDINGS_LEDGER.md | 830 | count_80 | `.d1.rows[0].mde` | 0 | 160 | 157 |
| FINDINGS_LEDGER.md | 830 | count_80 | `.d1.rows[2].lo` | 0 | 160 | 168 |
| FINDINGS_LEDGER.md | 830 | count_80 | `.d1.rows[5].mean` | 0 | 160 | 162 |
| FINDINGS_LEDGER.md | 830 | entry_exit_2_1 | `.d1.rows[5].mean` | 0 | 160 | 156 |
| FINDINGS_LEDGER.md | 830 | entry_exit_3_2 | `.d1.segments.second.mde` | 0 | 160 | 164 |
| FINDINGS_LEDGER.md | 830 | entry_exit_3_2 | `.d3.trade_quantiles.0.95` | 0 | 160 | 151 |
| FINDINGS_LEDGER.md | 830 | entry_exit_3_2 | `.d7.years.2015.hi` | 0 | 160 | 168 |
| FINDINGS_LEDGER.md | 830 | foot_5 | `.d1.rows[9].hi` | 0 | 160 | 151 |
| FINDINGS_LEDGER.md | 830 | foot_5 | `.d1.rows[9].mde` | 0 | 160 | 170 |
| FINDINGS_LEDGER.md | 830 | foot_5 | `.d1.segments.diff.mean` | 0 | 160 | 164 |
| FINDINGS_LEDGER.md | 830 | foot_5 | `.d1.segments.first.mde` | 0 | 160 | 152 |
| FINDINGS_LEDGER.md | 830 | foot_5 | `.d1.segments.first.mean` | 0 | 160 | 155 |
| FINDINGS_LEDGER.md | 830 | foot_5 | `.d7.years.2021.mean` | 0 | 160 | 159 |
| FINDINGS_LEDGER.md | 830 | levels_3 | `.d1.rows[0].mde` | 0 | 160 | 153 |
| FINDINGS_LEDGER.md | 830 | levels_3 | `.d1.segments.second.mde` | 0 | 160 | 159 |
| FINDINGS_LEDGER.md | 830 | levels_3 | `.d7.years.2016.mean` | 0 | 160 | 167 |
| FINDINGS_LEDGER.md | 830 | levels_7 | `.d1.rows[8].mde` | 0 | 160 | 169 |
| FINDINGS_LEDGER.md | 830 | levels_7 | `.d1.segments.first.mde` | 0 | 160 | 165 |
| FINDINGS_LEDGER.md | 830 | levels_7 | `.d3.trade_quantiles.0.05` | 0 | 160 | 152 |
| FINDINGS_LEDGER.md | 830 | levels_7 | `.d7.years.2023.hi` | 0 | 160 | 161 |
| FINDINGS_LEDGER.md | 830 | range_hi_none | `.d1.rows[2].lo` | 0 | 160 | 162 |
| FINDINGS_LEDGER.md | 830 | range_hi_none | `.d1.rows[6].lo` | 0 | 160 | 169 |
| FINDINGS_LEDGER.md | 830 | range_hi_p75 | `.d1.rows[7].hi` | 0 | 160 | 170 |
| FINDINGS_LEDGER.md | 830 | range_hi_p75 | `.d3.trade_quantiles.0.99` | 0 | 160 | 158 |
| FINDINGS_LEDGER.md | 830 | range_hi_p75 | `.d7.years.2016.mde` | 0 | 160 | 170 |
| FINDINGS_LEDGER.md | 830 | range_hi_p90 | `.d1.rows[5].lo` | 0 | 160 | 162 |
| FINDINGS_LEDGER.md | 830 | range_hi_p90 | `.d1.rows[5].mde` | 0 | 160 | 169 |
| FINDINGS_LEDGER.md | 830 | range_lo_none | `.d1.rows[2].lo` | 0 | 160 | 162 |
| FINDINGS_LEDGER.md | 830 | range_lo_none | `.d1.rows[6].hi` | 0 | 160 | 163 |
| FINDINGS_LEDGER.md | 830 | range_lo_none | `.d1.rows[6].lo` | 0 | 160 | 158 |
| FINDINGS_LEDGER.md | 830 | range_lo_none | `.d1.rows[7].hi` | 0 | 160 | 161 |
| FINDINGS_LEDGER.md | 830 | range_lo_p10 | `.d1.segments.second.hi` | 0 | 160 | 163 |
| FINDINGS_LEDGER.md | 830 | range_lo_p25 | `.d3.trade_quantiles.0.95` | 0 | 160 | 155 |
| FINDINGS_LEDGER.md | 830 | range_lo_p25 | `.d7.years.2016.hi` | 0 | 160 | 153 |
| FINDINGS_LEDGER.md | 830 | range_lo_p25 | `.d7.years.2023.lo` | 0 | 160 | 159 |
| FINDINGS_LEDGER.md | 830 | range_lo_p50 | `.d1.rows[0].hi` | 0 | 160 | 163 |
| FINDINGS_LEDGER.md | 830 | range_lo_p50 | `.d1.segments.second.lo` | 0 | 160 | 153 |
| FINDINGS_LEDGER.md | 830 | range_lo_p50 | `.d7.years.2015.mean` | 0 | 160 | 152 |
| FINDINGS_LEDGER.md | 830 | range_lo_p50 | `.d7.years.2021.mean` | 0 | 160 | 152 |
| FINDINGS_LEDGER.md | 830 | range_lo_p50 | `.d7.years.2022.mean` | 0 | 160 | 163 |
| FINDINGS_LEDGER.md | 830 | step_2 | `.d1.rows[5].mde` | 0 | 160 | 151 |
| FINDINGS_LEDGER.md | 830 | step_2 | `.d1.rows[6].lo` | 0 | 160 | 167 |
| FINDINGS_LEDGER.md | 830 | step_2 | `.d1.rows[8].mde` | 0 | 160 | 157 |
| FINDINGS_LEDGER.md | 830 | step_2 | `.d1.segments.second.hi` | 0 | 160 | 159 |
| FINDINGS_LEDGER.md | 830 | step_4 | `.d1.rows[4].mde` | 0 | 160 | 155 |
| FINDINGS_LEDGER.md | 830 | step_4 | `.d1.segments.second.hi` | 0 | 160 | 165 |
| FINDINGS_LEDGER.md | 830 | step_4 | `.d3.groups.出の理由【結果で決まる群】.market.hi` | 0 | 160 | 151 |
| FINDINGS_LEDGER.md | 830 | step_4 | `.d7.years.2016.lo` | 0 | 160 | 170 |
| FINDINGS_LEDGER.md | 830 | step_4 | `.d7.years.2019.mde` | 0 | 160 | 152 |
| FINDINGS_LEDGER.md | 830 | step_4 | `.d7.years.2020.mde` | 0 | 160 | 152 |
| FINDINGS_LEDGER.md | 830 | vola_gate_p10 | `.d1.segments.second.hi` | 0 | 160 | 164 |
| FINDINGS_LEDGER.md | 830 | vola_gate_p25 | `.d1.rows[7].hi` | 0 | 160 | 152 |
| FINDINGS_LEDGER.md | 830 | vola_gate_p25 | `.d3.trade_quantiles.0.95` | 0 | 160 | 152 |
| FINDINGS_LEDGER.md | 830 | vola_gate_p50 | `.d1.rows[0].hi` | 0 | 160 | 168 |
| FINDINGS_LEDGER.md | 830 | vola_gate_p50 | `.d1.rows[9].lo` | 0 | 160 | 159 |
| FINDINGS_LEDGER.md | 830 | vola_gate_p50 | `.d1.segments.first.mde` | 0 | 160 | 166 |
| FINDINGS_LEDGER.md | 830 | vola_gate_p50 | `.d1.segments.second.lo` | 0 | 160 | 166 |
| FINDINGS_LEDGER.md | 830 | vola_gate_p50 | `.d7.years.2018.lo` | 0 | 160 | 165 |
| FINDINGS_LEDGER.md | 830 | vola_gate_p50 | `.d7.years.2023.mde` | 0 | 160 | 155 |
| FINDINGS_LEDGER.md | 834 | alert_x1 | `.d1.rows[2].mean` | 0 | 160 | 151 |
| FINDINGS_LEDGER.md | 834 | alert_x1 | `.d1.rows[6].hi` | 0 | 160 | 157 |
| FINDINGS_LEDGER.md | 834 | alert_x1 | `.d1.rows[6].lo` | 0 | 160 | 164 |
| FINDINGS_LEDGER.md | 834 | alert_x1 | `.d1.rows[7].hi` | 0 | 160 | 154 |
| FINDINGS_LEDGER.md | 834 | alert_x1 | `.d7.years.2015.mean` | 0 | 160 | 165 |
| FINDINGS_LEDGER.md | 834 | alert_x2 | `.d1.rows[2].lo` | 0 | 160 | 153 |
| FINDINGS_LEDGER.md | 834 | alert_x2 | `.d1.rows[6].hi` | 0 | 160 | 158 |
| FINDINGS_LEDGER.md | 834 | alert_x2 | `.d1.rows[6].lo` | 0 | 160 | 164 |
| FINDINGS_LEDGER.md | 834 | alert_x2 | `.d1.rows[7].hi` | 0 | 160 | 153 |
| FINDINGS_LEDGER.md | 834 | base | `.d1.rows[2].lo` | 0 | 160 | 162 |
| FINDINGS_LEDGER.md | 834 | base | `.d1.rows[6].hi` | 0 | 160 | 163 |
| FINDINGS_LEDGER.md | 834 | base | `.d1.rows[6].lo` | 0 | 160 | 158 |
| FINDINGS_LEDGER.md | 834 | base | `.d1.rows[7].hi` | 0 | 160 | 161 |
| FINDINGS_LEDGER.md | 834 | beard_off | `.d1.segments.second.mde` | 0 | 160 | 155 |
| FINDINGS_LEDGER.md | 834 | beard_off | `.d7.years.2018.hi` | 0 | 160 | 155 |
| FINDINGS_LEDGER.md | 834 | beard_off | `.d7.years.2020.lo` | 0 | 160 | 155 |
| FINDINGS_LEDGER.md | 834 | beard_off | `.d7.years.2021.mean` | 0 | 160 | 159 |
| FINDINGS_LEDGER.md | 834 | break_delay_2 | `.d1.rows[6].lo` | 0 | 160 | 156 |
| FINDINGS_LEDGER.md | 834 | break_delay_2 | `.d1.segments.second.hi` | 0 | 160 | 153 |
| FINDINGS_LEDGER.md | 834 | break_delay_3 | `.d1.rows[2].lo` | 0 | 160 | 153 |
| FINDINGS_LEDGER.md | 834 | break_delay_3 | `.d7.years.2021.mean` | 0 | 160 | 155 |
| FINDINGS_LEDGER.md | 834 | break_delay_4 | `.d7.years.2017.mean` | 0 | 160 | 157 |
| FINDINGS_LEDGER.md | 834 | break_delay_4 | `.d7.years.2018.mde` | 0 | 160 | 169 |
| FINDINGS_LEDGER.md | 834 | break_delay_4 | `.d7.years.2021.mde` | 0 | 160 | 157 |
| FINDINGS_LEDGER.md | 834 | break_delay_8 | `.d1.segments.second.hi` | 0 | 160 | 158 |
| FINDINGS_LEDGER.md | 834 | break_delay_8 | `.d7.years.2022.mde` | 0 | 160 | 157 |
| FINDINGS_LEDGER.md | 834 | break_dist_0.25 | `.d1.rows[0].hi` | 0 | 160 | 155 |
| FINDINGS_LEDGER.md | 834 | break_dist_0.25 | `.d1.rows[5].lo` | 0 | 160 | 166 |
| FINDINGS_LEDGER.md | 834 | break_dist_0.25 | `.d1.segments.first.mde` | 0 | 160 | 152 |
| FINDINGS_LEDGER.md | 834 | break_dist_0.25 | `.d1.segments.second.mean` | 0 | 160 | 162 |
| FINDINGS_LEDGER.md | 834 | break_dist_0.25 | `.d3.groups.出の理由【結果で決まる群】.break.hi` | 0 | 160 | 150 |
| FINDINGS_LEDGER.md | 834 | break_dist_0.25 | `.d3.groups.出の理由【結果で決まる群】.break.lo` | 0 | 160 | 166 |
| FINDINGS_LEDGER.md | 834 | break_dist_0.25 | `.d3.groups.出の理由【結果で決まる群】.break.per_trade` | 0 | 160 | 158 |
| FINDINGS_LEDGER.md | 834 | break_dist_0.25 | `.d7.years.2017.lo` | 0 | 160 | 151 |
| FINDINGS_LEDGER.md | 834 | break_dist_0.25 | `.d7.years.2019.hi` | 0 | 160 | 159 |
| FINDINGS_LEDGER.md | 834 | break_dist_0.25 | `.d7.years.2019.mde` | 0 | 160 | 154 |
| FINDINGS_LEDGER.md | 834 | break_dist_1 | `.d1.rows[0].mde` | 0 | 160 | 155 |
| FINDINGS_LEDGER.md | 834 | break_dist_1 | `.d1.segments.second.mde` | 0 | 160 | 169 |
| FINDINGS_LEDGER.md | 834 | break_dist_1 | `.d7.years.2015.hi` | 0 | 160 | 151 |
| FINDINGS_LEDGER.md | 834 | break_len_mult_4 | `.d7.all.lo` | 0 | 160 | 155 |
| FINDINGS_LEDGER.md | 834 | break_len_mult_4 | `.d7.years.2019.mde` | 0 | 160 | 163 |
| FINDINGS_LEDGER.md | 834 | break_len_mult_4 | `.d7.years.2020.mde` | 0 | 160 | 170 |
| FINDINGS_LEDGER.md | 834 | break_len_mult_4 | `.d7.years.2022.hi` | 0 | 160 | 155 |
| FINDINGS_LEDGER.md | 834 | break_len_mult_4 | `.d7.years.2022.mde` | 0 | 160 | 163 |
| FINDINGS_LEDGER.md | 834 | break_off | `.d1.rows[7].hi` | 0 | 160 | 153 |
| FINDINGS_LEDGER.md | 834 | break_off | `.d1.rows[7].mean` | 0 | 160 | 168 |
| FINDINGS_LEDGER.md | 834 | count_20 | `.d1.rows[1].mean` | 0 | 160 | 162 |
| FINDINGS_LEDGER.md | 834 | count_20 | `.d1.rows[5].mde` | 0 | 160 | 166 |
| FINDINGS_LEDGER.md | 834 | count_20 | `.d1.rows[8].mde` | 0 | 160 | 157 |
| FINDINGS_LEDGER.md | 834 | count_20 | `.d1.rows[9].mde` | 0 | 160 | 169 |
| FINDINGS_LEDGER.md | 834 | count_20 | `.d7.years.2022.lo` | 0 | 160 | 152 |
| FINDINGS_LEDGER.md | 834 | count_80 | `.d1.rows[0].mde` | 0 | 160 | 157 |
| FINDINGS_LEDGER.md | 834 | count_80 | `.d1.rows[2].lo` | 0 | 160 | 168 |
| FINDINGS_LEDGER.md | 834 | count_80 | `.d1.rows[5].mean` | 0 | 160 | 162 |
| FINDINGS_LEDGER.md | 834 | entry_exit_2_1 | `.d1.rows[5].mean` | 0 | 160 | 156 |
| FINDINGS_LEDGER.md | 834 | entry_exit_3_2 | `.d1.segments.second.mde` | 0 | 160 | 164 |
| FINDINGS_LEDGER.md | 834 | entry_exit_3_2 | `.d3.trade_quantiles.0.95` | 0 | 160 | 151 |
| FINDINGS_LEDGER.md | 834 | entry_exit_3_2 | `.d7.years.2015.hi` | 0 | 160 | 168 |
| FINDINGS_LEDGER.md | 834 | entry_exit_3_2 | `.d7.years.2022.hi` | 0 | 160 | 154 |
| FINDINGS_LEDGER.md | 834 | foot_5 | `.d1.rows[9].hi` | 0 | 160 | 151 |
| FINDINGS_LEDGER.md | 834 | foot_5 | `.d1.rows[9].mde` | 0 | 160 | 170 |
| FINDINGS_LEDGER.md | 834 | foot_5 | `.d1.segments.diff.mean` | 0 | 160 | 164 |
| FINDINGS_LEDGER.md | 834 | foot_5 | `.d1.segments.first.mde` | 0 | 160 | 152 |
| FINDINGS_LEDGER.md | 834 | foot_5 | `.d1.segments.first.mean` | 0 | 160 | 155 |
| FINDINGS_LEDGER.md | 834 | foot_5 | `.d7.years.2021.mean` | 0 | 160 | 159 |
| FINDINGS_LEDGER.md | 834 | levels_3 | `.d1.rows[0].mde` | 0 | 160 | 153 |
| FINDINGS_LEDGER.md | 834 | levels_3 | `.d1.segments.second.mde` | 0 | 160 | 159 |
| FINDINGS_LEDGER.md | 834 | levels_3 | `.d3.trade_quantiles.0.95` | 0 | 160 | 154 |
| FINDINGS_LEDGER.md | 834 | levels_3 | `.d7.years.2016.mean` | 0 | 160 | 167 |
| FINDINGS_LEDGER.md | 834 | levels_3 | `.d7.years.2023.hi` | 0 | 160 | 154 |
| FINDINGS_LEDGER.md | 834 | levels_7 | `.d1.rows[8].mde` | 0 | 160 | 169 |
| FINDINGS_LEDGER.md | 834 | levels_7 | `.d1.segments.first.mde` | 0 | 160 | 165 |
| FINDINGS_LEDGER.md | 834 | levels_7 | `.d3.trade_quantiles.0.05` | 0 | 160 | 152 |
| FINDINGS_LEDGER.md | 834 | levels_7 | `.d7.years.2023.hi` | 0 | 160 | 161 |
| FINDINGS_LEDGER.md | 834 | range_hi_none | `.d1.rows[2].lo` | 0 | 160 | 162 |
| FINDINGS_LEDGER.md | 834 | range_hi_none | `.d1.rows[6].lo` | 0 | 160 | 169 |
| FINDINGS_LEDGER.md | 834 | range_hi_p75 | `.d1.rows[2].mean` | 0 | 160 | 154 |
| FINDINGS_LEDGER.md | 834 | range_hi_p75 | `.d1.rows[7].hi` | 0 | 160 | 170 |
| FINDINGS_LEDGER.md | 834 | range_hi_p75 | `.d3.trade_quantiles.0.99` | 0 | 160 | 158 |
| FINDINGS_LEDGER.md | 834 | range_hi_p75 | `.d7.years.2016.mde` | 0 | 160 | 170 |
| FINDINGS_LEDGER.md | 834 | range_hi_p90 | `.d1.rows[5].lo` | 0 | 160 | 162 |
| FINDINGS_LEDGER.md | 834 | range_hi_p90 | `.d1.rows[5].mde` | 0 | 160 | 169 |
| FINDINGS_LEDGER.md | 834 | range_hi_p90 | `.d1.segments.first.mde` | 0 | 160 | 154 |
| FINDINGS_LEDGER.md | 834 | range_lo_none | `.d1.rows[2].lo` | 0 | 160 | 162 |
| FINDINGS_LEDGER.md | 834 | range_lo_none | `.d1.rows[6].hi` | 0 | 160 | 163 |
| FINDINGS_LEDGER.md | 834 | range_lo_none | `.d1.rows[6].lo` | 0 | 160 | 158 |
| FINDINGS_LEDGER.md | 834 | range_lo_none | `.d1.rows[7].hi` | 0 | 160 | 161 |
| FINDINGS_LEDGER.md | 834 | range_lo_p10 | `.d1.segments.second.hi` | 0 | 160 | 163 |
| FINDINGS_LEDGER.md | 834 | range_lo_p25 | `.d3.trade_quantiles.0.95` | 0 | 160 | 155 |
| FINDINGS_LEDGER.md | 834 | range_lo_p25 | `.d7.years.2016.hi` | 0 | 160 | 153 |
| FINDINGS_LEDGER.md | 834 | range_lo_p25 | `.d7.years.2023.lo` | 0 | 160 | 159 |
| FINDINGS_LEDGER.md | 834 | range_lo_p50 | `.d1.rows[0].hi` | 0 | 160 | 163 |
| FINDINGS_LEDGER.md | 834 | range_lo_p50 | `.d1.segments.second.lo` | 0 | 160 | 153 |
| FINDINGS_LEDGER.md | 834 | range_lo_p50 | `.d7.years.2015.mean` | 0 | 160 | 152 |
| FINDINGS_LEDGER.md | 834 | range_lo_p50 | `.d7.years.2021.mean` | 0 | 160 | 152 |
| FINDINGS_LEDGER.md | 834 | range_lo_p50 | `.d7.years.2022.mean` | 0 | 160 | 163 |
| FINDINGS_LEDGER.md | 834 | step_2 | `.d1.rows[5].mde` | 0 | 160 | 151 |
| FINDINGS_LEDGER.md | 834 | step_2 | `.d1.rows[6].lo` | 0 | 160 | 167 |
| FINDINGS_LEDGER.md | 834 | step_2 | `.d1.rows[8].mde` | 0 | 160 | 157 |
| FINDINGS_LEDGER.md | 834 | step_2 | `.d1.segments.second.hi` | 0 | 160 | 159 |
| FINDINGS_LEDGER.md | 834 | step_4 | `.d1.rows[4].mde` | 0 | 160 | 155 |
| FINDINGS_LEDGER.md | 834 | step_4 | `.d1.rows[4].mean` | 0 | 160 | 154 |
| FINDINGS_LEDGER.md | 834 | step_4 | `.d1.segments.second.hi` | 0 | 160 | 165 |
| FINDINGS_LEDGER.md | 834 | step_4 | `.d3.groups.出の理由【結果で決まる群】.market.hi` | 0 | 160 | 151 |
| FINDINGS_LEDGER.md | 834 | step_4 | `.d7.years.2016.lo` | 0 | 160 | 170 |
| FINDINGS_LEDGER.md | 834 | step_4 | `.d7.years.2019.mde` | 0 | 160 | 152 |
| FINDINGS_LEDGER.md | 834 | step_4 | `.d7.years.2020.mde` | 0 | 160 | 152 |
| FINDINGS_LEDGER.md | 834 | vola_gate_p10 | `.d1.segments.second.hi` | 0 | 160 | 164 |
| FINDINGS_LEDGER.md | 834 | vola_gate_p25 | `.d1.rows[7].hi` | 0 | 160 | 152 |
| FINDINGS_LEDGER.md | 834 | vola_gate_p25 | `.d3.trade_quantiles.0.95` | 0 | 160 | 152 |
| FINDINGS_LEDGER.md | 834 | vola_gate_p25 | `.d7.years.2016.mean` | 0 | 160 | 154 |
| FINDINGS_LEDGER.md | 834 | vola_gate_p50 | `.d1.rows[0].hi` | 0 | 160 | 168 |
| FINDINGS_LEDGER.md | 834 | vola_gate_p50 | `.d1.rows[9].lo` | 0 | 160 | 159 |
| FINDINGS_LEDGER.md | 834 | vola_gate_p50 | `.d1.segments.first.mde` | 0 | 160 | 166 |
| FINDINGS_LEDGER.md | 834 | vola_gate_p50 | `.d1.segments.second.lo` | 0 | 160 | 166 |
| FINDINGS_LEDGER.md | 834 | vola_gate_p50 | `.d7.years.2018.lo` | 0 | 160 | 165 |
| FINDINGS_LEDGER.md | 834 | vola_gate_p50 | `.d7.years.2023.mde` | 0 | 160 | 155 |
| FINDINGS_LEDGER.md | 841 | alert_x1 | `.d1.rows[2].mean` | 0 | 160 | 151 |
| FINDINGS_LEDGER.md | 841 | alert_x1 | `.d1.rows[6].hi` | 0 | 160 | 157 |
| FINDINGS_LEDGER.md | 841 | alert_x1 | `.d1.rows[6].lo` | 0 | 160 | 164 |
| FINDINGS_LEDGER.md | 841 | alert_x1 | `.d1.rows[7].hi` | 0 | 160 | 154 |
| FINDINGS_LEDGER.md | 841 | alert_x1 | `.d7.years.2015.mean` | 0 | 160 | 165 |
| FINDINGS_LEDGER.md | 841 | alert_x2 | `.d1.rows[2].lo` | 0 | 160 | 153 |
| FINDINGS_LEDGER.md | 841 | alert_x2 | `.d1.rows[6].hi` | 0 | 160 | 158 |
| FINDINGS_LEDGER.md | 841 | alert_x2 | `.d1.rows[6].lo` | 0 | 160 | 164 |
| FINDINGS_LEDGER.md | 841 | alert_x2 | `.d1.rows[7].hi` | 0 | 160 | 153 |
| FINDINGS_LEDGER.md | 841 | base | `.d1.rows[2].lo` | 0 | 160 | 162 |
| FINDINGS_LEDGER.md | 841 | base | `.d1.rows[6].hi` | 0 | 160 | 163 |
| FINDINGS_LEDGER.md | 841 | base | `.d1.rows[6].lo` | 0 | 160 | 158 |
| FINDINGS_LEDGER.md | 841 | base | `.d1.rows[7].hi` | 0 | 160 | 161 |
| FINDINGS_LEDGER.md | 841 | beard_off | `.d1.segments.second.mde` | 0 | 160 | 155 |
| FINDINGS_LEDGER.md | 841 | beard_off | `.d7.years.2018.hi` | 0 | 160 | 155 |
| FINDINGS_LEDGER.md | 841 | beard_off | `.d7.years.2020.lo` | 0 | 160 | 155 |
| FINDINGS_LEDGER.md | 841 | beard_off | `.d7.years.2021.mean` | 0 | 160 | 159 |
| FINDINGS_LEDGER.md | 841 | break_delay_2 | `.d1.rows[6].lo` | 0 | 160 | 156 |
| FINDINGS_LEDGER.md | 841 | break_delay_2 | `.d1.segments.second.hi` | 0 | 160 | 153 |
| FINDINGS_LEDGER.md | 841 | break_delay_3 | `.d1.rows[2].lo` | 0 | 160 | 153 |
| FINDINGS_LEDGER.md | 841 | break_delay_3 | `.d7.years.2021.mean` | 0 | 160 | 155 |
| FINDINGS_LEDGER.md | 841 | break_delay_4 | `.d7.years.2017.mean` | 0 | 160 | 157 |
| FINDINGS_LEDGER.md | 841 | break_delay_4 | `.d7.years.2018.mde` | 0 | 160 | 169 |
| FINDINGS_LEDGER.md | 841 | break_delay_4 | `.d7.years.2021.mde` | 0 | 160 | 157 |
| FINDINGS_LEDGER.md | 841 | break_delay_8 | `.d1.segments.second.hi` | 0 | 160 | 158 |
| FINDINGS_LEDGER.md | 841 | break_delay_8 | `.d7.years.2022.mde` | 0 | 160 | 157 |
| FINDINGS_LEDGER.md | 841 | break_dist_0.25 | `.d1.rows[0].hi` | 0 | 160 | 155 |
| FINDINGS_LEDGER.md | 841 | break_dist_0.25 | `.d1.rows[5].lo` | 0 | 160 | 166 |
| FINDINGS_LEDGER.md | 841 | break_dist_0.25 | `.d1.segments.first.mde` | 0 | 160 | 152 |
| FINDINGS_LEDGER.md | 841 | break_dist_0.25 | `.d1.segments.second.mean` | 0 | 160 | 162 |
| FINDINGS_LEDGER.md | 841 | break_dist_0.25 | `.d3.groups.出の理由【結果で決まる群】.break.hi` | 0 | 160 | 150 |
| FINDINGS_LEDGER.md | 841 | break_dist_0.25 | `.d3.groups.出の理由【結果で決まる群】.break.lo` | 0 | 160 | 166 |
| FINDINGS_LEDGER.md | 841 | break_dist_0.25 | `.d3.groups.出の理由【結果で決まる群】.break.per_trade` | 0 | 160 | 158 |
| FINDINGS_LEDGER.md | 841 | break_dist_0.25 | `.d7.years.2017.lo` | 0 | 160 | 151 |
| FINDINGS_LEDGER.md | 841 | break_dist_0.25 | `.d7.years.2019.hi` | 0 | 160 | 159 |
| FINDINGS_LEDGER.md | 841 | break_dist_0.25 | `.d7.years.2019.mde` | 0 | 160 | 154 |
| FINDINGS_LEDGER.md | 841 | break_dist_1 | `.d1.rows[0].mde` | 0 | 160 | 155 |
| FINDINGS_LEDGER.md | 841 | break_dist_1 | `.d1.segments.second.mde` | 0 | 160 | 169 |
| FINDINGS_LEDGER.md | 841 | break_dist_1 | `.d7.years.2015.hi` | 0 | 160 | 151 |
| FINDINGS_LEDGER.md | 841 | break_len_mult_4 | `.d7.all.lo` | 0 | 160 | 155 |
| FINDINGS_LEDGER.md | 841 | break_len_mult_4 | `.d7.years.2019.mde` | 0 | 160 | 163 |
| FINDINGS_LEDGER.md | 841 | break_len_mult_4 | `.d7.years.2020.mde` | 0 | 160 | 170 |
| FINDINGS_LEDGER.md | 841 | break_len_mult_4 | `.d7.years.2022.hi` | 0 | 160 | 155 |
| FINDINGS_LEDGER.md | 841 | break_len_mult_4 | `.d7.years.2022.mde` | 0 | 160 | 163 |
| FINDINGS_LEDGER.md | 841 | break_off | `.d1.rows[7].hi` | 0 | 160 | 153 |
| FINDINGS_LEDGER.md | 841 | break_off | `.d1.rows[7].mean` | 0 | 160 | 168 |
| FINDINGS_LEDGER.md | 841 | count_20 | `.d1.rows[1].mean` | 0 | 160 | 162 |
| FINDINGS_LEDGER.md | 841 | count_20 | `.d1.rows[5].mde` | 0 | 160 | 166 |
| FINDINGS_LEDGER.md | 841 | count_20 | `.d1.rows[8].mde` | 0 | 160 | 157 |
| FINDINGS_LEDGER.md | 841 | count_20 | `.d1.rows[9].mde` | 0 | 160 | 169 |
| FINDINGS_LEDGER.md | 841 | count_20 | `.d7.years.2022.lo` | 0 | 160 | 152 |
| FINDINGS_LEDGER.md | 841 | count_80 | `.d1.rows[0].mde` | 0 | 160 | 157 |
| FINDINGS_LEDGER.md | 841 | count_80 | `.d1.rows[2].lo` | 0 | 160 | 168 |
| FINDINGS_LEDGER.md | 841 | count_80 | `.d1.rows[5].mean` | 0 | 160 | 162 |
| FINDINGS_LEDGER.md | 841 | entry_exit_2_1 | `.d1.rows[5].mean` | 0 | 160 | 156 |
| FINDINGS_LEDGER.md | 841 | entry_exit_3_2 | `.d1.segments.second.mde` | 0 | 160 | 164 |
| FINDINGS_LEDGER.md | 841 | entry_exit_3_2 | `.d3.trade_quantiles.0.95` | 0 | 160 | 151 |
| FINDINGS_LEDGER.md | 841 | entry_exit_3_2 | `.d7.years.2015.hi` | 0 | 160 | 168 |
| FINDINGS_LEDGER.md | 841 | entry_exit_3_2 | `.d7.years.2022.hi` | 0 | 160 | 154 |
| FINDINGS_LEDGER.md | 841 | foot_5 | `.d1.rows[9].hi` | 0 | 160 | 151 |
| FINDINGS_LEDGER.md | 841 | foot_5 | `.d1.rows[9].mde` | 0 | 160 | 170 |
| FINDINGS_LEDGER.md | 841 | foot_5 | `.d1.segments.diff.mean` | 0 | 160 | 164 |
| FINDINGS_LEDGER.md | 841 | foot_5 | `.d1.segments.first.mde` | 0 | 160 | 152 |
| FINDINGS_LEDGER.md | 841 | foot_5 | `.d1.segments.first.mean` | 0 | 160 | 155 |
| FINDINGS_LEDGER.md | 841 | foot_5 | `.d7.years.2021.mean` | 0 | 160 | 159 |
| FINDINGS_LEDGER.md | 841 | levels_3 | `.d1.rows[0].mde` | 0 | 160 | 153 |
| FINDINGS_LEDGER.md | 841 | levels_3 | `.d1.segments.second.mde` | 0 | 160 | 159 |
| FINDINGS_LEDGER.md | 841 | levels_3 | `.d3.trade_quantiles.0.95` | 0 | 160 | 154 |
| FINDINGS_LEDGER.md | 841 | levels_3 | `.d7.years.2016.mean` | 0 | 160 | 167 |
| FINDINGS_LEDGER.md | 841 | levels_3 | `.d7.years.2023.hi` | 0 | 160 | 154 |
| FINDINGS_LEDGER.md | 841 | levels_7 | `.d1.rows[8].mde` | 0 | 160 | 169 |
| FINDINGS_LEDGER.md | 841 | levels_7 | `.d1.segments.first.mde` | 0 | 160 | 165 |
| FINDINGS_LEDGER.md | 841 | levels_7 | `.d3.trade_quantiles.0.05` | 0 | 160 | 152 |
| FINDINGS_LEDGER.md | 841 | levels_7 | `.d7.years.2023.hi` | 0 | 160 | 161 |
| FINDINGS_LEDGER.md | 841 | range_hi_none | `.d1.rows[2].lo` | 0 | 160 | 162 |
| FINDINGS_LEDGER.md | 841 | range_hi_none | `.d1.rows[6].lo` | 0 | 160 | 169 |
| FINDINGS_LEDGER.md | 841 | range_hi_p75 | `.d1.rows[2].mean` | 0 | 160 | 154 |
| FINDINGS_LEDGER.md | 841 | range_hi_p75 | `.d1.rows[7].hi` | 0 | 160 | 170 |
| FINDINGS_LEDGER.md | 841 | range_hi_p75 | `.d3.trade_quantiles.0.99` | 0 | 160 | 158 |
| FINDINGS_LEDGER.md | 841 | range_hi_p75 | `.d7.years.2016.mde` | 0 | 160 | 170 |
| FINDINGS_LEDGER.md | 841 | range_hi_p90 | `.d1.rows[5].lo` | 0 | 160 | 162 |
| FINDINGS_LEDGER.md | 841 | range_hi_p90 | `.d1.rows[5].mde` | 0 | 160 | 169 |
| FINDINGS_LEDGER.md | 841 | range_hi_p90 | `.d1.segments.first.mde` | 0 | 160 | 154 |
| FINDINGS_LEDGER.md | 841 | range_lo_none | `.d1.rows[2].lo` | 0 | 160 | 162 |
| FINDINGS_LEDGER.md | 841 | range_lo_none | `.d1.rows[6].hi` | 0 | 160 | 163 |
| FINDINGS_LEDGER.md | 841 | range_lo_none | `.d1.rows[6].lo` | 0 | 160 | 158 |
| FINDINGS_LEDGER.md | 841 | range_lo_none | `.d1.rows[7].hi` | 0 | 160 | 161 |
| FINDINGS_LEDGER.md | 841 | range_lo_p10 | `.d1.segments.second.hi` | 0 | 160 | 163 |
| FINDINGS_LEDGER.md | 841 | range_lo_p25 | `.d3.trade_quantiles.0.95` | 0 | 160 | 155 |
| FINDINGS_LEDGER.md | 841 | range_lo_p25 | `.d7.years.2016.hi` | 0 | 160 | 153 |
| FINDINGS_LEDGER.md | 841 | range_lo_p25 | `.d7.years.2023.lo` | 0 | 160 | 159 |
| FINDINGS_LEDGER.md | 841 | range_lo_p50 | `.d1.rows[0].hi` | 0 | 160 | 163 |
| FINDINGS_LEDGER.md | 841 | range_lo_p50 | `.d1.segments.second.lo` | 0 | 160 | 153 |
| FINDINGS_LEDGER.md | 841 | range_lo_p50 | `.d7.years.2015.mean` | 0 | 160 | 152 |
| FINDINGS_LEDGER.md | 841 | range_lo_p50 | `.d7.years.2021.mean` | 0 | 160 | 152 |
| FINDINGS_LEDGER.md | 841 | range_lo_p50 | `.d7.years.2022.mean` | 0 | 160 | 163 |
| FINDINGS_LEDGER.md | 841 | step_2 | `.d1.rows[5].mde` | 0 | 160 | 151 |
| FINDINGS_LEDGER.md | 841 | step_2 | `.d1.rows[6].lo` | 0 | 160 | 167 |
| FINDINGS_LEDGER.md | 841 | step_2 | `.d1.rows[8].mde` | 0 | 160 | 157 |
| FINDINGS_LEDGER.md | 841 | step_2 | `.d1.segments.second.hi` | 0 | 160 | 159 |
| FINDINGS_LEDGER.md | 841 | step_4 | `.d1.rows[4].mde` | 0 | 160 | 155 |
| FINDINGS_LEDGER.md | 841 | step_4 | `.d1.rows[4].mean` | 0 | 160 | 154 |
| FINDINGS_LEDGER.md | 841 | step_4 | `.d1.segments.second.hi` | 0 | 160 | 165 |
| FINDINGS_LEDGER.md | 841 | step_4 | `.d3.groups.出の理由【結果で決まる群】.market.hi` | 0 | 160 | 151 |
| FINDINGS_LEDGER.md | 841 | step_4 | `.d7.years.2016.lo` | 0 | 160 | 170 |
| FINDINGS_LEDGER.md | 841 | step_4 | `.d7.years.2019.mde` | 0 | 160 | 152 |
| FINDINGS_LEDGER.md | 841 | step_4 | `.d7.years.2020.mde` | 0 | 160 | 152 |
| FINDINGS_LEDGER.md | 841 | vola_gate_p10 | `.d1.segments.second.hi` | 0 | 160 | 164 |
| FINDINGS_LEDGER.md | 841 | vola_gate_p25 | `.d1.rows[7].hi` | 0 | 160 | 152 |
| FINDINGS_LEDGER.md | 841 | vola_gate_p25 | `.d3.trade_quantiles.0.95` | 0 | 160 | 152 |
| FINDINGS_LEDGER.md | 841 | vola_gate_p25 | `.d7.years.2016.mean` | 0 | 160 | 154 |
| FINDINGS_LEDGER.md | 841 | vola_gate_p50 | `.d1.rows[0].hi` | 0 | 160 | 168 |
| FINDINGS_LEDGER.md | 841 | vola_gate_p50 | `.d1.rows[9].lo` | 0 | 160 | 159 |
| FINDINGS_LEDGER.md | 841 | vola_gate_p50 | `.d1.segments.first.mde` | 0 | 160 | 166 |
| FINDINGS_LEDGER.md | 841 | vola_gate_p50 | `.d1.segments.second.lo` | 0 | 160 | 166 |
| FINDINGS_LEDGER.md | 841 | vola_gate_p50 | `.d7.years.2018.lo` | 0 | 160 | 165 |
| FINDINGS_LEDGER.md | 841 | vola_gate_p50 | `.d7.years.2023.mde` | 0 | 160 | 155 |
| FINDINGS_LEDGER.md | 847 | alert_x2 | `.d7.all.mean` | 2 | 4.2 | 4.3 |
| FINDINGS_LEDGER.md | 847 | count_80 | `.d6.groups.9 分超.hi` | 2 | 2.6 | 2.7 |
| FINDINGS_LEDGER.md | 847 | count_80 | `.d6.groups.〜1 分.hi` | 2 | 4.2 | 4.3 |
| FINDINGS_LEDGER.md | 847 | entry_exit_3_2 | `.d6.groups.〜1 分.hi` | 2 | 2.6 | 2.7 |
| FINDINGS_LEDGER.md | 847 | levels_7 | `.d3.groups.保有時間の帯【結果で決まる群】.〜0 分.lo` | 2 | 4.2 | 4.3 |
| FINDINGS_LEDGER.md | 847 | range_hi_p90 | `.d6.groups.11 分超.lo` | 2 | 2.6 | 2.5 |
| FINDINGS_LEDGER.md | 847 | range_lo_p10 | `.d3.trade_quantiles.0.75` | 2 | 43.0 | 43.1 |
| FINDINGS_LEDGER.md | 847 | step_2 | `.d3.groups.保有時間の帯【結果で決まる群】.1 分超〜3 分.hi` | 2 | 2.6 | 2.7 |
| FINDINGS_LEDGER.md | 851 | alert_x1 | `.d1.rows[2].mean` | 0 | 160 | 151 |
| FINDINGS_LEDGER.md | 851 | alert_x1 | `.d1.rows[6].hi` | 0 | 160 | 157 |
| FINDINGS_LEDGER.md | 851 | alert_x1 | `.d1.rows[6].lo` | 0 | 160 | 164 |
| FINDINGS_LEDGER.md | 851 | alert_x1 | `.d1.rows[7].hi` | 0 | 160 | 154 |
| FINDINGS_LEDGER.md | 851 | alert_x1 | `.d7.years.2015.mean` | 0 | 160 | 165 |
| FINDINGS_LEDGER.md | 851 | alert_x2 | `.d1.rows[2].lo` | 0 | 160 | 153 |
| FINDINGS_LEDGER.md | 851 | alert_x2 | `.d1.rows[6].hi` | 0 | 160 | 158 |
| FINDINGS_LEDGER.md | 851 | alert_x2 | `.d1.rows[6].lo` | 0 | 160 | 164 |
| FINDINGS_LEDGER.md | 851 | alert_x2 | `.d1.rows[7].hi` | 0 | 160 | 153 |
| FINDINGS_LEDGER.md | 851 | base | `.d1.rows[2].lo` | 0 | 160 | 162 |
| FINDINGS_LEDGER.md | 851 | base | `.d1.rows[6].hi` | 0 | 160 | 163 |
| FINDINGS_LEDGER.md | 851 | base | `.d1.rows[6].lo` | 0 | 160 | 158 |
| FINDINGS_LEDGER.md | 851 | base | `.d1.rows[7].hi` | 0 | 160 | 161 |
| FINDINGS_LEDGER.md | 851 | beard_off | `.d1.segments.second.mde` | 0 | 160 | 155 |
| FINDINGS_LEDGER.md | 851 | beard_off | `.d7.years.2018.hi` | 0 | 160 | 155 |
| FINDINGS_LEDGER.md | 851 | beard_off | `.d7.years.2020.lo` | 0 | 160 | 155 |
| FINDINGS_LEDGER.md | 851 | beard_off | `.d7.years.2021.mean` | 0 | 160 | 159 |
| FINDINGS_LEDGER.md | 851 | break_delay_2 | `.d1.rows[6].lo` | 0 | 160 | 156 |
| FINDINGS_LEDGER.md | 851 | break_delay_2 | `.d1.segments.second.hi` | 0 | 160 | 153 |
| FINDINGS_LEDGER.md | 851 | break_delay_3 | `.d1.rows[2].lo` | 0 | 160 | 153 |
| FINDINGS_LEDGER.md | 851 | break_delay_3 | `.d7.years.2021.mean` | 0 | 160 | 155 |
| FINDINGS_LEDGER.md | 851 | break_delay_4 | `.d7.years.2017.mean` | 0 | 160 | 157 |
| FINDINGS_LEDGER.md | 851 | break_delay_4 | `.d7.years.2018.mde` | 0 | 160 | 169 |
| FINDINGS_LEDGER.md | 851 | break_delay_4 | `.d7.years.2021.mde` | 0 | 160 | 157 |
| FINDINGS_LEDGER.md | 851 | break_delay_8 | `.d1.segments.second.hi` | 0 | 160 | 158 |
| FINDINGS_LEDGER.md | 851 | break_delay_8 | `.d7.years.2022.mde` | 0 | 160 | 157 |
| FINDINGS_LEDGER.md | 851 | break_dist_0.25 | `.d1.rows[0].hi` | 0 | 160 | 155 |
| FINDINGS_LEDGER.md | 851 | break_dist_0.25 | `.d1.rows[5].lo` | 0 | 160 | 166 |
| FINDINGS_LEDGER.md | 851 | break_dist_0.25 | `.d1.segments.first.mde` | 0 | 160 | 152 |
| FINDINGS_LEDGER.md | 851 | break_dist_0.25 | `.d1.segments.second.mean` | 0 | 160 | 162 |
| FINDINGS_LEDGER.md | 851 | break_dist_0.25 | `.d3.groups.出の理由【結果で決まる群】.break.hi` | 0 | 160 | 150 |
| FINDINGS_LEDGER.md | 851 | break_dist_0.25 | `.d3.groups.出の理由【結果で決まる群】.break.lo` | 0 | 160 | 166 |
| FINDINGS_LEDGER.md | 851 | break_dist_0.25 | `.d3.groups.出の理由【結果で決まる群】.break.per_trade` | 0 | 160 | 158 |
| FINDINGS_LEDGER.md | 851 | break_dist_0.25 | `.d7.years.2017.lo` | 0 | 160 | 151 |
| FINDINGS_LEDGER.md | 851 | break_dist_0.25 | `.d7.years.2019.hi` | 0 | 160 | 159 |
| FINDINGS_LEDGER.md | 851 | break_dist_0.25 | `.d7.years.2019.mde` | 0 | 160 | 154 |
| FINDINGS_LEDGER.md | 851 | break_dist_1 | `.d1.rows[0].mde` | 0 | 160 | 155 |
| FINDINGS_LEDGER.md | 851 | break_dist_1 | `.d1.segments.second.mde` | 0 | 160 | 169 |
| FINDINGS_LEDGER.md | 851 | break_dist_1 | `.d7.years.2015.hi` | 0 | 160 | 151 |
| FINDINGS_LEDGER.md | 851 | break_len_mult_4 | `.d7.all.lo` | 0 | 160 | 155 |
| FINDINGS_LEDGER.md | 851 | break_len_mult_4 | `.d7.years.2019.mde` | 0 | 160 | 163 |
| FINDINGS_LEDGER.md | 851 | break_len_mult_4 | `.d7.years.2020.mde` | 0 | 160 | 170 |
| FINDINGS_LEDGER.md | 851 | break_len_mult_4 | `.d7.years.2022.hi` | 0 | 160 | 155 |
| FINDINGS_LEDGER.md | 851 | break_len_mult_4 | `.d7.years.2022.mde` | 0 | 160 | 163 |
| FINDINGS_LEDGER.md | 851 | break_off | `.d1.rows[7].hi` | 0 | 160 | 153 |
| FINDINGS_LEDGER.md | 851 | break_off | `.d1.rows[7].mean` | 0 | 160 | 168 |
| FINDINGS_LEDGER.md | 851 | count_20 | `.d1.rows[1].mean` | 0 | 160 | 162 |
| FINDINGS_LEDGER.md | 851 | count_20 | `.d1.rows[5].mde` | 0 | 160 | 166 |
| FINDINGS_LEDGER.md | 851 | count_20 | `.d1.rows[8].mde` | 0 | 160 | 157 |
| FINDINGS_LEDGER.md | 851 | count_20 | `.d1.rows[9].mde` | 0 | 160 | 169 |
| FINDINGS_LEDGER.md | 851 | count_20 | `.d7.years.2022.lo` | 0 | 160 | 152 |
| FINDINGS_LEDGER.md | 851 | count_80 | `.d1.rows[0].mde` | 0 | 160 | 157 |
| FINDINGS_LEDGER.md | 851 | count_80 | `.d1.rows[2].lo` | 0 | 160 | 168 |
| FINDINGS_LEDGER.md | 851 | count_80 | `.d1.rows[5].mean` | 0 | 160 | 162 |
| FINDINGS_LEDGER.md | 851 | entry_exit_2_1 | `.d1.rows[5].mean` | 0 | 160 | 156 |
| FINDINGS_LEDGER.md | 851 | entry_exit_3_2 | `.d1.segments.second.mde` | 0 | 160 | 164 |
| FINDINGS_LEDGER.md | 851 | entry_exit_3_2 | `.d3.trade_quantiles.0.95` | 0 | 160 | 151 |
| FINDINGS_LEDGER.md | 851 | entry_exit_3_2 | `.d7.years.2015.hi` | 0 | 160 | 168 |
| FINDINGS_LEDGER.md | 851 | entry_exit_3_2 | `.d7.years.2022.hi` | 0 | 160 | 154 |
| FINDINGS_LEDGER.md | 851 | foot_5 | `.d1.rows[9].hi` | 0 | 160 | 151 |
| FINDINGS_LEDGER.md | 851 | foot_5 | `.d1.rows[9].mde` | 0 | 160 | 170 |
| FINDINGS_LEDGER.md | 851 | foot_5 | `.d1.segments.diff.mean` | 0 | 160 | 164 |
| FINDINGS_LEDGER.md | 851 | foot_5 | `.d1.segments.first.mde` | 0 | 160 | 152 |
| FINDINGS_LEDGER.md | 851 | foot_5 | `.d1.segments.first.mean` | 0 | 160 | 155 |
| FINDINGS_LEDGER.md | 851 | foot_5 | `.d7.years.2021.mean` | 0 | 160 | 159 |
| FINDINGS_LEDGER.md | 851 | levels_3 | `.d1.rows[0].mde` | 0 | 160 | 153 |
| FINDINGS_LEDGER.md | 851 | levels_3 | `.d1.segments.second.mde` | 0 | 160 | 159 |
| FINDINGS_LEDGER.md | 851 | levels_3 | `.d3.trade_quantiles.0.95` | 0 | 160 | 154 |
| FINDINGS_LEDGER.md | 851 | levels_3 | `.d7.years.2016.mean` | 0 | 160 | 167 |
| FINDINGS_LEDGER.md | 851 | levels_3 | `.d7.years.2023.hi` | 0 | 160 | 154 |
| FINDINGS_LEDGER.md | 851 | levels_7 | `.d1.rows[8].mde` | 0 | 160 | 169 |
| FINDINGS_LEDGER.md | 851 | levels_7 | `.d1.segments.first.mde` | 0 | 160 | 165 |
| FINDINGS_LEDGER.md | 851 | levels_7 | `.d3.trade_quantiles.0.05` | 0 | 160 | 152 |
| FINDINGS_LEDGER.md | 851 | levels_7 | `.d7.years.2023.hi` | 0 | 160 | 161 |
| FINDINGS_LEDGER.md | 851 | range_hi_none | `.d1.rows[2].lo` | 0 | 160 | 162 |
| FINDINGS_LEDGER.md | 851 | range_hi_none | `.d1.rows[6].lo` | 0 | 160 | 169 |
| FINDINGS_LEDGER.md | 851 | range_hi_p75 | `.d1.rows[2].mean` | 0 | 160 | 154 |
| FINDINGS_LEDGER.md | 851 | range_hi_p75 | `.d1.rows[7].hi` | 0 | 160 | 170 |
| FINDINGS_LEDGER.md | 851 | range_hi_p75 | `.d3.trade_quantiles.0.99` | 0 | 160 | 158 |
| FINDINGS_LEDGER.md | 851 | range_hi_p75 | `.d7.years.2016.mde` | 0 | 160 | 170 |
| FINDINGS_LEDGER.md | 851 | range_hi_p90 | `.d1.rows[5].lo` | 0 | 160 | 162 |
| FINDINGS_LEDGER.md | 851 | range_hi_p90 | `.d1.rows[5].mde` | 0 | 160 | 169 |
| FINDINGS_LEDGER.md | 851 | range_hi_p90 | `.d1.segments.first.mde` | 0 | 160 | 154 |
| FINDINGS_LEDGER.md | 851 | range_lo_none | `.d1.rows[2].lo` | 0 | 160 | 162 |
| FINDINGS_LEDGER.md | 851 | range_lo_none | `.d1.rows[6].hi` | 0 | 160 | 163 |
| FINDINGS_LEDGER.md | 851 | range_lo_none | `.d1.rows[6].lo` | 0 | 160 | 158 |
| FINDINGS_LEDGER.md | 851 | range_lo_none | `.d1.rows[7].hi` | 0 | 160 | 161 |
| FINDINGS_LEDGER.md | 851 | range_lo_p10 | `.d1.segments.second.hi` | 0 | 160 | 163 |
| FINDINGS_LEDGER.md | 851 | range_lo_p25 | `.d3.trade_quantiles.0.95` | 0 | 160 | 155 |
| FINDINGS_LEDGER.md | 851 | range_lo_p25 | `.d7.years.2016.hi` | 0 | 160 | 153 |
| FINDINGS_LEDGER.md | 851 | range_lo_p25 | `.d7.years.2023.lo` | 0 | 160 | 159 |
| FINDINGS_LEDGER.md | 851 | range_lo_p50 | `.d1.rows[0].hi` | 0 | 160 | 163 |
| FINDINGS_LEDGER.md | 851 | range_lo_p50 | `.d1.segments.second.lo` | 0 | 160 | 153 |
| FINDINGS_LEDGER.md | 851 | range_lo_p50 | `.d7.years.2015.mean` | 0 | 160 | 152 |
| FINDINGS_LEDGER.md | 851 | range_lo_p50 | `.d7.years.2021.mean` | 0 | 160 | 152 |
| FINDINGS_LEDGER.md | 851 | range_lo_p50 | `.d7.years.2022.mean` | 0 | 160 | 163 |
| FINDINGS_LEDGER.md | 851 | step_2 | `.d1.rows[5].mde` | 0 | 160 | 151 |
| FINDINGS_LEDGER.md | 851 | step_2 | `.d1.rows[6].lo` | 0 | 160 | 167 |
| FINDINGS_LEDGER.md | 851 | step_2 | `.d1.rows[8].mde` | 0 | 160 | 157 |
| FINDINGS_LEDGER.md | 851 | step_2 | `.d1.segments.second.hi` | 0 | 160 | 159 |
| FINDINGS_LEDGER.md | 851 | step_4 | `.d1.rows[4].mde` | 0 | 160 | 155 |
| FINDINGS_LEDGER.md | 851 | step_4 | `.d1.rows[4].mean` | 0 | 160 | 154 |
| FINDINGS_LEDGER.md | 851 | step_4 | `.d1.segments.second.hi` | 0 | 160 | 165 |
| FINDINGS_LEDGER.md | 851 | step_4 | `.d3.groups.出の理由【結果で決まる群】.market.hi` | 0 | 160 | 151 |
| FINDINGS_LEDGER.md | 851 | step_4 | `.d7.years.2016.lo` | 0 | 160 | 170 |
| FINDINGS_LEDGER.md | 851 | step_4 | `.d7.years.2019.mde` | 0 | 160 | 152 |
| FINDINGS_LEDGER.md | 851 | step_4 | `.d7.years.2020.mde` | 0 | 160 | 152 |
| FINDINGS_LEDGER.md | 851 | vola_gate_p10 | `.d1.segments.second.hi` | 0 | 160 | 164 |
| FINDINGS_LEDGER.md | 851 | vola_gate_p25 | `.d1.rows[7].hi` | 0 | 160 | 152 |
| FINDINGS_LEDGER.md | 851 | vola_gate_p25 | `.d3.trade_quantiles.0.95` | 0 | 160 | 152 |
| FINDINGS_LEDGER.md | 851 | vola_gate_p25 | `.d7.years.2016.mean` | 0 | 160 | 154 |
| FINDINGS_LEDGER.md | 851 | vola_gate_p50 | `.d1.rows[0].hi` | 0 | 160 | 168 |
| FINDINGS_LEDGER.md | 851 | vola_gate_p50 | `.d1.rows[9].lo` | 0 | 160 | 159 |
| FINDINGS_LEDGER.md | 851 | vola_gate_p50 | `.d1.segments.first.mde` | 0 | 160 | 166 |
| FINDINGS_LEDGER.md | 851 | vola_gate_p50 | `.d1.segments.second.lo` | 0 | 160 | 166 |
| FINDINGS_LEDGER.md | 851 | vola_gate_p50 | `.d7.years.2018.lo` | 0 | 160 | 165 |
| FINDINGS_LEDGER.md | 851 | vola_gate_p50 | `.d7.years.2023.mde` | 0 | 160 | 155 |
| FINDINGS_LEDGER.md | 864 | alert_x1 | `.d1.rows[4].mde` | 0 | 300 | 305 |
| FINDINGS_LEDGER.md | 864 | alert_x1 | `.d1.rows[9].hi` | 0 | 300 | 305 |
| FINDINGS_LEDGER.md | 864 | alert_x2 | `.d1.rows[4].mde` | 0 | 300 | 305 |
| FINDINGS_LEDGER.md | 864 | alert_x2 | `.d1.rows[9].hi` | 0 | 300 | 304 |
| FINDINGS_LEDGER.md | 864 | base | `.d1.rows[4].mde` | 0 | 300 | 303 |
| FINDINGS_LEDGER.md | 864 | beard_off | `.d1.rows[4].lo` | 0 | 300 | 297 |
| FINDINGS_LEDGER.md | 864 | beard_off | `.d1.rows[5].mde` | 0 | 300 | 302 |
| FINDINGS_LEDGER.md | 864 | beard_off | `.d1.rows[7].hi` | 0 | 300 | 302 |
| FINDINGS_LEDGER.md | 864 | beard_off | `.d7.years.2017.mean` | 0 | 300 | 303 |
| FINDINGS_LEDGER.md | 864 | break_delay_2 | `.d3.groups.出の理由【結果で決まる群】.market.per_trade` | 0 | 300 | 305 |
| FINDINGS_LEDGER.md | 864 | break_delay_3 | `.d7.years.2015.mean` | 0 | 300 | 292 |
| FINDINGS_LEDGER.md | 864 | break_delay_4 | `.d1.segments.first.mean` | 0 | 300 | 304 |
| FINDINGS_LEDGER.md | 864 | break_delay_4 | `.d7.years.2015.mean` | 0 | 300 | 291 |
| FINDINGS_LEDGER.md | 864 | break_delay_4 | `.d7.years.2021.hi` | 0 | 300 | 298 |
| FINDINGS_LEDGER.md | 864 | break_delay_8 | `.d1.rows[4].mean` | 0 | 300 | 295 |
| FINDINGS_LEDGER.md | 864 | break_delay_8 | `.d1.rows[8].mean` | 0 | 300 | 293 |
| FINDINGS_LEDGER.md | 864 | break_delay_8 | `.d1.rows[9].hi` | 0 | 300 | 303 |
| FINDINGS_LEDGER.md | 864 | break_dist_0.25 | `.d1.rows[5].mean` | 0 | 300 | 293 |
| FINDINGS_LEDGER.md | 864 | break_dist_0.25 | `.d1.rows[8].lo` | 0 | 300 | 306 |
| FINDINGS_LEDGER.md | 864 | break_dist_0.25 | `.d3.groups.出の理由【結果で決まる群】.market.lo` | 0 | 300 | 292 |
| FINDINGS_LEDGER.md | 864 | break_dist_0.25 | `.d7.years.2015.mde` | 0 | 300 | 309 |
| FINDINGS_LEDGER.md | 864 | break_dist_0.25 | `.d7.years.2017.mde` | 0 | 300 | 291 |
| FINDINGS_LEDGER.md | 864 | break_dist_1 | `.d1.rows[5].mde` | 0 | 300 | 307 |
| FINDINGS_LEDGER.md | 864 | break_dist_1 | `.d1.rows[9].mde` | 0 | 300 | 293 |
| FINDINGS_LEDGER.md | 864 | break_dist_1 | `.d1.segments.first.lo` | 0 | 300 | 307 |
| FINDINGS_LEDGER.md | 864 | break_dist_1 | `.d3.trade_quantiles.0.99` | 0 | 300 | 292 |
| FINDINGS_LEDGER.md | 864 | break_len_mult_4 | `.d1.segments.second.lo` | 0 | 300 | 303 |
| FINDINGS_LEDGER.md | 864 | break_len_mult_4 | `.d7.years.2018.lo` | 0 | 300 | 298 |
| FINDINGS_LEDGER.md | 864 | break_len_mult_4 | `.d7.years.2020.hi` | 0 | 300 | 293 |
| FINDINGS_LEDGER.md | 864 | break_off | `.d7.all.mean` | 0 | 300 | 292 |
| FINDINGS_LEDGER.md | 864 | break_off | `.d7.years.2016.mde` | 0 | 300 | 305 |
| FINDINGS_LEDGER.md | 864 | break_off | `.d7.years.2023.lo` | 0 | 300 | 306 |
| FINDINGS_LEDGER.md | 864 | count_20 | `.d1.rows[3].mde` | 0 | 300 | 299 |
| FINDINGS_LEDGER.md | 864 | count_20 | `.d7.years.2020.mde` | 0 | 300 | 305 |
| FINDINGS_LEDGER.md | 864 | count_20 | `.d7.years.2021.mde` | 0 | 300 | 291 |
| FINDINGS_LEDGER.md | 864 | count_80 | `.d1.rows[6].mde` | 0 | 300 | 307 |
| FINDINGS_LEDGER.md | 864 | count_80 | `.d1.rows[8].mean` | 0 | 300 | 305 |
| FINDINGS_LEDGER.md | 864 | count_80 | `.d1.segments.first.lo` | 0 | 300 | 307 |
| FINDINGS_LEDGER.md | 864 | count_80 | `.d1.segments.second.hi` | 0 | 300 | 291 |
| FINDINGS_LEDGER.md | 864 | count_80 | `.d3.trade_quantiles.0.05` | 0 | 300 | 308 |
| FINDINGS_LEDGER.md | 864 | count_80 | `.d7.years.2020.mde` | 0 | 300 | 307 |
| FINDINGS_LEDGER.md | 864 | entry_exit_2_1 | `.d1.rows[6].mde` | 0 | 300 | 297 |
| FINDINGS_LEDGER.md | 864 | entry_exit_2_1 | `.d1.rows[9].mde` | 0 | 300 | 299 |
| FINDINGS_LEDGER.md | 864 | entry_exit_2_1 | `.d1.segments.first.mde` | 0 | 300 | 297 |
| FINDINGS_LEDGER.md | 864 | entry_exit_2_1 | `.d7.years.2015.mde` | 0 | 300 | 298 |
| FINDINGS_LEDGER.md | 864 | entry_exit_3_2 | `.d7.years.2017.mean` | 0 | 300 | 307 |
| FINDINGS_LEDGER.md | 864 | entry_exit_3_2 | `.d7.years.2020.lo` | 0 | 300 | 302 |
| FINDINGS_LEDGER.md | 864 | entry_exit_3_2 | `.d7.years.2022.mean` | 0 | 300 | 291 |
| FINDINGS_LEDGER.md | 864 | foot_5 | `.d1.rows[7].mde` | 0 | 300 | 291 |
| FINDINGS_LEDGER.md | 864 | foot_5 | `.d1.segments.diff.lo` | 0 | 300 | 307 |
| FINDINGS_LEDGER.md | 864 | foot_5 | `.d7.years.2016.hi` | 0 | 300 | 301 |
| FINDINGS_LEDGER.md | 864 | foot_5 | `.d7.years.2016.lo` | 0 | 300 | 304 |
| FINDINGS_LEDGER.md | 864 | foot_5 | `.d7.years.2019.mde` | 0 | 300 | 292 |
| FINDINGS_LEDGER.md | 864 | levels_3 | `.d3.groups.出の理由【結果で決まる群】.break.hi` | 0 | 300 | 309 |
| FINDINGS_LEDGER.md | 864 | range_hi_none | `.d1.rows[4].lo` | 0 | 300 | 308 |
| FINDINGS_LEDGER.md | 864 | range_hi_none | `.d1.rows[4].mde` | 0 | 300 | 301 |
| FINDINGS_LEDGER.md | 864 | range_hi_p75 | `.d1.rows[5].hi` | 0 | 300 | 293 |
| FINDINGS_LEDGER.md | 864 | range_hi_p75 | `.d1.rows[7].mean` | 0 | 300 | 310 |
| FINDINGS_LEDGER.md | 864 | range_hi_p75 | `.d7.years.2018.mde` | 0 | 300 | 290 |
| FINDINGS_LEDGER.md | 864 | range_hi_p90 | `.d1.rows[7].mean` | 0 | 300 | 295 |
| FINDINGS_LEDGER.md | 864 | range_lo_none | `.d1.rows[4].mde` | 0 | 300 | 303 |
| FINDINGS_LEDGER.md | 864 | range_lo_p10 | `.d1.rows[2].hi` | 0 | 300 | 295 |
| FINDINGS_LEDGER.md | 864 | range_lo_p10 | `.d1.rows[4].mde` | 0 | 300 | 302 |
| FINDINGS_LEDGER.md | 864 | range_lo_p10 | `.d3.groups.出の理由【結果で決まる群】.break.lo` | 0 | 300 | 299 |
| FINDINGS_LEDGER.md | 864 | range_lo_p10 | `.d3.trade_quantiles.0.99` | 0 | 300 | 295 |
| FINDINGS_LEDGER.md | 864 | range_lo_p25 | `.d1.rows[4].mde` | 0 | 300 | 305 |
| FINDINGS_LEDGER.md | 864 | range_lo_p25 | `.d1.segments.first.mean` | 0 | 300 | 303 |
| FINDINGS_LEDGER.md | 864 | range_lo_p50 | `.d1.rows[4].mde` | 0 | 300 | 297 |
| FINDINGS_LEDGER.md | 864 | step_2 | `.d3.groups.出の理由【結果で決まる群】.market.lo` | 0 | 300 | 293 |
| FINDINGS_LEDGER.md | 864 | step_4 | `.d1.rows[7].mean` | 0 | 300 | 293 |
| FINDINGS_LEDGER.md | 864 | step_4 | `.d7.years.2015.mde` | 0 | 300 | 310 |
| FINDINGS_LEDGER.md | 864 | step_4 | `.d7.years.2017.mde` | 0 | 300 | 305 |
| FINDINGS_LEDGER.md | 864 | step_4 | `.d7.years.2017.mean` | 0 | 300 | 302 |
| FINDINGS_LEDGER.md | 864 | vola_gate_p10 | `.d1.rows[4].mde` | 0 | 300 | 303 |
| FINDINGS_LEDGER.md | 864 | vola_gate_p10 | `.d3.groups.出の理由【結果で決まる群】.break.lo` | 0 | 300 | 295 |
| FINDINGS_LEDGER.md | 864 | vola_gate_p10 | `.d3.trade_quantiles.0.99` | 0 | 300 | 294 |
| FINDINGS_LEDGER.md | 864 | vola_gate_p25 | `.d1.rows[4].mde` | 0 | 300 | 305 |
| FINDINGS_LEDGER.md | 864 | vola_gate_p25 | `.d3.groups.出の理由【結果で決まる群】.break.hi` | 0 | 300 | 304 |
| FINDINGS_LEDGER.md | 864 | vola_gate_p50 | `.d1.rows[4].mde` | 0 | 300 | 299 |
| FINDINGS_LEDGER.md | 864 | vola_gate_p50 | `.d1.rows[7].mean` | 0 | 300 | 291 |
| FINDINGS_LEDGER.md | 868 | alert_x1 | `.d1.rows[2].mean` | 0 | 160 | 151 |
| FINDINGS_LEDGER.md | 868 | alert_x1 | `.d1.rows[6].hi` | 0 | 160 | 157 |
| FINDINGS_LEDGER.md | 868 | alert_x1 | `.d1.rows[6].lo` | 0 | 160 | 164 |
| FINDINGS_LEDGER.md | 868 | alert_x1 | `.d1.rows[7].hi` | 0 | 160 | 154 |
| FINDINGS_LEDGER.md | 868 | alert_x1 | `.d7.years.2015.mean` | 0 | 160 | 165 |
| FINDINGS_LEDGER.md | 868 | alert_x2 | `.d1.rows[2].lo` | 0 | 160 | 153 |
| FINDINGS_LEDGER.md | 868 | alert_x2 | `.d1.rows[6].hi` | 0 | 160 | 158 |
| FINDINGS_LEDGER.md | 868 | alert_x2 | `.d1.rows[6].lo` | 0 | 160 | 164 |
| FINDINGS_LEDGER.md | 868 | alert_x2 | `.d1.rows[7].hi` | 0 | 160 | 153 |
| FINDINGS_LEDGER.md | 868 | base | `.d1.rows[2].lo` | 0 | 160 | 162 |
| FINDINGS_LEDGER.md | 868 | base | `.d1.rows[6].hi` | 0 | 160 | 163 |
| FINDINGS_LEDGER.md | 868 | base | `.d1.rows[6].lo` | 0 | 160 | 158 |
| FINDINGS_LEDGER.md | 868 | base | `.d1.rows[7].hi` | 0 | 160 | 161 |
| FINDINGS_LEDGER.md | 868 | beard_off | `.d1.segments.second.mde` | 0 | 160 | 155 |
| FINDINGS_LEDGER.md | 868 | beard_off | `.d7.years.2018.hi` | 0 | 160 | 155 |
| FINDINGS_LEDGER.md | 868 | beard_off | `.d7.years.2020.lo` | 0 | 160 | 155 |
| FINDINGS_LEDGER.md | 868 | beard_off | `.d7.years.2021.mean` | 0 | 160 | 159 |
| FINDINGS_LEDGER.md | 868 | break_delay_2 | `.d1.rows[6].lo` | 0 | 160 | 156 |
| FINDINGS_LEDGER.md | 868 | break_delay_2 | `.d1.segments.second.hi` | 0 | 160 | 153 |
| FINDINGS_LEDGER.md | 868 | break_delay_3 | `.d1.rows[2].lo` | 0 | 160 | 153 |
| FINDINGS_LEDGER.md | 868 | break_delay_3 | `.d7.years.2021.mean` | 0 | 160 | 155 |
| FINDINGS_LEDGER.md | 868 | break_delay_4 | `.d7.years.2017.mean` | 0 | 160 | 157 |
| FINDINGS_LEDGER.md | 868 | break_delay_4 | `.d7.years.2018.mde` | 0 | 160 | 169 |
| FINDINGS_LEDGER.md | 868 | break_delay_4 | `.d7.years.2021.mde` | 0 | 160 | 157 |
| FINDINGS_LEDGER.md | 868 | break_delay_8 | `.d1.segments.second.hi` | 0 | 160 | 158 |
| FINDINGS_LEDGER.md | 868 | break_delay_8 | `.d7.years.2022.mde` | 0 | 160 | 157 |
| FINDINGS_LEDGER.md | 868 | break_dist_0.25 | `.d1.rows[0].hi` | 0 | 160 | 155 |
| FINDINGS_LEDGER.md | 868 | break_dist_0.25 | `.d1.rows[5].lo` | 0 | 160 | 166 |
| FINDINGS_LEDGER.md | 868 | break_dist_0.25 | `.d1.segments.first.mde` | 0 | 160 | 152 |
| FINDINGS_LEDGER.md | 868 | break_dist_0.25 | `.d1.segments.second.mean` | 0 | 160 | 162 |
| FINDINGS_LEDGER.md | 868 | break_dist_0.25 | `.d3.groups.出の理由【結果で決まる群】.break.hi` | 0 | 160 | 150 |
| FINDINGS_LEDGER.md | 868 | break_dist_0.25 | `.d3.groups.出の理由【結果で決まる群】.break.lo` | 0 | 160 | 166 |
| FINDINGS_LEDGER.md | 868 | break_dist_0.25 | `.d3.groups.出の理由【結果で決まる群】.break.per_trade` | 0 | 160 | 158 |
| FINDINGS_LEDGER.md | 868 | break_dist_0.25 | `.d7.years.2017.lo` | 0 | 160 | 151 |
| FINDINGS_LEDGER.md | 868 | break_dist_0.25 | `.d7.years.2019.hi` | 0 | 160 | 159 |
| FINDINGS_LEDGER.md | 868 | break_dist_0.25 | `.d7.years.2019.mde` | 0 | 160 | 154 |
| FINDINGS_LEDGER.md | 868 | break_dist_1 | `.d1.rows[0].mde` | 0 | 160 | 155 |
| FINDINGS_LEDGER.md | 868 | break_dist_1 | `.d1.segments.second.mde` | 0 | 160 | 169 |
| FINDINGS_LEDGER.md | 868 | break_dist_1 | `.d7.years.2015.hi` | 0 | 160 | 151 |
| FINDINGS_LEDGER.md | 868 | break_len_mult_4 | `.d7.all.lo` | 0 | 160 | 155 |
| FINDINGS_LEDGER.md | 868 | break_len_mult_4 | `.d7.years.2019.mde` | 0 | 160 | 163 |
| FINDINGS_LEDGER.md | 868 | break_len_mult_4 | `.d7.years.2020.mde` | 0 | 160 | 170 |
| FINDINGS_LEDGER.md | 868 | break_len_mult_4 | `.d7.years.2022.hi` | 0 | 160 | 155 |
| FINDINGS_LEDGER.md | 868 | break_len_mult_4 | `.d7.years.2022.mde` | 0 | 160 | 163 |
| FINDINGS_LEDGER.md | 868 | break_off | `.d1.rows[7].hi` | 0 | 160 | 153 |
| FINDINGS_LEDGER.md | 868 | break_off | `.d1.rows[7].mean` | 0 | 160 | 168 |
| FINDINGS_LEDGER.md | 868 | count_20 | `.d1.rows[1].mean` | 0 | 160 | 162 |
| FINDINGS_LEDGER.md | 868 | count_20 | `.d1.rows[5].mde` | 0 | 160 | 166 |
| FINDINGS_LEDGER.md | 868 | count_20 | `.d1.rows[8].mde` | 0 | 160 | 157 |
| FINDINGS_LEDGER.md | 868 | count_20 | `.d1.rows[9].mde` | 0 | 160 | 169 |
| FINDINGS_LEDGER.md | 868 | count_20 | `.d7.years.2022.lo` | 0 | 160 | 152 |
| FINDINGS_LEDGER.md | 868 | count_80 | `.d1.rows[0].mde` | 0 | 160 | 157 |
| FINDINGS_LEDGER.md | 868 | count_80 | `.d1.rows[2].lo` | 0 | 160 | 168 |
| FINDINGS_LEDGER.md | 868 | count_80 | `.d1.rows[5].mean` | 0 | 160 | 162 |
| FINDINGS_LEDGER.md | 868 | entry_exit_2_1 | `.d1.rows[5].mean` | 0 | 160 | 156 |
| FINDINGS_LEDGER.md | 868 | entry_exit_3_2 | `.d1.segments.second.mde` | 0 | 160 | 164 |
| FINDINGS_LEDGER.md | 868 | entry_exit_3_2 | `.d3.trade_quantiles.0.95` | 0 | 160 | 151 |
| FINDINGS_LEDGER.md | 868 | entry_exit_3_2 | `.d7.years.2015.hi` | 0 | 160 | 168 |
| FINDINGS_LEDGER.md | 868 | entry_exit_3_2 | `.d7.years.2022.hi` | 0 | 160 | 154 |
| FINDINGS_LEDGER.md | 868 | foot_5 | `.d1.rows[9].hi` | 0 | 160 | 151 |
| FINDINGS_LEDGER.md | 868 | foot_5 | `.d1.rows[9].mde` | 0 | 160 | 170 |
| FINDINGS_LEDGER.md | 868 | foot_5 | `.d1.segments.diff.mean` | 0 | 160 | 164 |
| FINDINGS_LEDGER.md | 868 | foot_5 | `.d1.segments.first.mde` | 0 | 160 | 152 |
| FINDINGS_LEDGER.md | 868 | foot_5 | `.d1.segments.first.mean` | 0 | 160 | 155 |
| FINDINGS_LEDGER.md | 868 | foot_5 | `.d7.years.2021.mean` | 0 | 160 | 159 |
| FINDINGS_LEDGER.md | 868 | levels_3 | `.d1.rows[0].mde` | 0 | 160 | 153 |
| FINDINGS_LEDGER.md | 868 | levels_3 | `.d1.segments.second.mde` | 0 | 160 | 159 |
| FINDINGS_LEDGER.md | 868 | levels_3 | `.d3.trade_quantiles.0.95` | 0 | 160 | 154 |
| FINDINGS_LEDGER.md | 868 | levels_3 | `.d7.years.2016.mean` | 0 | 160 | 167 |
| FINDINGS_LEDGER.md | 868 | levels_3 | `.d7.years.2023.hi` | 0 | 160 | 154 |
| FINDINGS_LEDGER.md | 868 | levels_7 | `.d1.rows[8].mde` | 0 | 160 | 169 |
| FINDINGS_LEDGER.md | 868 | levels_7 | `.d1.segments.first.mde` | 0 | 160 | 165 |
| FINDINGS_LEDGER.md | 868 | levels_7 | `.d3.trade_quantiles.0.05` | 0 | 160 | 152 |
| FINDINGS_LEDGER.md | 868 | levels_7 | `.d7.years.2023.hi` | 0 | 160 | 161 |
| FINDINGS_LEDGER.md | 868 | range_hi_none | `.d1.rows[2].lo` | 0 | 160 | 162 |
| FINDINGS_LEDGER.md | 868 | range_hi_none | `.d1.rows[6].lo` | 0 | 160 | 169 |
| FINDINGS_LEDGER.md | 868 | range_hi_p75 | `.d1.rows[2].mean` | 0 | 160 | 154 |
| FINDINGS_LEDGER.md | 868 | range_hi_p75 | `.d1.rows[7].hi` | 0 | 160 | 170 |
| FINDINGS_LEDGER.md | 868 | range_hi_p75 | `.d3.trade_quantiles.0.99` | 0 | 160 | 158 |
| FINDINGS_LEDGER.md | 868 | range_hi_p75 | `.d7.years.2016.mde` | 0 | 160 | 170 |
| FINDINGS_LEDGER.md | 868 | range_hi_p90 | `.d1.rows[5].lo` | 0 | 160 | 162 |
| FINDINGS_LEDGER.md | 868 | range_hi_p90 | `.d1.rows[5].mde` | 0 | 160 | 169 |
| FINDINGS_LEDGER.md | 868 | range_hi_p90 | `.d1.segments.first.mde` | 0 | 160 | 154 |
| FINDINGS_LEDGER.md | 868 | range_lo_none | `.d1.rows[2].lo` | 0 | 160 | 162 |
| FINDINGS_LEDGER.md | 868 | range_lo_none | `.d1.rows[6].hi` | 0 | 160 | 163 |
| FINDINGS_LEDGER.md | 868 | range_lo_none | `.d1.rows[6].lo` | 0 | 160 | 158 |
| FINDINGS_LEDGER.md | 868 | range_lo_none | `.d1.rows[7].hi` | 0 | 160 | 161 |
| FINDINGS_LEDGER.md | 868 | range_lo_p10 | `.d1.segments.second.hi` | 0 | 160 | 163 |
| FINDINGS_LEDGER.md | 868 | range_lo_p25 | `.d3.trade_quantiles.0.95` | 0 | 160 | 155 |
| FINDINGS_LEDGER.md | 868 | range_lo_p25 | `.d7.years.2016.hi` | 0 | 160 | 153 |
| FINDINGS_LEDGER.md | 868 | range_lo_p25 | `.d7.years.2023.lo` | 0 | 160 | 159 |
| FINDINGS_LEDGER.md | 868 | range_lo_p50 | `.d1.rows[0].hi` | 0 | 160 | 163 |
| FINDINGS_LEDGER.md | 868 | range_lo_p50 | `.d1.segments.second.lo` | 0 | 160 | 153 |
| FINDINGS_LEDGER.md | 868 | range_lo_p50 | `.d7.years.2015.mean` | 0 | 160 | 152 |
| FINDINGS_LEDGER.md | 868 | range_lo_p50 | `.d7.years.2021.mean` | 0 | 160 | 152 |
| FINDINGS_LEDGER.md | 868 | range_lo_p50 | `.d7.years.2022.mean` | 0 | 160 | 163 |
| FINDINGS_LEDGER.md | 868 | step_2 | `.d1.rows[5].mde` | 0 | 160 | 151 |
| FINDINGS_LEDGER.md | 868 | step_2 | `.d1.rows[6].lo` | 0 | 160 | 167 |
| FINDINGS_LEDGER.md | 868 | step_2 | `.d1.rows[8].mde` | 0 | 160 | 157 |
| FINDINGS_LEDGER.md | 868 | step_2 | `.d1.segments.second.hi` | 0 | 160 | 159 |
| FINDINGS_LEDGER.md | 868 | step_4 | `.d1.rows[4].mde` | 0 | 160 | 155 |
| FINDINGS_LEDGER.md | 868 | step_4 | `.d1.rows[4].mean` | 0 | 160 | 154 |
| FINDINGS_LEDGER.md | 868 | step_4 | `.d1.segments.second.hi` | 0 | 160 | 165 |
| FINDINGS_LEDGER.md | 868 | step_4 | `.d3.groups.出の理由【結果で決まる群】.market.hi` | 0 | 160 | 151 |
| FINDINGS_LEDGER.md | 868 | step_4 | `.d7.years.2016.lo` | 0 | 160 | 170 |
| FINDINGS_LEDGER.md | 868 | step_4 | `.d7.years.2019.mde` | 0 | 160 | 152 |
| FINDINGS_LEDGER.md | 868 | step_4 | `.d7.years.2020.mde` | 0 | 160 | 152 |
| FINDINGS_LEDGER.md | 868 | vola_gate_p10 | `.d1.segments.second.hi` | 0 | 160 | 164 |
| FINDINGS_LEDGER.md | 868 | vola_gate_p25 | `.d1.rows[7].hi` | 0 | 160 | 152 |
| FINDINGS_LEDGER.md | 868 | vola_gate_p25 | `.d3.trade_quantiles.0.95` | 0 | 160 | 152 |
| FINDINGS_LEDGER.md | 868 | vola_gate_p25 | `.d7.years.2016.mean` | 0 | 160 | 154 |
| FINDINGS_LEDGER.md | 868 | vola_gate_p50 | `.d1.rows[0].hi` | 0 | 160 | 168 |
| FINDINGS_LEDGER.md | 868 | vola_gate_p50 | `.d1.rows[9].lo` | 0 | 160 | 159 |
| FINDINGS_LEDGER.md | 868 | vola_gate_p50 | `.d1.segments.first.mde` | 0 | 160 | 166 |
| FINDINGS_LEDGER.md | 868 | vola_gate_p50 | `.d1.segments.second.lo` | 0 | 160 | 166 |
| FINDINGS_LEDGER.md | 868 | vola_gate_p50 | `.d7.years.2018.lo` | 0 | 160 | 165 |
| FINDINGS_LEDGER.md | 868 | vola_gate_p50 | `.d7.years.2023.mde` | 0 | 160 | 155 |
| FINDINGS_LEDGER.md | 881 | break_delay_2 | `.d3.trade_quantiles.0.75` | 2 | 37.2 | 37.1 |
| FINDINGS_LEDGER.md | 881 | break_delay_2 | `.d7.all.mde` | 2 | 37.2 | 37.1 |
| FINDINGS_LEDGER.md | 881 | break_delay_2 | `.d7.years.2016.lo` | 2 | 37.2 | 37.3 |
| FINDINGS_LEDGER.md | 881 | break_len_mult_4 | `.d3.groups.保有時間の帯【結果で決まる群】.1 分超〜3 分.hi` | 2 | 22.4 | 22.3 |
| FINDINGS_LEDGER.md | 881 | range_hi_none | `.d7.all.hi` | 2 | 37.2 | 37.3 |
| FINDINGS_LEDGER.md | 881 | range_lo_p25 | `.d7.years.2018.lo` | 2 | 37.2 | 37.1 |
| FINDINGS_LEDGER.md | 881 | vola_gate_p50 | `.d7.years.2021.mean` | 2 | 93.4 | 93.3 |
| FINDINGS_LEDGER.md | 898 | alert_x1 | `.d1.rows[3].lo` | 0 | 200 | 207 |
| FINDINGS_LEDGER.md | 898 | alert_x1 | `.d1.segments.first.mde` | 0 | 200 | 195 |
| FINDINGS_LEDGER.md | 898 | alert_x2 | `.d1.rows[3].lo` | 0 | 200 | 207 |
| FINDINGS_LEDGER.md | 898 | alert_x2 | `.d1.segments.first.mde` | 0 | 200 | 195 |
| FINDINGS_LEDGER.md | 898 | alert_x2 | `.d3.trade_quantiles.0.05` | 0 | 200 | 210 |
| FINDINGS_LEDGER.md | 898 | alert_x2 | `.d7.years.2015.hi` | 0 | 200 | 205 |
| FINDINGS_LEDGER.md | 898 | base | `.d1.rows[8].mde` | 0 | 200 | 203 |
| FINDINGS_LEDGER.md | 898 | base | `.d1.segments.first.mde` | 0 | 200 | 195 |
| FINDINGS_LEDGER.md | 898 | base | `.d3.trade_quantiles.0.05` | 0 | 200 | 208 |
| FINDINGS_LEDGER.md | 898 | beard_off | `.d1.rows[2].mean` | 0 | 200 | 191 |
| FINDINGS_LEDGER.md | 898 | beard_off | `.d1.rows[6].lo` | 0 | 200 | 194 |
| FINDINGS_LEDGER.md | 898 | beard_off | `.d6.groups.〜1 分.hi` | 2 | 3.2 | 3.3 |
| FINDINGS_LEDGER.md | 898 | beard_off | `.d7.years.2021.mde` | 0 | 200 | 210 |
| FINDINGS_LEDGER.md | 898 | beard_off | `.d7.years.2022.lo` | 0 | 200 | 197 |
| FINDINGS_LEDGER.md | 898 | break_delay_2 | `.d1.rows[8].mde` | 0 | 200 | 199 |
| FINDINGS_LEDGER.md | 898 | break_delay_2 | `.d1.segments.first.lo` | 0 | 200 | 195 |
| FINDINGS_LEDGER.md | 898 | break_delay_2 | `.d1.segments.first.mde` | 0 | 200 | 191 |
| FINDINGS_LEDGER.md | 898 | break_delay_2 | `.d3.trade_quantiles.0.05` | 0 | 200 | 208 |
| FINDINGS_LEDGER.md | 898 | break_delay_2 | `.d6.groups.〜1 分.hi` | 2 | 3.2 | 3.1 |
| FINDINGS_LEDGER.md | 898 | break_delay_2 | `.d7.years.2017.lo` | 0 | 200 | 198 |
| FINDINGS_LEDGER.md | 898 | break_delay_2 | `.d7.years.2018.lo` | 0 | 200 | 205 |
| FINDINGS_LEDGER.md | 898 | break_delay_3 | `.d1.rows[6].mde` | 0 | 200 | 205 |
| FINDINGS_LEDGER.md | 898 | break_delay_3 | `.d1.rows[8].mde` | 0 | 200 | 202 |
| FINDINGS_LEDGER.md | 898 | break_delay_3 | `.d1.segments.first.lo` | 0 | 200 | 192 |
| FINDINGS_LEDGER.md | 898 | break_delay_3 | `.d1.segments.second.mean` | 0 | 200 | 205 |
| FINDINGS_LEDGER.md | 898 | break_delay_3 | `.d3.trade_quantiles.0.05` | 0 | 200 | 207 |
| FINDINGS_LEDGER.md | 898 | break_delay_3 | `.d6.groups.〜1 分.hi` | 2 | 3.2 | 3.3 |
| FINDINGS_LEDGER.md | 898 | break_delay_4 | `.d1.rows[6].mde` | 0 | 200 | 197 |
| FINDINGS_LEDGER.md | 898 | break_delay_4 | `.d1.rows[7].mean` | 0 | 200 | 207 |
| FINDINGS_LEDGER.md | 898 | break_delay_4 | `.d1.rows[8].mde` | 0 | 200 | 208 |
| FINDINGS_LEDGER.md | 898 | break_delay_4 | `.d1.segments.second.mean` | 0 | 200 | 197 |
| FINDINGS_LEDGER.md | 898 | break_delay_4 | `.d3.trade_quantiles.0.05` | 0 | 200 | 207 |
| FINDINGS_LEDGER.md | 898 | break_delay_8 | `.d1.rows[2].lo` | 0 | 200 | 195 |
| FINDINGS_LEDGER.md | 898 | break_delay_8 | `.d3.groups.出の理由【結果で決まる群】.break.hi` | 0 | 200 | 206 |
| FINDINGS_LEDGER.md | 898 | break_delay_8 | `.d3.trade_quantiles.0.05` | 0 | 200 | 204 |
| FINDINGS_LEDGER.md | 898 | break_delay_8 | `.d7.years.2018.mde` | 0 | 200 | 210 |
| FINDINGS_LEDGER.md | 898 | break_dist_0.25 | `.d1.rows[7].mean` | 0 | 200 | 205 |
| FINDINGS_LEDGER.md | 898 | break_dist_0.25 | `.d1.rows[9].mde` | 0 | 200 | 194 |
| FINDINGS_LEDGER.md | 898 | break_dist_0.25 | `.d7.years.2015.mean` | 0 | 200 | 196 |
| FINDINGS_LEDGER.md | 898 | break_dist_0.25 | `.d7.years.2020.mde` | 0 | 200 | 194 |
| FINDINGS_LEDGER.md | 898 | break_dist_1 | `.d1.rows[0].hi` | 0 | 200 | 193 |
| FINDINGS_LEDGER.md | 898 | break_dist_1 | `.d1.rows[5].lo` | 0 | 200 | 208 |
| FINDINGS_LEDGER.md | 898 | break_dist_1 | `.d3.trade_quantiles.0.05` | 0 | 200 | 207 |
| FINDINGS_LEDGER.md | 898 | break_len_mult_4 | `.d1.rows[2].lo` | 0 | 200 | 192 |
| FINDINGS_LEDGER.md | 898 | break_len_mult_4 | `.d1.segments.second.mean` | 0 | 200 | 205 |
| FINDINGS_LEDGER.md | 898 | break_len_mult_4 | `.d3.trade_quantiles.0.05` | 0 | 200 | 195 |
| FINDINGS_LEDGER.md | 898 | break_len_mult_4 | `.d6.groups.〜1 分.lo` | 2 | 3.2 | 3.3 |
| FINDINGS_LEDGER.md | 898 | break_len_mult_4 | `.d7.years.2018.mde` | 0 | 200 | 203 |
| FINDINGS_LEDGER.md | 898 | break_len_mult_4 | `.d7.years.2021.hi` | 0 | 200 | 199 |
| FINDINGS_LEDGER.md | 898 | count_20 | `.d1.rows[0].lo` | 0 | 200 | 203 |
| FINDINGS_LEDGER.md | 898 | count_20 | `.d1.rows[4].mde` | 0 | 200 | 205 |
| FINDINGS_LEDGER.md | 898 | count_20 | `.d6.groups.15 分超.lo` | 2 | 3.2 | 3.3 |
| FINDINGS_LEDGER.md | 898 | count_20 | `.d7.years.2019.mde` | 0 | 200 | 205 |
| FINDINGS_LEDGER.md | 898 | count_20 | `.d7.years.2020.hi` | 0 | 200 | 195 |
| FINDINGS_LEDGER.md | 898 | count_80 | `.d7.years.2018.hi` | 0 | 200 | 206 |
| FINDINGS_LEDGER.md | 898 | entry_exit_2_1 | `.d1.rows[0].mde` | 0 | 200 | 201 |
| FINDINGS_LEDGER.md | 898 | entry_exit_2_1 | `.d6.groups.1 分超〜2 分.per_trade` | 2 | 3.2 | 3.1 |
| FINDINGS_LEDGER.md | 898 | entry_exit_3_2 | `.d1.rows[6].mean` | 0 | 200 | 208 |
| FINDINGS_LEDGER.md | 898 | entry_exit_3_2 | `.d7.years.2021.mde` | 0 | 200 | 207 |
| FINDINGS_LEDGER.md | 898 | foot_5 | `.d1.rows[5].mde` | 0 | 200 | 210 |
| FINDINGS_LEDGER.md | 898 | foot_5 | `.d1.rows[8].lo` | 0 | 200 | 207 |
| FINDINGS_LEDGER.md | 898 | foot_5 | `.d1.rows[8].mde` | 0 | 200 | 204 |
| FINDINGS_LEDGER.md | 898 | foot_5 | `.d7.years.2017.mean` | 0 | 200 | 192 |
| FINDINGS_LEDGER.md | 898 | levels_1 | `.d7.years.2020.mde` | 0 | 200 | 205 |
| FINDINGS_LEDGER.md | 898 | levels_3 | `.d7.years.2017.mde` | 0 | 200 | 190 |
| FINDINGS_LEDGER.md | 898 | levels_3 | `.d7.years.2018.lo` | 0 | 200 | 194 |
| FINDINGS_LEDGER.md | 898 | levels_3 | `.d7.years.2021.hi` | 0 | 200 | 192 |
| FINDINGS_LEDGER.md | 898 | levels_3 | `.d7.years.2022.mean` | 0 | 200 | 194 |
| FINDINGS_LEDGER.md | 898 | levels_3 | `.d7.years.2023.mean` | 0 | 200 | 207 |
| FINDINGS_LEDGER.md | 898 | levels_7 | `.d3.groups.出の理由【結果で決まる群】.break.hi` | 0 | 200 | 197 |
| FINDINGS_LEDGER.md | 898 | levels_7 | `.d3.groups.出の理由【結果で決まる群】.break.per_trade` | 0 | 200 | 207 |
| FINDINGS_LEDGER.md | 898 | range_hi_none | `.d1.rows[8].mde` | 0 | 200 | 203 |
| FINDINGS_LEDGER.md | 898 | range_hi_none | `.d1.segments.first.mde` | 0 | 200 | 197 |
| FINDINGS_LEDGER.md | 898 | range_hi_none | `.d3.trade_quantiles.0.05` | 0 | 200 | 208 |
| FINDINGS_LEDGER.md | 898 | range_hi_p75 | `.d1.rows[9].mde` | 0 | 200 | 197 |
| FINDINGS_LEDGER.md | 898 | range_hi_p75 | `.d1.segments.second.hi` | 0 | 200 | 193 |
| FINDINGS_LEDGER.md | 898 | range_hi_p75 | `.d3.groups.出の理由【結果で決まる群】.break.lo` | 0 | 200 | 191 |
| FINDINGS_LEDGER.md | 898 | range_hi_p75 | `.d7.years.2019.lo` | 0 | 200 | 191 |
| FINDINGS_LEDGER.md | 898 | range_hi_p75 | `.d7.years.2019.mde` | 0 | 200 | 196 |
| FINDINGS_LEDGER.md | 898 | range_hi_p75 | `.d7.years.2020.lo` | 0 | 200 | 198 |
| FINDINGS_LEDGER.md | 898 | range_hi_p90 | `.d1.rows[6].mde` | 0 | 200 | 209 |
| FINDINGS_LEDGER.md | 898 | range_hi_p90 | `.d1.segments.second.hi` | 0 | 200 | 194 |
| FINDINGS_LEDGER.md | 898 | range_hi_p90 | `.d3.trade_quantiles.0.05` | 0 | 200 | 198 |
| FINDINGS_LEDGER.md | 898 | range_hi_p90 | `.d3.trade_quantiles.0.99` | 0 | 200 | 207 |
| FINDINGS_LEDGER.md | 898 | range_lo_none | `.d1.rows[8].mde` | 0 | 200 | 203 |
| FINDINGS_LEDGER.md | 898 | range_lo_none | `.d1.segments.first.mde` | 0 | 200 | 195 |
| FINDINGS_LEDGER.md | 898 | range_lo_none | `.d3.trade_quantiles.0.05` | 0 | 200 | 208 |
| FINDINGS_LEDGER.md | 898 | range_lo_p10 | `.d1.rows[8].mde` | 0 | 200 | 204 |
| FINDINGS_LEDGER.md | 898 | range_lo_p10 | `.d1.segments.first.lo` | 0 | 200 | 208 |
| FINDINGS_LEDGER.md | 898 | range_lo_p10 | `.d1.segments.first.mde` | 0 | 200 | 194 |
| FINDINGS_LEDGER.md | 898 | range_lo_p10 | `.d6.groups.3 分超〜12 分.lo` | 2 | 3.2 | 3.3 |
| FINDINGS_LEDGER.md | 898 | range_lo_p25 | `.d1.rows[8].mde` | 0 | 200 | 201 |
| FINDINGS_LEDGER.md | 898 | range_lo_p25 | `.d1.rows[9].mde` | 0 | 200 | 209 |
| FINDINGS_LEDGER.md | 898 | range_lo_p25 | `.d7.years.2023.mean` | 0 | 200 | 205 |
| FINDINGS_LEDGER.md | 898 | range_lo_p50 | `.d1.rows[5].mean` | 0 | 200 | 197 |
| FINDINGS_LEDGER.md | 898 | range_lo_p50 | `.d1.rows[6].mde` | 0 | 200 | 193 |
| FINDINGS_LEDGER.md | 898 | range_lo_p50 | `.d3.trade_quantiles.0.95` | 0 | 200 | 201 |
| FINDINGS_LEDGER.md | 898 | range_lo_p50 | `.d7.years.2021.hi` | 0 | 200 | 204 |
| FINDINGS_LEDGER.md | 898 | step_2 | `.d1.rows[4].mde` | 0 | 200 | 210 |
| FINDINGS_LEDGER.md | 898 | step_2 | `.d3.groups.出の理由【結果で決まる群】.break.lo` | 0 | 200 | 193 |
| FINDINGS_LEDGER.md | 898 | step_2 | `.d3.trade_quantiles.0.99` | 0 | 200 | 193 |
| FINDINGS_LEDGER.md | 898 | step_2 | `.d7.years.2018.mean` | 0 | 200 | 199 |
| FINDINGS_LEDGER.md | 898 | step_2 | `.d7.years.2023.hi` | 0 | 200 | 196 |
| FINDINGS_LEDGER.md | 898 | step_4 | `.d1.rows[7].mde` | 0 | 200 | 191 |
| FINDINGS_LEDGER.md | 898 | step_4 | `.d1.rows[8].mean` | 0 | 200 | 197 |
| FINDINGS_LEDGER.md | 898 | step_4 | `.d1.segments.first.hi` | 0 | 200 | 199 |
| FINDINGS_LEDGER.md | 898 | step_4 | `.d1.segments.second.mean` | 0 | 200 | 206 |
| FINDINGS_LEDGER.md | 898 | step_4 | `.d3.groups.出の理由【結果で決まる群】.market.lo` | 0 | 200 | 202 |
| FINDINGS_LEDGER.md | 898 | step_4 | `.d3.trade_quantiles.0.25` | 2 | 3.2 | 3.1 |
| FINDINGS_LEDGER.md | 898 | step_4 | `.d7.years.2016.mde` | 0 | 200 | 195 |
| FINDINGS_LEDGER.md | 898 | vola_gate_p10 | `.d1.rows[8].mde` | 0 | 200 | 204 |
| FINDINGS_LEDGER.md | 898 | vola_gate_p10 | `.d7.years.2016.lo` | 0 | 200 | 204 |
| FINDINGS_LEDGER.md | 898 | vola_gate_p25 | `.d1.rows[8].mde` | 0 | 200 | 202 |
| FINDINGS_LEDGER.md | 898 | vola_gate_p25 | `.d1.segments.first.lo` | 0 | 200 | 207 |
| FINDINGS_LEDGER.md | 898 | vola_gate_p25 | `.d7.years.2023.lo` | 0 | 200 | 199 |
| FINDINGS_LEDGER.md | 898 | vola_gate_p50 | `.d1.rows[2].mde` | 0 | 200 | 191 |
| FINDINGS_LEDGER.md | 898 | vola_gate_p50 | `.d1.rows[5].mean` | 0 | 200 | 206 |
| FINDINGS_LEDGER.md | 898 | vola_gate_p50 | `.d1.rows[6].mde` | 0 | 200 | 203 |
| FINDINGS_LEDGER.md | 898 | vola_gate_p50 | `.d3.trade_quantiles.0.95` | 0 | 200 | 191 |
| FINDINGS_LEDGER.md | 914 | alert_x1 | `.d6.groups.〜1 分.lo` | 2 | 1.4 | 1.3 |
| FINDINGS_LEDGER.md | 914 | alert_x1 | `.d7.all.lo` | 2 | 1.4 | 1.3 |
| FINDINGS_LEDGER.md | 914 | alert_x2 | `.d6.groups.〜1 分.lo` | 2 | 1.4 | 1.3 |
| FINDINGS_LEDGER.md | 914 | base | `.d6.groups.〜1 分.lo` | 2 | 1.4 | 1.3 |
| FINDINGS_LEDGER.md | 914 | beard_off | `.d6.groups.9 分超.lo` | 2 | 1.4 | 1.3 |
| FINDINGS_LEDGER.md | 914 | break_delay_2 | `.d6.groups.11 分超.hi` | 2 | 1.4 | 1.5 |
| FINDINGS_LEDGER.md | 914 | break_delay_2 | `.d6.groups.11 分超.lo` | 2 | 1.4 | 1.5 |
| FINDINGS_LEDGER.md | 914 | break_delay_2 | `.d7.years.2023.lo` | 2 | 1.4 | 1.5 |
| FINDINGS_LEDGER.md | 914 | break_delay_4 | `.d6.groups.1 分超〜3 分.lo` | 2 | 1.4 | 1.3 |
| FINDINGS_LEDGER.md | 914 | break_delay_4 | `.d6.groups.11 分超.hi` | 2 | 1.4 | 1.5 |
| FINDINGS_LEDGER.md | 914 | break_delay_4 | `.d6.groups.11 分超.lo` | 2 | 1.4 | 1.3 |
| FINDINGS_LEDGER.md | 914 | break_delay_8 | `.d1.rows[0].mean` | 2 | 1.4 | 1.5 |
| FINDINGS_LEDGER.md | 914 | break_dist_0.25 | `.d6.groups.1 分超〜3 分.hi` | 2 | 1.4 | 1.3 |
| FINDINGS_LEDGER.md | 914 | break_dist_0.25 | `.d6.groups.1 分超〜3 分.lo` | 2 | 1.4 | 1.5 |
| FINDINGS_LEDGER.md | 914 | break_dist_0.25 | `.d6.groups.3 分超〜13 分.per_trade` | 2 | 1.4 | 1.5 |
| FINDINGS_LEDGER.md | 914 | count_20 | `.d6.groups.〜1 分.per_trade` | 2 | 1.4 | 1.5 |
| FINDINGS_LEDGER.md | 914 | entry_exit_2_1 | `.d6.groups.1 分超〜2 分.hi` | 2 | 1.4 | 1.5 |
| FINDINGS_LEDGER.md | 914 | levels_3 | `.d6.groups.〜1 分.lo` | 2 | 1.4 | 1.3 |
| FINDINGS_LEDGER.md | 914 | range_hi_none | `.d6.groups.1 分超〜3 分.lo` | 2 | 1.4 | 1.5 |
| FINDINGS_LEDGER.md | 914 | range_hi_p90 | `.d6.groups.11 分超.per_trade` | 2 | 1.4 | 1.3 |
| FINDINGS_LEDGER.md | 914 | range_lo_none | `.d6.groups.〜1 分.lo` | 2 | 1.4 | 1.3 |
| FINDINGS_LEDGER.md | 914 | range_lo_p10 | `.d6.groups.〜1 分.lo` | 2 | 1.4 | 1.3 |
| FINDINGS_LEDGER.md | 914 | range_lo_p50 | `.d6.groups.3 分超〜16 分.per_trade` | 2 | 1.4 | 1.3 |
| FINDINGS_LEDGER.md | 914 | vola_gate_p10 | `.d6.groups.〜1 分.lo` | 2 | 1.4 | 1.3 |
| FINDINGS_LEDGER.md | 915 | alert_x1 | `.d1.rows[8].hi` | 0 | 120 | 124 |
| FINDINGS_LEDGER.md | 915 | alert_x1 | `.d1.segments.second.hi` | 0 | 180 | 183 |
| FINDINGS_LEDGER.md | 915 | alert_x1 | `.d1.segments.second.mde` | 0 | 120 | 126 |
| FINDINGS_LEDGER.md | 915 | alert_x1 | `.d3.trade_quantiles.0.95` | 0 | 120 | 129 |
| FINDINGS_LEDGER.md | 915 | alert_x2 | `.d1.rows[0].hi` | 0 | 120 | 130 |
| FINDINGS_LEDGER.md | 915 | alert_x2 | `.d1.rows[8].hi` | 0 | 120 | 125 |
| FINDINGS_LEDGER.md | 915 | alert_x2 | `.d1.segments.second.hi` | 0 | 180 | 182 |
| FINDINGS_LEDGER.md | 915 | alert_x2 | `.d1.segments.second.mde` | 0 | 120 | 126 |
| FINDINGS_LEDGER.md | 915 | alert_x2 | `.d3.trade_quantiles.0.95` | 0 | 120 | 129 |
| FINDINGS_LEDGER.md | 915 | base | `.d1.rows[0].hi` | 0 | 120 | 124 |
| FINDINGS_LEDGER.md | 915 | base | `.d1.segments.second.hi` | 0 | 180 | 184 |
| FINDINGS_LEDGER.md | 915 | base | `.d1.segments.second.mde` | 0 | 120 | 125 |
| FINDINGS_LEDGER.md | 915 | base | `.d3.trade_quantiles.0.95` | 0 | 120 | 127 |
| FINDINGS_LEDGER.md | 915 | beard_off | `.d1.rows[8].hi` | 0 | 180 | 171 |
| FINDINGS_LEDGER.md | 915 | beard_off | `.d7.years.2018.lo` | 0 | 180 | 186 |
| FINDINGS_LEDGER.md | 915 | beard_off | `.d7.years.2019.mean` | 0 | 180 | 177 |
| FINDINGS_LEDGER.md | 915 | beard_off | `.d7.years.2020.hi` | 0 | 180 | 179 |
| FINDINGS_LEDGER.md | 915 | beard_off | `.d7.years.2023.mde` | 0 | 120 | 127 |
| FINDINGS_LEDGER.md | 915 | break_delay_2 | `.d1.rows[0].mde` | 0 | 120 | 118 |
| FINDINGS_LEDGER.md | 915 | break_delay_2 | `.d1.rows[1].mean` | 0 | 120 | 129 |
| FINDINGS_LEDGER.md | 915 | break_delay_2 | `.d1.rows[3].lo` | 0 | 120 | 121 |
| FINDINGS_LEDGER.md | 915 | break_delay_2 | `.d1.segments.second.mde` | 0 | 120 | 119 |
| FINDINGS_LEDGER.md | 915 | break_delay_2 | `.d3.trade_quantiles.0.95` | 0 | 120 | 126 |
| FINDINGS_LEDGER.md | 915 | break_delay_2 | `.d7.years.2017.mde` | 0 | 180 | 182 |
| FINDINGS_LEDGER.md | 915 | break_delay_2 | `.d7.years.2018.mean` | 0 | 120 | 114 |
| FINDINGS_LEDGER.md | 915 | break_delay_2 | `.d7.years.2021.hi` | 0 | 180 | 184 |
| FINDINGS_LEDGER.md | 915 | break_delay_2 | `.d7.years.2021.mean` | 0 | 120 | 111 |
| FINDINGS_LEDGER.md | 915 | break_delay_3 | `.d1.rows[0].mde` | 0 | 120 | 115 |
| FINDINGS_LEDGER.md | 915 | break_delay_3 | `.d1.rows[6].hi` | 0 | 180 | 189 |
| FINDINGS_LEDGER.md | 915 | break_delay_3 | `.d1.segments.first.mde` | 0 | 180 | 186 |
| FINDINGS_LEDGER.md | 915 | break_delay_3 | `.d1.segments.second.hi` | 0 | 120 | 125 |
| FINDINGS_LEDGER.md | 915 | break_delay_3 | `.d1.segments.second.mde` | 0 | 120 | 115 |
| FINDINGS_LEDGER.md | 915 | break_delay_3 | `.d3.trade_quantiles.0.95` | 0 | 120 | 125 |
| FINDINGS_LEDGER.md | 915 | break_delay_3 | `.d7.years.2017.mean` | 0 | 120 | 112 |
| FINDINGS_LEDGER.md | 915 | break_delay_3 | `.d7.years.2018.lo` | 0 | 180 | 182 |
| FINDINGS_LEDGER.md | 915 | break_delay_3 | `.d7.years.2020.hi` | 0 | 120 | 112 |
| FINDINGS_LEDGER.md | 915 | break_delay_3 | `.d7.years.2021.mde` | 0 | 120 | 129 |
| FINDINGS_LEDGER.md | 915 | break_delay_4 | `.d1.rows[0].hi` | 0 | 120 | 127 |
| FINDINGS_LEDGER.md | 915 | break_delay_4 | `.d1.rows[0].mde` | 0 | 120 | 112 |
| FINDINGS_LEDGER.md | 915 | break_delay_4 | `.d1.rows[2].lo` | 0 | 180 | 178 |
| FINDINGS_LEDGER.md | 915 | break_delay_4 | `.d1.rows[5].lo` | 0 | 120 | 127 |
| FINDINGS_LEDGER.md | 915 | break_delay_4 | `.d1.rows[8].hi` | 0 | 120 | 118 |
| FINDINGS_LEDGER.md | 915 | break_delay_4 | `.d1.segments.first.lo` | 0 | 180 | 176 |
| FINDINGS_LEDGER.md | 915 | break_delay_4 | `.d1.segments.first.mde` | 0 | 180 | 183 |
| FINDINGS_LEDGER.md | 915 | break_delay_4 | `.d1.segments.second.hi` | 0 | 120 | 117 |
| FINDINGS_LEDGER.md | 915 | break_delay_4 | `.d1.segments.second.mde` | 0 | 120 | 111 |
| FINDINGS_LEDGER.md | 915 | break_delay_4 | `.d3.trade_quantiles.0.95` | 0 | 120 | 125 |
| FINDINGS_LEDGER.md | 915 | break_delay_4 | `.d7.years.2018.mean` | 0 | 120 | 118 |
| FINDINGS_LEDGER.md | 915 | break_delay_4 | `.d7.years.2020.mde` | 0 | 120 | 119 |
| FINDINGS_LEDGER.md | 915 | break_delay_4 | `.d7.years.2021.mean` | 0 | 180 | 177 |
| FINDINGS_LEDGER.md | 915 | break_delay_4 | `.d7.years.2022.mde` | 0 | 120 | 117 |
| FINDINGS_LEDGER.md | 915 | break_delay_8 | `.d1.rows[4].lo` | 0 | 120 | 126 |
| FINDINGS_LEDGER.md | 915 | break_delay_8 | `.d1.rows[5].mde` | 0 | 180 | 185 |
| FINDINGS_LEDGER.md | 915 | break_delay_8 | `.d1.rows[6].hi` | 0 | 180 | 175 |
| FINDINGS_LEDGER.md | 915 | break_delay_8 | `.d1.rows[6].lo` | 0 | 120 | 119 |
| FINDINGS_LEDGER.md | 915 | break_delay_8 | `.d1.rows[8].hi` | 0 | 120 | 117 |
| FINDINGS_LEDGER.md | 915 | break_delay_8 | `.d1.segments.first.lo` | 0 | 120 | 114 |
| FINDINGS_LEDGER.md | 915 | break_delay_8 | `.d1.segments.first.mde` | 0 | 180 | 173 |
| FINDINGS_LEDGER.md | 915 | break_delay_8 | `.d1.segments.second.mde` | 0 | 120 | 115 |
| FINDINGS_LEDGER.md | 915 | break_delay_8 | `.d7.years.2016.lo` | 0 | 120 | 114 |
| FINDINGS_LEDGER.md | 915 | break_delay_8 | `.d7.years.2018.hi` | 0 | 120 | 115 |
| FINDINGS_LEDGER.md | 915 | break_delay_8 | `.d7.years.2019.lo` | 0 | 120 | 111 |
| FINDINGS_LEDGER.md | 915 | break_delay_8 | `.d7.years.2020.hi` | 0 | 120 | 112 |
| FINDINGS_LEDGER.md | 915 | break_delay_8 | `.d7.years.2021.mde` | 0 | 180 | 173 |
| FINDINGS_LEDGER.md | 915 | break_dist_0.25 | `.d1.rows[5].mde` | 0 | 180 | 187 |
| FINDINGS_LEDGER.md | 915 | break_dist_0.25 | `.d1.rows[8].mde` | 0 | 180 | 179 |
| FINDINGS_LEDGER.md | 915 | break_dist_0.25 | `.d1.rows[8].mean` | 0 | 180 | 183 |
| FINDINGS_LEDGER.md | 915 | break_dist_0.25 | `.d1.segments.second.mde` | 0 | 120 | 111 |
| FINDINGS_LEDGER.md | 915 | break_dist_0.25 | `.d3.trade_quantiles.0.95` | 0 | 120 | 116 |
| FINDINGS_LEDGER.md | 915 | break_dist_0.25 | `.d7.years.2016.mde` | 0 | 120 | 130 |
| FINDINGS_LEDGER.md | 915 | break_dist_0.25 | `.d7.years.2018.mean` | 0 | 180 | 175 |
| FINDINGS_LEDGER.md | 915 | break_dist_0.25 | `.d7.years.2021.mean` | 0 | 180 | 179 |
| FINDINGS_LEDGER.md | 915 | break_dist_0.25 | `.d7.years.2023.hi` | 0 | 180 | 176 |
| FINDINGS_LEDGER.md | 915 | break_dist_0.25 | `.d7.years.2023.mean` | 0 | 120 | 111 |
| FINDINGS_LEDGER.md | 915 | break_dist_1 | `.d1.rows[7].hi` | 0 | 180 | 178 |
| FINDINGS_LEDGER.md | 915 | break_dist_1 | `.d1.segments.second.hi` | 0 | 180 | 176 |
| FINDINGS_LEDGER.md | 915 | break_dist_1 | `.d7.years.2018.lo` | 0 | 120 | 130 |
| FINDINGS_LEDGER.md | 915 | break_dist_1 | `.d7.years.2019.mean` | 0 | 180 | 182 |
| FINDINGS_LEDGER.md | 915 | break_dist_1 | `.d7.years.2020.mde` | 0 | 180 | 190 |
| FINDINGS_LEDGER.md | 915 | break_dist_1 | `.d7.years.2021.hi` | 0 | 120 | 111 |
| FINDINGS_LEDGER.md | 915 | break_dist_1 | `.d7.years.2023.lo` | 0 | 180 | 188 |
| FINDINGS_LEDGER.md | 915 | break_len_mult_4 | `.d1.rows[2].mean` | 0 | 180 | 185 |
| FINDINGS_LEDGER.md | 915 | break_len_mult_4 | `.d1.rows[6].mean` | 0 | 180 | 186 |
| FINDINGS_LEDGER.md | 915 | break_len_mult_4 | `.d1.segments.second.hi` | 0 | 120 | 110 |
| FINDINGS_LEDGER.md | 915 | break_len_mult_4 | `.d7.years.2019.mean` | 0 | 180 | 173 |
| FINDINGS_LEDGER.md | 915 | break_len_mult_4 | `.d7.years.2020.mean` | 0 | 180 | 181 |
| FINDINGS_LEDGER.md | 915 | break_off | `.d1.rows[0].lo` | 0 | 180 | 187 |
| FINDINGS_LEDGER.md | 915 | break_off | `.d1.rows[2].mean` | 0 | 120 | 111 |
| FINDINGS_LEDGER.md | 915 | break_off | `.d1.segments.second.mean` | 0 | 120 | 112 |
| FINDINGS_LEDGER.md | 915 | break_off | `.d3.groups.保有時間の帯【結果で決まる群】.4 分超.lo` | 0 | 120 | 116 |
| FINDINGS_LEDGER.md | 915 | break_off | `.d3.trade_quantiles.0.05` | 0 | 120 | 122 |
| FINDINGS_LEDGER.md | 915 | break_off | `.d7.all.lo` | 0 | 180 | 176 |
| FINDINGS_LEDGER.md | 915 | break_off | `.d7.all.mde` | 0 | 180 | 176 |
| FINDINGS_LEDGER.md | 915 | break_off | `.d7.years.2018.lo` | 0 | 120 | 124 |
| FINDINGS_LEDGER.md | 915 | break_off | `.d7.years.2022.lo` | 0 | 180 | 189 |
| FINDINGS_LEDGER.md | 915 | count_20 | `.d1.rows[4].hi` | 0 | 180 | 173 |
| FINDINGS_LEDGER.md | 915 | count_20 | `.d1.rows[4].lo` | 0 | 120 | 114 |
| FINDINGS_LEDGER.md | 915 | count_20 | `.d1.rows[5].hi` | 0 | 120 | 127 |
| FINDINGS_LEDGER.md | 915 | count_20 | `.d1.rows[6].mde` | 0 | 180 | 182 |
| FINDINGS_LEDGER.md | 915 | count_20 | `.d1.rows[8].hi` | 0 | 180 | 174 |
| FINDINGS_LEDGER.md | 915 | count_20 | `.d1.segments.first.lo` | 0 | 120 | 125 |
| FINDINGS_LEDGER.md | 915 | count_20 | `.d1.segments.second.hi` | 0 | 180 | 188 |
| FINDINGS_LEDGER.md | 915 | count_20 | `.d3.groups.出の理由【結果で決まる群】.market.hi` | 0 | 120 | 117 |
| FINDINGS_LEDGER.md | 915 | count_20 | `.d3.groups.出の理由【結果で決まる群】.market.lo` | 0 | 180 | 170 |
| FINDINGS_LEDGER.md | 915 | count_20 | `.d3.trade_quantiles.0.75` | 2 | 20.6 | 20.5 |
| FINDINGS_LEDGER.md | 915 | count_20 | `.d7.all.hi` | 0 | 120 | 111 |
| FINDINGS_LEDGER.md | 915 | count_20 | `.d7.all.mean` | 0 | 180 | 185 |
| FINDINGS_LEDGER.md | 915 | count_20 | `.d7.years.2016.hi` | 0 | 180 | 188 |
| FINDINGS_LEDGER.md | 915 | count_20 | `.d7.years.2017.hi` | 0 | 180 | 176 |
| FINDINGS_LEDGER.md | 915 | count_20 | `.d7.years.2023.mde` | 0 | 180 | 174 |
| FINDINGS_LEDGER.md | 915 | count_80 | `.d1.rows[5].hi` | 0 | 120 | 119 |
| FINDINGS_LEDGER.md | 915 | count_80 | `.d3.trade_quantiles.0.95` | 0 | 180 | 190 |
| FINDINGS_LEDGER.md | 915 | count_80 | `.d7.years.2016.lo` | 0 | 180 | 187 |
| FINDINGS_LEDGER.md | 915 | count_80 | `.d7.years.2023.lo` | 0 | 120 | 127 |
| FINDINGS_LEDGER.md | 915 | count_80 | `.d7.years.2023.mde` | 0 | 180 | 182 |
| FINDINGS_LEDGER.md | 915 | entry_exit_2_1 | `.d1.rows[5].hi` | 0 | 120 | 113 |
| FINDINGS_LEDGER.md | 915 | entry_exit_2_1 | `.d7.all.mean` | 0 | 180 | 178 |
| FINDINGS_LEDGER.md | 915 | entry_exit_2_1 | `.d7.years.2023.lo` | 0 | 180 | 189 |
| FINDINGS_LEDGER.md | 915 | entry_exit_3_2 | `.d1.rows[0].hi` | 0 | 120 | 115 |
| FINDINGS_LEDGER.md | 915 | entry_exit_3_2 | `.d1.rows[5].lo` | 0 | 120 | 128 |
| FINDINGS_LEDGER.md | 915 | entry_exit_3_2 | `.d7.years.2016.lo` | 0 | 180 | 186 |
| FINDINGS_LEDGER.md | 915 | entry_exit_3_2 | `.d7.years.2016.mde` | 0 | 120 | 121 |
| FINDINGS_LEDGER.md | 915 | entry_exit_3_2 | `.d7.years.2018.mean` | 0 | 180 | 174 |
| FINDINGS_LEDGER.md | 915 | entry_exit_3_2 | `.d7.years.2019.mean` | 0 | 180 | 183 |
| FINDINGS_LEDGER.md | 915 | entry_exit_3_2 | `.d7.years.2023.lo` | 0 | 120 | 114 |
| FINDINGS_LEDGER.md | 915 | foot_5 | `.d1.rows[2].mean` | 0 | 120 | 122 |
| FINDINGS_LEDGER.md | 915 | foot_5 | `.d1.rows[4].hi` | 0 | 180 | 182 |
| FINDINGS_LEDGER.md | 915 | foot_5 | `.d1.rows[5].mean` | 0 | 180 | 182 |
| FINDINGS_LEDGER.md | 915 | foot_5 | `.d7.all.hi` | 0 | 120 | 128 |
| FINDINGS_LEDGER.md | 915 | foot_5 | `.d7.years.2015.mean` | 0 | 180 | 181 |
| FINDINGS_LEDGER.md | 915 | foot_5 | `.d7.years.2021.lo` | 0 | 120 | 118 |
| FINDINGS_LEDGER.md | 915 | levels_1 | `.d1.rows[5].hi` | 0 | 180 | 189 |
| FINDINGS_LEDGER.md | 915 | levels_1 | `.d3.groups.保有時間の帯【結果で決まる群】.3 分超.hi` | 0 | 120 | 121 |
| FINDINGS_LEDGER.md | 915 | levels_1 | `.d3.groups.保有時間の帯【結果で決まる群】.3 分超.per_trade` | 0 | 120 | 130 |
| FINDINGS_LEDGER.md | 915 | levels_1 | `.d3.trade_quantiles.0.95` | 0 | 180 | 182 |
| FINDINGS_LEDGER.md | 915 | levels_1 | `.d7.years.2023.mde` | 0 | 180 | 176 |
| FINDINGS_LEDGER.md | 915 | levels_3 | `.d1.rows[0].lo` | 0 | 180 | 174 |
| FINDINGS_LEDGER.md | 915 | levels_3 | `.d1.rows[4].lo` | 0 | 180 | 178 |
| FINDINGS_LEDGER.md | 915 | levels_3 | `.d1.rows[6].mean` | 0 | 120 | 117 |
| FINDINGS_LEDGER.md | 915 | levels_3 | `.d1.segments.first.lo` | 0 | 180 | 181 |
| FINDINGS_LEDGER.md | 915 | levels_3 | `.d7.years.2016.mde` | 0 | 120 | 122 |
| FINDINGS_LEDGER.md | 915 | levels_3 | `.d7.years.2017.lo` | 0 | 180 | 186 |
| FINDINGS_LEDGER.md | 915 | levels_3 | `.d7.years.2020.lo` | 0 | 180 | 175 |
| FINDINGS_LEDGER.md | 915 | levels_3 | `.d7.years.2022.hi` | 0 | 120 | 129 |
| FINDINGS_LEDGER.md | 915 | levels_7 | `.d1.rows[2].lo` | 0 | 180 | 188 |
| FINDINGS_LEDGER.md | 915 | levels_7 | `.d1.rows[5].lo` | 0 | 120 | 114 |
| FINDINGS_LEDGER.md | 915 | levels_7 | `.d1.rows[5].mde` | 0 | 180 | 182 |
| FINDINGS_LEDGER.md | 915 | levels_7 | `.d1.rows[6].hi` | 0 | 180 | 173 |
| FINDINGS_LEDGER.md | 915 | levels_7 | `.d1.rows[6].mde` | 0 | 180 | 190 |
| FINDINGS_LEDGER.md | 915 | levels_7 | `.d1.rows[9].mde` | 0 | 180 | 189 |
| FINDINGS_LEDGER.md | 915 | levels_7 | `.d1.segments.second.mean` | 0 | 180 | 178 |
| FINDINGS_LEDGER.md | 915 | levels_7 | `.d7.years.2017.mde` | 0 | 120 | 121 |
| FINDINGS_LEDGER.md | 915 | levels_7 | `.d7.years.2021.hi` | 0 | 180 | 181 |
| FINDINGS_LEDGER.md | 915 | levels_7 | `.d7.years.2021.mean` | 0 | 120 | 112 |
| FINDINGS_LEDGER.md | 915 | levels_7 | `.d7.years.2022.hi` | 0 | 180 | 179 |
| FINDINGS_LEDGER.md | 915 | levels_7 | `.d7.years.2022.mean` | 0 | 120 | 124 |
| FINDINGS_LEDGER.md | 915 | range_hi_none | `.d1.rows[0].mde` | 0 | 120 | 124 |
| FINDINGS_LEDGER.md | 915 | range_hi_none | `.d1.segments.second.hi` | 0 | 180 | 188 |
| FINDINGS_LEDGER.md | 915 | range_hi_none | `.d3.trade_quantiles.0.95` | 0 | 120 | 128 |
| FINDINGS_LEDGER.md | 915 | range_hi_p75 | `.d1.rows[1].hi` | 0 | 180 | 184 |
| FINDINGS_LEDGER.md | 915 | range_hi_p75 | `.d1.rows[4].lo` | 0 | 120 | 127 |
| FINDINGS_LEDGER.md | 915 | range_hi_p75 | `.d1.rows[6].mde` | 0 | 180 | 185 |
| FINDINGS_LEDGER.md | 915 | range_hi_p75 | `.d1.rows[8].hi` | 0 | 120 | 112 |
| FINDINGS_LEDGER.md | 915 | range_hi_p75 | `.d1.segments.first.mde` | 0 | 120 | 126 |
| FINDINGS_LEDGER.md | 915 | range_hi_p75 | `.d1.segments.first.mean` | 0 | 180 | 174 |
| FINDINGS_LEDGER.md | 915 | range_hi_p75 | `.d3.groups.出の理由【結果で決まる群】.break.per_trade` | 0 | 180 | 185 |
| FINDINGS_LEDGER.md | 915 | range_hi_p75 | `.d3.trade_quantiles.0.05` | 0 | 180 | 178 |
| FINDINGS_LEDGER.md | 915 | range_hi_p75 | `.d7.years.2015.lo` | 0 | 120 | 118 |
| FINDINGS_LEDGER.md | 915 | range_hi_p90 | `.d1.rows[8].hi` | 0 | 180 | 174 |
| FINDINGS_LEDGER.md | 915 | range_hi_p90 | `.d1.segments.second.mde` | 0 | 120 | 114 |
| FINDINGS_LEDGER.md | 915 | range_hi_p90 | `.d7.years.2016.mde` | 0 | 120 | 122 |
| FINDINGS_LEDGER.md | 915 | range_hi_p90 | `.d7.years.2018.mean` | 0 | 180 | 188 |
| FINDINGS_LEDGER.md | 915 | range_hi_p90 | `.d7.years.2019.hi` | 0 | 120 | 121 |
| FINDINGS_LEDGER.md | 915 | range_hi_p90 | `.d7.years.2021.mde` | 0 | 180 | 175 |
| FINDINGS_LEDGER.md | 915 | range_hi_p90 | `.d7.years.2022.lo` | 0 | 120 | 129 |
| FINDINGS_LEDGER.md | 915 | range_lo_none | `.d1.rows[0].hi` | 0 | 120 | 124 |
| FINDINGS_LEDGER.md | 915 | range_lo_none | `.d1.segments.second.hi` | 0 | 180 | 184 |
| FINDINGS_LEDGER.md | 915 | range_lo_none | `.d1.segments.second.mde` | 0 | 120 | 125 |
| FINDINGS_LEDGER.md | 915 | range_lo_none | `.d3.trade_quantiles.0.95` | 0 | 120 | 127 |
| FINDINGS_LEDGER.md | 915 | range_lo_p10 | `.d1.rows[0].mde` | 0 | 120 | 121 |
| FINDINGS_LEDGER.md | 915 | range_lo_p10 | `.d1.rows[3].lo` | 0 | 180 | 175 |
| FINDINGS_LEDGER.md | 915 | range_lo_p10 | `.d1.rows[5].lo` | 0 | 120 | 119 |
| FINDINGS_LEDGER.md | 915 | range_lo_p10 | `.d1.rows[6].hi` | 0 | 180 | 187 |
| FINDINGS_LEDGER.md | 915 | range_lo_p10 | `.d1.segments.second.mde` | 0 | 120 | 125 |
| FINDINGS_LEDGER.md | 915 | range_lo_p10 | `.d7.years.2016.lo` | 0 | 180 | 171 |
| FINDINGS_LEDGER.md | 915 | range_lo_p10 | `.d7.years.2016.mean` | 0 | 120 | 125 |
| FINDINGS_LEDGER.md | 915 | range_lo_p10 | `.d7.years.2018.hi` | 2 | 20.6 | 20.7 |
| FINDINGS_LEDGER.md | 915 | range_lo_p25 | `.d1.rows[0].mde` | 0 | 120 | 118 |
| FINDINGS_LEDGER.md | 915 | range_lo_p25 | `.d1.rows[2].mean` | 0 | 120 | 116 |
| FINDINGS_LEDGER.md | 915 | range_lo_p25 | `.d1.rows[3].lo` | 0 | 180 | 181 |
| FINDINGS_LEDGER.md | 915 | range_lo_p25 | `.d1.rows[5].lo` | 0 | 120 | 119 |
| FINDINGS_LEDGER.md | 915 | range_lo_p25 | `.d1.rows[9].hi` | 0 | 120 | 127 |
| FINDINGS_LEDGER.md | 915 | range_lo_p25 | `.d1.segments.first.mde` | 0 | 180 | 189 |
| FINDINGS_LEDGER.md | 915 | range_lo_p25 | `.d1.segments.second.mde` | 0 | 120 | 121 |
| FINDINGS_LEDGER.md | 915 | range_lo_p25 | `.d1.segments.second.mean` | 0 | 180 | 190 |
| FINDINGS_LEDGER.md | 915 | range_lo_p25 | `.d7.years.2017.mean` | 2 | 21.0 | 20.9 |
| FINDINGS_LEDGER.md | 915 | range_lo_p50 | `.d1.rows[1].mean` | 0 | 120 | 111 |
| FINDINGS_LEDGER.md | 915 | range_lo_p50 | `.d1.rows[2].mean` | 0 | 180 | 179 |
| FINDINGS_LEDGER.md | 915 | range_lo_p50 | `.d1.rows[3].lo` | 0 | 180 | 178 |
| FINDINGS_LEDGER.md | 915 | range_lo_p50 | `.d1.rows[6].mean` | 0 | 120 | 116 |
| FINDINGS_LEDGER.md | 915 | range_lo_p50 | `.d1.rows[8].mde` | 0 | 180 | 187 |
| FINDINGS_LEDGER.md | 915 | range_lo_p50 | `.d1.rows[9].lo` | 0 | 180 | 185 |
| FINDINGS_LEDGER.md | 915 | range_lo_p50 | `.d1.rows[9].mde` | 0 | 180 | 170 |
| FINDINGS_LEDGER.md | 915 | range_lo_p50 | `.d1.segments.diff.hi` | 0 | 180 | 173 |
| FINDINGS_LEDGER.md | 915 | range_lo_p50 | `.d1.segments.first.mde` | 0 | 180 | 176 |
| FINDINGS_LEDGER.md | 915 | range_lo_p50 | `.d1.segments.second.mde` | 0 | 120 | 112 |
| FINDINGS_LEDGER.md | 915 | range_lo_p50 | `.d7.years.2015.mde` | 0 | 180 | 185 |
| FINDINGS_LEDGER.md | 915 | range_lo_p50 | `.d7.years.2019.lo` | 0 | 120 | 115 |
| FINDINGS_LEDGER.md | 915 | range_lo_p50 | `.d7.years.2020.hi` | 0 | 180 | 181 |
| FINDINGS_LEDGER.md | 915 | range_lo_p50 | `.d7.years.2020.mean` | 0 | 120 | 110 |
| FINDINGS_LEDGER.md | 915 | step_2 | `.d1.rows[3].lo` | 0 | 180 | 177 |
| FINDINGS_LEDGER.md | 915 | step_2 | `.d1.rows[7].hi` | 0 | 180 | 173 |
| FINDINGS_LEDGER.md | 915 | step_2 | `.d1.rows[8].mean` | 0 | 180 | 177 |
| FINDINGS_LEDGER.md | 915 | step_2 | `.d1.rows[9].mde` | 0 | 180 | 170 |
| FINDINGS_LEDGER.md | 915 | step_2 | `.d3.groups.出の理由【結果で決まる群】.break.hi` | 0 | 180 | 174 |
| FINDINGS_LEDGER.md | 915 | step_2 | `.d3.groups.出の理由【結果で決まる群】.break.per_trade` | 0 | 180 | 183 |
| FINDINGS_LEDGER.md | 915 | step_2 | `.d7.years.2015.mde` | 0 | 180 | 173 |
| FINDINGS_LEDGER.md | 915 | step_2 | `.d7.years.2016.lo` | 0 | 120 | 111 |
| FINDINGS_LEDGER.md | 915 | step_2 | `.d7.years.2017.mde` | 0 | 180 | 184 |
| FINDINGS_LEDGER.md | 915 | step_2 | `.d7.years.2018.hi` | 0 | 120 | 112 |
| FINDINGS_LEDGER.md | 915 | step_2 | `.d7.years.2018.mde` | 0 | 120 | 127 |
| FINDINGS_LEDGER.md | 915 | step_2 | `.d7.years.2019.lo` | 0 | 180 | 182 |
| FINDINGS_LEDGER.md | 915 | step_2 | `.d7.years.2019.mean` | 0 | 120 | 114 |
| FINDINGS_LEDGER.md | 915 | step_2 | `.d7.years.2020.lo` | 0 | 120 | 130 |
| FINDINGS_LEDGER.md | 915 | step_2 | `.d7.years.2021.mde` | 0 | 120 | 115 |
| FINDINGS_LEDGER.md | 915 | step_4 | `.d1.rows[6].lo` | 0 | 180 | 173 |
| FINDINGS_LEDGER.md | 915 | step_4 | `.d1.rows[7].hi` | 0 | 180 | 173 |
| FINDINGS_LEDGER.md | 915 | step_4 | `.d1.rows[8].hi` | 0 | 120 | 119 |
| FINDINGS_LEDGER.md | 915 | step_4 | `.d1.rows[8].mde` | 0 | 120 | 111 |
| FINDINGS_LEDGER.md | 915 | step_4 | `.d1.rows[9].hi` | 0 | 180 | 173 |
| FINDINGS_LEDGER.md | 915 | step_4 | `.d1.rows[9].mde` | 0 | 120 | 112 |
| FINDINGS_LEDGER.md | 915 | step_4 | `.d1.segments.first.mean` | 0 | 120 | 129 |
| FINDINGS_LEDGER.md | 915 | step_4 | `.d3.groups.出の理由【結果で決まる群】.break.hi` | 0 | 120 | 117 |
| FINDINGS_LEDGER.md | 915 | step_4 | `.d3.groups.出の理由【結果で決まる群】.break.lo` | 0 | 120 | 129 |
| FINDINGS_LEDGER.md | 915 | step_4 | `.d3.groups.出の理由【結果で決まる群】.market.per_trade` | 0 | 180 | 174 |
| FINDINGS_LEDGER.md | 915 | step_4 | `.d3.trade_quantiles.0.99` | 0 | 120 | 115 |
| FINDINGS_LEDGER.md | 915 | step_4 | `.d7.all.lo` | 0 | 120 | 130 |
| FINDINGS_LEDGER.md | 915 | step_4 | `.d7.years.2018.mde` | 0 | 180 | 187 |
| FINDINGS_LEDGER.md | 915 | step_4 | `.d7.years.2021.mde` | 0 | 180 | 184 |
| FINDINGS_LEDGER.md | 915 | step_4 | `.d7.years.2022.mde` | 0 | 120 | 113 |
| FINDINGS_LEDGER.md | 915 | vola_gate_p10 | `.d1.rows[0].hi` | 0 | 120 | 119 |
| FINDINGS_LEDGER.md | 915 | vola_gate_p10 | `.d1.rows[0].mde` | 0 | 120 | 119 |
| FINDINGS_LEDGER.md | 915 | vola_gate_p10 | `.d1.rows[3].lo` | 0 | 180 | 177 |
| FINDINGS_LEDGER.md | 915 | vola_gate_p10 | `.d1.rows[8].hi` | 0 | 120 | 126 |
| FINDINGS_LEDGER.md | 915 | vola_gate_p10 | `.d1.segments.first.mde` | 0 | 180 | 185 |
| FINDINGS_LEDGER.md | 915 | vola_gate_p10 | `.d1.segments.second.mde` | 0 | 120 | 124 |
| FINDINGS_LEDGER.md | 915 | vola_gate_p10 | `.d7.all.mde` | 2 | 20.6 | 20.5 |
| FINDINGS_LEDGER.md | 915 | vola_gate_p25 | `.d1.rows[0].mde` | 0 | 120 | 114 |
| FINDINGS_LEDGER.md | 915 | vola_gate_p25 | `.d1.rows[2].hi` | 0 | 180 | 182 |
| FINDINGS_LEDGER.md | 915 | vola_gate_p25 | `.d1.segments.first.mde` | 0 | 180 | 177 |
| FINDINGS_LEDGER.md | 915 | vola_gate_p25 | `.d1.segments.second.mde` | 0 | 120 | 122 |
| FINDINGS_LEDGER.md | 915 | vola_gate_p25 | `.d1.segments.second.mean` | 0 | 180 | 179 |
| FINDINGS_LEDGER.md | 915 | vola_gate_p50 | `.d1.rows[1].mean` | 0 | 120 | 125 |
| FINDINGS_LEDGER.md | 915 | vola_gate_p50 | `.d1.rows[2].hi` | 0 | 120 | 121 |
| FINDINGS_LEDGER.md | 915 | vola_gate_p50 | `.d1.rows[6].mean` | 0 | 120 | 117 |
| FINDINGS_LEDGER.md | 915 | vola_gate_p50 | `.d1.rows[8].mde` | 0 | 180 | 186 |
| FINDINGS_LEDGER.md | 915 | vola_gate_p50 | `.d1.rows[8].mean` | 0 | 120 | 115 |
| FINDINGS_LEDGER.md | 915 | vola_gate_p50 | `.d1.segments.second.mde` | 0 | 120 | 113 |
| FINDINGS_LEDGER.md | 915 | vola_gate_p50 | `.d7.years.2020.hi` | 0 | 180 | 181 |
| FINDINGS_LEDGER.md | 915 | vola_gate_p50 | `.d7.years.2020.mean` | 0 | 120 | 111 |
| FINDINGS_LEDGER.md | 920 | alert_x1 | `.d1.rows[0].mde` | 0 | 120 | 123 |
| FINDINGS_LEDGER.md | 920 | alert_x1 | `.d1.segments.second.mde` | 0 | 120 | 126 |
| FINDINGS_LEDGER.md | 920 | alert_x1 | `.d3.trade_quantiles.0.95` | 0 | 120 | 129 |
| FINDINGS_LEDGER.md | 920 | alert_x2 | `.d1.rows[0].hi` | 0 | 120 | 130 |
| FINDINGS_LEDGER.md | 920 | alert_x2 | `.d1.rows[0].mde` | 0 | 120 | 123 |
| FINDINGS_LEDGER.md | 920 | alert_x2 | `.d1.rows[8].hi` | 0 | 120 | 125 |
| FINDINGS_LEDGER.md | 920 | alert_x2 | `.d1.segments.second.mde` | 0 | 120 | 126 |
| FINDINGS_LEDGER.md | 920 | alert_x2 | `.d3.trade_quantiles.0.95` | 0 | 120 | 129 |
| FINDINGS_LEDGER.md | 920 | base | `.d1.rows[0].mde` | 0 | 120 | 123 |
| FINDINGS_LEDGER.md | 920 | base | `.d1.segments.second.mde` | 0 | 120 | 125 |
| FINDINGS_LEDGER.md | 920 | base | `.d3.trade_quantiles.0.95` | 0 | 120 | 127 |
| FINDINGS_LEDGER.md | 920 | beard_off | `.d7.years.2023.mde` | 0 | 120 | 127 |
| FINDINGS_LEDGER.md | 920 | break_delay_2 | `.d1.rows[0].hi` | 0 | 120 | 123 |
| FINDINGS_LEDGER.md | 920 | break_delay_2 | `.d1.rows[0].mde` | 0 | 120 | 118 |
| FINDINGS_LEDGER.md | 920 | break_delay_2 | `.d1.rows[1].mean` | 0 | 120 | 129 |
| FINDINGS_LEDGER.md | 920 | break_delay_2 | `.d1.rows[3].lo` | 0 | 120 | 121 |
| FINDINGS_LEDGER.md | 920 | break_delay_2 | `.d1.segments.second.mde` | 0 | 120 | 119 |
| FINDINGS_LEDGER.md | 920 | break_delay_2 | `.d3.trade_quantiles.0.95` | 0 | 120 | 126 |
| FINDINGS_LEDGER.md | 920 | break_delay_2 | `.d7.years.2018.mean` | 0 | 120 | 114 |
| FINDINGS_LEDGER.md | 920 | break_delay_2 | `.d7.years.2021.mean` | 0 | 120 | 111 |
| FINDINGS_LEDGER.md | 920 | break_delay_3 | `.d1.rows[0].mde` | 0 | 120 | 115 |
| FINDINGS_LEDGER.md | 920 | break_delay_3 | `.d1.segments.second.hi` | 0 | 120 | 125 |
| FINDINGS_LEDGER.md | 920 | break_delay_3 | `.d1.segments.second.mde` | 0 | 120 | 115 |
| FINDINGS_LEDGER.md | 920 | break_delay_3 | `.d3.trade_quantiles.0.95` | 0 | 120 | 125 |
| FINDINGS_LEDGER.md | 920 | break_delay_3 | `.d7.years.2017.mean` | 0 | 120 | 112 |
| FINDINGS_LEDGER.md | 920 | break_delay_3 | `.d7.years.2020.hi` | 0 | 120 | 112 |
| FINDINGS_LEDGER.md | 920 | break_delay_3 | `.d7.years.2021.mde` | 0 | 120 | 129 |
| FINDINGS_LEDGER.md | 920 | break_delay_4 | `.d1.rows[0].hi` | 0 | 120 | 127 |
| FINDINGS_LEDGER.md | 920 | break_delay_4 | `.d1.rows[0].mde` | 0 | 120 | 112 |
| FINDINGS_LEDGER.md | 920 | break_delay_4 | `.d1.rows[2].mean` | 0 | 120 | 123 |
| FINDINGS_LEDGER.md | 920 | break_delay_4 | `.d1.rows[5].lo` | 0 | 120 | 127 |
| FINDINGS_LEDGER.md | 920 | break_delay_4 | `.d1.rows[8].hi` | 0 | 120 | 118 |
| FINDINGS_LEDGER.md | 920 | break_delay_4 | `.d1.segments.second.hi` | 0 | 120 | 117 |
| FINDINGS_LEDGER.md | 920 | break_delay_4 | `.d1.segments.second.mde` | 0 | 120 | 111 |
| FINDINGS_LEDGER.md | 920 | break_delay_4 | `.d3.trade_quantiles.0.95` | 0 | 120 | 125 |
| FINDINGS_LEDGER.md | 920 | break_delay_4 | `.d7.years.2018.mean` | 0 | 120 | 118 |
| FINDINGS_LEDGER.md | 920 | break_delay_4 | `.d7.years.2020.mde` | 0 | 120 | 119 |
| FINDINGS_LEDGER.md | 920 | break_delay_4 | `.d7.years.2022.mde` | 0 | 120 | 117 |
| FINDINGS_LEDGER.md | 920 | break_delay_8 | `.d1.rows[4].lo` | 0 | 120 | 126 |
| FINDINGS_LEDGER.md | 920 | break_delay_8 | `.d1.rows[6].lo` | 0 | 120 | 119 |
| FINDINGS_LEDGER.md | 920 | break_delay_8 | `.d1.rows[8].hi` | 0 | 120 | 117 |
| FINDINGS_LEDGER.md | 920 | break_delay_8 | `.d1.segments.first.lo` | 0 | 120 | 114 |
| FINDINGS_LEDGER.md | 920 | break_delay_8 | `.d1.segments.second.mde` | 0 | 120 | 115 |
| FINDINGS_LEDGER.md | 920 | break_delay_8 | `.d3.trade_quantiles.0.95` | 0 | 120 | 123 |
| FINDINGS_LEDGER.md | 920 | break_delay_8 | `.d7.years.2016.lo` | 0 | 120 | 114 |
| FINDINGS_LEDGER.md | 920 | break_delay_8 | `.d7.years.2018.hi` | 0 | 120 | 115 |
| FINDINGS_LEDGER.md | 920 | break_delay_8 | `.d7.years.2019.lo` | 0 | 120 | 111 |
| FINDINGS_LEDGER.md | 920 | break_delay_8 | `.d7.years.2020.hi` | 0 | 120 | 112 |
| FINDINGS_LEDGER.md | 920 | break_dist_0.25 | `.d1.segments.second.mde` | 0 | 120 | 111 |
| FINDINGS_LEDGER.md | 920 | break_dist_0.25 | `.d3.trade_quantiles.0.95` | 0 | 120 | 116 |
| FINDINGS_LEDGER.md | 920 | break_dist_0.25 | `.d7.years.2016.mde` | 0 | 120 | 130 |
| FINDINGS_LEDGER.md | 920 | break_dist_0.25 | `.d7.years.2023.mean` | 0 | 120 | 111 |
| FINDINGS_LEDGER.md | 920 | break_dist_1 | `.d7.years.2018.lo` | 0 | 120 | 130 |
| FINDINGS_LEDGER.md | 920 | break_dist_1 | `.d7.years.2021.hi` | 0 | 120 | 111 |
| FINDINGS_LEDGER.md | 920 | break_len_mult_4 | `.d1.segments.second.hi` | 0 | 120 | 110 |
| FINDINGS_LEDGER.md | 920 | break_off | `.d1.rows[2].mean` | 0 | 120 | 111 |
| FINDINGS_LEDGER.md | 920 | break_off | `.d1.segments.second.mean` | 0 | 120 | 112 |
| FINDINGS_LEDGER.md | 920 | break_off | `.d3.groups.保有時間の帯【結果で決まる群】.4 分超.lo` | 0 | 120 | 116 |
| FINDINGS_LEDGER.md | 920 | break_off | `.d3.trade_quantiles.0.05` | 0 | 120 | 122 |
| FINDINGS_LEDGER.md | 920 | count_20 | `.d1.rows[4].lo` | 0 | 120 | 114 |
| FINDINGS_LEDGER.md | 920 | count_20 | `.d1.rows[5].hi` | 0 | 120 | 127 |
| FINDINGS_LEDGER.md | 920 | count_20 | `.d1.segments.first.lo` | 0 | 120 | 125 |
| FINDINGS_LEDGER.md | 920 | count_20 | `.d3.groups.出の理由【結果で決まる群】.market.hi` | 0 | 120 | 117 |
| FINDINGS_LEDGER.md | 920 | count_20 | `.d7.all.hi` | 0 | 120 | 111 |
| FINDINGS_LEDGER.md | 920 | count_80 | `.d1.rows[5].hi` | 0 | 120 | 119 |
| FINDINGS_LEDGER.md | 920 | count_80 | `.d7.years.2023.lo` | 0 | 120 | 127 |
| FINDINGS_LEDGER.md | 920 | entry_exit_2_1 | `.d1.rows[5].hi` | 0 | 120 | 113 |
| FINDINGS_LEDGER.md | 920 | entry_exit_3_2 | `.d1.rows[0].hi` | 0 | 120 | 115 |
| FINDINGS_LEDGER.md | 920 | entry_exit_3_2 | `.d1.rows[5].lo` | 0 | 120 | 128 |
| FINDINGS_LEDGER.md | 920 | entry_exit_3_2 | `.d7.years.2016.mde` | 0 | 120 | 121 |
| FINDINGS_LEDGER.md | 920 | entry_exit_3_2 | `.d7.years.2023.lo` | 0 | 120 | 114 |
| FINDINGS_LEDGER.md | 920 | foot_5 | `.d1.rows[2].mean` | 0 | 120 | 122 |
| FINDINGS_LEDGER.md | 920 | foot_5 | `.d7.all.hi` | 0 | 120 | 128 |
| FINDINGS_LEDGER.md | 920 | foot_5 | `.d7.years.2021.lo` | 0 | 120 | 118 |
| FINDINGS_LEDGER.md | 920 | levels_1 | `.d3.groups.保有時間の帯【結果で決まる群】.3 分超.hi` | 0 | 120 | 121 |
| FINDINGS_LEDGER.md | 920 | levels_1 | `.d3.groups.保有時間の帯【結果で決まる群】.3 分超.per_trade` | 0 | 120 | 130 |
| FINDINGS_LEDGER.md | 920 | levels_3 | `.d1.rows[6].mean` | 0 | 120 | 117 |
| FINDINGS_LEDGER.md | 920 | levels_3 | `.d7.years.2016.mde` | 0 | 120 | 122 |
| FINDINGS_LEDGER.md | 920 | levels_3 | `.d7.years.2020.mean` | 0 | 120 | 123 |
| FINDINGS_LEDGER.md | 920 | levels_3 | `.d7.years.2022.hi` | 0 | 120 | 129 |
| FINDINGS_LEDGER.md | 920 | levels_7 | `.d1.rows[5].lo` | 0 | 120 | 114 |
| FINDINGS_LEDGER.md | 920 | levels_7 | `.d7.years.2016.lo` | 0 | 120 | 123 |
| FINDINGS_LEDGER.md | 920 | levels_7 | `.d7.years.2017.mde` | 0 | 120 | 121 |
| FINDINGS_LEDGER.md | 920 | levels_7 | `.d7.years.2021.mean` | 0 | 120 | 112 |
| FINDINGS_LEDGER.md | 920 | levels_7 | `.d7.years.2023.mean` | 0 | 120 | 123 |
| FINDINGS_LEDGER.md | 920 | range_hi_none | `.d1.segments.second.mde` | 0 | 120 | 123 |
| FINDINGS_LEDGER.md | 920 | range_hi_none | `.d3.trade_quantiles.0.95` | 0 | 120 | 128 |
| FINDINGS_LEDGER.md | 920 | range_hi_p75 | `.d1.rows[4].lo` | 0 | 120 | 127 |
| FINDINGS_LEDGER.md | 920 | range_hi_p75 | `.d1.rows[8].hi` | 0 | 120 | 112 |
| FINDINGS_LEDGER.md | 920 | range_hi_p75 | `.d1.segments.first.mde` | 0 | 120 | 126 |
| FINDINGS_LEDGER.md | 920 | range_hi_p75 | `.d7.years.2015.lo` | 0 | 120 | 118 |
| FINDINGS_LEDGER.md | 920 | range_hi_p90 | `.d1.segments.second.mde` | 0 | 120 | 114 |
| FINDINGS_LEDGER.md | 920 | range_hi_p90 | `.d7.years.2016.mde` | 0 | 120 | 122 |
| FINDINGS_LEDGER.md | 920 | range_hi_p90 | `.d7.years.2019.hi` | 0 | 120 | 121 |
| FINDINGS_LEDGER.md | 920 | range_hi_p90 | `.d7.years.2022.lo` | 0 | 120 | 129 |
| FINDINGS_LEDGER.md | 920 | range_lo_none | `.d1.rows[0].mde` | 0 | 120 | 123 |
| FINDINGS_LEDGER.md | 920 | range_lo_none | `.d1.segments.second.mde` | 0 | 120 | 125 |
| FINDINGS_LEDGER.md | 920 | range_lo_none | `.d3.trade_quantiles.0.95` | 0 | 120 | 127 |
| FINDINGS_LEDGER.md | 920 | range_lo_p10 | `.d1.rows[0].mde` | 0 | 120 | 121 |
| FINDINGS_LEDGER.md | 920 | range_lo_p10 | `.d1.rows[5].lo` | 0 | 120 | 119 |
| FINDINGS_LEDGER.md | 920 | range_lo_p10 | `.d1.rows[8].hi` | 0 | 120 | 123 |
| FINDINGS_LEDGER.md | 920 | range_lo_p10 | `.d1.segments.second.mde` | 0 | 120 | 125 |
| FINDINGS_LEDGER.md | 920 | range_lo_p10 | `.d7.years.2016.mean` | 0 | 120 | 125 |
| FINDINGS_LEDGER.md | 920 | range_lo_p25 | `.d1.rows[0].mde` | 0 | 120 | 118 |
| FINDINGS_LEDGER.md | 920 | range_lo_p25 | `.d1.rows[2].mean` | 0 | 120 | 116 |
| FINDINGS_LEDGER.md | 920 | range_lo_p25 | `.d1.rows[5].lo` | 0 | 120 | 119 |
| FINDINGS_LEDGER.md | 920 | range_lo_p25 | `.d1.rows[9].hi` | 0 | 120 | 127 |
| FINDINGS_LEDGER.md | 920 | range_lo_p25 | `.d1.segments.second.mde` | 0 | 120 | 121 |
| FINDINGS_LEDGER.md | 920 | range_lo_p50 | `.d1.rows[1].mean` | 0 | 120 | 111 |
| FINDINGS_LEDGER.md | 920 | range_lo_p50 | `.d1.rows[6].mean` | 0 | 120 | 116 |
| FINDINGS_LEDGER.md | 920 | range_lo_p50 | `.d1.segments.second.mde` | 0 | 120 | 112 |
| FINDINGS_LEDGER.md | 920 | range_lo_p50 | `.d7.years.2019.lo` | 0 | 120 | 115 |
| FINDINGS_LEDGER.md | 920 | range_lo_p50 | `.d7.years.2020.mean` | 0 | 120 | 110 |
| FINDINGS_LEDGER.md | 920 | step_2 | `.d7.years.2016.lo` | 0 | 120 | 111 |
| FINDINGS_LEDGER.md | 920 | step_2 | `.d7.years.2017.mean` | 0 | 120 | 123 |
| FINDINGS_LEDGER.md | 920 | step_2 | `.d7.years.2018.hi` | 0 | 120 | 112 |
| FINDINGS_LEDGER.md | 920 | step_2 | `.d7.years.2018.mde` | 0 | 120 | 127 |
| FINDINGS_LEDGER.md | 920 | step_2 | `.d7.years.2019.mean` | 0 | 120 | 114 |
| FINDINGS_LEDGER.md | 920 | step_2 | `.d7.years.2020.lo` | 0 | 120 | 130 |
| FINDINGS_LEDGER.md | 920 | step_2 | `.d7.years.2021.mde` | 0 | 120 | 115 |
| FINDINGS_LEDGER.md | 920 | step_4 | `.d1.rows[8].hi` | 0 | 120 | 119 |
| FINDINGS_LEDGER.md | 920 | step_4 | `.d1.rows[8].mde` | 0 | 120 | 111 |
| FINDINGS_LEDGER.md | 920 | step_4 | `.d1.rows[9].mde` | 0 | 120 | 112 |
| FINDINGS_LEDGER.md | 920 | step_4 | `.d1.segments.first.mean` | 0 | 120 | 129 |
| FINDINGS_LEDGER.md | 920 | step_4 | `.d3.groups.出の理由【結果で決まる群】.break.hi` | 0 | 120 | 117 |
| FINDINGS_LEDGER.md | 920 | step_4 | `.d3.groups.出の理由【結果で決まる群】.break.lo` | 0 | 120 | 129 |
| FINDINGS_LEDGER.md | 920 | step_4 | `.d3.groups.出の理由【結果で決まる群】.break.per_trade` | 0 | 120 | 123 |
| FINDINGS_LEDGER.md | 920 | step_4 | `.d3.trade_quantiles.0.99` | 0 | 120 | 115 |
| FINDINGS_LEDGER.md | 920 | step_4 | `.d7.all.lo` | 0 | 120 | 130 |
| FINDINGS_LEDGER.md | 920 | step_4 | `.d7.years.2022.mde` | 0 | 120 | 113 |
| FINDINGS_LEDGER.md | 920 | vola_gate_p10 | `.d1.rows[0].hi` | 0 | 120 | 119 |
| FINDINGS_LEDGER.md | 920 | vola_gate_p10 | `.d1.rows[0].mde` | 0 | 120 | 119 |
| FINDINGS_LEDGER.md | 920 | vola_gate_p10 | `.d1.rows[8].hi` | 0 | 120 | 126 |
| FINDINGS_LEDGER.md | 920 | vola_gate_p25 | `.d1.rows[0].mde` | 0 | 120 | 114 |
| FINDINGS_LEDGER.md | 920 | vola_gate_p25 | `.d1.segments.second.mde` | 0 | 120 | 122 |
| FINDINGS_LEDGER.md | 920 | vola_gate_p50 | `.d1.rows[1].mean` | 0 | 120 | 125 |
| FINDINGS_LEDGER.md | 920 | vola_gate_p50 | `.d1.rows[2].hi` | 0 | 120 | 121 |
| FINDINGS_LEDGER.md | 920 | vola_gate_p50 | `.d1.rows[6].mean` | 0 | 120 | 117 |
| FINDINGS_LEDGER.md | 920 | vola_gate_p50 | `.d1.rows[8].mean` | 0 | 120 | 115 |
| FINDINGS_LEDGER.md | 920 | vola_gate_p50 | `.d1.segments.second.mde` | 0 | 120 | 113 |
| FINDINGS_LEDGER.md | 920 | vola_gate_p50 | `.d7.years.2020.mean` | 0 | 120 | 111 |
| FINDINGS_LEDGER.md | 926 | count_20 | `.d7.years.2023.mean` | 2 | 20.8 | 20.7 |
| FINDINGS_LEDGER.md | 926 | levels_7 | `.d7.years.2016.hi` | 2 | 17.2 | 17.1 |
| FINDINGS_LEDGER.md | 926 | levels_7 | `.d7.years.2018.hi` | 2 | 17.2 | 17.1 |
| FINDINGS_LEDGER.md | 926 | range_hi_p75 | `.d7.years.2016.mean` | 2 | 20.8 | 20.9 |
| FINDINGS_LEDGER.md | 926 | range_lo_p50 | `.d3.groups.保有時間の帯【結果で決まる群】.1 分超〜4 分.hi` | 2 | 17.2 | 17.1 |
| FINDINGS_LEDGER.md | 949 | alert_x1 | `.d1.rows[3].lo` | 0 | 200 | 207 |
| FINDINGS_LEDGER.md | 949 | alert_x1 | `.d1.segments.first.mde` | 0 | 200 | 195 |
| FINDINGS_LEDGER.md | 949 | alert_x2 | `.d1.rows[3].lo` | 0 | 200 | 207 |
| FINDINGS_LEDGER.md | 949 | alert_x2 | `.d1.segments.first.mde` | 0 | 200 | 195 |
| FINDINGS_LEDGER.md | 949 | alert_x2 | `.d3.trade_quantiles.0.05` | 0 | 200 | 210 |
| FINDINGS_LEDGER.md | 949 | alert_x2 | `.d7.years.2015.hi` | 0 | 200 | 205 |
| FINDINGS_LEDGER.md | 949 | base | `.d1.rows[6].mean` | 2 | 6.0 | 5.9 |
| FINDINGS_LEDGER.md | 949 | base | `.d1.rows[8].mde` | 0 | 200 | 203 |
| FINDINGS_LEDGER.md | 949 | base | `.d1.segments.first.mde` | 0 | 200 | 195 |
| FINDINGS_LEDGER.md | 949 | base | `.d3.trade_quantiles.0.05` | 0 | 200 | 208 |
| FINDINGS_LEDGER.md | 949 | beard_off | `.d1.rows[2].mean` | 0 | 200 | 191 |
| FINDINGS_LEDGER.md | 949 | beard_off | `.d1.rows[6].lo` | 0 | 200 | 194 |
| FINDINGS_LEDGER.md | 949 | beard_off | `.d7.years.2021.mde` | 0 | 200 | 210 |
| FINDINGS_LEDGER.md | 949 | beard_off | `.d7.years.2022.lo` | 0 | 200 | 197 |
| FINDINGS_LEDGER.md | 949 | break_delay_2 | `.d1.rows[8].mde` | 0 | 200 | 199 |
| FINDINGS_LEDGER.md | 949 | break_delay_2 | `.d1.segments.first.lo` | 0 | 200 | 195 |
| FINDINGS_LEDGER.md | 949 | break_delay_2 | `.d1.segments.first.mde` | 0 | 200 | 191 |
| FINDINGS_LEDGER.md | 949 | break_delay_2 | `.d3.trade_quantiles.0.05` | 0 | 200 | 208 |
| FINDINGS_LEDGER.md | 949 | break_delay_2 | `.d7.years.2017.lo` | 0 | 200 | 198 |
| FINDINGS_LEDGER.md | 949 | break_delay_2 | `.d7.years.2018.lo` | 0 | 200 | 205 |
| FINDINGS_LEDGER.md | 949 | break_delay_3 | `.d1.rows[6].mde` | 0 | 200 | 205 |
| FINDINGS_LEDGER.md | 949 | break_delay_3 | `.d1.rows[8].mde` | 0 | 200 | 202 |
| FINDINGS_LEDGER.md | 949 | break_delay_3 | `.d1.segments.first.lo` | 0 | 200 | 192 |
| FINDINGS_LEDGER.md | 949 | break_delay_3 | `.d1.segments.second.mean` | 0 | 200 | 205 |
| FINDINGS_LEDGER.md | 949 | break_delay_3 | `.d3.trade_quantiles.0.05` | 0 | 200 | 207 |
| FINDINGS_LEDGER.md | 949 | break_delay_4 | `.d1.rows[6].mde` | 0 | 200 | 197 |
| FINDINGS_LEDGER.md | 949 | break_delay_4 | `.d1.rows[7].mean` | 0 | 200 | 207 |
| FINDINGS_LEDGER.md | 949 | break_delay_4 | `.d1.rows[8].mde` | 0 | 200 | 208 |
| FINDINGS_LEDGER.md | 949 | break_delay_4 | `.d1.segments.second.mean` | 0 | 200 | 197 |
| FINDINGS_LEDGER.md | 949 | break_delay_4 | `.d3.trade_quantiles.0.05` | 0 | 200 | 207 |
| FINDINGS_LEDGER.md | 949 | break_delay_8 | `.d1.rows[2].lo` | 0 | 200 | 195 |
| FINDINGS_LEDGER.md | 949 | break_delay_8 | `.d3.groups.出の理由【結果で決まる群】.break.hi` | 0 | 200 | 206 |
| FINDINGS_LEDGER.md | 949 | break_delay_8 | `.d3.trade_quantiles.0.05` | 0 | 200 | 204 |
| FINDINGS_LEDGER.md | 949 | break_delay_8 | `.d7.years.2018.mde` | 0 | 200 | 210 |
| FINDINGS_LEDGER.md | 949 | break_dist_0.25 | `.d1.rows[7].mean` | 0 | 200 | 205 |
| FINDINGS_LEDGER.md | 949 | break_dist_0.25 | `.d1.rows[9].mde` | 0 | 200 | 194 |
| FINDINGS_LEDGER.md | 949 | break_dist_0.25 | `.d7.years.2015.mean` | 0 | 200 | 196 |
| FINDINGS_LEDGER.md | 949 | break_dist_0.25 | `.d7.years.2020.mde` | 0 | 200 | 194 |
| FINDINGS_LEDGER.md | 949 | break_dist_1 | `.d1.rows[0].hi` | 0 | 200 | 193 |
| FINDINGS_LEDGER.md | 949 | break_dist_1 | `.d1.rows[5].lo` | 0 | 200 | 208 |
| FINDINGS_LEDGER.md | 949 | break_dist_1 | `.d3.trade_quantiles.0.05` | 0 | 200 | 207 |
| FINDINGS_LEDGER.md | 949 | break_len_mult_4 | `.d1.rows[2].lo` | 0 | 200 | 192 |
| FINDINGS_LEDGER.md | 949 | break_len_mult_4 | `.d1.segments.second.mean` | 0 | 200 | 205 |
| FINDINGS_LEDGER.md | 949 | break_len_mult_4 | `.d3.trade_quantiles.0.05` | 0 | 200 | 195 |
| FINDINGS_LEDGER.md | 949 | break_len_mult_4 | `.d7.years.2018.mde` | 0 | 200 | 203 |
| FINDINGS_LEDGER.md | 949 | break_len_mult_4 | `.d7.years.2021.hi` | 0 | 200 | 199 |
| FINDINGS_LEDGER.md | 949 | count_20 | `.d1.rows[0].lo` | 0 | 200 | 203 |
| FINDINGS_LEDGER.md | 949 | count_20 | `.d1.rows[4].mde` | 0 | 200 | 205 |
| FINDINGS_LEDGER.md | 949 | count_20 | `.d7.years.2019.mde` | 0 | 200 | 205 |
| FINDINGS_LEDGER.md | 949 | count_20 | `.d7.years.2020.hi` | 0 | 200 | 195 |
| FINDINGS_LEDGER.md | 949 | count_80 | `.d7.years.2018.hi` | 0 | 200 | 206 |
| FINDINGS_LEDGER.md | 949 | entry_exit_2_1 | `.d1.rows[0].mde` | 0 | 200 | 201 |
| FINDINGS_LEDGER.md | 949 | entry_exit_3_2 | `.d1.rows[6].mean` | 0 | 200 | 208 |
| FINDINGS_LEDGER.md | 949 | entry_exit_3_2 | `.d7.years.2021.mde` | 0 | 200 | 207 |
| FINDINGS_LEDGER.md | 949 | foot_5 | `.d1.rows[5].mde` | 0 | 200 | 210 |
| FINDINGS_LEDGER.md | 949 | foot_5 | `.d1.rows[8].lo` | 0 | 200 | 207 |
| FINDINGS_LEDGER.md | 949 | foot_5 | `.d1.rows[8].mde` | 0 | 200 | 204 |
| FINDINGS_LEDGER.md | 949 | foot_5 | `.d7.years.2017.mean` | 0 | 200 | 192 |
| FINDINGS_LEDGER.md | 949 | levels_1 | `.d7.years.2020.mde` | 0 | 200 | 205 |
| FINDINGS_LEDGER.md | 949 | levels_3 | `.d7.years.2017.mde` | 0 | 200 | 190 |
| FINDINGS_LEDGER.md | 949 | levels_3 | `.d7.years.2018.lo` | 0 | 200 | 194 |
| FINDINGS_LEDGER.md | 949 | levels_3 | `.d7.years.2021.hi` | 0 | 200 | 192 |
| FINDINGS_LEDGER.md | 949 | levels_3 | `.d7.years.2022.mean` | 0 | 200 | 194 |
| FINDINGS_LEDGER.md | 949 | levels_3 | `.d7.years.2023.mean` | 0 | 200 | 207 |
| FINDINGS_LEDGER.md | 949 | levels_7 | `.d3.groups.出の理由【結果で決まる群】.break.hi` | 0 | 200 | 197 |
| FINDINGS_LEDGER.md | 949 | levels_7 | `.d3.groups.出の理由【結果で決まる群】.break.per_trade` | 0 | 200 | 207 |
| FINDINGS_LEDGER.md | 949 | range_hi_none | `.d1.rows[8].mde` | 0 | 200 | 203 |
| FINDINGS_LEDGER.md | 949 | range_hi_none | `.d1.segments.first.mde` | 0 | 200 | 197 |
| FINDINGS_LEDGER.md | 949 | range_hi_none | `.d3.trade_quantiles.0.05` | 0 | 200 | 208 |
| FINDINGS_LEDGER.md | 949 | range_hi_p75 | `.d1.rows[9].mde` | 0 | 200 | 197 |
| FINDINGS_LEDGER.md | 949 | range_hi_p75 | `.d1.segments.second.hi` | 0 | 200 | 193 |
| FINDINGS_LEDGER.md | 949 | range_hi_p75 | `.d3.groups.出の理由【結果で決まる群】.break.lo` | 0 | 200 | 191 |
| FINDINGS_LEDGER.md | 949 | range_hi_p75 | `.d7.years.2019.lo` | 0 | 200 | 191 |
| FINDINGS_LEDGER.md | 949 | range_hi_p75 | `.d7.years.2019.mde` | 0 | 200 | 196 |
| FINDINGS_LEDGER.md | 949 | range_hi_p75 | `.d7.years.2020.lo` | 0 | 200 | 198 |
| FINDINGS_LEDGER.md | 949 | range_hi_p75 | `.d7.years.2021.lo` | 2 | 94.0 | 93.9 |
| FINDINGS_LEDGER.md | 949 | range_hi_p90 | `.d1.rows[6].mde` | 0 | 200 | 209 |
| FINDINGS_LEDGER.md | 949 | range_hi_p90 | `.d1.segments.second.hi` | 0 | 200 | 194 |
| FINDINGS_LEDGER.md | 949 | range_hi_p90 | `.d3.trade_quantiles.0.05` | 0 | 200 | 198 |
| FINDINGS_LEDGER.md | 949 | range_hi_p90 | `.d3.trade_quantiles.0.99` | 0 | 200 | 207 |
| FINDINGS_LEDGER.md | 949 | range_hi_p90 | `.d7.all.lo` | 2 | 96.2 | 96.1 |
| FINDINGS_LEDGER.md | 949 | range_lo_none | `.d1.rows[6].mean` | 2 | 6.0 | 5.9 |
| FINDINGS_LEDGER.md | 949 | range_lo_none | `.d1.rows[8].mde` | 0 | 200 | 203 |
| FINDINGS_LEDGER.md | 949 | range_lo_none | `.d1.segments.first.mde` | 0 | 200 | 195 |
| FINDINGS_LEDGER.md | 949 | range_lo_none | `.d3.trade_quantiles.0.05` | 0 | 200 | 208 |
| FINDINGS_LEDGER.md | 949 | range_lo_p10 | `.d1.rows[8].mde` | 0 | 200 | 204 |
| FINDINGS_LEDGER.md | 949 | range_lo_p10 | `.d1.segments.first.lo` | 0 | 200 | 208 |
| FINDINGS_LEDGER.md | 949 | range_lo_p10 | `.d1.segments.first.mde` | 0 | 200 | 194 |
| FINDINGS_LEDGER.md | 949 | range_lo_p25 | `.d1.rows[8].mde` | 0 | 200 | 201 |
| FINDINGS_LEDGER.md | 949 | range_lo_p25 | `.d1.rows[9].mde` | 0 | 200 | 209 |
| FINDINGS_LEDGER.md | 949 | range_lo_p25 | `.d7.years.2023.mean` | 0 | 200 | 205 |
| FINDINGS_LEDGER.md | 949 | range_lo_p50 | `.d1.rows[5].mean` | 0 | 200 | 197 |
| FINDINGS_LEDGER.md | 949 | range_lo_p50 | `.d1.rows[6].mde` | 0 | 200 | 193 |
| FINDINGS_LEDGER.md | 949 | range_lo_p50 | `.d3.trade_quantiles.0.95` | 0 | 200 | 201 |
| FINDINGS_LEDGER.md | 949 | range_lo_p50 | `.d7.years.2021.hi` | 0 | 200 | 204 |
| FINDINGS_LEDGER.md | 949 | step_2 | `.d1.rows[4].mde` | 0 | 200 | 210 |
| FINDINGS_LEDGER.md | 949 | step_2 | `.d3.groups.出の理由【結果で決まる群】.break.lo` | 0 | 200 | 193 |
| FINDINGS_LEDGER.md | 949 | step_2 | `.d3.trade_quantiles.0.99` | 0 | 200 | 193 |
| FINDINGS_LEDGER.md | 949 | step_2 | `.d7.years.2018.mean` | 0 | 200 | 199 |
| FINDINGS_LEDGER.md | 949 | step_2 | `.d7.years.2023.hi` | 0 | 200 | 196 |
| FINDINGS_LEDGER.md | 949 | step_4 | `.d1.rows[2].mean` | 2 | 96.2 | 96.1 |
| FINDINGS_LEDGER.md | 949 | step_4 | `.d1.rows[7].mde` | 0 | 200 | 191 |
| FINDINGS_LEDGER.md | 949 | step_4 | `.d1.rows[8].mean` | 0 | 200 | 197 |
| FINDINGS_LEDGER.md | 949 | step_4 | `.d1.segments.first.hi` | 0 | 200 | 199 |
| FINDINGS_LEDGER.md | 949 | step_4 | `.d1.segments.second.mean` | 0 | 200 | 206 |
| FINDINGS_LEDGER.md | 949 | step_4 | `.d3.groups.出の理由【結果で決まる群】.market.lo` | 0 | 200 | 202 |
| FINDINGS_LEDGER.md | 949 | step_4 | `.d7.years.2016.mde` | 0 | 200 | 195 |
| FINDINGS_LEDGER.md | 949 | vola_gate_p10 | `.d1.rows[8].mde` | 0 | 200 | 204 |
| FINDINGS_LEDGER.md | 949 | vola_gate_p10 | `.d7.years.2016.lo` | 0 | 200 | 204 |
| FINDINGS_LEDGER.md | 949 | vola_gate_p25 | `.d1.rows[8].mde` | 0 | 200 | 202 |
| FINDINGS_LEDGER.md | 949 | vola_gate_p25 | `.d1.segments.first.lo` | 0 | 200 | 207 |
| FINDINGS_LEDGER.md | 949 | vola_gate_p25 | `.d7.years.2023.lo` | 0 | 200 | 199 |
| FINDINGS_LEDGER.md | 949 | vola_gate_p50 | `.d1.rows[2].mde` | 0 | 200 | 191 |
| FINDINGS_LEDGER.md | 949 | vola_gate_p50 | `.d1.rows[5].mean` | 0 | 200 | 206 |
| FINDINGS_LEDGER.md | 949 | vola_gate_p50 | `.d1.rows[6].mde` | 0 | 200 | 203 |
| FINDINGS_LEDGER.md | 949 | vola_gate_p50 | `.d3.trade_quantiles.0.95` | 0 | 200 | 191 |
| FINDINGS_LEDGER.md | 966 | alert_x1 | `.d1.rows[3].lo` | 0 | 200 | 207 |
| FINDINGS_LEDGER.md | 966 | alert_x1 | `.d1.segments.first.mde` | 0 | 200 | 195 |
| FINDINGS_LEDGER.md | 966 | alert_x2 | `.d1.rows[3].lo` | 0 | 200 | 207 |
| FINDINGS_LEDGER.md | 966 | alert_x2 | `.d1.segments.first.mde` | 0 | 200 | 195 |
| FINDINGS_LEDGER.md | 966 | alert_x2 | `.d7.years.2015.hi` | 0 | 200 | 205 |
| FINDINGS_LEDGER.md | 966 | alert_x2 | `.d7.years.2023.mde` | 2 | 23.2 | 23.1 |
| FINDINGS_LEDGER.md | 966 | base | `.d1.rows[8].mde` | 0 | 200 | 203 |
| FINDINGS_LEDGER.md | 966 | base | `.d1.segments.first.mde` | 0 | 200 | 195 |
| FINDINGS_LEDGER.md | 966 | base | `.d3.trade_quantiles.0.05` | 0 | 200 | 208 |
| FINDINGS_LEDGER.md | 966 | beard_off | `.d1.rows[2].mean` | 0 | 200 | 191 |
| FINDINGS_LEDGER.md | 966 | beard_off | `.d1.rows[6].lo` | 0 | 200 | 194 |
| FINDINGS_LEDGER.md | 966 | beard_off | `.d6.groups.3 分超〜9 分.hi` | 2 | 1.2 | 1.1 |
| FINDINGS_LEDGER.md | 966 | beard_off | `.d7.years.2022.lo` | 0 | 200 | 197 |
| FINDINGS_LEDGER.md | 966 | break_delay_2 | `.d1.rows[6].mean` | 2 | 1.2 | 1.1 |
| FINDINGS_LEDGER.md | 966 | break_delay_2 | `.d1.rows[8].mde` | 0 | 200 | 199 |
| FINDINGS_LEDGER.md | 966 | break_delay_2 | `.d1.segments.first.lo` | 0 | 200 | 195 |
| FINDINGS_LEDGER.md | 966 | break_delay_2 | `.d1.segments.first.mde` | 0 | 200 | 191 |
| FINDINGS_LEDGER.md | 966 | break_delay_2 | `.d3.trade_quantiles.0.05` | 0 | 200 | 208 |
| FINDINGS_LEDGER.md | 966 | break_delay_2 | `.d6.groups.〜1 分.lo` | 2 | 1.2 | 1.1 |
| FINDINGS_LEDGER.md | 966 | break_delay_2 | `.d7.years.2017.lo` | 0 | 200 | 198 |
| FINDINGS_LEDGER.md | 966 | break_delay_2 | `.d7.years.2018.lo` | 0 | 200 | 205 |
| FINDINGS_LEDGER.md | 966 | break_delay_3 | `.d1.rows[6].mde` | 0 | 200 | 205 |
| FINDINGS_LEDGER.md | 966 | break_delay_3 | `.d1.rows[8].mde` | 0 | 200 | 202 |
| FINDINGS_LEDGER.md | 966 | break_delay_3 | `.d1.segments.first.lo` | 0 | 200 | 192 |
| FINDINGS_LEDGER.md | 966 | break_delay_3 | `.d1.segments.second.mean` | 0 | 200 | 205 |
| FINDINGS_LEDGER.md | 966 | break_delay_3 | `.d3.trade_quantiles.0.05` | 0 | 200 | 207 |
| FINDINGS_LEDGER.md | 966 | break_delay_3 | `.d6.groups.3 分超〜11 分.hi` | 2 | 1.2 | 1.1 |
| FINDINGS_LEDGER.md | 966 | break_delay_4 | `.d1.rows[6].mde` | 0 | 200 | 197 |
| FINDINGS_LEDGER.md | 966 | break_delay_4 | `.d1.rows[7].mean` | 0 | 200 | 207 |
| FINDINGS_LEDGER.md | 966 | break_delay_4 | `.d1.rows[8].mde` | 0 | 200 | 208 |
| FINDINGS_LEDGER.md | 966 | break_delay_4 | `.d1.segments.second.mean` | 0 | 200 | 197 |
| FINDINGS_LEDGER.md | 966 | break_delay_4 | `.d3.trade_quantiles.0.05` | 0 | 200 | 207 |
| FINDINGS_LEDGER.md | 966 | break_delay_4 | `.d6.groups.3 分超〜11 分.hi` | 2 | 1.2 | 1.1 |
| FINDINGS_LEDGER.md | 966 | break_delay_8 | `.d1.rows[2].lo` | 0 | 200 | 195 |
| FINDINGS_LEDGER.md | 966 | break_delay_8 | `.d3.groups.出の理由【結果で決まる群】.break.hi` | 0 | 200 | 206 |
| FINDINGS_LEDGER.md | 966 | break_dist_0.25 | `.d1.rows[7].mean` | 0 | 200 | 205 |
| FINDINGS_LEDGER.md | 966 | break_dist_0.25 | `.d1.rows[9].mde` | 0 | 200 | 194 |
| FINDINGS_LEDGER.md | 966 | break_dist_0.25 | `.d3.groups.保有時間の帯【結果で決まる群】.3 分超.hi` | 2 | 23.2 | 23.1 |
| FINDINGS_LEDGER.md | 966 | break_dist_0.25 | `.d7.years.2015.mean` | 0 | 200 | 196 |
| FINDINGS_LEDGER.md | 966 | break_dist_0.25 | `.d7.years.2020.mde` | 0 | 200 | 194 |
| FINDINGS_LEDGER.md | 966 | break_dist_1 | `.d1.rows[0].hi` | 0 | 200 | 193 |
| FINDINGS_LEDGER.md | 966 | break_dist_1 | `.d1.rows[5].lo` | 0 | 200 | 208 |
| FINDINGS_LEDGER.md | 966 | break_dist_1 | `.d3.trade_quantiles.0.05` | 0 | 200 | 207 |
| FINDINGS_LEDGER.md | 966 | break_len_mult_4 | `.d1.rows[2].lo` | 0 | 200 | 192 |
| FINDINGS_LEDGER.md | 966 | break_len_mult_4 | `.d1.segments.second.mean` | 0 | 200 | 205 |
| FINDINGS_LEDGER.md | 966 | break_len_mult_4 | `.d3.trade_quantiles.0.05` | 0 | 200 | 195 |
| FINDINGS_LEDGER.md | 966 | break_len_mult_4 | `.d7.years.2018.mde` | 0 | 200 | 203 |
| FINDINGS_LEDGER.md | 966 | break_len_mult_4 | `.d7.years.2021.hi` | 0 | 200 | 199 |
| FINDINGS_LEDGER.md | 966 | break_off | `.d6.groups.7 分超.per_trade` | 2 | 1.2 | 1.1 |
| FINDINGS_LEDGER.md | 966 | break_off | `.d7.years.2016.hi` | 2 | 39.4 | 39.3 |
| FINDINGS_LEDGER.md | 966 | count_20 | `.d1.rows[0].lo` | 0 | 200 | 203 |
| FINDINGS_LEDGER.md | 966 | count_20 | `.d1.rows[3].mde` | 2 | 298.8 | 298.9 |
| FINDINGS_LEDGER.md | 966 | count_20 | `.d1.rows[4].mde` | 0 | 200 | 205 |
| FINDINGS_LEDGER.md | 966 | count_20 | `.d7.years.2019.mde` | 0 | 200 | 205 |
| FINDINGS_LEDGER.md | 966 | count_20 | `.d7.years.2020.hi` | 0 | 200 | 195 |
| FINDINGS_LEDGER.md | 966 | count_80 | `.d6.groups.〜1 分.lo` | 2 | 1.2 | 1.1 |
| FINDINGS_LEDGER.md | 966 | count_80 | `.d7.years.2018.hi` | 0 | 200 | 206 |
| FINDINGS_LEDGER.md | 966 | entry_exit_2_1 | `.d1.rows[0].hi` | 2 | 1.2 | 1.1 |
| FINDINGS_LEDGER.md | 966 | entry_exit_2_1 | `.d1.rows[0].mde` | 0 | 200 | 201 |
| FINDINGS_LEDGER.md | 966 | entry_exit_3_2 | `.d1.rows[6].mean` | 0 | 200 | 208 |
| FINDINGS_LEDGER.md | 966 | entry_exit_3_2 | `.d7.years.2021.mde` | 0 | 200 | 207 |
| FINDINGS_LEDGER.md | 966 | foot_5 | `.d1.rows[8].lo` | 0 | 200 | 207 |
| FINDINGS_LEDGER.md | 966 | foot_5 | `.d7.years.2017.mean` | 0 | 200 | 192 |
| FINDINGS_LEDGER.md | 966 | levels_1 | `.d7.years.2020.mde` | 0 | 200 | 205 |
| FINDINGS_LEDGER.md | 966 | levels_3 | `.d3.trade_quantiles.0.5` | 2 | 23.2 | 23.1 |
| FINDINGS_LEDGER.md | 966 | levels_3 | `.d7.years.2017.mde` | 0 | 200 | 190 |
| FINDINGS_LEDGER.md | 966 | levels_3 | `.d7.years.2018.lo` | 0 | 200 | 194 |
| FINDINGS_LEDGER.md | 966 | levels_3 | `.d7.years.2021.hi` | 0 | 200 | 192 |
| FINDINGS_LEDGER.md | 966 | levels_3 | `.d7.years.2022.mean` | 0 | 200 | 194 |
| FINDINGS_LEDGER.md | 966 | levels_3 | `.d7.years.2023.mean` | 0 | 200 | 207 |
| FINDINGS_LEDGER.md | 966 | levels_7 | `.d3.groups.出の理由【結果で決まる群】.break.hi` | 0 | 200 | 197 |
| FINDINGS_LEDGER.md | 966 | levels_7 | `.d3.groups.出の理由【結果で決まる群】.break.per_trade` | 0 | 200 | 207 |
| FINDINGS_LEDGER.md | 966 | range_hi_none | `.d1.rows[8].mde` | 0 | 200 | 203 |
| FINDINGS_LEDGER.md | 966 | range_hi_none | `.d1.segments.first.mde` | 0 | 200 | 197 |
| FINDINGS_LEDGER.md | 966 | range_hi_none | `.d3.trade_quantiles.0.05` | 0 | 200 | 208 |
| FINDINGS_LEDGER.md | 966 | range_hi_none | `.d7.all.mde` | 2 | 30.2 | 30.1 |
| FINDINGS_LEDGER.md | 966 | range_hi_none | `.d7.years.2023.mde` | 2 | 1.2 | 1.1 |
| FINDINGS_LEDGER.md | 966 | range_hi_p75 | `.d1.rows[9].mde` | 0 | 200 | 197 |
| FINDINGS_LEDGER.md | 966 | range_hi_p75 | `.d1.segments.second.hi` | 0 | 200 | 193 |
| FINDINGS_LEDGER.md | 966 | range_hi_p75 | `.d3.groups.出の理由【結果で決まる群】.break.lo` | 0 | 200 | 191 |
| FINDINGS_LEDGER.md | 966 | range_hi_p75 | `.d6.groups.3 分超〜11 分.hi` | 2 | 1.2 | 1.1 |
| FINDINGS_LEDGER.md | 966 | range_hi_p75 | `.d7.years.2019.lo` | 0 | 200 | 191 |
| FINDINGS_LEDGER.md | 966 | range_hi_p75 | `.d7.years.2019.mde` | 0 | 200 | 196 |
| FINDINGS_LEDGER.md | 966 | range_hi_p75 | `.d7.years.2020.lo` | 0 | 200 | 198 |
| FINDINGS_LEDGER.md | 966 | range_hi_p90 | `.d1.segments.second.hi` | 0 | 200 | 194 |
| FINDINGS_LEDGER.md | 966 | range_hi_p90 | `.d3.trade_quantiles.0.05` | 0 | 200 | 198 |
| FINDINGS_LEDGER.md | 966 | range_hi_p90 | `.d3.trade_quantiles.0.99` | 0 | 200 | 207 |
| FINDINGS_LEDGER.md | 966 | range_lo_none | `.d1.rows[8].mde` | 0 | 200 | 203 |
| FINDINGS_LEDGER.md | 966 | range_lo_none | `.d1.segments.first.mde` | 0 | 200 | 195 |
| FINDINGS_LEDGER.md | 966 | range_lo_none | `.d3.trade_quantiles.0.05` | 0 | 200 | 208 |
| FINDINGS_LEDGER.md | 966 | range_lo_p10 | `.d1.segments.first.lo` | 0 | 200 | 208 |
| FINDINGS_LEDGER.md | 966 | range_lo_p10 | `.d1.segments.first.mde` | 0 | 200 | 194 |
| FINDINGS_LEDGER.md | 966 | range_lo_p25 | `.d1.rows[8].mde` | 0 | 200 | 201 |
| FINDINGS_LEDGER.md | 966 | range_lo_p25 | `.d7.years.2023.mean` | 0 | 200 | 205 |
| FINDINGS_LEDGER.md | 966 | range_lo_p50 | `.d1.rows[5].mean` | 0 | 200 | 197 |
| FINDINGS_LEDGER.md | 966 | range_lo_p50 | `.d1.rows[6].mde` | 0 | 200 | 193 |
| FINDINGS_LEDGER.md | 966 | range_lo_p50 | `.d3.trade_quantiles.0.95` | 0 | 200 | 201 |
| FINDINGS_LEDGER.md | 966 | step_2 | `.d3.groups.出の理由【結果で決まる群】.break.lo` | 0 | 200 | 193 |
| FINDINGS_LEDGER.md | 966 | step_2 | `.d3.trade_quantiles.0.99` | 0 | 200 | 193 |
| FINDINGS_LEDGER.md | 966 | step_2 | `.d7.years.2018.mean` | 0 | 200 | 199 |
| FINDINGS_LEDGER.md | 966 | step_2 | `.d7.years.2023.hi` | 0 | 200 | 196 |
| FINDINGS_LEDGER.md | 966 | step_4 | `.d1.rows[7].mde` | 0 | 200 | 191 |
| FINDINGS_LEDGER.md | 966 | step_4 | `.d1.rows[8].mean` | 0 | 200 | 197 |
| FINDINGS_LEDGER.md | 966 | step_4 | `.d1.segments.first.hi` | 0 | 200 | 199 |
| FINDINGS_LEDGER.md | 966 | step_4 | `.d1.segments.second.mean` | 0 | 200 | 206 |
| FINDINGS_LEDGER.md | 966 | step_4 | `.d3.groups.出の理由【結果で決まる群】.market.lo` | 0 | 200 | 202 |
| FINDINGS_LEDGER.md | 966 | step_4 | `.d6.groups.11 分超.per_trade` | 2 | 1.2 | 1.1 |
| FINDINGS_LEDGER.md | 966 | step_4 | `.d6.groups.〜1 分.per_trade` | 2 | 1.2 | 1.1 |
| FINDINGS_LEDGER.md | 966 | step_4 | `.d7.years.2016.mde` | 0 | 200 | 195 |
| FINDINGS_LEDGER.md | 966 | vola_gate_p10 | `.d1.rows[6].mean` | 2 | 23.2 | 23.1 |
| FINDINGS_LEDGER.md | 966 | vola_gate_p25 | `.d1.rows[8].mde` | 0 | 200 | 202 |
| FINDINGS_LEDGER.md | 966 | vola_gate_p25 | `.d1.segments.first.lo` | 0 | 200 | 207 |
| FINDINGS_LEDGER.md | 966 | vola_gate_p25 | `.d3.trade_quantiles.0.75` | 2 | 48.6 | 48.5 |
| FINDINGS_LEDGER.md | 966 | vola_gate_p25 | `.d7.years.2023.lo` | 0 | 200 | 199 |
| FINDINGS_LEDGER.md | 966 | vola_gate_p50 | `.d1.rows[2].mde` | 0 | 200 | 191 |
| FINDINGS_LEDGER.md | 966 | vola_gate_p50 | `.d1.rows[5].mean` | 0 | 200 | 206 |
| FINDINGS_LEDGER.md | 966 | vola_gate_p50 | `.d1.rows[6].mde` | 0 | 200 | 203 |
| FINDINGS_LEDGER.md | 966 | vola_gate_p50 | `.d3.trade_quantiles.0.95` | 0 | 200 | 191 |
| FINDINGS_LEDGER.md | 966 | vola_gate_p50 | `.d6.groups.1 分超〜3 分.per_trade` | 2 | 1.2 | 1.1 |
| FINDINGS_LEDGER.md | 1000 | alert_x1 | `.d1.rows[2].mean` | 0 | 160 | 151 |
| FINDINGS_LEDGER.md | 1000 | alert_x1 | `.d1.rows[5].mean` | 0 | 240 | 248 |
| FINDINGS_LEDGER.md | 1000 | alert_x1 | `.d1.rows[6].hi` | 0 | 160 | 157 |
| FINDINGS_LEDGER.md | 1000 | alert_x1 | `.d1.rows[6].lo` | 0 | 160 | 164 |
| FINDINGS_LEDGER.md | 1000 | alert_x1 | `.d1.rows[7].hi` | 0 | 160 | 154 |
| FINDINGS_LEDGER.md | 1000 | alert_x1 | `.d1.rows[9].mde` | 0 | 240 | 233 |
| FINDINGS_LEDGER.md | 1000 | alert_x1 | `.d1.segments.first.lo` | 0 | 240 | 246 |
| FINDINGS_LEDGER.md | 1000 | alert_x1 | `.d3.groups.出の理由【結果で決まる群】.break.hi` | 0 | 240 | 250 |
| FINDINGS_LEDGER.md | 1000 | alert_x1 | `.d3.groups.出の理由【結果で決まる群】.market.hi` | 0 | 240 | 234 |
| FINDINGS_LEDGER.md | 1000 | alert_x1 | `.d7.years.2015.mean` | 0 | 160 | 165 |
| FINDINGS_LEDGER.md | 1000 | alert_x2 | `.d1.rows[2].lo` | 0 | 160 | 153 |
| FINDINGS_LEDGER.md | 1000 | alert_x2 | `.d1.rows[5].mean` | 0 | 240 | 248 |
| FINDINGS_LEDGER.md | 1000 | alert_x2 | `.d1.rows[6].hi` | 0 | 160 | 158 |
| FINDINGS_LEDGER.md | 1000 | alert_x2 | `.d1.rows[6].lo` | 0 | 160 | 164 |
| FINDINGS_LEDGER.md | 1000 | alert_x2 | `.d1.rows[7].hi` | 0 | 160 | 153 |
| FINDINGS_LEDGER.md | 1000 | alert_x2 | `.d1.rows[9].mde` | 0 | 240 | 233 |
| FINDINGS_LEDGER.md | 1000 | alert_x2 | `.d1.segments.first.lo` | 0 | 240 | 241 |
| FINDINGS_LEDGER.md | 1000 | base | `.d1.rows[2].lo` | 0 | 160 | 162 |
| FINDINGS_LEDGER.md | 1000 | base | `.d1.rows[5].mean` | 0 | 240 | 244 |
| FINDINGS_LEDGER.md | 1000 | base | `.d1.rows[6].hi` | 0 | 160 | 163 |
| FINDINGS_LEDGER.md | 1000 | base | `.d1.rows[6].lo` | 0 | 160 | 158 |
| FINDINGS_LEDGER.md | 1000 | base | `.d1.rows[9].mde` | 0 | 240 | 232 |
| FINDINGS_LEDGER.md | 1000 | base | `.d1.segments.first.lo` | 0 | 240 | 231 |
| FINDINGS_LEDGER.md | 1000 | base | `.d3.groups.出の理由【結果で決まる群】.break.hi` | 0 | 240 | 246 |
| FINDINGS_LEDGER.md | 1000 | beard_off | `.d1.rows[6].hi` | 0 | 240 | 244 |
| FINDINGS_LEDGER.md | 1000 | beard_off | `.d1.segments.second.mde` | 0 | 160 | 155 |
| FINDINGS_LEDGER.md | 1000 | beard_off | `.d7.years.2018.hi` | 0 | 160 | 155 |
| FINDINGS_LEDGER.md | 1000 | beard_off | `.d7.years.2018.mde` | 0 | 240 | 247 |
| FINDINGS_LEDGER.md | 1000 | beard_off | `.d7.years.2020.lo` | 0 | 160 | 155 |
| FINDINGS_LEDGER.md | 1000 | beard_off | `.d7.years.2020.mde` | 0 | 240 | 238 |
| FINDINGS_LEDGER.md | 1000 | beard_off | `.d7.years.2021.mean` | 0 | 160 | 159 |
| FINDINGS_LEDGER.md | 1000 | break_delay_2 | `.d1.rows[4].lo` | 0 | 240 | 231 |
| FINDINGS_LEDGER.md | 1000 | break_delay_2 | `.d1.rows[6].lo` | 0 | 160 | 156 |
| FINDINGS_LEDGER.md | 1000 | break_delay_2 | `.d1.segments.second.hi` | 0 | 160 | 153 |
| FINDINGS_LEDGER.md | 1000 | break_delay_2 | `.d3.groups.出の理由【結果で決まる群】.break.hi` | 0 | 240 | 231 |
| FINDINGS_LEDGER.md | 1000 | break_delay_2 | `.d3.groups.出の理由【結果で決まる群】.break.per_trade` | 0 | 240 | 243 |
| FINDINGS_LEDGER.md | 1000 | break_delay_2 | `.d7.years.2015.mde` | 0 | 240 | 244 |
| FINDINGS_LEDGER.md | 1000 | break_delay_3 | `.d1.rows[2].lo` | 0 | 160 | 153 |
| FINDINGS_LEDGER.md | 1000 | break_delay_3 | `.d1.rows[5].mean` | 0 | 240 | 244 |
| FINDINGS_LEDGER.md | 1000 | break_delay_3 | `.d1.rows[8].mean` | 0 | 240 | 238 |
| FINDINGS_LEDGER.md | 1000 | break_delay_3 | `.d3.groups.出の理由【結果で決まる群】.break.lo` | 0 | 240 | 247 |
| FINDINGS_LEDGER.md | 1000 | break_delay_3 | `.d7.years.2021.mean` | 0 | 160 | 155 |
| FINDINGS_LEDGER.md | 1000 | break_delay_4 | `.d1.rows[4].mde` | 0 | 240 | 238 |
| FINDINGS_LEDGER.md | 1000 | break_delay_4 | `.d3.groups.出の理由【結果で決まる群】.break.lo` | 0 | 240 | 242 |
| FINDINGS_LEDGER.md | 1000 | break_delay_4 | `.d7.years.2017.mean` | 0 | 160 | 157 |
| FINDINGS_LEDGER.md | 1000 | break_delay_4 | `.d7.years.2018.lo` | 0 | 240 | 239 |
| FINDINGS_LEDGER.md | 1000 | break_delay_4 | `.d7.years.2018.mde` | 0 | 160 | 169 |
| FINDINGS_LEDGER.md | 1000 | break_delay_4 | `.d7.years.2021.mde` | 0 | 160 | 157 |
| FINDINGS_LEDGER.md | 1000 | break_delay_8 | `.d1.rows[4].mde` | 0 | 240 | 243 |
| FINDINGS_LEDGER.md | 1000 | break_delay_8 | `.d1.rows[5].mean` | 0 | 240 | 231 |
| FINDINGS_LEDGER.md | 1000 | break_delay_8 | `.d1.rows[7].mean` | 0 | 240 | 237 |
| FINDINGS_LEDGER.md | 1000 | break_delay_8 | `.d1.segments.first.mean` | 0 | 240 | 236 |
| FINDINGS_LEDGER.md | 1000 | break_delay_8 | `.d1.segments.second.hi` | 0 | 160 | 158 |
| FINDINGS_LEDGER.md | 1000 | break_delay_8 | `.d1.segments.second.mean` | 0 | 240 | 233 |
| FINDINGS_LEDGER.md | 1000 | break_delay_8 | `.d7.years.2018.mean` | 0 | 240 | 248 |
| FINDINGS_LEDGER.md | 1000 | break_delay_8 | `.d7.years.2022.mde` | 0 | 160 | 157 |
| FINDINGS_LEDGER.md | 1000 | break_dist_0.25 | `.d1.rows[0].hi` | 0 | 160 | 155 |
| FINDINGS_LEDGER.md | 1000 | break_dist_0.25 | `.d1.segments.first.lo` | 0 | 240 | 248 |
| FINDINGS_LEDGER.md | 1000 | break_dist_0.25 | `.d1.segments.first.mde` | 0 | 160 | 152 |
| FINDINGS_LEDGER.md | 1000 | break_dist_0.25 | `.d1.segments.second.lo` | 0 | 240 | 236 |
| FINDINGS_LEDGER.md | 1000 | break_dist_0.25 | `.d1.segments.second.mean` | 0 | 160 | 162 |
| FINDINGS_LEDGER.md | 1000 | break_dist_0.25 | `.d3.groups.出の理由【結果で決まる群】.break.hi` | 0 | 160 | 150 |
| FINDINGS_LEDGER.md | 1000 | break_dist_0.25 | `.d3.groups.出の理由【結果で決まる群】.break.per_trade` | 0 | 160 | 158 |
| FINDINGS_LEDGER.md | 1000 | break_dist_0.25 | `.d3.groups.出の理由【結果で決まる群】.market.per_trade` | 0 | 240 | 247 |
| FINDINGS_LEDGER.md | 1000 | break_dist_0.25 | `.d7.years.2017.hi` | 0 | 240 | 247 |
| FINDINGS_LEDGER.md | 1000 | break_dist_0.25 | `.d7.years.2017.lo` | 0 | 160 | 151 |
| FINDINGS_LEDGER.md | 1000 | break_dist_0.25 | `.d7.years.2019.hi` | 0 | 160 | 159 |
| FINDINGS_LEDGER.md | 1000 | break_dist_0.25 | `.d7.years.2019.mde` | 0 | 160 | 154 |
| FINDINGS_LEDGER.md | 1000 | break_dist_1 | `.d1.rows[0].mde` | 0 | 160 | 155 |
| FINDINGS_LEDGER.md | 1000 | break_dist_1 | `.d1.segments.first.mde` | 0 | 240 | 237 |
| FINDINGS_LEDGER.md | 1000 | break_dist_1 | `.d1.segments.second.mde` | 0 | 160 | 169 |
| FINDINGS_LEDGER.md | 1000 | break_dist_1 | `.d7.years.2015.hi` | 0 | 160 | 151 |
| FINDINGS_LEDGER.md | 1000 | break_dist_1 | `.d7.years.2022.lo` | 0 | 240 | 247 |
| FINDINGS_LEDGER.md | 1000 | break_dist_1 | `.d7.years.2022.mde` | 0 | 240 | 243 |
| FINDINGS_LEDGER.md | 1000 | break_len_mult_4 | `.d1.rows[5].lo` | 0 | 240 | 239 |
| FINDINGS_LEDGER.md | 1000 | break_len_mult_4 | `.d1.rows[8].mde` | 0 | 240 | 239 |
| FINDINGS_LEDGER.md | 1000 | break_len_mult_4 | `.d3.groups.出の理由【結果で決まる群】.close.lo` | 2 | 30.8 | 30.7 |
| FINDINGS_LEDGER.md | 1000 | break_len_mult_4 | `.d7.all.lo` | 0 | 160 | 155 |
| FINDINGS_LEDGER.md | 1000 | break_len_mult_4 | `.d7.years.2015.mde` | 0 | 1,020 | 1,025 |
| FINDINGS_LEDGER.md | 1000 | break_len_mult_4 | `.d7.years.2019.mde` | 0 | 160 | 163 |
| FINDINGS_LEDGER.md | 1000 | break_len_mult_4 | `.d7.years.2022.hi` | 0 | 160 | 155 |
| FINDINGS_LEDGER.md | 1000 | break_len_mult_4 | `.d7.years.2022.mde` | 0 | 160 | 163 |
| FINDINGS_LEDGER.md | 1000 | break_off | `.d1.rows[7].hi` | 0 | 160 | 153 |
| FINDINGS_LEDGER.md | 1000 | break_off | `.d1.rows[7].mean` | 0 | 160 | 168 |
| FINDINGS_LEDGER.md | 1000 | break_off | `.d1.rows[9].hi` | 0 | 240 | 241 |
| FINDINGS_LEDGER.md | 1000 | break_off | `.d3.trade_quantiles.0.01` | 0 | 1,020 | 1,012 |
| FINDINGS_LEDGER.md | 1000 | break_off | `.d7.years.2016.mean` | 0 | 240 | 244 |
| FINDINGS_LEDGER.md | 1000 | count_20 | `.d1.rows[1].mean` | 0 | 160 | 162 |
| FINDINGS_LEDGER.md | 1000 | count_20 | `.d1.rows[7].mean` | 0 | 240 | 250 |
| FINDINGS_LEDGER.md | 1000 | count_20 | `.d1.rows[8].mde` | 0 | 160 | 157 |
| FINDINGS_LEDGER.md | 1000 | count_20 | `.d1.rows[9].mde` | 0 | 160 | 169 |
| FINDINGS_LEDGER.md | 1000 | count_20 | `.d7.years.2022.lo` | 0 | 160 | 152 |
| FINDINGS_LEDGER.md | 1000 | count_80 | `.d1.rows[0].mde` | 0 | 160 | 157 |
| FINDINGS_LEDGER.md | 1000 | count_80 | `.d1.rows[2].lo` | 0 | 160 | 168 |
| FINDINGS_LEDGER.md | 1000 | count_80 | `.d1.rows[5].mean` | 0 | 160 | 162 |
| FINDINGS_LEDGER.md | 1000 | count_80 | `.d1.rows[9].mde` | 0 | 240 | 247 |
| FINDINGS_LEDGER.md | 1000 | count_80 | `.d7.years.2016.mde` | 0 | 240 | 248 |
| FINDINGS_LEDGER.md | 1000 | count_80 | `.d7.years.2017.lo` | 0 | 240 | 239 |
| FINDINGS_LEDGER.md | 1000 | count_80 | `.d7.years.2022.mde` | 0 | 240 | 246 |
| FINDINGS_LEDGER.md | 1000 | entry_exit_2_1 | `.d1.rows[5].mean` | 0 | 160 | 156 |
| FINDINGS_LEDGER.md | 1000 | entry_exit_2_1 | `.d7.years.2016.lo` | 0 | 240 | 239 |
| FINDINGS_LEDGER.md | 1000 | entry_exit_2_1 | `.d7.years.2020.mde` | 0 | 240 | 234 |
| FINDINGS_LEDGER.md | 1000 | entry_exit_3_2 | `.d1.rows[5].hi` | 0 | 240 | 238 |
| FINDINGS_LEDGER.md | 1000 | entry_exit_3_2 | `.d1.segments.first.mde` | 0 | 240 | 238 |
| FINDINGS_LEDGER.md | 1000 | entry_exit_3_2 | `.d1.segments.second.mde` | 0 | 160 | 164 |
| FINDINGS_LEDGER.md | 1000 | entry_exit_3_2 | `.d3.trade_quantiles.0.95` | 0 | 160 | 151 |
| FINDINGS_LEDGER.md | 1000 | entry_exit_3_2 | `.d7.years.2015.hi` | 0 | 160 | 168 |
| FINDINGS_LEDGER.md | 1000 | entry_exit_3_2 | `.d7.years.2017.mde` | 2 | 263.8 | 263.9 |
| FINDINGS_LEDGER.md | 1000 | entry_exit_3_2 | `.d7.years.2022.hi` | 0 | 160 | 154 |
| FINDINGS_LEDGER.md | 1000 | foot_5 | `.d1.rows[9].hi` | 0 | 160 | 151 |
| FINDINGS_LEDGER.md | 1000 | foot_5 | `.d1.segments.diff.mean` | 0 | 160 | 164 |
| FINDINGS_LEDGER.md | 1000 | foot_5 | `.d1.segments.first.mde` | 0 | 160 | 152 |
| FINDINGS_LEDGER.md | 1000 | foot_5 | `.d1.segments.first.mean` | 0 | 160 | 155 |
| FINDINGS_LEDGER.md | 1000 | foot_5 | `.d7.years.2021.mean` | 0 | 160 | 159 |
| FINDINGS_LEDGER.md | 1000 | levels_1 | `.d3.trade_quantiles.0.01` | 0 | 1,020 | 1,022 |
| FINDINGS_LEDGER.md | 1000 | levels_1 | `.d7.years.2016.hi` | 0 | 1,020 | 1,019 |
| FINDINGS_LEDGER.md | 1000 | levels_3 | `.d1.rows[0].mde` | 0 | 160 | 153 |
| FINDINGS_LEDGER.md | 1000 | levels_3 | `.d1.segments.diff.lo` | 0 | 1,020 | 1,023 |
| FINDINGS_LEDGER.md | 1000 | levels_3 | `.d1.segments.first.mde` | 0 | 240 | 238 |
| FINDINGS_LEDGER.md | 1000 | levels_3 | `.d1.segments.second.mde` | 0 | 160 | 159 |
| FINDINGS_LEDGER.md | 1000 | levels_3 | `.d3.trade_quantiles.0.95` | 0 | 160 | 154 |
| FINDINGS_LEDGER.md | 1000 | levels_3 | `.d7.years.2016.mean` | 0 | 160 | 167 |
| FINDINGS_LEDGER.md | 1000 | levels_3 | `.d7.years.2023.hi` | 0 | 160 | 154 |
| FINDINGS_LEDGER.md | 1000 | levels_7 | `.d1.rows[4].mde` | 0 | 240 | 250 |
| FINDINGS_LEDGER.md | 1000 | levels_7 | `.d1.rows[5].mean` | 0 | 240 | 239 |
| FINDINGS_LEDGER.md | 1000 | levels_7 | `.d1.rows[8].mde` | 0 | 160 | 169 |
| FINDINGS_LEDGER.md | 1000 | levels_7 | `.d1.segments.first.mde` | 0 | 160 | 165 |
| FINDINGS_LEDGER.md | 1000 | levels_7 | `.d3.groups.出の理由【結果で決まる群】.close.hi` | 2 | 30.8 | 30.9 |
| FINDINGS_LEDGER.md | 1000 | levels_7 | `.d3.groups.出の理由【結果で決まる群】.market.hi` | 0 | 240 | 241 |
| FINDINGS_LEDGER.md | 1000 | levels_7 | `.d3.trade_quantiles.0.05` | 0 | 160 | 152 |
| FINDINGS_LEDGER.md | 1000 | levels_7 | `.d3.trade_quantiles.0.99` | 0 | 240 | 238 |
| FINDINGS_LEDGER.md | 1000 | range_hi_none | `.d1.rows[2].lo` | 0 | 160 | 162 |
| FINDINGS_LEDGER.md | 1000 | range_hi_none | `.d1.rows[3].hi` | 0 | 1,020 | 1,014 |
| FINDINGS_LEDGER.md | 1000 | range_hi_none | `.d1.rows[5].mde` | 0 | 240 | 237 |
| FINDINGS_LEDGER.md | 1000 | range_hi_none | `.d1.rows[6].lo` | 0 | 160 | 169 |
| FINDINGS_LEDGER.md | 1000 | range_hi_none | `.d1.rows[9].mde` | 0 | 240 | 232 |
| FINDINGS_LEDGER.md | 1000 | range_hi_none | `.d3.groups.出の理由【結果で決まる群】.break.hi` | 0 | 240 | 247 |
| FINDINGS_LEDGER.md | 1000 | range_hi_p75 | `.d1.rows[2].mean` | 0 | 160 | 154 |
| FINDINGS_LEDGER.md | 1000 | range_hi_p75 | `.d3.trade_quantiles.0.99` | 0 | 160 | 158 |
| FINDINGS_LEDGER.md | 1000 | range_hi_p90 | `.d1.rows[0].mde` | 2 | 99.8 | 99.9 |
| FINDINGS_LEDGER.md | 1000 | range_hi_p90 | `.d1.rows[4].mde` | 0 | 240 | 241 |
| FINDINGS_LEDGER.md | 1000 | range_hi_p90 | `.d1.rows[5].lo` | 0 | 160 | 162 |
| FINDINGS_LEDGER.md | 1000 | range_hi_p90 | `.d1.rows[5].mde` | 0 | 160 | 169 |
| FINDINGS_LEDGER.md | 1000 | range_hi_p90 | `.d1.segments.first.mde` | 0 | 160 | 154 |
| FINDINGS_LEDGER.md | 1000 | range_hi_p90 | `.d1.segments.first.mean` | 0 | 240 | 249 |
| FINDINGS_LEDGER.md | 1000 | range_hi_p90 | `.d7.years.2018.mde` | 0 | 240 | 241 |
| FINDINGS_LEDGER.md | 1000 | range_lo_none | `.d1.rows[2].lo` | 0 | 160 | 162 |
| FINDINGS_LEDGER.md | 1000 | range_lo_none | `.d1.rows[5].mean` | 0 | 240 | 244 |
| FINDINGS_LEDGER.md | 1000 | range_lo_none | `.d1.rows[6].hi` | 0 | 160 | 163 |
| FINDINGS_LEDGER.md | 1000 | range_lo_none | `.d1.rows[6].lo` | 0 | 160 | 158 |
| FINDINGS_LEDGER.md | 1000 | range_lo_none | `.d1.rows[9].mde` | 0 | 240 | 232 |
| FINDINGS_LEDGER.md | 1000 | range_lo_none | `.d1.segments.first.lo` | 0 | 240 | 231 |
| FINDINGS_LEDGER.md | 1000 | range_lo_none | `.d3.groups.出の理由【結果で決まる群】.break.hi` | 0 | 240 | 246 |
| FINDINGS_LEDGER.md | 1000 | range_lo_p10 | `.d1.segments.second.hi` | 0 | 160 | 163 |
| FINDINGS_LEDGER.md | 1000 | range_lo_p25 | `.d3.trade_quantiles.0.95` | 0 | 160 | 155 |
| FINDINGS_LEDGER.md | 1000 | range_lo_p25 | `.d7.years.2016.hi` | 0 | 160 | 153 |
| FINDINGS_LEDGER.md | 1000 | range_lo_p25 | `.d7.years.2016.mean` | 0 | 240 | 249 |
| FINDINGS_LEDGER.md | 1000 | range_lo_p25 | `.d7.years.2023.lo` | 0 | 160 | 159 |
| FINDINGS_LEDGER.md | 1000 | range_lo_p50 | `.d1.rows[0].hi` | 0 | 160 | 163 |
| FINDINGS_LEDGER.md | 1000 | range_lo_p50 | `.d1.rows[5].mde` | 2 | 218.4 | 218.3 |
| FINDINGS_LEDGER.md | 1000 | range_lo_p50 | `.d1.rows[6].hi` | 0 | 240 | 248 |
| FINDINGS_LEDGER.md | 1000 | range_lo_p50 | `.d1.rows[7].mean` | 0 | 240 | 232 |
| FINDINGS_LEDGER.md | 1000 | range_lo_p50 | `.d1.segments.second.lo` | 0 | 160 | 153 |
| FINDINGS_LEDGER.md | 1000 | range_lo_p50 | `.d7.years.2015.mean` | 0 | 160 | 152 |
| FINDINGS_LEDGER.md | 1000 | range_lo_p50 | `.d7.years.2016.mde` | 0 | 240 | 243 |
| FINDINGS_LEDGER.md | 1000 | range_lo_p50 | `.d7.years.2021.mean` | 0 | 160 | 152 |
| FINDINGS_LEDGER.md | 1000 | range_lo_p50 | `.d7.years.2022.mean` | 0 | 160 | 163 |
| FINDINGS_LEDGER.md | 1000 | step_2 | `.d1.rows[5].hi` | 0 | 240 | 232 |
| FINDINGS_LEDGER.md | 1000 | step_2 | `.d1.rows[5].mde` | 0 | 160 | 151 |
| FINDINGS_LEDGER.md | 1000 | step_2 | `.d1.rows[6].lo` | 0 | 160 | 167 |
| FINDINGS_LEDGER.md | 1000 | step_2 | `.d1.rows[8].mde` | 0 | 160 | 157 |
| FINDINGS_LEDGER.md | 1000 | step_2 | `.d1.segments.first.mean` | 0 | 240 | 247 |
| FINDINGS_LEDGER.md | 1000 | step_2 | `.d1.segments.second.hi` | 0 | 160 | 159 |
| FINDINGS_LEDGER.md | 1000 | step_2 | `.d7.years.2015.hi` | 0 | 240 | 243 |
| FINDINGS_LEDGER.md | 1000 | step_2 | `.d7.years.2017.lo` | 0 | 240 | 242 |
| FINDINGS_LEDGER.md | 1000 | step_4 | `.d1.rows[4].mde` | 0 | 160 | 155 |
| FINDINGS_LEDGER.md | 1000 | step_4 | `.d1.rows[4].mean` | 0 | 160 | 154 |
| FINDINGS_LEDGER.md | 1000 | step_4 | `.d1.rows[9].mean` | 0 | 240 | 246 |
| FINDINGS_LEDGER.md | 1000 | step_4 | `.d1.segments.second.hi` | 0 | 160 | 165 |
| FINDINGS_LEDGER.md | 1000 | step_4 | `.d3.groups.出の理由【結果で決まる群】.market.hi` | 0 | 160 | 151 |
| FINDINGS_LEDGER.md | 1000 | step_4 | `.d7.years.2015.mean` | 0 | 240 | 242 |
| FINDINGS_LEDGER.md | 1000 | step_4 | `.d7.years.2019.mde` | 0 | 160 | 152 |
| FINDINGS_LEDGER.md | 1000 | step_4 | `.d7.years.2019.mean` | 0 | 240 | 237 |
| FINDINGS_LEDGER.md | 1000 | step_4 | `.d7.years.2020.mde` | 0 | 160 | 152 |
| FINDINGS_LEDGER.md | 1000 | step_4 | `.d7.years.2023.mean` | 0 | 240 | 233 |
| FINDINGS_LEDGER.md | 1000 | vola_gate_p10 | `.d1.segments.second.hi` | 0 | 160 | 164 |
| FINDINGS_LEDGER.md | 1000 | vola_gate_p10 | `.d3.trade_quantiles.0.05` | 0 | 240 | 234 |
| FINDINGS_LEDGER.md | 1000 | vola_gate_p25 | `.d1.rows[6].hi` | 0 | 240 | 232 |
| FINDINGS_LEDGER.md | 1000 | vola_gate_p25 | `.d1.rows[7].hi` | 0 | 160 | 152 |
| FINDINGS_LEDGER.md | 1000 | vola_gate_p25 | `.d3.trade_quantiles.0.95` | 0 | 160 | 152 |
| FINDINGS_LEDGER.md | 1000 | vola_gate_p25 | `.d7.years.2016.mean` | 0 | 160 | 154 |
| FINDINGS_LEDGER.md | 1000 | vola_gate_p50 | `.d1.rows[0].hi` | 0 | 160 | 168 |
| FINDINGS_LEDGER.md | 1000 | vola_gate_p50 | `.d1.rows[8].lo` | 0 | 240 | 246 |
| FINDINGS_LEDGER.md | 1000 | vola_gate_p50 | `.d1.rows[9].lo` | 0 | 160 | 159 |
| FINDINGS_LEDGER.md | 1000 | vola_gate_p50 | `.d7.years.2018.lo` | 0 | 160 | 165 |
| FINDINGS_LEDGER.md | 1000 | vola_gate_p50 | `.d7.years.2023.mde` | 0 | 160 | 155 |
| FINDINGS_LEDGER.md | 1005 | alert_x1 | `.d1.rows[2].mean` | 0 | 160 | 151 |
| FINDINGS_LEDGER.md | 1005 | alert_x1 | `.d1.rows[6].hi` | 0 | 160 | 157 |
| FINDINGS_LEDGER.md | 1005 | alert_x1 | `.d1.rows[6].lo` | 0 | 160 | 164 |
| FINDINGS_LEDGER.md | 1005 | alert_x1 | `.d1.rows[7].hi` | 0 | 160 | 154 |
| FINDINGS_LEDGER.md | 1005 | alert_x1 | `.d7.years.2015.mean` | 0 | 160 | 165 |
| FINDINGS_LEDGER.md | 1005 | alert_x2 | `.d1.rows[2].lo` | 0 | 160 | 153 |
| FINDINGS_LEDGER.md | 1005 | alert_x2 | `.d1.rows[6].hi` | 0 | 160 | 158 |
| FINDINGS_LEDGER.md | 1005 | alert_x2 | `.d1.rows[6].lo` | 0 | 160 | 164 |
| FINDINGS_LEDGER.md | 1005 | alert_x2 | `.d1.rows[7].hi` | 0 | 160 | 153 |
| FINDINGS_LEDGER.md | 1005 | base | `.d1.rows[2].lo` | 0 | 160 | 162 |
| FINDINGS_LEDGER.md | 1005 | base | `.d1.rows[6].hi` | 0 | 160 | 163 |
| FINDINGS_LEDGER.md | 1005 | base | `.d1.rows[6].lo` | 0 | 160 | 158 |
| FINDINGS_LEDGER.md | 1005 | base | `.d1.rows[7].hi` | 0 | 160 | 161 |
| FINDINGS_LEDGER.md | 1005 | beard_off | `.d1.segments.second.mde` | 0 | 160 | 155 |
| FINDINGS_LEDGER.md | 1005 | beard_off | `.d7.years.2018.hi` | 0 | 160 | 155 |
| FINDINGS_LEDGER.md | 1005 | beard_off | `.d7.years.2020.lo` | 0 | 160 | 155 |
| FINDINGS_LEDGER.md | 1005 | beard_off | `.d7.years.2021.mean` | 0 | 160 | 159 |
| FINDINGS_LEDGER.md | 1005 | break_delay_2 | `.d1.rows[6].lo` | 0 | 160 | 156 |
| FINDINGS_LEDGER.md | 1005 | break_delay_2 | `.d1.segments.second.hi` | 0 | 160 | 153 |
| FINDINGS_LEDGER.md | 1005 | break_delay_3 | `.d1.rows[2].lo` | 0 | 160 | 153 |
| FINDINGS_LEDGER.md | 1005 | break_delay_3 | `.d7.years.2021.mean` | 0 | 160 | 155 |
| FINDINGS_LEDGER.md | 1005 | break_delay_4 | `.d7.years.2017.mean` | 0 | 160 | 157 |
| FINDINGS_LEDGER.md | 1005 | break_delay_4 | `.d7.years.2018.mde` | 0 | 160 | 169 |
| FINDINGS_LEDGER.md | 1005 | break_delay_4 | `.d7.years.2021.mde` | 0 | 160 | 157 |
| FINDINGS_LEDGER.md | 1005 | break_delay_8 | `.d1.segments.second.hi` | 0 | 160 | 158 |
| FINDINGS_LEDGER.md | 1005 | break_delay_8 | `.d7.years.2022.mde` | 0 | 160 | 157 |
| FINDINGS_LEDGER.md | 1005 | break_dist_0.25 | `.d1.rows[0].hi` | 0 | 160 | 155 |
| FINDINGS_LEDGER.md | 1005 | break_dist_0.25 | `.d1.rows[5].lo` | 0 | 160 | 166 |
| FINDINGS_LEDGER.md | 1005 | break_dist_0.25 | `.d1.segments.first.mde` | 0 | 160 | 152 |
| FINDINGS_LEDGER.md | 1005 | break_dist_0.25 | `.d1.segments.second.mean` | 0 | 160 | 162 |
| FINDINGS_LEDGER.md | 1005 | break_dist_0.25 | `.d3.groups.出の理由【結果で決まる群】.break.hi` | 0 | 160 | 150 |
| FINDINGS_LEDGER.md | 1005 | break_dist_0.25 | `.d3.groups.出の理由【結果で決まる群】.break.lo` | 0 | 160 | 166 |
| FINDINGS_LEDGER.md | 1005 | break_dist_0.25 | `.d3.groups.出の理由【結果で決まる群】.break.per_trade` | 0 | 160 | 158 |
| FINDINGS_LEDGER.md | 1005 | break_dist_0.25 | `.d7.years.2017.lo` | 0 | 160 | 151 |
| FINDINGS_LEDGER.md | 1005 | break_dist_0.25 | `.d7.years.2019.hi` | 0 | 160 | 159 |
| FINDINGS_LEDGER.md | 1005 | break_dist_0.25 | `.d7.years.2019.mde` | 0 | 160 | 154 |
| FINDINGS_LEDGER.md | 1005 | break_dist_1 | `.d1.rows[0].mde` | 0 | 160 | 155 |
| FINDINGS_LEDGER.md | 1005 | break_dist_1 | `.d1.segments.second.mde` | 0 | 160 | 169 |
| FINDINGS_LEDGER.md | 1005 | break_dist_1 | `.d7.years.2015.hi` | 0 | 160 | 151 |
| FINDINGS_LEDGER.md | 1005 | break_len_mult_4 | `.d7.all.lo` | 0 | 160 | 155 |
| FINDINGS_LEDGER.md | 1005 | break_len_mult_4 | `.d7.years.2019.mde` | 0 | 160 | 163 |
| FINDINGS_LEDGER.md | 1005 | break_len_mult_4 | `.d7.years.2020.mde` | 0 | 160 | 170 |
| FINDINGS_LEDGER.md | 1005 | break_len_mult_4 | `.d7.years.2022.hi` | 0 | 160 | 155 |
| FINDINGS_LEDGER.md | 1005 | break_len_mult_4 | `.d7.years.2022.mde` | 0 | 160 | 163 |
| FINDINGS_LEDGER.md | 1005 | break_off | `.d1.rows[7].hi` | 0 | 160 | 153 |
| FINDINGS_LEDGER.md | 1005 | break_off | `.d1.rows[7].mean` | 0 | 160 | 168 |
| FINDINGS_LEDGER.md | 1005 | count_20 | `.d1.rows[1].mean` | 0 | 160 | 162 |
| FINDINGS_LEDGER.md | 1005 | count_20 | `.d1.rows[5].mde` | 0 | 160 | 166 |
| FINDINGS_LEDGER.md | 1005 | count_20 | `.d1.rows[8].mde` | 0 | 160 | 157 |
| FINDINGS_LEDGER.md | 1005 | count_20 | `.d1.rows[9].mde` | 0 | 160 | 169 |
| FINDINGS_LEDGER.md | 1005 | count_20 | `.d7.years.2022.lo` | 0 | 160 | 152 |
| FINDINGS_LEDGER.md | 1005 | count_80 | `.d1.rows[0].mde` | 0 | 160 | 157 |
| FINDINGS_LEDGER.md | 1005 | count_80 | `.d1.rows[2].lo` | 0 | 160 | 168 |
| FINDINGS_LEDGER.md | 1005 | count_80 | `.d1.rows[5].mean` | 0 | 160 | 162 |
| FINDINGS_LEDGER.md | 1005 | entry_exit_2_1 | `.d1.rows[5].mean` | 0 | 160 | 156 |
| FINDINGS_LEDGER.md | 1005 | entry_exit_3_2 | `.d1.segments.second.mde` | 0 | 160 | 164 |
| FINDINGS_LEDGER.md | 1005 | entry_exit_3_2 | `.d3.trade_quantiles.0.95` | 0 | 160 | 151 |
| FINDINGS_LEDGER.md | 1005 | entry_exit_3_2 | `.d7.years.2015.hi` | 0 | 160 | 168 |
| FINDINGS_LEDGER.md | 1005 | entry_exit_3_2 | `.d7.years.2022.hi` | 0 | 160 | 154 |
| FINDINGS_LEDGER.md | 1005 | foot_5 | `.d1.rows[9].hi` | 0 | 160 | 151 |
| FINDINGS_LEDGER.md | 1005 | foot_5 | `.d1.rows[9].mde` | 0 | 160 | 170 |
| FINDINGS_LEDGER.md | 1005 | foot_5 | `.d1.segments.diff.mean` | 0 | 160 | 164 |
| FINDINGS_LEDGER.md | 1005 | foot_5 | `.d1.segments.first.mde` | 0 | 160 | 152 |
| FINDINGS_LEDGER.md | 1005 | foot_5 | `.d1.segments.first.mean` | 0 | 160 | 155 |
| FINDINGS_LEDGER.md | 1005 | foot_5 | `.d7.years.2021.mean` | 0 | 160 | 159 |
| FINDINGS_LEDGER.md | 1005 | levels_3 | `.d1.rows[0].mde` | 0 | 160 | 153 |
| FINDINGS_LEDGER.md | 1005 | levels_3 | `.d1.segments.second.mde` | 0 | 160 | 159 |
| FINDINGS_LEDGER.md | 1005 | levels_3 | `.d3.trade_quantiles.0.95` | 0 | 160 | 154 |
| FINDINGS_LEDGER.md | 1005 | levels_3 | `.d7.years.2016.mean` | 0 | 160 | 167 |
| FINDINGS_LEDGER.md | 1005 | levels_3 | `.d7.years.2023.hi` | 0 | 160 | 154 |
| FINDINGS_LEDGER.md | 1005 | levels_7 | `.d1.rows[8].mde` | 0 | 160 | 169 |
| FINDINGS_LEDGER.md | 1005 | levels_7 | `.d1.segments.first.mde` | 0 | 160 | 165 |
| FINDINGS_LEDGER.md | 1005 | levels_7 | `.d3.trade_quantiles.0.05` | 0 | 160 | 152 |
| FINDINGS_LEDGER.md | 1005 | levels_7 | `.d7.years.2023.hi` | 0 | 160 | 161 |
| FINDINGS_LEDGER.md | 1005 | range_hi_none | `.d1.rows[2].lo` | 0 | 160 | 162 |
| FINDINGS_LEDGER.md | 1005 | range_hi_none | `.d1.rows[6].lo` | 0 | 160 | 169 |
| FINDINGS_LEDGER.md | 1005 | range_hi_p75 | `.d1.rows[2].mean` | 0 | 160 | 154 |
| FINDINGS_LEDGER.md | 1005 | range_hi_p75 | `.d1.rows[7].hi` | 0 | 160 | 170 |
| FINDINGS_LEDGER.md | 1005 | range_hi_p75 | `.d3.trade_quantiles.0.99` | 0 | 160 | 158 |
| FINDINGS_LEDGER.md | 1005 | range_hi_p75 | `.d7.years.2016.mde` | 0 | 160 | 170 |
| FINDINGS_LEDGER.md | 1005 | range_hi_p90 | `.d1.rows[5].lo` | 0 | 160 | 162 |
| FINDINGS_LEDGER.md | 1005 | range_hi_p90 | `.d1.rows[5].mde` | 0 | 160 | 169 |
| FINDINGS_LEDGER.md | 1005 | range_hi_p90 | `.d1.segments.first.mde` | 0 | 160 | 154 |
| FINDINGS_LEDGER.md | 1005 | range_lo_none | `.d1.rows[2].lo` | 0 | 160 | 162 |
| FINDINGS_LEDGER.md | 1005 | range_lo_none | `.d1.rows[6].hi` | 0 | 160 | 163 |
| FINDINGS_LEDGER.md | 1005 | range_lo_none | `.d1.rows[6].lo` | 0 | 160 | 158 |
| FINDINGS_LEDGER.md | 1005 | range_lo_none | `.d1.rows[7].hi` | 0 | 160 | 161 |
| FINDINGS_LEDGER.md | 1005 | range_lo_p10 | `.d1.segments.second.hi` | 0 | 160 | 163 |
| FINDINGS_LEDGER.md | 1005 | range_lo_p25 | `.d3.trade_quantiles.0.95` | 0 | 160 | 155 |
| FINDINGS_LEDGER.md | 1005 | range_lo_p25 | `.d7.years.2016.hi` | 0 | 160 | 153 |
| FINDINGS_LEDGER.md | 1005 | range_lo_p25 | `.d7.years.2023.lo` | 0 | 160 | 159 |
| FINDINGS_LEDGER.md | 1005 | range_lo_p50 | `.d1.rows[0].hi` | 0 | 160 | 163 |
| FINDINGS_LEDGER.md | 1005 | range_lo_p50 | `.d1.segments.second.lo` | 0 | 160 | 153 |
| FINDINGS_LEDGER.md | 1005 | range_lo_p50 | `.d7.years.2015.mean` | 0 | 160 | 152 |
| FINDINGS_LEDGER.md | 1005 | range_lo_p50 | `.d7.years.2021.mean` | 0 | 160 | 152 |
| FINDINGS_LEDGER.md | 1005 | range_lo_p50 | `.d7.years.2022.mean` | 0 | 160 | 163 |
| FINDINGS_LEDGER.md | 1005 | step_2 | `.d1.rows[5].mde` | 0 | 160 | 151 |
| FINDINGS_LEDGER.md | 1005 | step_2 | `.d1.rows[6].lo` | 0 | 160 | 167 |
| FINDINGS_LEDGER.md | 1005 | step_2 | `.d1.rows[8].mde` | 0 | 160 | 157 |
| FINDINGS_LEDGER.md | 1005 | step_2 | `.d1.segments.second.hi` | 0 | 160 | 159 |
| FINDINGS_LEDGER.md | 1005 | step_4 | `.d1.rows[4].mde` | 0 | 160 | 155 |
| FINDINGS_LEDGER.md | 1005 | step_4 | `.d1.rows[4].mean` | 0 | 160 | 154 |
| FINDINGS_LEDGER.md | 1005 | step_4 | `.d1.segments.second.hi` | 0 | 160 | 165 |
| FINDINGS_LEDGER.md | 1005 | step_4 | `.d3.groups.出の理由【結果で決まる群】.market.hi` | 0 | 160 | 151 |
| FINDINGS_LEDGER.md | 1005 | step_4 | `.d7.years.2016.lo` | 0 | 160 | 170 |
| FINDINGS_LEDGER.md | 1005 | step_4 | `.d7.years.2019.mde` | 0 | 160 | 152 |
| FINDINGS_LEDGER.md | 1005 | step_4 | `.d7.years.2020.mde` | 0 | 160 | 152 |
| FINDINGS_LEDGER.md | 1005 | vola_gate_p10 | `.d1.segments.second.hi` | 0 | 160 | 164 |
| FINDINGS_LEDGER.md | 1005 | vola_gate_p25 | `.d1.rows[7].hi` | 0 | 160 | 152 |
| FINDINGS_LEDGER.md | 1005 | vola_gate_p25 | `.d3.trade_quantiles.0.95` | 0 | 160 | 152 |
| FINDINGS_LEDGER.md | 1005 | vola_gate_p25 | `.d7.years.2016.mean` | 0 | 160 | 154 |
| FINDINGS_LEDGER.md | 1005 | vola_gate_p50 | `.d1.rows[0].hi` | 0 | 160 | 168 |
| FINDINGS_LEDGER.md | 1005 | vola_gate_p50 | `.d1.rows[9].lo` | 0 | 160 | 159 |
| FINDINGS_LEDGER.md | 1005 | vola_gate_p50 | `.d1.segments.first.mde` | 0 | 160 | 166 |
| FINDINGS_LEDGER.md | 1005 | vola_gate_p50 | `.d1.segments.second.lo` | 0 | 160 | 166 |
| FINDINGS_LEDGER.md | 1005 | vola_gate_p50 | `.d7.years.2018.lo` | 0 | 160 | 165 |
| FINDINGS_LEDGER.md | 1005 | vola_gate_p50 | `.d7.years.2023.mde` | 0 | 160 | 155 |
| FINDINGS_LEDGER.md | 1011 | break_dist_0.25 | `.d3.groups.保有時間の帯【結果で決まる群】.〜0 分.hi` | 2 | 4.4 | 4.5 |
| FINDINGS_LEDGER.md | 1011 | count_80 | `.d6.groups.2 分超〜9 分.lo` | 2 | 4.8 | 4.7 |
| FINDINGS_LEDGER.md | 1011 | vola_gate_p25 | `.d6.groups.〜1 分.hi` | 2 | 4.4 | 4.3 |
| FINDINGS_LEDGER.md | 1017 | alert_x2 | `.d3.groups.出の理由【結果で決まる群】.close.per_trade` | 2 | 36.4 | 36.5 |
| FINDINGS_LEDGER.md | 1017 | base | `.d1.rows[1].lo` | 0 | 1,580 | 1,590 |
| FINDINGS_LEDGER.md | 1017 | break_delay_4 | `.d1.rows[6].mean` | 2 | 67.0 | 66.9 |
| FINDINGS_LEDGER.md | 1017 | break_delay_4 | `.d3.groups.保有時間の帯【結果で決まる群】.0 分超〜1 分.hi` | 2 | 13.6 | 13.5 |
| FINDINGS_LEDGER.md | 1017 | break_delay_8 | `.d7.years.2017.lo` | 2 | 433.6 | 433.5 |
| FINDINGS_LEDGER.md | 1017 | break_delay_8 | `.d7.years.2019.mean` | 2 | 13.6 | 13.7 |
| FINDINGS_LEDGER.md | 1017 | break_off | `.d3.groups.出の理由【結果で決まる群】.market.lo` | 0 | 1,360 | 1,361 |
| FINDINGS_LEDGER.md | 1017 | count_80 | `.d7.years.2015.hi` | 0 | 1,360 | 1,361 |
| FINDINGS_LEDGER.md | 1017 | levels_1 | `.d1.segments.diff.lo` | 0 | 1,580 | 1,577 |
| FINDINGS_LEDGER.md | 1017 | range_hi_none | `.d1.rows[1].lo` | 0 | 1,580 | 1,590 |
| FINDINGS_LEDGER.md | 1017 | range_lo_none | `.d1.rows[1].lo` | 0 | 1,580 | 1,590 |
| FINDINGS_LEDGER.md | 1017 | range_lo_p25 | `.d1.rows[1].lo` | 0 | 1,580 | 1,572 |
| FINDINGS_LEDGER.md | 1017 | vola_gate_p10 | `.d1.rows[1].hi` | 0 | 1,360 | 1,352 |
| FINDINGS_LEDGER.md | 1017 | vola_gate_p10 | `.d3.groups.保有時間の帯【結果で決まる群】.3 分超.hi` | 2 | 36.4 | 36.5 |
| FINDINGS_LEDGER.md | 1017 | vola_gate_p25 | `.d7.years.2019.lo` | 2 | 13.6 | 13.5 |
| FINDINGS_LEDGER.md | 1051 | base | `.d6.groups.11 分超.lo` | 2 | 1.8 | 1.7 |
| FINDINGS_LEDGER.md | 1051 | break_delay_3 | `.d6.groups.1 分超〜3 分.hi` | 2 | 1.8 | 1.7 |
| FINDINGS_LEDGER.md | 1051 | break_dist_1 | `.d6.groups.1 分超〜2 分.lo` | 2 | 1.8 | 1.7 |
| FINDINGS_LEDGER.md | 1051 | count_80 | `.d6.groups.9 分超.hi` | 2 | 2.6 | 2.7 |
| FINDINGS_LEDGER.md | 1051 | entry_exit_3_2 | `.d6.groups.〜1 分.hi` | 2 | 2.6 | 2.7 |
| FINDINGS_LEDGER.md | 1051 | levels_3 | `.d6.groups.11 分超.per_trade` | 2 | 1.8 | 1.7 |
| FINDINGS_LEDGER.md | 1051 | levels_7 | `.d6.groups.3 分超〜11 分.lo` | 2 | 1.8 | 1.7 |
| FINDINGS_LEDGER.md | 1051 | range_hi_p90 | `.d6.groups.11 分超.lo` | 2 | 2.6 | 2.5 |
| FINDINGS_LEDGER.md | 1051 | range_lo_none | `.d6.groups.11 分超.lo` | 2 | 1.8 | 1.7 |
| FINDINGS_LEDGER.md | 1051 | step_2 | `.d3.groups.保有時間の帯【結果で決まる群】.1 分超〜3 分.hi` | 2 | 2.6 | 2.7 |
| FINDINGS_LEDGER.md | 1051 | step_4 | `.d6.groups.1 分超〜3 分.lo` | 2 | 1.8 | 1.7 |
| FINDINGS_LEDGER.md | 1067 | alert_x1 | `.d1.rows[7].mde` | 0 | 360 | 353 |
| FINDINGS_LEDGER.md | 1067 | alert_x1 | `.d1.segments.second.lo` | 0 | 360 | 359 |
| FINDINGS_LEDGER.md | 1067 | alert_x1 | `.d7.years.2015.mde` | 0 | 360 | 351 |
| FINDINGS_LEDGER.md | 1067 | alert_x2 | `.d1.rows[7].mde` | 0 | 360 | 353 |
| FINDINGS_LEDGER.md | 1067 | alert_x2 | `.d1.segments.first.mean` | 0 | 360 | 370 |
| FINDINGS_LEDGER.md | 1067 | alert_x2 | `.d1.segments.second.lo` | 0 | 360 | 359 |
| FINDINGS_LEDGER.md | 1067 | base | `.d1.rows[7].mde` | 0 | 360 | 353 |
| FINDINGS_LEDGER.md | 1067 | base | `.d1.segments.first.mean` | 0 | 360 | 362 |
| FINDINGS_LEDGER.md | 1067 | base | `.d3.groups.出の理由【結果で決まる群】.market.lo` | 0 | 360 | 361 |
| FINDINGS_LEDGER.md | 1067 | beard_off | `.d3.groups.出の理由【結果で決まる群】.break.lo` | 0 | 360 | 355 |
| FINDINGS_LEDGER.md | 1067 | beard_off | `.d3.groups.出の理由【結果で決まる群】.market.per_trade` | 0 | 360 | 367 |
| FINDINGS_LEDGER.md | 1067 | break_delay_3 | `.d7.years.2015.mde` | 0 | 360 | 351 |
| FINDINGS_LEDGER.md | 1067 | break_delay_4 | `.d1.segments.diff.hi` | 0 | 360 | 350 |
| FINDINGS_LEDGER.md | 1067 | break_delay_8 | `.d1.rows[2].hi` | 0 | 360 | 364 |
| FINDINGS_LEDGER.md | 1067 | break_delay_8 | `.d1.rows[5].hi` | 0 | 360 | 354 |
| FINDINGS_LEDGER.md | 1067 | break_delay_8 | `.d1.segments.first.hi` | 0 | 360 | 357 |
| FINDINGS_LEDGER.md | 1067 | break_dist_0.25 | `.d1.rows[4].mean` | 0 | 360 | 368 |
| FINDINGS_LEDGER.md | 1067 | break_dist_0.25 | `.d1.rows[7].lo` | 0 | 360 | 365 |
| FINDINGS_LEDGER.md | 1067 | break_dist_0.25 | `.d1.rows[9].mean` | 0 | 360 | 368 |
| FINDINGS_LEDGER.md | 1067 | break_dist_0.25 | `.d7.years.2018.lo` | 0 | 360 | 369 |
| FINDINGS_LEDGER.md | 1067 | break_dist_1 | `.d1.rows[4].mde` | 0 | 360 | 355 |
| FINDINGS_LEDGER.md | 1067 | break_dist_1 | `.d1.rows[9].hi` | 0 | 360 | 353 |
| FINDINGS_LEDGER.md | 1067 | break_dist_1 | `.d7.years.2019.hi` | 0 | 360 | 357 |
| FINDINGS_LEDGER.md | 1067 | break_len_mult_4 | `.d1.rows[0].hi` | 0 | 360 | 353 |
| FINDINGS_LEDGER.md | 1067 | break_len_mult_4 | `.d1.rows[6].hi` | 0 | 360 | 359 |
| FINDINGS_LEDGER.md | 1067 | break_len_mult_4 | `.d3.groups.出の理由【結果で決まる群】.break.lo` | 0 | 360 | 362 |
| FINDINGS_LEDGER.md | 1067 | break_off | `.d1.segments.first.mde` | 0 | 360 | 353 |
| FINDINGS_LEDGER.md | 1067 | count_20 | `.d7.years.2016.mean` | 0 | 360 | 358 |
| FINDINGS_LEDGER.md | 1067 | count_20 | `.d7.years.2018.mde` | 0 | 360 | 362 |
| FINDINGS_LEDGER.md | 1067 | count_20 | `.d7.years.2019.lo` | 0 | 360 | 364 |
| FINDINGS_LEDGER.md | 1067 | count_80 | `.d1.rows[4].mde` | 0 | 360 | 370 |
| FINDINGS_LEDGER.md | 1067 | count_80 | `.d7.years.2021.mde` | 0 | 360 | 369 |
| FINDINGS_LEDGER.md | 1067 | entry_exit_2_1 | `.d1.rows[9].hi` | 0 | 360 | 368 |
| FINDINGS_LEDGER.md | 1067 | entry_exit_2_1 | `.d7.years.2018.lo` | 0 | 360 | 358 |
| FINDINGS_LEDGER.md | 1067 | entry_exit_3_2 | `.d1.rows[4].lo` | 0 | 360 | 366 |
| FINDINGS_LEDGER.md | 1067 | entry_exit_3_2 | `.d1.rows[7].hi` | 0 | 360 | 367 |
| FINDINGS_LEDGER.md | 1067 | entry_exit_3_2 | `.d3.groups.出の理由【結果で決まる群】.break.lo` | 0 | 360 | 352 |
| FINDINGS_LEDGER.md | 1067 | entry_exit_3_2 | `.d7.years.2016.hi` | 0 | 360 | 358 |
| FINDINGS_LEDGER.md | 1067 | entry_exit_3_2 | `.d7.years.2018.hi` | 0 | 360 | 364 |
| FINDINGS_LEDGER.md | 1067 | foot_5 | `.d7.years.2023.lo` | 0 | 360 | 354 |
| FINDINGS_LEDGER.md | 1067 | levels_1 | `.d1.rows[5].mde` | 0 | 360 | 366 |
| FINDINGS_LEDGER.md | 1067 | levels_1 | `.d1.rows[9].mde` | 0 | 360 | 362 |
| FINDINGS_LEDGER.md | 1067 | levels_1 | `.d1.segments.first.mde` | 0 | 360 | 352 |
| FINDINGS_LEDGER.md | 1067 | levels_1 | `.d3.groups.出の理由【結果で決まる群】.market.hi` | 0 | 360 | 354 |
| FINDINGS_LEDGER.md | 1067 | levels_1 | `.d3.trade_quantiles.0.99` | 0 | 360 | 355 |
| FINDINGS_LEDGER.md | 1067 | levels_3 | `.d1.rows[4].mde` | 0 | 360 | 369 |
| FINDINGS_LEDGER.md | 1067 | levels_3 | `.d1.segments.second.hi` | 0 | 360 | 364 |
| FINDINGS_LEDGER.md | 1067 | levels_3 | `.d3.groups.出の理由【結果で決まる群】.market.per_trade` | 0 | 360 | 351 |
| FINDINGS_LEDGER.md | 1067 | levels_7 | `.d1.rows[9].mean` | 0 | 360 | 356 |
| FINDINGS_LEDGER.md | 1067 | range_hi_none | `.d1.segments.second.lo` | 0 | 360 | 358 |
| FINDINGS_LEDGER.md | 1067 | range_hi_none | `.d3.groups.出の理由【結果で決まる群】.market.lo` | 0 | 360 | 361 |
| FINDINGS_LEDGER.md | 1067 | range_hi_p75 | `.d1.rows[8].lo` | 0 | 360 | 356 |
| FINDINGS_LEDGER.md | 1067 | range_hi_p90 | `.d1.rows[4].mean` | 0 | 360 | 355 |
| FINDINGS_LEDGER.md | 1067 | range_hi_p90 | `.d1.segments.second.lo` | 0 | 360 | 356 |
| FINDINGS_LEDGER.md | 1067 | range_hi_p90 | `.d7.years.2017.mde` | 0 | 360 | 351 |
| FINDINGS_LEDGER.md | 1067 | range_hi_p90 | `.d7.years.2018.lo` | 0 | 360 | 358 |
| FINDINGS_LEDGER.md | 1067 | range_lo_none | `.d1.rows[7].mde` | 0 | 360 | 353 |
| FINDINGS_LEDGER.md | 1067 | range_lo_none | `.d1.segments.first.mean` | 0 | 360 | 362 |
| FINDINGS_LEDGER.md | 1067 | range_lo_none | `.d3.groups.出の理由【結果で決まる群】.market.lo` | 0 | 360 | 361 |
| FINDINGS_LEDGER.md | 1067 | range_lo_p10 | `.d1.rows[7].mde` | 0 | 360 | 353 |
| FINDINGS_LEDGER.md | 1067 | range_lo_p25 | `.d1.rows[2].lo` | 0 | 360 | 362 |
| FINDINGS_LEDGER.md | 1067 | range_lo_p25 | `.d1.rows[7].mde` | 0 | 360 | 354 |
| FINDINGS_LEDGER.md | 1067 | range_lo_p25 | `.d1.rows[7].mean` | 0 | 360 | 358 |
| FINDINGS_LEDGER.md | 1067 | range_lo_p25 | `.d1.rows[8].lo` | 0 | 360 | 364 |
| FINDINGS_LEDGER.md | 1067 | range_lo_p25 | `.d3.groups.出の理由【結果で決まる群】.market.per_trade` | 0 | 360 | 357 |
| FINDINGS_LEDGER.md | 1067 | range_lo_p50 | `.d1.rows[5].hi` | 0 | 360 | 352 |
| FINDINGS_LEDGER.md | 1067 | range_lo_p50 | `.d3.groups.出の理由【結果で決まる群】.market.hi` | 0 | 360 | 365 |
| FINDINGS_LEDGER.md | 1067 | step_2 | `.d1.rows[2].mde` | 0 | 360 | 355 |
| FINDINGS_LEDGER.md | 1067 | step_2 | `.d1.rows[3].mde` | 0 | 360 | 364 |
| FINDINGS_LEDGER.md | 1067 | vola_gate_p10 | `.d1.rows[2].mde` | 0 | 360 | 364 |
| FINDINGS_LEDGER.md | 1067 | vola_gate_p10 | `.d1.rows[7].mde` | 0 | 360 | 353 |
| FINDINGS_LEDGER.md | 1067 | vola_gate_p10 | `.d7.years.2015.mde` | 0 | 360 | 370 |
| FINDINGS_LEDGER.md | 1067 | vola_gate_p25 | `.d1.rows[7].mde` | 0 | 360 | 354 |
| FINDINGS_LEDGER.md | 1067 | vola_gate_p25 | `.d1.rows[8].lo` | 0 | 360 | 366 |
| FINDINGS_LEDGER.md | 1067 | vola_gate_p25 | `.d1.rows[9].lo` | 0 | 360 | 358 |
| FINDINGS_LEDGER.md | 1067 | vola_gate_p50 | `.d1.rows[5].hi` | 0 | 360 | 361 |
| FINDINGS_LEDGER.md | 1067 | vola_gate_p50 | `.d3.trade_quantiles.0.05` | 0 | 360 | 353 |
| FINDINGS_LEDGER.md | 1085 | alert_x1 | `.d1.segments.second.hi` | 0 | 180 | 183 |
| FINDINGS_LEDGER.md | 1085 | alert_x2 | `.d1.segments.second.hi` | 0 | 180 | 182 |
| FINDINGS_LEDGER.md | 1085 | alert_x2 | `.d6.groups.〜1 分.per_trade` | 2 | 2.4 | 2.3 |
| FINDINGS_LEDGER.md | 1085 | alert_x2 | `.d7.years.2019.mde` | 2 | 16.8 | 16.7 |
| FINDINGS_LEDGER.md | 1085 | base | `.d1.rows[6].mean` | 2 | 6.0 | 5.9 |
| FINDINGS_LEDGER.md | 1085 | base | `.d1.segments.second.hi` | 0 | 180 | 184 |
| FINDINGS_LEDGER.md | 1085 | beard_off | `.d1.rows[8].hi` | 0 | 180 | 171 |
| FINDINGS_LEDGER.md | 1085 | beard_off | `.d7.years.2018.lo` | 0 | 180 | 186 |
| FINDINGS_LEDGER.md | 1085 | beard_off | `.d7.years.2019.mean` | 0 | 180 | 177 |
| FINDINGS_LEDGER.md | 1085 | beard_off | `.d7.years.2020.hi` | 0 | 180 | 179 |
| FINDINGS_LEDGER.md | 1085 | break_delay_2 | `.d7.years.2017.mde` | 0 | 180 | 182 |
| FINDINGS_LEDGER.md | 1085 | break_delay_2 | `.d7.years.2021.hi` | 0 | 180 | 184 |
| FINDINGS_LEDGER.md | 1085 | break_delay_3 | `.d1.rows[6].hi` | 0 | 180 | 189 |
| FINDINGS_LEDGER.md | 1085 | break_delay_3 | `.d1.segments.first.mde` | 0 | 180 | 186 |
| FINDINGS_LEDGER.md | 1085 | break_delay_3 | `.d6.groups.〜1 分.per_trade` | 2 | 2.4 | 2.3 |
| FINDINGS_LEDGER.md | 1085 | break_delay_3 | `.d7.years.2018.lo` | 0 | 180 | 182 |
| FINDINGS_LEDGER.md | 1085 | break_delay_4 | `.d1.rows[2].lo` | 0 | 180 | 178 |
| FINDINGS_LEDGER.md | 1085 | break_delay_4 | `.d1.segments.first.mde` | 0 | 180 | 183 |
| FINDINGS_LEDGER.md | 1085 | break_delay_4 | `.d7.years.2021.mean` | 0 | 180 | 177 |
| FINDINGS_LEDGER.md | 1085 | break_delay_8 | `.d1.rows[5].mde` | 0 | 180 | 185 |
| FINDINGS_LEDGER.md | 1085 | break_delay_8 | `.d1.rows[6].hi` | 0 | 180 | 175 |
| FINDINGS_LEDGER.md | 1085 | break_delay_8 | `.d1.segments.first.mde` | 0 | 180 | 173 |
| FINDINGS_LEDGER.md | 1085 | break_delay_8 | `.d7.years.2021.mde` | 0 | 180 | 173 |
| FINDINGS_LEDGER.md | 1085 | break_dist_0.25 | `.d1.rows[5].mde` | 0 | 180 | 187 |
| FINDINGS_LEDGER.md | 1085 | break_dist_0.25 | `.d1.rows[8].mde` | 0 | 180 | 179 |
| FINDINGS_LEDGER.md | 1085 | break_dist_0.25 | `.d1.rows[8].mean` | 0 | 180 | 183 |
| FINDINGS_LEDGER.md | 1085 | break_dist_0.25 | `.d7.years.2018.mean` | 0 | 180 | 175 |
| FINDINGS_LEDGER.md | 1085 | break_dist_0.25 | `.d7.years.2021.mean` | 0 | 180 | 179 |
| FINDINGS_LEDGER.md | 1085 | break_dist_1 | `.d1.rows[7].hi` | 0 | 180 | 178 |
| FINDINGS_LEDGER.md | 1085 | break_dist_1 | `.d7.years.2019.mean` | 0 | 180 | 182 |
| FINDINGS_LEDGER.md | 1085 | break_dist_1 | `.d7.years.2023.lo` | 0 | 180 | 188 |
| FINDINGS_LEDGER.md | 1085 | break_len_mult_4 | `.d1.rows[2].mean` | 0 | 180 | 185 |
| FINDINGS_LEDGER.md | 1085 | break_len_mult_4 | `.d1.rows[6].mean` | 0 | 180 | 186 |
| FINDINGS_LEDGER.md | 1085 | break_len_mult_4 | `.d3.groups.保有時間の帯【結果で決まる群】.〜1 分.hi` | 2 | 16.8 | 16.9 |
| FINDINGS_LEDGER.md | 1085 | break_len_mult_4 | `.d7.years.2019.mean` | 0 | 180 | 173 |
| FINDINGS_LEDGER.md | 1085 | break_len_mult_4 | `.d7.years.2020.mean` | 0 | 180 | 181 |
| FINDINGS_LEDGER.md | 1085 | break_off | `.d1.rows[0].lo` | 0 | 180 | 187 |
| FINDINGS_LEDGER.md | 1085 | break_off | `.d7.years.2022.lo` | 0 | 180 | 189 |
| FINDINGS_LEDGER.md | 1085 | count_20 | `.d1.rows[4].hi` | 0 | 180 | 173 |
| FINDINGS_LEDGER.md | 1085 | count_20 | `.d1.rows[6].mde` | 0 | 180 | 182 |
| FINDINGS_LEDGER.md | 1085 | count_20 | `.d1.rows[8].hi` | 0 | 180 | 174 |
| FINDINGS_LEDGER.md | 1085 | count_20 | `.d1.segments.second.hi` | 0 | 180 | 188 |
| FINDINGS_LEDGER.md | 1085 | count_20 | `.d3.groups.保有時間の帯【結果で決まる群】.1 分超.lo` | 2 | 16.8 | 16.9 |
| FINDINGS_LEDGER.md | 1085 | count_20 | `.d3.groups.出の理由【結果で決まる群】.market.lo` | 0 | 180 | 170 |
| FINDINGS_LEDGER.md | 1085 | count_20 | `.d7.all.mean` | 0 | 180 | 185 |
| FINDINGS_LEDGER.md | 1085 | count_20 | `.d7.years.2016.hi` | 0 | 180 | 188 |
| FINDINGS_LEDGER.md | 1085 | count_20 | `.d7.years.2023.mde` | 0 | 180 | 174 |
| FINDINGS_LEDGER.md | 1085 | count_80 | `.d6.groups.9 分超.hi` | 2 | 2.6 | 2.7 |
| FINDINGS_LEDGER.md | 1085 | count_80 | `.d7.years.2016.lo` | 0 | 180 | 187 |
| FINDINGS_LEDGER.md | 1085 | count_80 | `.d7.years.2023.mde` | 0 | 180 | 182 |
| FINDINGS_LEDGER.md | 1085 | entry_exit_2_1 | `.d7.all.mean` | 0 | 180 | 178 |
| FINDINGS_LEDGER.md | 1085 | entry_exit_2_1 | `.d7.years.2023.lo` | 0 | 180 | 189 |
| FINDINGS_LEDGER.md | 1085 | entry_exit_3_2 | `.d6.groups.〜1 分.hi` | 2 | 2.6 | 2.7 |
| FINDINGS_LEDGER.md | 1085 | entry_exit_3_2 | `.d7.years.2016.lo` | 0 | 180 | 186 |
| FINDINGS_LEDGER.md | 1085 | entry_exit_3_2 | `.d7.years.2018.mean` | 0 | 180 | 174 |
| FINDINGS_LEDGER.md | 1085 | entry_exit_3_2 | `.d7.years.2019.mean` | 0 | 180 | 183 |
| FINDINGS_LEDGER.md | 1085 | foot_5 | `.d1.rows[4].hi` | 0 | 180 | 182 |
| FINDINGS_LEDGER.md | 1085 | foot_5 | `.d1.rows[5].mean` | 0 | 180 | 182 |
| FINDINGS_LEDGER.md | 1085 | foot_5 | `.d7.years.2015.mean` | 0 | 180 | 181 |
| FINDINGS_LEDGER.md | 1085 | levels_1 | `.d1.rows[5].hi` | 0 | 180 | 189 |
| FINDINGS_LEDGER.md | 1085 | levels_1 | `.d3.trade_quantiles.0.95` | 0 | 180 | 182 |
| FINDINGS_LEDGER.md | 1085 | levels_1 | `.d6.groups.〜1 分.per_trade` | 2 | 2.4 | 2.3 |
| FINDINGS_LEDGER.md | 1085 | levels_3 | `.d1.rows[0].lo` | 0 | 180 | 174 |
| FINDINGS_LEDGER.md | 1085 | levels_3 | `.d1.rows[4].lo` | 0 | 180 | 178 |
| FINDINGS_LEDGER.md | 1085 | levels_3 | `.d1.segments.first.lo` | 0 | 180 | 181 |
| FINDINGS_LEDGER.md | 1085 | levels_3 | `.d7.all.mean` | 2 | 107.6 | 107.7 |
| FINDINGS_LEDGER.md | 1085 | levels_3 | `.d7.years.2017.lo` | 0 | 180 | 186 |
| FINDINGS_LEDGER.md | 1085 | levels_3 | `.d7.years.2020.lo` | 0 | 180 | 175 |
| FINDINGS_LEDGER.md | 1085 | levels_7 | `.d1.rows[2].lo` | 0 | 180 | 188 |
| FINDINGS_LEDGER.md | 1085 | levels_7 | `.d1.rows[5].mde` | 0 | 180 | 182 |
| FINDINGS_LEDGER.md | 1085 | levels_7 | `.d1.rows[6].hi` | 0 | 180 | 173 |
| FINDINGS_LEDGER.md | 1085 | levels_7 | `.d1.rows[9].mde` | 0 | 180 | 189 |
| FINDINGS_LEDGER.md | 1085 | levels_7 | `.d1.segments.second.mean` | 0 | 180 | 178 |
| FINDINGS_LEDGER.md | 1085 | levels_7 | `.d7.years.2021.hi` | 0 | 180 | 181 |
| FINDINGS_LEDGER.md | 1085 | levels_7 | `.d7.years.2022.hi` | 0 | 180 | 179 |
| FINDINGS_LEDGER.md | 1085 | range_hi_none | `.d1.segments.second.hi` | 0 | 180 | 188 |
| FINDINGS_LEDGER.md | 1085 | range_hi_none | `.d6.groups.〜1 分.per_trade` | 2 | 2.4 | 2.3 |
| FINDINGS_LEDGER.md | 1085 | range_hi_none | `.d7.years.2019.mean` | 2 | 16.8 | 16.7 |
| FINDINGS_LEDGER.md | 1085 | range_hi_p75 | `.d1.rows[1].hi` | 0 | 180 | 184 |
| FINDINGS_LEDGER.md | 1085 | range_hi_p75 | `.d1.rows[6].mde` | 0 | 180 | 185 |
| FINDINGS_LEDGER.md | 1085 | range_hi_p75 | `.d1.segments.first.mean` | 0 | 180 | 174 |
| FINDINGS_LEDGER.md | 1085 | range_hi_p75 | `.d3.groups.出の理由【結果で決まる群】.break.per_trade` | 0 | 180 | 185 |
| FINDINGS_LEDGER.md | 1085 | range_hi_p75 | `.d3.trade_quantiles.0.05` | 0 | 180 | 178 |
| FINDINGS_LEDGER.md | 1085 | range_hi_p90 | `.d1.rows[8].hi` | 0 | 180 | 174 |
| FINDINGS_LEDGER.md | 1085 | range_hi_p90 | `.d3.groups.保有時間の帯【結果で決まる群】.〜0 分.per_trade` | 2 | 5.0 | 5.1 |
| FINDINGS_LEDGER.md | 1085 | range_hi_p90 | `.d7.years.2018.mean` | 0 | 180 | 188 |
| FINDINGS_LEDGER.md | 1085 | range_hi_p90 | `.d7.years.2021.mde` | 0 | 180 | 175 |
| FINDINGS_LEDGER.md | 1085 | range_lo_none | `.d1.rows[6].mean` | 2 | 6.0 | 5.9 |
| FINDINGS_LEDGER.md | 1085 | range_lo_none | `.d1.segments.second.hi` | 0 | 180 | 184 |
| FINDINGS_LEDGER.md | 1085 | range_lo_p10 | `.d1.rows[3].lo` | 0 | 180 | 175 |
| FINDINGS_LEDGER.md | 1085 | range_lo_p10 | `.d1.rows[6].hi` | 0 | 180 | 187 |
| FINDINGS_LEDGER.md | 1085 | range_lo_p10 | `.d7.years.2016.lo` | 0 | 180 | 171 |
| FINDINGS_LEDGER.md | 1085 | range_lo_p25 | `.d1.rows[3].lo` | 0 | 180 | 181 |
| FINDINGS_LEDGER.md | 1085 | range_lo_p25 | `.d1.segments.first.mde` | 0 | 180 | 189 |
| FINDINGS_LEDGER.md | 1085 | range_lo_p25 | `.d6.groups.13 分超.hi` | 2 | 2.4 | 2.3 |
| FINDINGS_LEDGER.md | 1085 | range_lo_p50 | `.d1.rows[2].mean` | 0 | 180 | 179 |
| FINDINGS_LEDGER.md | 1085 | range_lo_p50 | `.d1.rows[3].lo` | 0 | 180 | 178 |
| FINDINGS_LEDGER.md | 1085 | range_lo_p50 | `.d1.rows[8].mde` | 0 | 180 | 187 |
| FINDINGS_LEDGER.md | 1085 | range_lo_p50 | `.d1.rows[9].lo` | 0 | 180 | 185 |
| FINDINGS_LEDGER.md | 1085 | range_lo_p50 | `.d1.rows[9].mde` | 0 | 180 | 170 |
| FINDINGS_LEDGER.md | 1085 | range_lo_p50 | `.d1.segments.diff.hi` | 0 | 180 | 173 |
| FINDINGS_LEDGER.md | 1085 | range_lo_p50 | `.d7.years.2015.mde` | 0 | 180 | 185 |
| FINDINGS_LEDGER.md | 1085 | range_lo_p50 | `.d7.years.2017.lo` | 2 | 107.6 | 107.7 |
| FINDINGS_LEDGER.md | 1085 | range_lo_p50 | `.d7.years.2020.hi` | 0 | 180 | 181 |
| FINDINGS_LEDGER.md | 1085 | step_2 | `.d1.rows[3].lo` | 0 | 180 | 177 |
| FINDINGS_LEDGER.md | 1085 | step_2 | `.d1.rows[7].hi` | 0 | 180 | 173 |
| FINDINGS_LEDGER.md | 1085 | step_2 | `.d1.rows[8].mean` | 0 | 180 | 177 |
| FINDINGS_LEDGER.md | 1085 | step_2 | `.d1.rows[9].mde` | 0 | 180 | 170 |
| FINDINGS_LEDGER.md | 1085 | step_2 | `.d3.groups.保有時間の帯【結果で決まる群】.1 分超〜3 分.hi` | 2 | 2.6 | 2.7 |
| FINDINGS_LEDGER.md | 1085 | step_2 | `.d3.groups.出の理由【結果で決まる群】.break.hi` | 0 | 180 | 174 |
| FINDINGS_LEDGER.md | 1085 | step_2 | `.d3.groups.出の理由【結果で決まる群】.break.per_trade` | 0 | 180 | 183 |
| FINDINGS_LEDGER.md | 1085 | step_2 | `.d6.groups.〜1 分.hi` | 2 | 2.4 | 2.3 |
| FINDINGS_LEDGER.md | 1085 | step_2 | `.d7.years.2015.mde` | 0 | 180 | 173 |
| FINDINGS_LEDGER.md | 1085 | step_2 | `.d7.years.2017.mde` | 0 | 180 | 184 |
| FINDINGS_LEDGER.md | 1085 | step_2 | `.d7.years.2019.lo` | 0 | 180 | 182 |
| FINDINGS_LEDGER.md | 1085 | step_4 | `.d1.rows[6].lo` | 0 | 180 | 173 |
| FINDINGS_LEDGER.md | 1085 | step_4 | `.d1.rows[7].hi` | 0 | 180 | 173 |
| FINDINGS_LEDGER.md | 1085 | step_4 | `.d1.rows[9].hi` | 0 | 180 | 173 |
| FINDINGS_LEDGER.md | 1085 | step_4 | `.d3.groups.出の理由【結果で決まる群】.market.per_trade` | 0 | 180 | 174 |
| FINDINGS_LEDGER.md | 1085 | step_4 | `.d7.years.2018.mde` | 0 | 180 | 187 |
| FINDINGS_LEDGER.md | 1085 | step_4 | `.d7.years.2021.mde` | 0 | 180 | 184 |
| FINDINGS_LEDGER.md | 1085 | vola_gate_p10 | `.d1.rows[3].lo` | 0 | 180 | 177 |
| FINDINGS_LEDGER.md | 1085 | vola_gate_p10 | `.d1.segments.first.mde` | 0 | 180 | 185 |
| FINDINGS_LEDGER.md | 1085 | vola_gate_p25 | `.d1.rows[2].hi` | 0 | 180 | 182 |
| FINDINGS_LEDGER.md | 1085 | vola_gate_p25 | `.d1.segments.first.mde` | 0 | 180 | 177 |
| FINDINGS_LEDGER.md | 1085 | vola_gate_p25 | `.d1.segments.second.mean` | 0 | 180 | 179 |
| FINDINGS_LEDGER.md | 1085 | vola_gate_p50 | `.d1.rows[8].mde` | 0 | 180 | 186 |
| FINDINGS_LEDGER.md | 1085 | vola_gate_p50 | `.d3.groups.保有時間の帯【結果で決まる群】.〜1 分.lo` | 2 | 16.8 | 16.7 |
| FINDINGS_LEDGER.md | 1085 | vola_gate_p50 | `.d6.groups.〜1 分.lo` | 2 | 2.4 | 2.3 |
| FINDINGS_LEDGER.md | 1085 | vola_gate_p50 | `.d7.years.2020.hi` | 0 | 180 | 181 |
| FINDINGS_LEDGER.md | 1119 | alert_x1 | `.d1.rows[0].mde` | 0 | 120 | 123 |
| FINDINGS_LEDGER.md | 1119 | alert_x1 | `.d1.rows[1].mean` | 0 | 100 | 98 |
| FINDINGS_LEDGER.md | 1119 | alert_x1 | `.d1.rows[8].hi` | 0 | 120 | 124 |
| FINDINGS_LEDGER.md | 1119 | alert_x1 | `.d1.segments.second.mde` | 0 | 120 | 126 |
| FINDINGS_LEDGER.md | 1119 | alert_x1 | `.d3.groups.保有時間の帯【結果で決まる群】.〜0 分.per_trade` | 2 | 7.4 | 7.3 |
| FINDINGS_LEDGER.md | 1119 | alert_x1 | `.d3.trade_quantiles.0.95` | 0 | 120 | 129 |
| FINDINGS_LEDGER.md | 1119 | alert_x1 | `.d7.years.2020.mean` | 2 | 7.4 | 7.3 |
| FINDINGS_LEDGER.md | 1119 | alert_x2 | `.d1.rows[0].hi` | 0 | 120 | 130 |
| FINDINGS_LEDGER.md | 1119 | alert_x2 | `.d1.rows[0].mde` | 0 | 120 | 123 |
| FINDINGS_LEDGER.md | 1119 | alert_x2 | `.d1.rows[8].hi` | 0 | 120 | 125 |
| FINDINGS_LEDGER.md | 1119 | alert_x2 | `.d1.segments.second.mde` | 0 | 120 | 126 |
| FINDINGS_LEDGER.md | 1119 | alert_x2 | `.d3.groups.保有時間の帯【結果で決まる群】.〜0 分.per_trade` | 2 | 7.4 | 7.3 |
| FINDINGS_LEDGER.md | 1119 | alert_x2 | `.d3.trade_quantiles.0.95` | 0 | 120 | 129 |
| FINDINGS_LEDGER.md | 1119 | base | `.d1.rows[0].hi` | 0 | 120 | 124 |
| FINDINGS_LEDGER.md | 1119 | base | `.d1.rows[0].mde` | 0 | 120 | 123 |
| FINDINGS_LEDGER.md | 1119 | base | `.d1.segments.second.mde` | 0 | 120 | 125 |
| FINDINGS_LEDGER.md | 1119 | base | `.d3.groups.保有時間の帯【結果で決まる群】.〜0 分.per_trade` | 2 | 7.4 | 7.3 |
| FINDINGS_LEDGER.md | 1119 | base | `.d3.trade_quantiles.0.95` | 0 | 120 | 127 |
| FINDINGS_LEDGER.md | 1119 | beard_off | `.d7.years.2016.mde` | 0 | 100 | 105 |
| FINDINGS_LEDGER.md | 1119 | beard_off | `.d7.years.2023.hi` | 0 | 100 | 92 |
| FINDINGS_LEDGER.md | 1119 | beard_off | `.d7.years.2023.mde` | 0 | 120 | 127 |
| FINDINGS_LEDGER.md | 1119 | break_delay_2 | `.d1.rows[0].hi` | 0 | 120 | 123 |
| FINDINGS_LEDGER.md | 1119 | break_delay_2 | `.d1.rows[0].mde` | 0 | 120 | 118 |
| FINDINGS_LEDGER.md | 1119 | break_delay_2 | `.d1.rows[1].mean` | 0 | 120 | 129 |
| FINDINGS_LEDGER.md | 1119 | break_delay_2 | `.d1.rows[3].lo` | 0 | 120 | 121 |
| FINDINGS_LEDGER.md | 1119 | break_delay_2 | `.d1.rows[5].lo` | 0 | 100 | 105 |
| FINDINGS_LEDGER.md | 1119 | break_delay_2 | `.d1.segments.second.mde` | 0 | 120 | 119 |
| FINDINGS_LEDGER.md | 1119 | break_delay_2 | `.d3.groups.保有時間の帯【結果で決まる群】.〜0 分.per_trade` | 2 | 7.4 | 7.5 |
| FINDINGS_LEDGER.md | 1119 | break_delay_2 | `.d3.trade_quantiles.0.95` | 0 | 120 | 126 |
| FINDINGS_LEDGER.md | 1119 | break_delay_2 | `.d7.years.2017.mean` | 2 | 73.0 | 73.1 |
| FINDINGS_LEDGER.md | 1119 | break_delay_2 | `.d7.years.2018.mean` | 0 | 120 | 114 |
| FINDINGS_LEDGER.md | 1119 | break_delay_2 | `.d7.years.2021.mde` | 0 | 100 | 98 |
| FINDINGS_LEDGER.md | 1119 | break_delay_2 | `.d7.years.2021.mean` | 0 | 120 | 111 |
| FINDINGS_LEDGER.md | 1119 | break_delay_3 | `.d1.rows[0].mde` | 0 | 120 | 115 |
| FINDINGS_LEDGER.md | 1119 | break_delay_3 | `.d1.rows[3].lo` | 0 | 100 | 96 |
| FINDINGS_LEDGER.md | 1119 | break_delay_3 | `.d1.rows[8].hi` | 0 | 100 | 105 |
| FINDINGS_LEDGER.md | 1119 | break_delay_3 | `.d1.segments.second.hi` | 0 | 120 | 125 |
| FINDINGS_LEDGER.md | 1119 | break_delay_3 | `.d1.segments.second.mde` | 0 | 120 | 115 |
| FINDINGS_LEDGER.md | 1119 | break_delay_3 | `.d3.groups.保有時間の帯【結果で決まる群】.0 分超〜1 分.per_trade` | 2 | 12.6 | 12.5 |
| FINDINGS_LEDGER.md | 1119 | break_delay_3 | `.d3.trade_quantiles.0.95` | 0 | 120 | 125 |
| FINDINGS_LEDGER.md | 1119 | break_delay_3 | `.d7.years.2017.mean` | 0 | 120 | 112 |
| FINDINGS_LEDGER.md | 1119 | break_delay_3 | `.d7.years.2020.hi` | 0 | 120 | 112 |
| FINDINGS_LEDGER.md | 1119 | break_delay_3 | `.d7.years.2021.mde` | 0 | 120 | 129 |
| FINDINGS_LEDGER.md | 1119 | break_delay_4 | `.d1.rows[0].hi` | 0 | 120 | 127 |
| FINDINGS_LEDGER.md | 1119 | break_delay_4 | `.d1.rows[0].mde` | 0 | 120 | 112 |
| FINDINGS_LEDGER.md | 1119 | break_delay_4 | `.d1.rows[2].mean` | 0 | 120 | 123 |
| FINDINGS_LEDGER.md | 1119 | break_delay_4 | `.d1.rows[5].lo` | 0 | 120 | 127 |
| FINDINGS_LEDGER.md | 1119 | break_delay_4 | `.d1.rows[8].hi` | 0 | 120 | 118 |
| FINDINGS_LEDGER.md | 1119 | break_delay_4 | `.d1.segments.second.hi` | 0 | 120 | 117 |
| FINDINGS_LEDGER.md | 1119 | break_delay_4 | `.d1.segments.second.mde` | 0 | 120 | 111 |
| FINDINGS_LEDGER.md | 1119 | break_delay_4 | `.d3.trade_quantiles.0.95` | 0 | 120 | 125 |
| FINDINGS_LEDGER.md | 1119 | break_delay_4 | `.d7.years.2018.mean` | 0 | 120 | 118 |
| FINDINGS_LEDGER.md | 1119 | break_delay_4 | `.d7.years.2019.hi` | 0 | 100 | 99 |
| FINDINGS_LEDGER.md | 1119 | break_delay_4 | `.d7.years.2019.mde` | 0 | 100 | 107 |
| FINDINGS_LEDGER.md | 1119 | break_delay_4 | `.d7.years.2020.mde` | 0 | 120 | 119 |
| FINDINGS_LEDGER.md | 1119 | break_delay_4 | `.d7.years.2022.mde` | 0 | 120 | 117 |
| FINDINGS_LEDGER.md | 1119 | break_delay_8 | `.d1.rows[0].mde` | 0 | 100 | 110 |
| FINDINGS_LEDGER.md | 1119 | break_delay_8 | `.d1.rows[2].mean` | 0 | 100 | 92 |
| FINDINGS_LEDGER.md | 1119 | break_delay_8 | `.d1.rows[4].lo` | 0 | 120 | 126 |
| FINDINGS_LEDGER.md | 1119 | break_delay_8 | `.d1.rows[5].lo` | 0 | 100 | 107 |
| FINDINGS_LEDGER.md | 1119 | break_delay_8 | `.d1.rows[6].lo` | 0 | 120 | 119 |
| FINDINGS_LEDGER.md | 1119 | break_delay_8 | `.d1.rows[8].hi` | 0 | 120 | 117 |
| FINDINGS_LEDGER.md | 1119 | break_delay_8 | `.d1.segments.first.lo` | 0 | 120 | 114 |
| FINDINGS_LEDGER.md | 1119 | break_delay_8 | `.d1.segments.second.mde` | 0 | 120 | 115 |
| FINDINGS_LEDGER.md | 1119 | break_delay_8 | `.d3.trade_quantiles.0.95` | 0 | 120 | 123 |
| FINDINGS_LEDGER.md | 1119 | break_delay_8 | `.d7.years.2016.lo` | 0 | 120 | 114 |
| FINDINGS_LEDGER.md | 1119 | break_delay_8 | `.d7.years.2016.mde` | 0 | 100 | 102 |
| FINDINGS_LEDGER.md | 1119 | break_delay_8 | `.d7.years.2018.hi` | 0 | 120 | 115 |
| FINDINGS_LEDGER.md | 1119 | break_delay_8 | `.d7.years.2019.lo` | 0 | 120 | 111 |
| FINDINGS_LEDGER.md | 1119 | break_delay_8 | `.d7.years.2020.hi` | 0 | 120 | 112 |
| FINDINGS_LEDGER.md | 1119 | break_dist_0.25 | `.d1.rows[0].mde` | 0 | 100 | 98 |
| FINDINGS_LEDGER.md | 1119 | break_dist_0.25 | `.d1.rows[0].mean` | 0 | 100 | 92 |
| FINDINGS_LEDGER.md | 1119 | break_dist_0.25 | `.d1.segments.second.mde` | 0 | 120 | 111 |
| FINDINGS_LEDGER.md | 1119 | break_dist_0.25 | `.d3.trade_quantiles.0.95` | 0 | 120 | 116 |
| FINDINGS_LEDGER.md | 1119 | break_dist_0.25 | `.d7.all.hi` | 0 | 100 | 95 |
| FINDINGS_LEDGER.md | 1119 | break_dist_0.25 | `.d7.years.2016.hi` | 0 | 100 | 109 |
| FINDINGS_LEDGER.md | 1119 | break_dist_0.25 | `.d7.years.2016.mde` | 0 | 120 | 130 |
| FINDINGS_LEDGER.md | 1119 | break_dist_0.25 | `.d7.years.2023.mde` | 0 | 100 | 99 |
| FINDINGS_LEDGER.md | 1119 | break_dist_0.25 | `.d7.years.2023.mean` | 0 | 120 | 111 |
| FINDINGS_LEDGER.md | 1119 | break_dist_1 | `.d1.rows[0].mean` | 0 | 100 | 92 |
| FINDINGS_LEDGER.md | 1119 | break_dist_1 | `.d1.rows[8].hi` | 0 | 100 | 109 |
| FINDINGS_LEDGER.md | 1119 | break_dist_1 | `.d7.all.hi` | 0 | 100 | 107 |
| FINDINGS_LEDGER.md | 1119 | break_dist_1 | `.d7.years.2016.hi` | 0 | 100 | 92 |
| FINDINGS_LEDGER.md | 1119 | break_dist_1 | `.d7.years.2018.lo` | 0 | 120 | 130 |
| FINDINGS_LEDGER.md | 1119 | break_dist_1 | `.d7.years.2021.hi` | 0 | 120 | 111 |
| FINDINGS_LEDGER.md | 1119 | break_len_mult_4 | `.d1.segments.second.hi` | 0 | 120 | 110 |
| FINDINGS_LEDGER.md | 1119 | break_len_mult_4 | `.d7.years.2021.lo` | 0 | 100 | 103 |
| FINDINGS_LEDGER.md | 1119 | break_len_mult_4 | `.d7.years.2023.mde` | 0 | 100 | 109 |
| FINDINGS_LEDGER.md | 1119 | break_off | `.d1.rows[2].mean` | 0 | 120 | 111 |
| FINDINGS_LEDGER.md | 1119 | break_off | `.d1.segments.second.mean` | 0 | 120 | 112 |
| FINDINGS_LEDGER.md | 1119 | break_off | `.d3.groups.保有時間の帯【結果で決まる群】.4 分超.hi` | 0 | 100 | 103 |
| FINDINGS_LEDGER.md | 1119 | break_off | `.d3.groups.保有時間の帯【結果で決まる群】.4 分超.lo` | 0 | 120 | 116 |
| FINDINGS_LEDGER.md | 1119 | break_off | `.d3.groups.保有時間の帯【結果で決まる群】.4 分超.per_trade` | 0 | 100 | 110 |
| FINDINGS_LEDGER.md | 1119 | break_off | `.d3.trade_quantiles.0.05` | 0 | 120 | 122 |
| FINDINGS_LEDGER.md | 1119 | break_off | `.d7.years.2018.lo` | 0 | 120 | 124 |
| FINDINGS_LEDGER.md | 1119 | count_20 | `.d1.rows[4].lo` | 0 | 120 | 114 |
| FINDINGS_LEDGER.md | 1119 | count_20 | `.d1.rows[5].hi` | 0 | 120 | 127 |
| FINDINGS_LEDGER.md | 1119 | count_20 | `.d1.rows[5].lo` | 0 | 100 | 99 |
| FINDINGS_LEDGER.md | 1119 | count_20 | `.d1.rows[6].hi` | 0 | 100 | 108 |
| FINDINGS_LEDGER.md | 1119 | count_20 | `.d1.segments.first.lo` | 0 | 120 | 125 |
| FINDINGS_LEDGER.md | 1119 | count_20 | `.d3.groups.出の理由【結果で決まる群】.market.hi` | 0 | 120 | 117 |
| FINDINGS_LEDGER.md | 1119 | count_20 | `.d3.trade_quantiles.0.05` | 0 | 100 | 109 |
| FINDINGS_LEDGER.md | 1119 | count_20 | `.d7.all.hi` | 0 | 120 | 111 |
| FINDINGS_LEDGER.md | 1119 | count_20 | `.d7.all.mde` | 0 | 100 | 102 |
| FINDINGS_LEDGER.md | 1119 | count_20 | `.d7.years.2022.mean` | 2 | 7.4 | 7.5 |
| FINDINGS_LEDGER.md | 1119 | count_80 | `.d1.rows[5].hi` | 0 | 120 | 119 |
| FINDINGS_LEDGER.md | 1119 | count_80 | `.d7.all.lo` | 0 | 100 | 101 |
| FINDINGS_LEDGER.md | 1119 | count_80 | `.d7.years.2023.lo` | 0 | 120 | 127 |
| FINDINGS_LEDGER.md | 1119 | entry_exit_2_1 | `.d1.rows[5].hi` | 0 | 120 | 113 |
| FINDINGS_LEDGER.md | 1119 | entry_exit_2_1 | `.d7.years.2017.lo` | 0 | 100 | 106 |
| FINDINGS_LEDGER.md | 1119 | entry_exit_3_2 | `.d1.rows[0].hi` | 0 | 120 | 115 |
| FINDINGS_LEDGER.md | 1119 | entry_exit_3_2 | `.d1.rows[0].lo` | 0 | 100 | 103 |
| FINDINGS_LEDGER.md | 1119 | entry_exit_3_2 | `.d1.rows[5].lo` | 0 | 120 | 128 |
| FINDINGS_LEDGER.md | 1119 | entry_exit_3_2 | `.d7.years.2016.mde` | 0 | 120 | 121 |
| FINDINGS_LEDGER.md | 1119 | entry_exit_3_2 | `.d7.years.2017.lo` | 0 | 100 | 105 |
| FINDINGS_LEDGER.md | 1119 | entry_exit_3_2 | `.d7.years.2019.hi` | 0 | 100 | 92 |
| FINDINGS_LEDGER.md | 1119 | entry_exit_3_2 | `.d7.years.2023.lo` | 0 | 120 | 114 |
| FINDINGS_LEDGER.md | 1119 | foot_5 | `.d1.rows[0].lo` | 2 | 9.2 | 9.1 |
| FINDINGS_LEDGER.md | 1119 | foot_5 | `.d1.rows[0].mde` | 0 | 100 | 96 |
| FINDINGS_LEDGER.md | 1119 | foot_5 | `.d1.rows[2].mean` | 0 | 120 | 122 |
| FINDINGS_LEDGER.md | 1119 | foot_5 | `.d1.segments.second.lo` | 0 | 100 | 106 |
| FINDINGS_LEDGER.md | 1119 | foot_5 | `.d7.all.hi` | 0 | 120 | 128 |
| FINDINGS_LEDGER.md | 1119 | foot_5 | `.d7.years.2021.lo` | 0 | 120 | 118 |
| FINDINGS_LEDGER.md | 1119 | levels_1 | `.d3.groups.保有時間の帯【結果で決まる群】.3 分超.hi` | 0 | 120 | 121 |
| FINDINGS_LEDGER.md | 1119 | levels_1 | `.d3.groups.保有時間の帯【結果で決まる群】.3 分超.per_trade` | 0 | 120 | 130 |
| FINDINGS_LEDGER.md | 1119 | levels_1 | `.d7.years.2015.lo` | 0 | 100 | 101 |
| FINDINGS_LEDGER.md | 1119 | levels_3 | `.d1.rows[3].lo` | 0 | 100 | 102 |
| FINDINGS_LEDGER.md | 1119 | levels_3 | `.d1.rows[6].mean` | 0 | 120 | 117 |
| FINDINGS_LEDGER.md | 1119 | levels_3 | `.d7.all.mean` | 0 | 100 | 108 |
| FINDINGS_LEDGER.md | 1119 | levels_3 | `.d7.years.2015.lo` | 0 | 100 | 91 |
| FINDINGS_LEDGER.md | 1119 | levels_3 | `.d7.years.2016.mde` | 0 | 120 | 122 |
| FINDINGS_LEDGER.md | 1119 | levels_3 | `.d7.years.2018.mean` | 0 | 100 | 102 |
| FINDINGS_LEDGER.md | 1119 | levels_3 | `.d7.years.2019.mde` | 0 | 100 | 92 |
| FINDINGS_LEDGER.md | 1119 | levels_3 | `.d7.years.2019.mean` | 0 | 100 | 102 |
| FINDINGS_LEDGER.md | 1119 | levels_3 | `.d7.years.2020.mean` | 0 | 120 | 123 |
| FINDINGS_LEDGER.md | 1119 | levels_3 | `.d7.years.2022.hi` | 0 | 120 | 129 |
| FINDINGS_LEDGER.md | 1119 | levels_3 | `.d7.years.2022.mde` | 0 | 100 | 103 |
| FINDINGS_LEDGER.md | 1119 | levels_7 | `.d1.rows[0].mde` | 0 | 100 | 101 |
| FINDINGS_LEDGER.md | 1119 | levels_7 | `.d1.rows[5].lo` | 0 | 120 | 114 |
| FINDINGS_LEDGER.md | 1119 | levels_7 | `.d1.rows[6].lo` | 0 | 100 | 96 |
| FINDINGS_LEDGER.md | 1119 | levels_7 | `.d1.rows[7].hi` | 0 | 100 | 96 |
| FINDINGS_LEDGER.md | 1119 | levels_7 | `.d1.segments.second.hi` | 0 | 100 | 106 |
| FINDINGS_LEDGER.md | 1119 | levels_7 | `.d1.segments.second.mde` | 0 | 100 | 101 |
| FINDINGS_LEDGER.md | 1119 | levels_7 | `.d3.trade_quantiles.0.95` | 0 | 100 | 103 |
| FINDINGS_LEDGER.md | 1119 | levels_7 | `.d7.years.2016.lo` | 0 | 120 | 123 |
| FINDINGS_LEDGER.md | 1119 | levels_7 | `.d7.years.2017.mde` | 0 | 120 | 121 |
| FINDINGS_LEDGER.md | 1119 | levels_7 | `.d7.years.2018.lo` | 0 | 100 | 90 |
| FINDINGS_LEDGER.md | 1119 | levels_7 | `.d7.years.2021.mde` | 0 | 100 | 96 |
| FINDINGS_LEDGER.md | 1119 | levels_7 | `.d7.years.2021.mean` | 0 | 120 | 112 |
| FINDINGS_LEDGER.md | 1119 | levels_7 | `.d7.years.2022.mean` | 0 | 120 | 124 |
| FINDINGS_LEDGER.md | 1119 | levels_7 | `.d7.years.2023.mean` | 0 | 120 | 123 |
| FINDINGS_LEDGER.md | 1119 | range_hi_none | `.d1.rows[0].mde` | 0 | 120 | 124 |
| FINDINGS_LEDGER.md | 1119 | range_hi_none | `.d1.segments.second.mde` | 0 | 120 | 123 |
| FINDINGS_LEDGER.md | 1119 | range_hi_none | `.d3.trade_quantiles.0.95` | 0 | 120 | 128 |
| FINDINGS_LEDGER.md | 1119 | range_hi_none | `.d7.years.2017.mean` | 0 | 100 | 110 |
| FINDINGS_LEDGER.md | 1119 | range_hi_p75 | `.d1.rows[0].lo` | 0 | 100 | 101 |
| FINDINGS_LEDGER.md | 1119 | range_hi_p75 | `.d1.rows[2].lo` | 0 | 100 | 102 |
| FINDINGS_LEDGER.md | 1119 | range_hi_p75 | `.d1.rows[4].lo` | 0 | 120 | 127 |
| FINDINGS_LEDGER.md | 1119 | range_hi_p75 | `.d1.rows[8].hi` | 0 | 120 | 112 |
| FINDINGS_LEDGER.md | 1119 | range_hi_p75 | `.d1.segments.first.mde` | 0 | 120 | 126 |
| FINDINGS_LEDGER.md | 1119 | range_hi_p75 | `.d3.trade_quantiles.0.95` | 0 | 100 | 90 |
| FINDINGS_LEDGER.md | 1119 | range_hi_p75 | `.d7.years.2015.lo` | 0 | 120 | 118 |
| FINDINGS_LEDGER.md | 1119 | range_hi_p75 | `.d7.years.2016.lo` | 0 | 100 | 96 |
| FINDINGS_LEDGER.md | 1119 | range_hi_p75 | `.d7.years.2023.mde` | 0 | 100 | 92 |
| FINDINGS_LEDGER.md | 1119 | range_hi_p90 | `.d1.rows[7].hi` | 0 | 100 | 108 |
| FINDINGS_LEDGER.md | 1119 | range_hi_p90 | `.d1.segments.second.mde` | 0 | 120 | 114 |
| FINDINGS_LEDGER.md | 1119 | range_hi_p90 | `.d3.trade_quantiles.0.95` | 0 | 100 | 109 |
| FINDINGS_LEDGER.md | 1119 | range_hi_p90 | `.d7.all.lo` | 0 | 100 | 96 |
| FINDINGS_LEDGER.md | 1119 | range_hi_p90 | `.d7.years.2016.hi` | 0 | 100 | 101 |
| FINDINGS_LEDGER.md | 1119 | range_hi_p90 | `.d7.years.2016.mde` | 0 | 120 | 122 |
| FINDINGS_LEDGER.md | 1119 | range_hi_p90 | `.d7.years.2019.hi` | 0 | 120 | 121 |
| FINDINGS_LEDGER.md | 1119 | range_hi_p90 | `.d7.years.2022.lo` | 0 | 120 | 129 |
| FINDINGS_LEDGER.md | 1119 | range_lo_none | `.d1.rows[0].hi` | 0 | 120 | 124 |
| FINDINGS_LEDGER.md | 1119 | range_lo_none | `.d1.rows[0].mde` | 0 | 120 | 123 |
| FINDINGS_LEDGER.md | 1119 | range_lo_none | `.d1.segments.second.mde` | 0 | 120 | 125 |
| FINDINGS_LEDGER.md | 1119 | range_lo_none | `.d3.groups.保有時間の帯【結果で決まる群】.〜0 分.per_trade` | 2 | 7.4 | 7.3 |
| FINDINGS_LEDGER.md | 1119 | range_lo_none | `.d3.trade_quantiles.0.95` | 0 | 120 | 127 |
| FINDINGS_LEDGER.md | 1119 | range_lo_p10 | `.d1.rows[0].mde` | 0 | 120 | 121 |
| FINDINGS_LEDGER.md | 1119 | range_lo_p10 | `.d1.rows[5].lo` | 0 | 120 | 119 |
| FINDINGS_LEDGER.md | 1119 | range_lo_p10 | `.d1.rows[8].hi` | 0 | 120 | 123 |
| FINDINGS_LEDGER.md | 1119 | range_lo_p10 | `.d1.segments.second.mde` | 0 | 120 | 125 |
| FINDINGS_LEDGER.md | 1119 | range_lo_p10 | `.d3.groups.保有時間の帯【結果で決まる群】.〜1 分.per_trade` | 2 | 12.6 | 12.5 |
| FINDINGS_LEDGER.md | 1119 | range_lo_p10 | `.d7.years.2016.mean` | 0 | 120 | 125 |
| FINDINGS_LEDGER.md | 1119 | range_lo_p25 | `.d1.rows[0].mde` | 0 | 120 | 118 |
| FINDINGS_LEDGER.md | 1119 | range_lo_p25 | `.d1.rows[2].mean` | 0 | 120 | 116 |
| FINDINGS_LEDGER.md | 1119 | range_lo_p25 | `.d1.rows[5].lo` | 0 | 120 | 119 |
| FINDINGS_LEDGER.md | 1119 | range_lo_p25 | `.d1.rows[9].hi` | 0 | 120 | 127 |
| FINDINGS_LEDGER.md | 1119 | range_lo_p25 | `.d1.segments.second.hi` | 0 | 100 | 105 |
| FINDINGS_LEDGER.md | 1119 | range_lo_p25 | `.d1.segments.second.mde` | 0 | 120 | 121 |
| FINDINGS_LEDGER.md | 1119 | range_lo_p25 | `.d7.years.2015.hi` | 0 | 100 | 91 |
| FINDINGS_LEDGER.md | 1119 | range_lo_p25 | `.d7.years.2020.hi` | 0 | 100 | 107 |
| FINDINGS_LEDGER.md | 1119 | range_lo_p50 | `.d1.rows[0].mde` | 0 | 100 | 106 |
| FINDINGS_LEDGER.md | 1119 | range_lo_p50 | `.d1.rows[0].mean` | 0 | 100 | 91 |
| FINDINGS_LEDGER.md | 1119 | range_lo_p50 | `.d1.rows[1].mean` | 0 | 120 | 111 |
| FINDINGS_LEDGER.md | 1119 | range_lo_p50 | `.d1.rows[6].mean` | 0 | 120 | 116 |
| FINDINGS_LEDGER.md | 1119 | range_lo_p50 | `.d1.segments.second.mde` | 0 | 120 | 112 |
| FINDINGS_LEDGER.md | 1119 | range_lo_p50 | `.d7.years.2017.lo` | 0 | 100 | 108 |
| FINDINGS_LEDGER.md | 1119 | range_lo_p50 | `.d7.years.2017.mde` | 0 | 100 | 102 |
| FINDINGS_LEDGER.md | 1119 | range_lo_p50 | `.d7.years.2018.mde` | 0 | 100 | 102 |
| FINDINGS_LEDGER.md | 1119 | range_lo_p50 | `.d7.years.2019.lo` | 0 | 120 | 115 |
| FINDINGS_LEDGER.md | 1119 | range_lo_p50 | `.d7.years.2020.mde` | 0 | 100 | 103 |
| FINDINGS_LEDGER.md | 1119 | range_lo_p50 | `.d7.years.2020.mean` | 0 | 120 | 110 |
| FINDINGS_LEDGER.md | 1119 | range_lo_p50 | `.d7.years.2021.lo` | 0 | 100 | 103 |
| FINDINGS_LEDGER.md | 1119 | range_lo_p50 | `.d7.years.2022.lo` | 0 | 100 | 103 |
| FINDINGS_LEDGER.md | 1119 | step_2 | `.d1.rows[0].mde` | 0 | 100 | 92 |
| FINDINGS_LEDGER.md | 1119 | step_2 | `.d1.segments.second.mde` | 0 | 100 | 92 |
| FINDINGS_LEDGER.md | 1119 | step_2 | `.d7.years.2016.lo` | 0 | 120 | 111 |
| FINDINGS_LEDGER.md | 1119 | step_2 | `.d7.years.2016.mde` | 0 | 100 | 96 |
| FINDINGS_LEDGER.md | 1119 | step_2 | `.d7.years.2017.mean` | 0 | 120 | 123 |
| FINDINGS_LEDGER.md | 1119 | step_2 | `.d7.years.2018.hi` | 0 | 120 | 112 |
| FINDINGS_LEDGER.md | 1119 | step_2 | `.d7.years.2018.mde` | 0 | 120 | 127 |
| FINDINGS_LEDGER.md | 1119 | step_2 | `.d7.years.2019.mde` | 0 | 100 | 98 |
| FINDINGS_LEDGER.md | 1119 | step_2 | `.d7.years.2019.mean` | 0 | 120 | 114 |
| FINDINGS_LEDGER.md | 1119 | step_2 | `.d7.years.2020.lo` | 0 | 120 | 130 |
| FINDINGS_LEDGER.md | 1119 | step_2 | `.d7.years.2021.mde` | 0 | 120 | 115 |
| FINDINGS_LEDGER.md | 1119 | step_4 | `.d1.rows[2].mean` | 0 | 100 | 96 |
| FINDINGS_LEDGER.md | 1119 | step_4 | `.d1.rows[3].lo` | 0 | 100 | 91 |
| FINDINGS_LEDGER.md | 1119 | step_4 | `.d1.rows[6].mean` | 0 | 100 | 103 |
| FINDINGS_LEDGER.md | 1119 | step_4 | `.d1.rows[8].hi` | 0 | 120 | 119 |
| FINDINGS_LEDGER.md | 1119 | step_4 | `.d1.rows[8].mde` | 0 | 120 | 111 |
| FINDINGS_LEDGER.md | 1119 | step_4 | `.d1.rows[9].mde` | 0 | 120 | 112 |
| FINDINGS_LEDGER.md | 1119 | step_4 | `.d1.segments.first.mde` | 0 | 100 | 102 |
| FINDINGS_LEDGER.md | 1119 | step_4 | `.d1.segments.first.mean` | 0 | 120 | 129 |
| FINDINGS_LEDGER.md | 1119 | step_4 | `.d3.groups.保有時間の帯【結果で決まる群】.〜0 分.hi` | 2 | 9.2 | 9.1 |
| FINDINGS_LEDGER.md | 1119 | step_4 | `.d3.groups.出の理由【結果で決まる群】.break.hi` | 0 | 120 | 117 |
| FINDINGS_LEDGER.md | 1119 | step_4 | `.d3.groups.出の理由【結果で決まる群】.break.lo` | 0 | 120 | 129 |
| FINDINGS_LEDGER.md | 1119 | step_4 | `.d3.groups.出の理由【結果で決まる群】.break.per_trade` | 0 | 120 | 123 |
| FINDINGS_LEDGER.md | 1119 | step_4 | `.d3.trade_quantiles.0.99` | 0 | 120 | 115 |
| FINDINGS_LEDGER.md | 1119 | step_4 | `.d7.all.lo` | 0 | 120 | 130 |
| FINDINGS_LEDGER.md | 1119 | step_4 | `.d7.years.2016.hi` | 0 | 100 | 101 |
| FINDINGS_LEDGER.md | 1119 | step_4 | `.d7.years.2017.hi` | 0 | 100 | 92 |
| FINDINGS_LEDGER.md | 1119 | step_4 | `.d7.years.2020.mean` | 0 | 100 | 109 |
| FINDINGS_LEDGER.md | 1119 | step_4 | `.d7.years.2021.mean` | 0 | 100 | 92 |
| FINDINGS_LEDGER.md | 1119 | step_4 | `.d7.years.2022.mde` | 0 | 120 | 113 |
| FINDINGS_LEDGER.md | 1119 | vola_gate_p10 | `.d1.rows[0].hi` | 0 | 120 | 119 |
| FINDINGS_LEDGER.md | 1119 | vola_gate_p10 | `.d1.rows[0].mde` | 0 | 120 | 119 |
| FINDINGS_LEDGER.md | 1119 | vola_gate_p10 | `.d1.rows[5].lo` | 0 | 100 | 106 |
| FINDINGS_LEDGER.md | 1119 | vola_gate_p10 | `.d1.rows[8].hi` | 0 | 120 | 126 |
| FINDINGS_LEDGER.md | 1119 | vola_gate_p10 | `.d1.segments.second.mde` | 0 | 120 | 124 |
| FINDINGS_LEDGER.md | 1119 | vola_gate_p10 | `.d3.trade_quantiles.0.25` | 2 | 7.4 | 7.5 |
| FINDINGS_LEDGER.md | 1119 | vola_gate_p10 | `.d7.years.2016.mean` | 0 | 100 | 107 |
| FINDINGS_LEDGER.md | 1119 | vola_gate_p25 | `.d1.rows[0].mde` | 0 | 120 | 114 |
| FINDINGS_LEDGER.md | 1119 | vola_gate_p25 | `.d1.rows[5].lo` | 0 | 100 | 105 |
| FINDINGS_LEDGER.md | 1119 | vola_gate_p25 | `.d1.segments.second.mde` | 0 | 120 | 122 |
| FINDINGS_LEDGER.md | 1119 | vola_gate_p25 | `.d7.years.2020.hi` | 0 | 100 | 108 |
| FINDINGS_LEDGER.md | 1119 | vola_gate_p50 | `.d1.rows[0].mde` | 0 | 100 | 103 |
| FINDINGS_LEDGER.md | 1119 | vola_gate_p50 | `.d1.rows[0].mean` | 0 | 100 | 99 |
| FINDINGS_LEDGER.md | 1119 | vola_gate_p50 | `.d1.rows[1].mean` | 0 | 120 | 125 |
| FINDINGS_LEDGER.md | 1119 | vola_gate_p50 | `.d1.rows[2].hi` | 0 | 120 | 121 |
| FINDINGS_LEDGER.md | 1119 | vola_gate_p50 | `.d1.rows[6].mean` | 0 | 120 | 117 |
| FINDINGS_LEDGER.md | 1119 | vola_gate_p50 | `.d1.rows[8].mean` | 0 | 120 | 115 |
| FINDINGS_LEDGER.md | 1119 | vola_gate_p50 | `.d1.segments.second.mde` | 0 | 120 | 113 |
| FINDINGS_LEDGER.md | 1119 | vola_gate_p50 | `.d7.all.hi` | 0 | 100 | 95 |
| FINDINGS_LEDGER.md | 1119 | vola_gate_p50 | `.d7.years.2016.hi` | 0 | 100 | 95 |
| FINDINGS_LEDGER.md | 1119 | vola_gate_p50 | `.d7.years.2018.mean` | 0 | 100 | 105 |
| FINDINGS_LEDGER.md | 1119 | vola_gate_p50 | `.d7.years.2019.lo` | 0 | 100 | 99 |
| FINDINGS_LEDGER.md | 1119 | vola_gate_p50 | `.d7.years.2019.mde` | 0 | 100 | 91 |
| FINDINGS_LEDGER.md | 1119 | vola_gate_p50 | `.d7.years.2020.mean` | 0 | 120 | 111 |
| FINDINGS_LEDGER.md | 1119 | vola_gate_p50 | `.d7.years.2022.mde` | 0 | 100 | 90 |
| FINDINGS_LEDGER.md | 1130 | foot_5 | `.d1.rows[0].lo` | 2 | 9.2 | 9.1 |
| FINDINGS_LEDGER.md | 1130 | levels_7 | `.d3.groups.保有時間の帯【結果で決まる群】.1 分超〜3 分.hi` | 2 | 7.2 | 7.3 |
| FINDINGS_LEDGER.md | 1130 | range_hi_p90 | `.d3.groups.保有時間の帯【結果で決まる群】.1 分超〜3 分.per_trade` | 2 | 7.2 | 7.3 |
| FINDINGS_LEDGER.md | 1130 | range_hi_p90 | `.d7.years.2016.mean` | 2 | 7.2 | 7.3 |
| FINDINGS_LEDGER.md | 1130 | step_4 | `.d3.groups.保有時間の帯【結果で決まる群】.〜0 分.hi` | 2 | 9.2 | 9.1 |
| FINDINGS_LEDGER.md | 1145 | alert_x1 | `.d1.rows[7].mde` | 0 | 360 | 353 |
| FINDINGS_LEDGER.md | 1145 | alert_x1 | `.d1.segments.second.lo` | 0 | 360 | 359 |
| FINDINGS_LEDGER.md | 1145 | alert_x1 | `.d7.years.2015.mde` | 0 | 360 | 351 |
| FINDINGS_LEDGER.md | 1145 | alert_x2 | `.d1.rows[7].mde` | 0 | 360 | 353 |
| FINDINGS_LEDGER.md | 1145 | alert_x2 | `.d1.segments.first.mean` | 0 | 360 | 370 |
| FINDINGS_LEDGER.md | 1145 | alert_x2 | `.d1.segments.second.lo` | 0 | 360 | 359 |
| FINDINGS_LEDGER.md | 1145 | base | `.d1.rows[7].mde` | 0 | 360 | 353 |
| FINDINGS_LEDGER.md | 1145 | base | `.d1.segments.first.mean` | 0 | 360 | 362 |
| FINDINGS_LEDGER.md | 1145 | base | `.d3.groups.出の理由【結果で決まる群】.market.lo` | 0 | 360 | 361 |
| FINDINGS_LEDGER.md | 1145 | beard_off | `.d3.groups.出の理由【結果で決まる群】.break.lo` | 0 | 360 | 355 |
| FINDINGS_LEDGER.md | 1145 | beard_off | `.d3.groups.出の理由【結果で決まる群】.market.per_trade` | 0 | 360 | 367 |
| FINDINGS_LEDGER.md | 1145 | break_delay_3 | `.d7.years.2015.mde` | 0 | 360 | 351 |
| FINDINGS_LEDGER.md | 1145 | break_delay_4 | `.d1.segments.diff.hi` | 0 | 360 | 350 |
| FINDINGS_LEDGER.md | 1145 | break_delay_8 | `.d1.rows[2].hi` | 0 | 360 | 364 |
| FINDINGS_LEDGER.md | 1145 | break_delay_8 | `.d1.rows[5].hi` | 0 | 360 | 354 |
| FINDINGS_LEDGER.md | 1145 | break_delay_8 | `.d1.segments.first.hi` | 0 | 360 | 357 |
| FINDINGS_LEDGER.md | 1145 | break_dist_0.25 | `.d1.rows[4].mean` | 0 | 360 | 368 |
| FINDINGS_LEDGER.md | 1145 | break_dist_0.25 | `.d1.rows[7].lo` | 0 | 360 | 365 |
| FINDINGS_LEDGER.md | 1145 | break_dist_0.25 | `.d1.rows[9].mean` | 0 | 360 | 368 |
| FINDINGS_LEDGER.md | 1145 | break_dist_0.25 | `.d7.years.2018.lo` | 0 | 360 | 369 |
| FINDINGS_LEDGER.md | 1145 | break_dist_1 | `.d1.rows[4].mde` | 0 | 360 | 355 |
| FINDINGS_LEDGER.md | 1145 | break_dist_1 | `.d1.rows[9].hi` | 0 | 360 | 353 |
| FINDINGS_LEDGER.md | 1145 | break_dist_1 | `.d7.years.2019.hi` | 0 | 360 | 357 |
| FINDINGS_LEDGER.md | 1145 | break_len_mult_4 | `.d1.rows[0].hi` | 0 | 360 | 353 |
| FINDINGS_LEDGER.md | 1145 | break_len_mult_4 | `.d1.rows[6].hi` | 0 | 360 | 359 |
| FINDINGS_LEDGER.md | 1145 | break_len_mult_4 | `.d3.groups.出の理由【結果で決まる群】.break.lo` | 0 | 360 | 362 |
| FINDINGS_LEDGER.md | 1145 | break_off | `.d1.segments.first.mde` | 0 | 360 | 353 |
| FINDINGS_LEDGER.md | 1145 | count_20 | `.d7.years.2016.mean` | 0 | 360 | 358 |
| FINDINGS_LEDGER.md | 1145 | count_20 | `.d7.years.2018.mde` | 0 | 360 | 362 |
| FINDINGS_LEDGER.md | 1145 | count_20 | `.d7.years.2019.lo` | 0 | 360 | 364 |
| FINDINGS_LEDGER.md | 1145 | count_80 | `.d1.rows[4].mde` | 0 | 360 | 370 |
| FINDINGS_LEDGER.md | 1145 | count_80 | `.d7.years.2021.mde` | 0 | 360 | 369 |
| FINDINGS_LEDGER.md | 1145 | entry_exit_2_1 | `.d1.rows[9].hi` | 0 | 360 | 368 |
| FINDINGS_LEDGER.md | 1145 | entry_exit_2_1 | `.d7.years.2018.lo` | 0 | 360 | 358 |
| FINDINGS_LEDGER.md | 1145 | entry_exit_3_2 | `.d1.rows[4].lo` | 0 | 360 | 366 |
| FINDINGS_LEDGER.md | 1145 | entry_exit_3_2 | `.d1.rows[7].hi` | 0 | 360 | 367 |
| FINDINGS_LEDGER.md | 1145 | entry_exit_3_2 | `.d3.groups.出の理由【結果で決まる群】.break.lo` | 0 | 360 | 352 |
| FINDINGS_LEDGER.md | 1145 | entry_exit_3_2 | `.d7.years.2016.hi` | 0 | 360 | 358 |
| FINDINGS_LEDGER.md | 1145 | entry_exit_3_2 | `.d7.years.2018.hi` | 0 | 360 | 364 |
| FINDINGS_LEDGER.md | 1145 | foot_5 | `.d7.years.2023.lo` | 0 | 360 | 354 |
| FINDINGS_LEDGER.md | 1145 | levels_1 | `.d1.rows[5].mde` | 0 | 360 | 366 |
| FINDINGS_LEDGER.md | 1145 | levels_1 | `.d1.rows[9].mde` | 0 | 360 | 362 |
| FINDINGS_LEDGER.md | 1145 | levels_1 | `.d1.segments.first.mde` | 0 | 360 | 352 |
| FINDINGS_LEDGER.md | 1145 | levels_1 | `.d3.groups.出の理由【結果で決まる群】.market.hi` | 0 | 360 | 354 |
| FINDINGS_LEDGER.md | 1145 | levels_1 | `.d3.trade_quantiles.0.99` | 0 | 360 | 355 |
| FINDINGS_LEDGER.md | 1145 | levels_3 | `.d1.rows[4].mde` | 0 | 360 | 369 |
| FINDINGS_LEDGER.md | 1145 | levels_3 | `.d1.segments.second.hi` | 0 | 360 | 364 |
| FINDINGS_LEDGER.md | 1145 | levels_3 | `.d3.groups.出の理由【結果で決まる群】.market.per_trade` | 0 | 360 | 351 |
| FINDINGS_LEDGER.md | 1145 | levels_7 | `.d1.rows[9].mean` | 0 | 360 | 356 |
| FINDINGS_LEDGER.md | 1145 | range_hi_none | `.d1.segments.second.lo` | 0 | 360 | 358 |
| FINDINGS_LEDGER.md | 1145 | range_hi_none | `.d3.groups.出の理由【結果で決まる群】.market.lo` | 0 | 360 | 361 |
| FINDINGS_LEDGER.md | 1145 | range_hi_p75 | `.d1.rows[8].lo` | 0 | 360 | 356 |
| FINDINGS_LEDGER.md | 1145 | range_hi_p90 | `.d1.rows[4].mean` | 0 | 360 | 355 |
| FINDINGS_LEDGER.md | 1145 | range_hi_p90 | `.d1.segments.second.lo` | 0 | 360 | 356 |
| FINDINGS_LEDGER.md | 1145 | range_hi_p90 | `.d7.years.2017.mde` | 0 | 360 | 351 |
| FINDINGS_LEDGER.md | 1145 | range_hi_p90 | `.d7.years.2018.lo` | 0 | 360 | 358 |
| FINDINGS_LEDGER.md | 1145 | range_lo_none | `.d1.rows[7].mde` | 0 | 360 | 353 |
| FINDINGS_LEDGER.md | 1145 | range_lo_none | `.d1.segments.first.mean` | 0 | 360 | 362 |
| FINDINGS_LEDGER.md | 1145 | range_lo_none | `.d3.groups.出の理由【結果で決まる群】.market.lo` | 0 | 360 | 361 |
| FINDINGS_LEDGER.md | 1145 | range_lo_p10 | `.d1.rows[7].mde` | 0 | 360 | 353 |
| FINDINGS_LEDGER.md | 1145 | range_lo_p25 | `.d1.rows[2].lo` | 0 | 360 | 362 |
| FINDINGS_LEDGER.md | 1145 | range_lo_p25 | `.d1.rows[7].mde` | 0 | 360 | 354 |
| FINDINGS_LEDGER.md | 1145 | range_lo_p25 | `.d1.rows[7].mean` | 0 | 360 | 358 |
| FINDINGS_LEDGER.md | 1145 | range_lo_p25 | `.d1.rows[8].lo` | 0 | 360 | 364 |
| FINDINGS_LEDGER.md | 1145 | range_lo_p25 | `.d3.groups.出の理由【結果で決まる群】.market.per_trade` | 0 | 360 | 357 |
| FINDINGS_LEDGER.md | 1145 | range_lo_p50 | `.d1.rows[5].hi` | 0 | 360 | 352 |
| FINDINGS_LEDGER.md | 1145 | range_lo_p50 | `.d3.groups.出の理由【結果で決まる群】.market.hi` | 0 | 360 | 365 |
| FINDINGS_LEDGER.md | 1145 | step_2 | `.d1.rows[2].mde` | 0 | 360 | 355 |
| FINDINGS_LEDGER.md | 1145 | step_2 | `.d1.rows[3].mde` | 0 | 360 | 364 |
| FINDINGS_LEDGER.md | 1145 | vola_gate_p10 | `.d1.rows[2].mde` | 0 | 360 | 364 |
| FINDINGS_LEDGER.md | 1145 | vola_gate_p10 | `.d1.rows[7].mde` | 0 | 360 | 353 |
| FINDINGS_LEDGER.md | 1145 | vola_gate_p10 | `.d7.years.2015.mde` | 0 | 360 | 370 |
| FINDINGS_LEDGER.md | 1145 | vola_gate_p25 | `.d1.rows[7].mde` | 0 | 360 | 354 |
| FINDINGS_LEDGER.md | 1145 | vola_gate_p25 | `.d1.rows[8].lo` | 0 | 360 | 366 |
| FINDINGS_LEDGER.md | 1145 | vola_gate_p25 | `.d1.rows[9].lo` | 0 | 360 | 358 |
| FINDINGS_LEDGER.md | 1145 | vola_gate_p50 | `.d1.rows[5].hi` | 0 | 360 | 361 |
| FINDINGS_LEDGER.md | 1145 | vola_gate_p50 | `.d3.trade_quantiles.0.05` | 0 | 360 | 353 |
| FINDINGS_LEDGER.md | 1147 | alert_x1 | `.d1.rows[7].mde` | 0 | 360 | 353 |
| FINDINGS_LEDGER.md | 1147 | alert_x1 | `.d7.years.2015.mde` | 0 | 360 | 351 |
| FINDINGS_LEDGER.md | 1147 | alert_x2 | `.d1.rows[7].mde` | 0 | 360 | 353 |
| FINDINGS_LEDGER.md | 1147 | alert_x2 | `.d1.segments.first.mean` | 0 | 360 | 370 |
| FINDINGS_LEDGER.md | 1147 | base | `.d1.rows[7].mde` | 0 | 360 | 353 |
| FINDINGS_LEDGER.md | 1147 | base | `.d1.segments.first.mean` | 0 | 360 | 362 |
| FINDINGS_LEDGER.md | 1147 | base | `.d3.groups.出の理由【結果で決まる群】.market.lo` | 0 | 360 | 361 |
| FINDINGS_LEDGER.md | 1147 | beard_off | `.d3.groups.出の理由【結果で決まる群】.break.lo` | 0 | 360 | 355 |
| FINDINGS_LEDGER.md | 1147 | beard_off | `.d3.groups.出の理由【結果で決まる群】.market.per_trade` | 0 | 360 | 367 |
| FINDINGS_LEDGER.md | 1147 | break_delay_3 | `.d7.years.2015.mde` | 0 | 360 | 351 |
| FINDINGS_LEDGER.md | 1147 | break_delay_4 | `.d1.segments.diff.hi` | 0 | 360 | 350 |
| FINDINGS_LEDGER.md | 1147 | break_delay_8 | `.d1.rows[2].hi` | 0 | 360 | 364 |
| FINDINGS_LEDGER.md | 1147 | break_delay_8 | `.d1.rows[5].hi` | 0 | 360 | 354 |
| FINDINGS_LEDGER.md | 1147 | break_delay_8 | `.d1.segments.first.hi` | 0 | 360 | 357 |
| FINDINGS_LEDGER.md | 1147 | break_dist_0.25 | `.d1.rows[4].mean` | 0 | 360 | 368 |
| FINDINGS_LEDGER.md | 1147 | break_dist_0.25 | `.d1.rows[7].lo` | 0 | 360 | 365 |
| FINDINGS_LEDGER.md | 1147 | break_dist_0.25 | `.d1.rows[9].mean` | 0 | 360 | 368 |
| FINDINGS_LEDGER.md | 1147 | break_dist_0.25 | `.d7.years.2018.lo` | 0 | 360 | 369 |
| FINDINGS_LEDGER.md | 1147 | break_dist_1 | `.d1.rows[4].mde` | 0 | 360 | 355 |
| FINDINGS_LEDGER.md | 1147 | break_dist_1 | `.d1.rows[9].hi` | 0 | 360 | 353 |
| FINDINGS_LEDGER.md | 1147 | break_dist_1 | `.d7.years.2019.hi` | 0 | 360 | 357 |
| FINDINGS_LEDGER.md | 1147 | break_len_mult_4 | `.d1.rows[0].hi` | 0 | 360 | 353 |
| FINDINGS_LEDGER.md | 1147 | break_len_mult_4 | `.d3.groups.出の理由【結果で決まる群】.break.lo` | 0 | 360 | 362 |
| FINDINGS_LEDGER.md | 1147 | break_off | `.d1.segments.first.mde` | 0 | 360 | 353 |
| FINDINGS_LEDGER.md | 1147 | count_20 | `.d7.years.2016.mean` | 0 | 360 | 358 |
| FINDINGS_LEDGER.md | 1147 | count_20 | `.d7.years.2018.mde` | 0 | 360 | 362 |
| FINDINGS_LEDGER.md | 1147 | count_20 | `.d7.years.2019.lo` | 0 | 360 | 364 |
| FINDINGS_LEDGER.md | 1147 | count_80 | `.d1.rows[4].mde` | 0 | 360 | 370 |
| FINDINGS_LEDGER.md | 1147 | count_80 | `.d7.years.2021.mde` | 0 | 360 | 369 |
| FINDINGS_LEDGER.md | 1147 | entry_exit_2_1 | `.d1.rows[9].hi` | 0 | 360 | 368 |
| FINDINGS_LEDGER.md | 1147 | entry_exit_2_1 | `.d7.years.2018.lo` | 0 | 360 | 358 |
| FINDINGS_LEDGER.md | 1147 | entry_exit_3_2 | `.d1.rows[4].lo` | 0 | 360 | 366 |
| FINDINGS_LEDGER.md | 1147 | entry_exit_3_2 | `.d1.rows[7].hi` | 0 | 360 | 367 |
| FINDINGS_LEDGER.md | 1147 | entry_exit_3_2 | `.d3.groups.出の理由【結果で決まる群】.break.lo` | 0 | 360 | 352 |
| FINDINGS_LEDGER.md | 1147 | entry_exit_3_2 | `.d7.years.2016.hi` | 0 | 360 | 358 |
| FINDINGS_LEDGER.md | 1147 | entry_exit_3_2 | `.d7.years.2018.hi` | 0 | 360 | 364 |
| FINDINGS_LEDGER.md | 1147 | foot_5 | `.d7.years.2023.lo` | 0 | 360 | 354 |
| FINDINGS_LEDGER.md | 1147 | levels_1 | `.d1.rows[5].mde` | 0 | 360 | 366 |
| FINDINGS_LEDGER.md | 1147 | levels_1 | `.d1.rows[9].mde` | 0 | 360 | 362 |
| FINDINGS_LEDGER.md | 1147 | levels_1 | `.d1.segments.first.mde` | 0 | 360 | 352 |
| FINDINGS_LEDGER.md | 1147 | levels_1 | `.d3.groups.出の理由【結果で決まる群】.market.hi` | 0 | 360 | 354 |
| FINDINGS_LEDGER.md | 1147 | levels_1 | `.d3.trade_quantiles.0.99` | 0 | 360 | 355 |
| FINDINGS_LEDGER.md | 1147 | levels_3 | `.d1.rows[4].mde` | 0 | 360 | 369 |
| FINDINGS_LEDGER.md | 1147 | levels_3 | `.d1.segments.second.hi` | 0 | 360 | 364 |
| FINDINGS_LEDGER.md | 1147 | levels_3 | `.d3.groups.出の理由【結果で決まる群】.market.per_trade` | 0 | 360 | 351 |
| FINDINGS_LEDGER.md | 1147 | levels_7 | `.d1.rows[9].mean` | 0 | 360 | 356 |
| FINDINGS_LEDGER.md | 1147 | range_hi_none | `.d1.segments.second.lo` | 0 | 360 | 358 |
| FINDINGS_LEDGER.md | 1147 | range_hi_none | `.d3.groups.出の理由【結果で決まる群】.market.lo` | 0 | 360 | 361 |
| FINDINGS_LEDGER.md | 1147 | range_hi_p75 | `.d1.rows[8].lo` | 0 | 360 | 356 |
| FINDINGS_LEDGER.md | 1147 | range_hi_p90 | `.d1.rows[4].mean` | 0 | 360 | 355 |
| FINDINGS_LEDGER.md | 1147 | range_hi_p90 | `.d1.segments.second.lo` | 0 | 360 | 356 |
| FINDINGS_LEDGER.md | 1147 | range_hi_p90 | `.d7.years.2017.mde` | 0 | 360 | 351 |
| FINDINGS_LEDGER.md | 1147 | range_hi_p90 | `.d7.years.2018.lo` | 0 | 360 | 358 |
| FINDINGS_LEDGER.md | 1147 | range_lo_none | `.d1.rows[7].mde` | 0 | 360 | 353 |
| FINDINGS_LEDGER.md | 1147 | range_lo_none | `.d1.segments.first.mean` | 0 | 360 | 362 |
| FINDINGS_LEDGER.md | 1147 | range_lo_none | `.d3.groups.出の理由【結果で決まる群】.market.lo` | 0 | 360 | 361 |
| FINDINGS_LEDGER.md | 1147 | range_lo_p10 | `.d1.rows[7].mde` | 0 | 360 | 353 |
| FINDINGS_LEDGER.md | 1147 | range_lo_p25 | `.d1.rows[2].lo` | 0 | 360 | 362 |
| FINDINGS_LEDGER.md | 1147 | range_lo_p25 | `.d1.rows[7].mde` | 0 | 360 | 354 |
| FINDINGS_LEDGER.md | 1147 | range_lo_p25 | `.d1.rows[7].mean` | 0 | 360 | 358 |
| FINDINGS_LEDGER.md | 1147 | range_lo_p25 | `.d1.rows[8].lo` | 0 | 360 | 364 |
| FINDINGS_LEDGER.md | 1147 | range_lo_p25 | `.d3.groups.出の理由【結果で決まる群】.market.per_trade` | 0 | 360 | 357 |
| FINDINGS_LEDGER.md | 1147 | range_lo_p50 | `.d1.rows[5].hi` | 0 | 360 | 352 |
| FINDINGS_LEDGER.md | 1147 | range_lo_p50 | `.d3.groups.出の理由【結果で決まる群】.market.hi` | 0 | 360 | 365 |
| FINDINGS_LEDGER.md | 1147 | step_2 | `.d1.rows[2].mde` | 0 | 360 | 355 |
| FINDINGS_LEDGER.md | 1147 | step_2 | `.d1.rows[3].mde` | 0 | 360 | 364 |
| FINDINGS_LEDGER.md | 1147 | vola_gate_p10 | `.d1.rows[2].mde` | 0 | 360 | 364 |
| FINDINGS_LEDGER.md | 1147 | vola_gate_p10 | `.d1.rows[7].mde` | 0 | 360 | 353 |
| FINDINGS_LEDGER.md | 1147 | vola_gate_p10 | `.d7.years.2015.mde` | 0 | 360 | 370 |
| FINDINGS_LEDGER.md | 1147 | vola_gate_p25 | `.d1.rows[7].mde` | 0 | 360 | 354 |
| FINDINGS_LEDGER.md | 1147 | vola_gate_p25 | `.d1.rows[8].lo` | 0 | 360 | 366 |
| FINDINGS_LEDGER.md | 1147 | vola_gate_p25 | `.d1.rows[9].lo` | 0 | 360 | 358 |
| FINDINGS_LEDGER.md | 1147 | vola_gate_p50 | `.d1.rows[5].hi` | 0 | 360 | 361 |
| FINDINGS_LEDGER.md | 1147 | vola_gate_p50 | `.d3.trade_quantiles.0.05` | 0 | 360 | 353 |
