t_send,t_recv,rtt_ms,endpoint,http_status,ws_lag_ms,ws_note
1789243411.211474,1789243411.2664328,54.95882034301758,public:getticker,200,65700.28448104858,ok
1789243411.2664566,1789243411.3341002,67.64364242553711,private:getpermissions,200,65700.28448104858,ok
1789243441.2118366,1789243441.2526302,40.793657302856445,public:getticker,200,95668.17498207092,unchanged
1789243441.252647,1789243441.3019953,49.34835433959961,private:getpermissions,200,95668.17498207092,unchanged
1789243471.2121165,1789243471.2435973,31.480789184570312,public:getticker,200,7100.512266159058,ok
1789243471.2436125,1789243471.291242,47.629356384277344,private:getpermissions,200,7100.512266159058,ok
1789243501.2123644,1789243501.2527041,40.33970832824707,public:getticker,200,37104.97426986694,unchanged
1789243501.2527175,1789243501.2957058,42.98830032348633,private:getpermissions,200,37104.97426986694,unchanged
1789243531.2127225,1789243531.2478774,35.15481948852539,public:getticker,200,7145.995140075684,ok
1789243531.247893,1789243531.309841,61.94782257080078,private:getpermissions,200,7145.995140075684,ok
1789243561.2130413,1789243561.2502248,37.183523178100586,public:getticker,200,37125.63443183899,unchanged
1789243561.2502406,1789243561.2894793,39.238691329956055,private:getpermissions,200,37125.63443183899,unchanged
1789243591.213281,1789243591.2493136,36.032676696777344,public:getticker,200,6547.660827636719,ok
1789243591.249328,1789243591.2875931,38.265228271484375,private:getpermissions,200,6547.660827636719,ok
1789243621.2135634,1789243621.2514212,37.857770919799805,public:getticker,200,36623.42953681946,unchanged
1789243621.2514663,1789243621.36336,111.8936538696289,private:getpermissions,200,36623.42953681946,unchanged
1789243651.2138271,1789243651.2281072,14.280080795288086,public:getticker,200,6464.941501617432,ok
1789243651.2281196,1789243651.2706823,42.56272315979004,private:getpermissions,200,6464.941501617432,ok
1789243681.2140627,1789243681.2514563,37.39356994628906,public:getticker,200,36496.445178985596,unchanged
1789243681.251471,1789243681.3021858,50.714731216430664,private:getpermissions,200,36496.445178985596,unchanged
1789243711.2143269,1789243711.2502759,35.948991775512695,public:getticker,200,5283.926248550415,ok
1789243711.2502909,1789243711.3043,54.009199142456055,private:getpermissions,200,5283.926248550415,ok
1789243741.214778,1789243741.2528162,38.03825378417969,public:getticker,200,35275.52533149719,unchanged
1789243741.2528317,1789243741.2958996,43.06793212890625,private:getpermissions,200,35275.52533149719,unchanged
1789243771.2151818,1789243771.2535741,38.39230537414551,public:getticker,200,5107.9535484313965,ok
1789243771.2535894,1789243771.308494,54.90469932556152,private:getpermissions,200,5107.9535484313965,ok
1789243801.2159095,1789243801.249119,33.20956230163574,public:getticker,200,35092.151403427124,unchanged
1789243801.2491353,1789243801.292695,43.55978965759277,private:getpermissions,200,35092.151403427124,unchanged
1789243831.2161689,1789243831.248713,32.54413604736328,public:getticker,200,2940.729856491089,ok
1789243831.2487266,1789243831.2897124,40.985822677612305,private:getpermissions,200,2940.729856491089,ok
1789243861.2171829,1789243861.2528632,35.680294036865234,public:getticker,200,32943.3319568634,unchanged
1789243861.2528787,1789243861.2923133,39.43467140197754,private:getpermissions,200,32943.3319568634,unchanged
1789243891.2183778,1789243891.2646816,46.303749084472656,public:getticker,200,2330.01708984375,ok
1789243891.2646961,1789243891.3030994,38.40327262878418,private:getpermissions,200,2330.01708984375,ok
1789243921.2192795,1789243921.2344565,15.177011489868164,public:getticker,200,32298.98953437805,unchanged
1789243921.2344713,1789243921.2720702,37.59884834289551,private:getpermissions,200,32298.98953437805,unchanged
1789243951.2203639,1789243951.2565746,36.21077537536621,public:getticker,200,2337.6615047454834,ok
1789243951.2565901,1789243951.3025014,45.911312103271484,private:getpermissions,200,2337.6615047454834,ok
1789243981.2215266,1789243981.3674834,145.95675468444824,public:getticker,200,32646.82936668396,unchanged
1789243981.3674984,1789243981.61167,244.1716194152832,private:getpermissions,200,32646.82936668396,unchanged
1789244011.2220778,1789244011.2563312,34.25335884094238,public:getticker,200,2302.43182182312,ok
1789244011.2563453,1789244011.2975855,41.24021530151367,private:getpermissions,200,2302.43182182312,ok
1789244041.2226386,1789244041.2699149,47.27625846862793,public:getticker,200,32334.340572357178,unchanged
1789244041.2699316,1789244041.3294945,59.56292152404785,private:getpermissions,200,32334.340572357178,unchanged
1789244071.2231283,1789244071.2566214,33.4930419921875,public:getticker,200,2146.977186203003,ok
1789244071.2566364,1789244071.2962158,39.57939147949219,private:getpermissions,200,2146.977186203003,ok
1789244101.2235062,1789244101.2594173,35.91108322143555,public:getticker,200,32164.268255233765,unchanged
1789244101.259435,1789244101.3135052,54.070234298706055,private:getpermissions,200,32164.268255233765,unchanged
1789244131.2239895,1789244131.2588055,34.81602668762207,public:getticker,200,2132.0748329162598,ok
1789244131.2588203,1789244131.3096843,50.86398124694824,private:getpermissions,200,2132.0748329162598,ok
1789244161.2248101,1789244161.239535,14.724969863891602,public:getticker,200,32112.317085266113,unchanged
1789244161.2395494,1789244161.289926,50.37665367126465,private:getpermissions,200,32112.317085266113,unchanged
1789244191.2253234,1789244191.2598927,34.56926345825195,public:getticker,200,1733.673334121704,ok
1789244191.2599118,1789244191.3002949,40.383100509643555,private:getpermissions,200,1733.673334121704,ok
1789244221.225646,1789244221.2409234,15.277385711669922,public:getticker,200,31717.806339263916,unchanged
1789244221.240938,1789244221.284429,43.49112510681152,private:getpermissions,200,31717.806339263916,unchanged
1789244251.2264838,1789244251.260921,34.43717956542969,public:getticker,200,1785.5937480926514,ok
1789244251.260936,1789244251.3079245,46.988487243652344,private:getpermissions,200,1785.5937480926514,ok
1789244281.2267282,1789244281.2602916,33.56337547302246,public:getticker,200,31773.29421043396,unchanged
1789244281.2603076,1789244281.2956252,35.31765937805176,private:getpermissions,200,31773.29421043396,unchanged
1789244311.2269516,1789244311.2611213,34.169673919677734,public:getticker,200,1246.8574047088623,ok
1789244311.2611341,1789244311.3004947,39.36052322387695,private:getpermissions,200,1246.8574047088623,ok
1789244341.2275057,1789244341.2699687,42.463064193725586,public:getticker,200,31260.828733444214,unchanged
1789244341.2699845,1789244341.3144653,44.48080062866211,private:getpermissions,200,31260.828733444214,unchanged
1789244371.2280188,1789244371.2673192,39.30044174194336,public:getticker,200,1006.0601234436035,ok
1789244371.2673345,1789244371.3188324,51.4979362487793,private:getpermissions,200,1006.0601234436035,ok
1789244401.2287064,1789244401.2441306,15.424251556396484,public:getticker,200,30986.794233322144,unchanged
1789244401.24415,1789244401.2995667,55.41682243347168,private:getpermissions,200,30986.794233322144,unchanged
1789244431.2291467,1789244431.2885025,59.355735778808594,public:getticker,200,1069.0417289733887,ok
1789244431.2885194,1789244431.3378747,49.355268478393555,private:getpermissions,200,1069.0417289733887,ok
1789244461.2296095,1789244461.27163,42.020559310913086,public:getticker,200,31041.444301605225,unchanged
1789244461.2716463,1789244461.310278,38.63167762756348,private:getpermissions,200,31041.444301605225,unchanged
1789244491.230197,1789244491.2650135,34.81650352478027,public:getticker,200,1240.3008937835693,ok
1789244491.2650278,1789244491.31982,54.792165756225586,private:getpermissions,200,1240.3008937835693,ok
1789244521.2309322,1789244521.2684646,37.53232955932617,public:getticker,200,31240.675926208496,unchanged
1789244521.2684813,1789244521.3201942,51.712989807128906,private:getpermissions,200,31240.675926208496,unchanged
1789244551.2321243,1789244551.2817264,49.60203170776367,public:getticker,200,61254.32848930359,unchanged
1789244551.2817435,1789244551.3338451,52.10161209106445,private:getpermissions,200,61254.32848930359,unchanged
1789244581.2323456,1789244581.266519,34.17348861694336,public:getticker,200,29745.124340057373,ok
1789244581.266534,1789244581.3135774,47.0433235168457,private:getpermissions,200,29745.124340057373,ok
1789244611.2325904,1789244611.2706845,38.09404373168945,public:getticker,200,59741.49036407471,unchanged
1789244611.2706988,1789244611.3099442,39.2453670501709,private:getpermissions,200,59741.49036407471,unchanged
1789244641.23344,1789244641.266624,33.184051513671875,public:getticker,200,29490.17906188965,ok
1789244641.2666397,1789244641.3065834,39.943695068359375,private:getpermissions,200,29490.17906188965,ok
1789244671.233768,1789244671.2487338,14.96577262878418,public:getticker,200,59478.00874710083,unchanged
1789244671.248749,1789244671.2944114,45.66240310668945,private:getpermissions,200,59478.00874710083,unchanged
1789244701.2346628,1789244701.2496846,15.021800994873047,public:getticker,200,28926.66459083557,ok
1789244701.249699,1789244701.300538,50.83894729614258,private:getpermissions,200,28926.66459083557,ok
1789244731.235445,1789244731.2744446,38.99955749511719,public:getticker,200,58942.94786453247,unchanged
1789244731.2744598,1789244731.3168213,42.36149787902832,private:getpermissions,200,58942.94786453247,unchanged
1789244761.2356827,1789244761.2712893,35.60662269592285,public:getticker,200,28817.989587783813,ok
1789244761.2713058,1789244761.3221407,50.83489418029785,private:getpermissions,200,28817.989587783813,ok
1789244791.2359493,1789244791.2685125,32.563209533691406,public:getticker,200,-2227.5164127349854,ok
1789244791.2685268,1789244791.3078575,39.33072090148926,private:getpermissions,200,-2227.5164127349854,ok
1789244821.2362216,1789244821.2705705,34.34896469116211,public:getticker,200,27811.675548553467,unchanged
1789244821.2705855,1789244821.3470476,76.4620304107666,private:getpermissions,200,27811.675548553467,unchanged
1789244851.236625,1789244851.2746325,38.007497787475586,public:getticker,200,57796.6787815094,unchanged
1789244851.2746487,1789244851.3320513,57.402610778808594,private:getpermissions,200,57796.6787815094,unchanged
1789244881.237494,1789244881.2516775,14.183521270751953,public:getticker,200,27722.61095046997,ok
1789244881.2516916,1789244881.3033385,51.64694786071777,private:getpermissions,200,27722.61095046997,ok
1789244911.238687,1789244911.2725892,33.90216827392578,public:getticker,200,57737.499952316284,unchanged
1789244911.2726054,1789244911.3182273,45.62187194824219,private:getpermissions,200,57737.499952316284,unchanged
1789244941.2389266,1789244941.2536874,14.760732650756836,public:getticker,200,27748.84843826294,ok
1789244941.2537014,1789244941.3070197,53.31826210021973,private:getpermissions,200,27748.84843826294,ok
1789244971.2391853,1789244971.279384,40.198564529418945,public:getticker,200,57841.2709236145,unchanged
1789244971.279399,1789244971.3994415,120.04256248474121,private:getpermissions,200,57841.2709236145,unchanged
1789245001.2394197,1789245001.276161,36.74125671386719,public:getticker,200,27313.732624053955,ok
1789245001.276175,1789245001.3175595,41.38445854187012,private:getpermissions,200,27313.732624053955,ok
1789245031.2396584,1789245031.2544112,14.752864837646484,public:getticker,200,57290.67587852478,unchanged
1789245031.254425,1789245031.2945025,40.07744789123535,private:getpermissions,200,57290.67587852478,unchanged
1789245061.2399077,1789245061.2727082,32.80043601989746,public:getticker,200,27801.11336708069,ok
1789245061.272722,1789245061.3276432,54.92115020751953,private:getpermissions,200,27801.11336708069,ok
1789245091.2402036,1789245091.2552826,15.079021453857422,public:getticker,200,-2890.2528285980225,ok
1789245091.2552962,1789245091.3162768,60.98055839538574,private:getpermissions,200,-2890.2528285980225,ok
1789245121.2404594,1789245121.273932,33.472537994384766,public:getticker,200,27123.9230632782,unchanged
1789245121.2739468,1789245121.3304532,56.50639533996582,private:getpermissions,200,27123.9230632782,unchanged
1789245151.2409494,1789245151.2738683,32.91893005371094,public:getticker,200,57112.11967468262,unchanged
1789245151.2738955,1789245151.3186493,44.7537899017334,private:getpermissions,200,57112.11967468262,unchanged
1789245181.2412071,1789245181.2649186,23.711442947387695,public:getticker,200,24641.66831970215,ok
1789245181.2649329,1789245181.3174865,52.553653717041016,private:getpermissions,200,24641.66831970215,ok
1789245211.2414331,1789245211.3048868,63.45367431640625,public:getticker,200,54670.09449005127,unchanged
1789245211.3049037,1789245211.3459113,41.00751876831055,private:getpermissions,200,54670.09449005127,unchanged
1789245241.2417026,1789245241.2564366,14.734029769897461,public:getticker,200,24560.487985610962,ok
1789245241.256449,1789245241.310405,53.956031799316406,private:getpermissions,200,24560.487985610962,ok
1789245271.2419431,1789245271.2565901,14.64700698852539,public:getticker,200,54548.99072647095,unchanged
1789245271.256604,1789245271.2989078,42.30380058288574,private:getpermissions,200,54548.99072647095,unchanged
1789245301.2421937,1789245301.2567158,14.522075653076172,public:getticker,200,23993.528604507446,ok
1789245301.2567303,1789245301.294524,37.793636322021484,private:getpermissions,200,23993.528604507446,ok
1789245331.242438,1789245331.257466,15.027999877929688,public:getticker,200,54007.447719573975,unchanged
1789245331.2574825,1789245331.3084419,50.95934867858887,private:getpermissions,200,54007.447719573975,unchanged
1789245361.2434285,1789245361.2581906,14.762163162231445,public:getticker,200,25356.66513442993,ok
1789245361.2582057,1789245361.3024063,44.20065879821777,private:getpermissions,200,25356.66513442993,ok
1789245391.2436583,1789245391.6143813,370.72300910949707,public:getticker,200,55711.743116378784,unchanged
1789245391.6143959,1789245391.6574857,43.089866638183594,private:getpermissions,200,55711.743116378784,unchanged
1789245421.2439053,1789245421.2769127,33.00738334655762,public:getticker,200,20521.4581489563,ok
1789245421.2769277,1789245421.330048,53.12037467956543,private:getpermissions,200,20521.4581489563,ok
1789245451.2441478,1789245451.2610495,16.901731491088867,public:getticker,200,50493.025064468384,unchanged
1789245451.2610624,1789245451.301617,40.55452346801758,private:getpermissions,200,50493.025064468384,unchanged
1789245481.2443876,1789245481.2585993,14.211654663085938,public:getticker,200,20439.762353897095,ok
1789245481.2586122,1789245481.2931352,34.52301025390625,private:getpermissions,200,20439.762353897095,ok
1789245511.2446413,1789245511.2795804,34.93905067443848,public:getticker,200,50654.09302711487,unchanged
1789245511.2795944,1789245511.5074658,227.87141799926758,private:getpermissions,200,50654.09302711487,unchanged
1789245541.244915,1789245541.2594147,14.499664306640625,public:getticker,200,20874.55654144287,ok
1789245541.2594302,1789245541.4011357,141.70551300048828,private:getpermissions,200,20874.55654144287,ok
1789245571.2461467,1789245571.2864938,40.34709930419922,public:getticker,200,50823.52423667908,unchanged
1789245571.2865074,1789245571.3501034,63.59601020812988,private:getpermissions,200,50823.52423667908,unchanged
1789245601.2463622,1789245601.2602806,13.918399810791016,public:getticker,200,20340.349435806274,ok
1789245601.2602935,1789245601.3120394,51.74589157104492,private:getpermissions,200,20340.349435806274,ok
1789245631.2466147,1789245631.2820952,35.480499267578125,public:getticker,200,50700.767040252686,unchanged
1789245631.624099,1789245631.672456,48.35700988769531,private:getpermissions,200,50700.767040252686,unchanged
1789245661.246848,1789245661.270534,23.685932159423828,public:getticker,200,20268.07689666748,ok
1789245661.2705488,1789245661.333326,62.77728080749512,private:getpermissions,200,20268.07689666748,ok
1789245691.2470849,1789245691.2780695,30.98464012145996,public:getticker,200,50251.08885765076,unchanged
1789245691.2780852,1789245691.316338,38.252830505371094,private:getpermissions,200,50251.08885765076,unchanged
1789245721.247307,1789245721.2610884,13.781309127807617,public:getticker,200,20115.68522453308,ok
1789245721.261101,1789245721.3017957,40.6947135925293,private:getpermissions,200,20115.68522453308,ok
1789245751.2475479,1789245751.2832654,35.71748733520508,public:getticker,200,50138.08035850525,unchanged
1789245751.2832792,1789245751.324191,40.91191291809082,private:getpermissions,200,50138.08035850525,unchanged
1789245781.2477953,1789245781.2631392,15.343904495239258,public:getticker,200,19622.299909591675,ok
1789245781.2631536,1789245781.3164747,53.321123123168945,private:getpermissions,200,19622.299909591675,ok
1789245811.24804,1789245811.2797904,31.75044059753418,public:getticker,200,49632.625102996826,unchanged
1789245811.279803,1789245811.3267996,46.9965934753418,private:getpermissions,200,49632.625102996826,unchanged
1789245841.248301,1789245841.4795897,231.28867149353027,public:getticker,200,20281.1017036438,ok
1789245841.479604,1789245841.5213776,41.77355766296387,private:getpermissions,200,20281.1017036438,ok
1789245871.2485394,1789245871.2677643,19.224882125854492,public:getticker,200,50066.19739532471,unchanged
1789245871.267777,1789245871.3064716,38.69462013244629,private:getpermissions,200,50066.19739532471,unchanged
1789245901.2487936,1789245901.2628176,14.024019241333008,public:getticker,200,19516.765594482422,ok
1789245901.262832,1789245901.299689,36.85712814331055,private:getpermissions,200,19516.765594482422,ok
1789245931.2490356,1789245931.290057,41.02134704589844,public:getticker,200,49560.73045730591,unchanged
1789245931.2900705,1789245931.343653,53.58242988586426,private:getpermissions,200,49560.73045730591,unchanged
1789245961.2493012,1789245961.2911017,41.800498962402344,public:getticker,200,19452.533960342407,ok
1789245961.2911158,1789245961.33339,42.27423667907715,private:getpermissions,200,19452.533960342407,ok
1789245991.2495627,1789245991.3018851,52.3223876953125,public:getticker,200,49478.06167602539,unchanged
1789245991.301901,1789245991.3589172,57.01613426208496,private:getpermissions,200,49478.06167602539,unchanged
1789246021.2497995,1789246021.2891598,39.36028480529785,public:getticker,200,19789.815664291382,ok
1789246021.2891736,1789246021.333301,44.127464294433594,private:getpermissions,200,19789.815664291382,ok
1789246051.2500398,1789246051.2833927,33.35285186767578,public:getticker,200,49776.662826538086,unchanged
1789246051.2834074,1789246051.3201485,36.741018295288086,private:getpermissions,200,49776.662826538086,unchanged
1789246081.2510822,1789246081.2844758,33.39362144470215,public:getticker,200,19660.83264350891,ok
1789246081.2844913,1789246081.3261468,41.655540466308594,private:getpermissions,200,19660.83264350891,ok
1789246111.2519383,1789246111.3852487,133.31031799316406,public:getticker,200,49770.41172981262,unchanged
1789246111.3852654,1789246111.435726,50.4605770111084,private:getpermissions,200,49770.41172981262,unchanged
1789246141.2526503,1789246141.2672317,14.581441879272461,public:getticker,200,19058.8641166687,ok
1789246141.2672462,1789246141.321201,53.9548397064209,private:getpermissions,200,19058.8641166687,ok
1789246171.2528892,1789246171.2883985,35.509347915649414,public:getticker,200,49070.4448223114,unchanged
1789246171.2884145,1789246171.3327818,44.367313385009766,private:getpermissions,200,49070.4448223114,unchanged
1789246201.2541177,1789246201.2685232,14.405488967895508,public:getticker,200,19180.410861968994,ok
1789246201.2685668,1789246201.3100083,41.44144058227539,private:getpermissions,200,19180.410861968994,ok
1789246231.2543807,1789246231.295881,41.50032997131348,public:getticker,200,49229.17413711548,unchanged
1789246231.2958949,1789246231.3587716,62.87670135498047,private:getpermissions,200,49229.17413711548,unchanged
1789246261.2546537,1789246261.2862153,31.561613082885742,public:getticker,200,18048.532724380493,ok
1789246261.286254,1789246261.3345473,48.293352127075195,private:getpermissions,200,18048.532724380493,ok
1789246291.2549005,1789246291.3017232,46.82278633117676,public:getticker,200,48071.90680503845,unchanged
1789246291.3017375,1789246291.35792,56.1823844909668,private:getpermissions,200,48071.90680503845,unchanged
1789246321.2551734,1789246321.2918115,36.63802146911621,public:getticker,200,18532.43088722229,ok
1789246321.2918265,1789246321.345501,53.67445945739746,private:getpermissions,200,18532.43088722229,ok
1789246351.255429,1789246351.2933621,37.9331111907959,public:getticker,200,48521.03137969971,unchanged
1789246351.2933762,1789246351.3341038,40.72761535644531,private:getpermissions,200,48521.03137969971,unchanged
1789246381.255718,1789246381.270291,14.573097229003906,public:getticker,200,17771.29292488098,ok
1789246381.270304,1789246381.3061907,35.88676452636719,private:getpermissions,200,17771.29292488098,ok
1789246411.2559557,1789246411.2928512,36.8955135345459,public:getticker,200,47799.04317855835,unchanged
1789246411.2928658,1789246411.3339412,41.07546806335449,private:getpermissions,200,47799.04317855835,unchanged
1789246441.2561994,1789246441.2880983,31.898975372314453,public:getticker,200,17616.392374038696,ok
1789246441.2881129,1789246441.325661,37.548065185546875,private:getpermissions,200,17616.392374038696,ok
1789246471.2568097,1789246471.2908905,34.08074378967285,public:getticker,200,47623.01778793335,unchanged
1789246471.290905,1789246471.3322868,41.3818359375,private:getpermissions,200,47623.01778793335,unchanged
1789246501.2576897,1789246501.290883,33.193349838256836,public:getticker,200,17515.51866531372,ok
1789246501.2908976,1789246501.3295257,38.62810134887695,private:getpermissions,200,17515.51866531372,ok
1789246531.257951,1789246531.3033657,45.41468620300293,public:getticker,200,47531.00609779358,unchanged
1789246531.3033807,1789246531.3450131,41.63241386413574,private:getpermissions,200,47531.00609779358,unchanged
1789246561.2581933,1789246561.2708187,12.625455856323242,public:getticker,200,17095.776796340942,ok
1789246561.2708316,1789246561.3127067,41.87512397766113,private:getpermissions,200,17095.776796340942,ok
1789246591.2589738,1789246591.2926822,33.70833396911621,public:getticker,200,47126.23310089111,unchanged
1789246591.2926972,1789246591.3431623,50.46510696411133,private:getpermissions,200,47126.23310089111,unchanged
1789246621.2592118,1789246621.300511,41.29910469055176,public:getticker,200,17461.249828338623,ok
1789246621.3005269,1789246621.3548381,54.311275482177734,private:getpermissions,200,17461.249828338623,ok
1789246651.2599432,1789246651.297443,37.49966621398926,public:getticker,200,47440.659523010254,unchanged
1789246651.2974577,1789246651.3342476,36.789894104003906,private:getpermissions,200,47440.659523010254,unchanged
1789246681.2601757,1789246681.2755442,15.368461608886719,public:getticker,200,17169.843435287476,ok
1789246681.27556,1789246681.330588,55.02820014953613,private:getpermissions,200,17169.843435287476,ok
1789246711.2610693,1789246711.2977884,36.71908378601074,public:getticker,200,47191.364765167236,unchanged
1789246711.2978077,1789246711.3521087,54.30102348327637,private:getpermissions,200,47191.364765167236,unchanged
1789246741.2613418,1789246741.3008113,39.46948051452637,public:getticker,200,17092.10157394409,ok
1789246741.3008258,1789246741.3424225,41.59665107727051,private:getpermissions,200,17092.10157394409,ok
1789246771.262048,1789246771.2772794,15.23137092590332,public:getticker,200,47084.4190120697,unchanged
1789246771.2772946,1789246771.3347397,57.44504928588867,private:getpermissions,200,47084.4190120697,unchanged
1789246801.262431,1789246801.2771077,14.676809310913086,public:getticker,200,16930.71746826172,ok
1789246801.2771208,1789246801.3182008,41.07999801635742,private:getpermissions,200,16930.71746826172,ok
1789246831.2628167,1789246831.2994123,36.59558296203613,public:getticker,200,46950.950384140015,unchanged
1789246831.2994275,1789246831.3384342,39.006710052490234,private:getpermissions,200,46950.950384140015,unchanged
1789246861.2632012,1789246861.2775056,14.304399490356445,public:getticker,200,15562.031507492065,ok
1789246861.2775197,1789246861.3205574,43.03765296936035,private:getpermissions,200,15562.031507492065,ok
1789246891.2638335,1789246891.3079932,44.159650802612305,public:getticker,200,45605.52382469177,unchanged
1789246891.3080094,1789246891.364049,56.03957176208496,private:getpermissions,200,45605.52382469177,unchanged
1789246921.264467,1789246921.2793412,14.87421989440918,public:getticker,200,15269.954919815063,ok
1789246921.2793536,1789246921.3452837,65.93012809753418,private:getpermissions,200,15269.954919815063,ok
1789246951.264963,1789246951.299545,34.58213806152344,public:getticker,200,45268.73683929443,unchanged
1789246951.299563,1789246951.344064,44.50106620788574,private:getpermissions,200,45268.73683929443,unchanged
1789246981.26603,1789246981.3032115,37.18137741088867,public:getticker,200,14666.02087020874,ok
1789246981.3032277,1789246981.3618062,58.5784912109375,private:getpermissions,200,14666.02087020874,ok
1789247011.2668712,1789247011.2981296,31.258344650268555,public:getticker,200,44640.75779914856,unchanged
1789247011.2981458,1789247011.336543,38.39731216430664,private:getpermissions,200,44640.75779914856,unchanged
1789247041.2676072,1789247041.2826462,15.03896713256836,public:getticker,200,14501.389265060425,ok
1789247041.282662,1789247041.3405104,57.848453521728516,private:getpermissions,200,14501.389265060425,ok
1789247071.2679853,1789247071.303,35.01462936401367,public:getticker,200,44512.75825500488,unchanged
1789247071.3030155,1789247071.3518798,48.86436462402344,private:getpermissions,200,44512.75825500488,unchanged
1789247101.2682476,1789247101.3023257,34.078121185302734,public:getticker,200,14085.25800704956,ok
1789247101.302339,1789247101.3527348,50.39572715759277,private:getpermissions,200,14085.25800704956,ok
1789247131.2686093,1789247131.3053565,36.74721717834473,public:getticker,200,44092.51141548157,unchanged
1789247131.3053713,1789247131.3599865,54.61525917053223,private:getpermissions,200,44092.51141548157,unchanged
1789247161.2689214,1789247161.3014183,32.49692916870117,public:getticker,200,13661.325216293335,ok
1789247161.3014338,1789247161.389108,87.67414093017578,private:getpermissions,200,13661.325216293335,ok
1789247191.2695255,1789247191.3037708,34.24525260925293,public:getticker,200,43621.716022491455,unchanged
1789247191.303786,1789247191.349498,45.71199417114258,private:getpermissions,200,43621.716022491455,unchanged
1789247221.2706144,1789247221.284767,14.15252685546875,public:getticker,200,13115.159034729004,ok
1789247221.284781,1789247221.3246968,39.91580009460449,private:getpermissions,200,13115.159034729004,ok
1789247251.271344,1789247251.3057835,34.4395637512207,public:getticker,200,43137.14098930359,unchanged
1789247251.3057995,1789247251.3466785,40.879011154174805,private:getpermissions,200,43137.14098930359,unchanged
1789247281.27213,1789247281.2872224,15.09237289428711,public:getticker,200,13275.315523147583,ok
1789247281.2872374,1789247281.3363817,49.14426803588867,private:getpermissions,200,13275.315523147583,ok
1789247311.2733417,1789247311.287811,14.469385147094727,public:getticker,200,43285.059213638306,unchanged
1789247311.287825,1789247311.3461251,58.300018310546875,private:getpermissions,200,43285.059213638306,unchanged
1789247341.2736313,1789247341.337642,64.0106201171875,public:getticker,200,12912.874221801758,ok
1789247341.3376575,1789247341.3804493,42.79184341430664,private:getpermissions,200,12912.874221801758,ok
1789247371.2745275,1789247371.5791447,304.61716651916504,public:getticker,200,43161.82494163513,unchanged
1789247371.5791616,1789247371.6293998,50.23813247680664,private:getpermissions,200,43161.82494163513,unchanged
1789247401.274673,1789247401.289648,14.97507095336914,public:getticker,200,13153.356790542603,ok
1789247401.2896612,1789247401.3385367,48.87557029724121,private:getpermissions,200,13153.356790542603,ok
1789247431.2750397,1789247431.3098655,34.825801849365234,public:getticker,200,43173.96783828735,unchanged
1789247431.3098805,1789247431.3591464,49.26586151123047,private:getpermissions,200,43173.96783828735,unchanged
1789247461.2761693,1789247461.3175516,41.3823127746582,public:getticker,200,13078.272819519043,ok
1789247461.3175669,1789247461.3623953,44.82841491699219,private:getpermissions,200,13078.272819519043,ok
1789247491.2769783,1789247491.3151817,38.20347785949707,public:getticker,200,43090.73519706726,unchanged
1789247491.3151975,1789247491.374858,59.66043472290039,private:getpermissions,200,43090.73519706726,unchanged
1789247521.2775412,1789247521.292363,14.821767807006836,public:getticker,200,12423.855066299438,ok
1789247521.2923784,1789247521.3338518,41.473388671875,private:getpermissions,200,12423.855066299438,ok
1789247551.2781134,1789247551.2943993,16.28589630126953,public:getticker,200,42422.117710113525,unchanged
1789247551.2944138,1789247551.3321147,37.70089149475098,private:getpermissions,200,42422.117710113525,unchanged
1789247581.2785769,1789247581.293064,14.487266540527344,public:getticker,200,11730.687141418457,ok
1789247581.2930799,1789247581.3450475,51.967620849609375,private:getpermissions,200,11730.687141418457,ok
1789247611.279665,1789247611.3167539,37.088871002197266,public:getticker,200,41758.124351501465,unchanged
1789247611.316769,1789247611.3724844,55.71556091308594,private:getpermissions,200,41758.124351501465,unchanged
1789247641.280192,1789247641.322538,42.34600067138672,public:getticker,200,12106.564283370972,ok
1789247641.3225539,1789247641.3602676,37.71376609802246,private:getpermissions,200,12106.564283370972,ok
1789247671.2803724,1789247671.3168669,36.49449348449707,public:getticker,200,42103.410720825195,unchanged
1789247671.3168814,1789247671.3571146,40.23313522338867,private:getpermissions,200,42103.410720825195,unchanged
1789247701.280906,1789247701.2956357,14.729738235473633,public:getticker,200,11579.908609390259,ok
1789247701.2956498,1789247701.3305407,34.89089012145996,private:getpermissions,200,11579.908609390259,ok
1789247731.2819936,1789247731.3136249,31.6312313079834,public:getticker,200,41772.1893787384,unchanged
1789247731.313641,1789247731.5228212,209.18011665344238,private:getpermissions,200,41772.1893787384,unchanged
1789247761.2829762,1789247761.3002362,17.260074615478516,public:getticker,200,11398.592472076416,ok
1789247761.3002524,1789247761.3560731,55.82070350646973,private:getpermissions,200,11398.592472076416,ok
1789247791.2833393,1789247791.3023226,18.98336410522461,public:getticker,200,41396.464824676514,unchanged
1789247791.3023386,1789247791.3539462,51.607608795166016,private:getpermissions,200,41396.464824676514,unchanged
1789247821.283762,1789247821.2984476,14.685630798339844,public:getticker,200,11242.372512817383,ok
1789247821.2984629,1789247821.33743,38.967132568359375,private:getpermissions,200,11242.372512817383,ok
1789247851.2846496,1789247851.3258786,41.2290096282959,public:getticker,200,41281.46529197693,unchanged
1789247851.3258939,1789247851.376523,50.6291389465332,private:getpermissions,200,41281.46529197693,unchanged
1789247881.285606,1789247881.3211505,35.544633865356445,public:getticker,200,10967.164754867554,ok
1789247881.321166,1789247881.3619049,40.738821029663086,private:getpermissions,200,10967.164754867554,ok
1789247911.2857695,1789247911.319808,34.038543701171875,public:getticker,200,40977.26774215698,unchanged
1789247911.3198218,1789247911.3720093,52.187442779541016,private:getpermissions,200,40977.26774215698,unchanged
1789247941.285987,1789247941.297778,11.790990829467773,public:getticker,200,10793.265342712402,ok
1789247941.29779,1789247941.3440945,46.30446434020996,private:getpermissions,200,10793.265342712402,ok
1789247971.286143,1789247971.3230493,36.90624237060547,public:getticker,200,40812.1235370636,unchanged
1789247971.3230636,1789247971.3629532,39.88957405090332,private:getpermissions,200,40812.1235370636,unchanged
1789248001.2862968,1789248001.3009965,14.699697494506836,public:getticker,200,10675.94599723816,ok
1789248001.3010097,1789248001.3392444,38.234710693359375,private:getpermissions,200,10675.94599723816,ok
1789248031.2864647,1789248031.2991562,12.691497802734375,public:getticker,200,40689.24927711487,unchanged
1789248031.2991686,1789248031.352547,53.37834358215332,private:getpermissions,200,40689.24927711487,unchanged
1789248061.2869744,1789248061.3013,14.325618743896484,public:getticker,200,10379.406213760376,ok
1789248061.3013124,1789248061.339715,38.402557373046875,private:getpermissions,200,10379.406213760376,ok
1789248091.2871397,1789248091.2995234,12.383699417114258,public:getticker,200,40380.2125453949,unchanged
1789248091.299537,1789248091.340521,40.984153747558594,private:getpermissions,200,40380.2125453949,unchanged
1789248121.2879384,1789248121.300132,12.193679809570312,public:getticker,200,8674.71718788147,ok
1789248121.300145,1789248121.3380654,37.920475006103516,private:getpermissions,200,8674.71718788147,ok
1789248151.288687,1789248151.3015933,12.906312942504883,public:getticker,200,38692.580223083496,unchanged
1789248151.301607,1789248151.3559265,54.31962013244629,private:getpermissions,200,38692.580223083496,unchanged
1789248181.2888505,1789248181.300256,11.405467987060547,public:getticker,200,8718.454837799072,ok
1789248181.300271,1789248181.3608863,60.61530113220215,private:getpermissions,200,8718.454837799072,ok
1789248211.289024,1789248211.3014739,12.44974136352539,public:getticker,200,38715.52062034607,unchanged
1789248211.301488,1789248211.3579516,56.46371841430664,private:getpermissions,200,38715.52062034607,unchanged
1789248241.28919,1789248241.3013337,12.143611907958984,public:getticker,200,8495.829343795776,ok
1789248241.3013465,1789248241.3516276,50.28104782104492,private:getpermissions,200,8495.829343795776,ok
1789248271.2893739,1789248271.3019283,12.554407119750977,public:getticker,200,38488.55543136597,unchanged
1789248271.3019414,1789248271.3443549,42.41347312927246,private:getpermissions,200,38488.55543136597,unchanged
1789248301.2900195,1789248301.3029945,12.974977493286133,public:getticker,200,8443.72034072876,ok
1789248301.3030105,1789248301.3452463,42.2358512878418,private:getpermissions,200,8443.72034072876,ok
1789248331.2903173,1789248331.3027098,12.392520904541016,public:getticker,200,38441.227436065674,unchanged
1789248331.302725,1789248331.3427503,40.02523422241211,private:getpermissions,200,38441.227436065674,unchanged
1789248361.2904837,1789248361.3030198,12.536048889160156,public:getticker,200,8329.83422279358,ok
1789248361.3030329,1789248361.3413954,38.36250305175781,private:getpermissions,200,8329.83422279358,ok
1789248391.290653,1789248391.3235915,32.938480377197266,public:getticker,200,38638.893365859985,unchanged
1789248391.5977871,1789248391.6504529,52.66571044921875,private:getpermissions,200,38638.893365859985,unchanged
1789248421.2908795,1789248421.303413,12.533426284790039,public:getticker,200,5675.126552581787,ok
1789248421.3034258,1789248421.3437417,40.315866470336914,private:getpermissions,200,5675.126552581787,ok
1789248451.2910597,1789248451.3022902,11.23046875,public:getticker,200,35672.3849773407,unchanged
1789248451.3023036,1789248451.341002,38.698434829711914,private:getpermissions,200,35672.3849773407,unchanged
1789248481.2912545,1789248481.3032708,12.01629638671875,public:getticker,200,5756.427049636841,ok
1789248481.3032856,1789248481.356098,52.81233787536621,private:getpermissions,200,5756.427049636841,ok
1789248511.291427,1789248511.3032215,11.794567108154297,public:getticker,200,35755.6254863739,unchanged
1789248511.303237,1789248511.3552973,52.06036567687988,private:getpermissions,200,35755.6254863739,unchanged
1789248541.2915938,1789248541.3174884,25.894641876220703,public:getticker,200,5680.543422698975,ok
1789248541.3175008,1789248541.359071,41.570186614990234,private:getpermissions,200,5680.543422698975,ok
1789248571.2918475,1789248571.3037686,11.921167373657227,public:getticker,200,35678.01761627197,unchanged
1789248571.3037817,1789248571.3565462,52.7644157409668,private:getpermissions,200,35678.01761627197,unchanged
1789248601.2920115,1789248601.3029203,10.908842086791992,public:getticker,200,5711.724519729614,ok
1789248601.302933,1789248601.3541164,51.183462142944336,private:getpermissions,200,5711.724519729614,ok
1789248631.2927647,1789248631.3089955,16.23082160949707,public:getticker,200,35716.00937843323,unchanged
1789248631.30901,1789248631.3584,49.39007759094238,private:getpermissions,200,35716.00937843323,unchanged
1789248661.2929664,1789248661.3050606,12.094259262084961,public:getticker,200,3759.9616050720215,ok
1789248661.3050756,1789248661.3429935,37.9178524017334,private:getpermissions,200,3759.9616050720215,ok
1789248691.2936373,1789248691.329457,35.81976890563965,public:getticker,200,33784.31415557861,unchanged
1789248691.3294735,1789248691.367345,37.871599197387695,private:getpermissions,200,33784.31415557861,unchanged
1789248721.2938344,1789248721.3163712,22.536754608154297,public:getticker,200,3718.763828277588,ok
1789248721.3163846,1789248721.359781,43.3964729309082,private:getpermissions,200,3718.763828277588,ok
1789248751.2946112,1789248751.3296602,35.0489616394043,public:getticker,200,33730.96704483032,unchanged
1789248751.3296747,1789248751.3719835,42.308807373046875,private:getpermissions,200,33730.96704483032,unchanged
1789248781.295258,1789248781.3100247,14.766693115234375,public:getticker,200,2248.549222946167,ok
1789248781.3100395,1789248781.3459613,35.92181205749512,private:getpermissions,200,2248.549222946167,ok
1789248811.2954164,1789248811.3280377,32.62138366699219,public:getticker,200,32281.543970108032,unchanged
1789248811.3280525,1789248811.3789563,50.9037971496582,private:getpermissions,200,32281.543970108032,unchanged
1789248841.295585,1789248841.3332906,37.70565986633301,public:getticker,200,1892.8124904632568,ok
1789248841.3333042,1789248841.3861625,52.85835266113281,private:getpermissions,200,1892.8124904632568,ok
1789248871.2957852,1789248871.3107414,14.956235885620117,public:getticker,200,31857.20729827881,unchanged
1789248871.3107557,1789248871.350557,39.80135917663574,private:getpermissions,200,31857.20729827881,unchanged
1789248901.2965333,1789248901.311477,14.943599700927734,public:getticker,200,1588.7601375579834,ok
1789248901.3114934,1789248901.359796,48.302650451660156,private:getpermissions,200,1588.7601375579834,ok
1789248931.2975342,1789248931.3338525,36.318302154541016,public:getticker,200,31604.49528694153,unchanged
1789248931.3338654,1789248931.3755324,41.66698455810547,private:getpermissions,200,31604.49528694153,unchanged
1789248961.2977362,1789248961.3146214,16.88528060913086,public:getticker,200,1852.715015411377,ok
1789248961.3146353,1789248961.354961,40.32564163208008,private:getpermissions,200,1852.715015411377,ok
1789248991.297927,1789248991.335677,37.7500057220459,public:getticker,200,31874.794960021973,unchanged
1789248991.3356917,1789248991.37704,41.34821891784668,private:getpermissions,200,31874.794960021973,unchanged
1789249021.2981503,1789249021.515878,217.7276611328125,public:getticker,200,3561.2921714782715,ok
1789249021.515893,1789249023.0197923,1503.899335861206,private:getpermissions,200,3561.2921714782715,ok
1789249051.2986007,1789249051.331324,32.723426818847656,public:getticker,200,31939.664125442505,unchanged
1789249051.3313394,1789249051.3981647,66.82538986206055,private:getpermissions,200,31939.664125442505,unchanged
1789249081.299083,1789249081.3388467,39.763689041137695,public:getticker,200,1568.5515403747559,ok
1789249081.3388612,1789249081.381728,42.86670684814453,private:getpermissions,200,1568.5515403747559,ok
1789249111.299629,1789249111.338309,38.680076599121094,public:getticker,200,31575.69169998169,unchanged
1789249111.3383236,1789249111.3888683,50.54473876953125,private:getpermissions,200,31575.69169998169,unchanged
1789249141.3000758,1789249141.3384118,38.33603858947754,public:getticker,200,1691.8447017669678,ok
1789249141.338427,1789249141.3923223,53.89523506164551,private:getpermissions,200,1691.8447017669678,ok
1789249171.3006134,1789249171.3139277,13.314247131347656,public:getticker,200,31659.77954864502,unchanged
1789249171.313944,1789249171.3602576,46.31352424621582,private:getpermissions,200,31659.77954864502,unchanged
1789249201.3008513,1789249201.3175392,16.687870025634766,public:getticker,200,1185.9407424926758,ok
1789249201.3175528,1789249201.3695135,51.96070671081543,private:getpermissions,200,1185.9407424926758,ok
1789249231.3012016,1789249231.335596,34.39450263977051,public:getticker,200,31192.328929901123,unchanged
1789249231.3356106,1789249231.3759022,40.291547775268555,private:getpermissions,200,31192.328929901123,unchanged
1789249261.3013744,1789249261.3182802,16.905784606933594,public:getticker,200,1166.0900115966797,ok
1789249261.3182955,1789249261.3680918,49.796342849731445,private:getpermissions,200,1166.0900115966797,ok
1789249291.3024838,1789249291.3429856,40.50183296203613,public:getticker,200,31196.847915649414,unchanged
1789249291.3430033,1789249291.3988478,55.84454536437988,private:getpermissions,200,31196.847915649414,unchanged
1789249321.303449,1789249321.3381543,34.705400466918945,public:getticker,200,1501.326560974121,ok
1789249321.338169,1789249321.3927355,54.566383361816406,private:getpermissions,200,1501.326560974121,ok
1789249351.304574,1789249351.3383474,33.77342224121094,public:getticker,200,31501.23119354248,unchanged
1789249351.3383627,1789249351.39264,54.27742004394531,private:getpermissions,200,31501.23119354248,unchanged
1789249381.304748,1789249381.342476,37.72783279418945,public:getticker,200,1192.3754215240479,ok
1789249381.3424885,1789249381.382755,40.26651382446289,private:getpermissions,200,1192.3754215240479,ok
1789249411.3049254,1789249411.6447885,339.8630619049072,public:getticker,200,31508.801221847534,unchanged
1789249411.6448035,1789249411.6991804,54.376840591430664,private:getpermissions,200,31508.801221847534,unchanged
1789249441.3051164,1789249441.3419845,36.86809539794922,public:getticker,200,423.7794876098633,ok
1789249441.3419979,1789249441.38366,41.66221618652344,private:getpermissions,200,423.7794876098633,ok
1789249471.3053174,1789249471.3415854,36.267995834350586,public:getticker,200,30432.615756988525,unchanged
1789249471.3416002,1789249471.3924963,50.89616775512695,private:getpermissions,200,30432.615756988525,unchanged
1789249501.305509,1789249501.3218973,16.3881778717041,public:getticker,200,547.9824542999268,ok
1789249501.3219109,1789249501.3662515,44.34061050415039,private:getpermissions,200,547.9824542999268,ok
1789249531.3056684,1789249531.3413508,35.68243980407715,public:getticker,200,30564.953804016113,unchanged
1789249531.3413644,1789249531.383223,41.858673095703125,private:getpermissions,200,30564.953804016113,unchanged
1789249561.3058667,1789249561.3436575,37.790775299072266,public:getticker,200,60576.13921165466,unchanged
1789249561.3436718,1789249561.3944085,50.73666572570801,private:getpermissions,200,60576.13921165466,unchanged
1789249591.306535,1789249591.3218153,15.28024673461914,public:getticker,200,30410.87031364441,ok
1789249591.3218281,1789249591.359842,38.01393508911133,private:getpermissions,200,30410.87031364441,ok
1789249621.306724,1789249621.3508003,44.07620429992676,public:getticker,200,60454.46705818176,unchanged
1789249621.3508153,1789249621.4034367,52.62136459350586,private:getpermissions,200,60454.46705818176,unchanged
1789249651.3069003,1789249651.3415961,34.69586372375488,public:getticker,200,29223.989248275757,ok
1789249651.3416088,1789249651.3867946,45.18580436706543,private:getpermissions,200,29223.989248275757,ok
1789249681.3079817,1789249681.349622,41.640281677246094,public:getticker,200,59240.91601371765,unchanged
1789249681.3496382,1789249681.4037197,54.08143997192383,private:getpermissions,200,59240.91601371765,unchanged
1789249711.3085997,1789249711.3408709,32.27114677429199,public:getticker,200,28948.336362838745,ok
1789249711.3408847,1789249711.4816022,140.7175064086914,private:getpermissions,200,28948.336362838745,ok
1789249741.3087566,1789249741.3582702,49.51357841491699,public:getticker,200,58860.910415649414,unchanged
1789249741.3582845,1789249741.394177,35.892486572265625,private:getpermissions,200,58860.910415649414,unchanged
1789249771.3089225,1789249771.3300636,21.14105224609375,public:getticker,200,29081.63070678711,ok
1789249771.3300772,1789249771.3713417,41.26453399658203,private:getpermissions,200,29081.63070678711,ok
1789249801.3090873,1789249801.3237102,14.622926712036133,public:getticker,200,59070.537090301514,unchanged
1789249801.3237238,1789249801.3602479,36.524057388305664,private:getpermissions,200,59070.537090301514,unchanged
1789249831.309264,1789249831.3435788,34.314870834350586,public:getticker,200,28194.1659450531,ok
1789249831.3824685,1789249831.4216285,39.16001319885254,private:getpermissions,200,28194.1659450531,ok
1789249861.3098998,1789249861.3538816,43.98179054260254,public:getticker,200,58174.861431121826,unchanged
1789249861.3538973,1789249861.402226,48.32863807678223,private:getpermissions,200,58174.861431121826,unchanged
1789249891.3100588,1789249891.325033,14.974117279052734,public:getticker,200,25228.43647003174,ok
1789249891.3250475,1789249891.3706126,45.565128326416016,private:getpermissions,200,25228.43647003174,ok
1789249921.3102493,1789249921.328977,18.727779388427734,public:getticker,200,55241.78743362427,unchanged
1789249921.3289917,1789249921.383963,54.97145652770996,private:getpermissions,200,55241.78743362427,unchanged
1789249951.3104494,1789249951.325455,15.00558853149414,public:getticker,200,22083.073139190674,ok
1789249951.3254666,1789249951.3653283,39.86167907714844,private:getpermissions,200,22083.073139190674,ok
1789249981.3106368,1789249981.3259304,15.293598175048828,public:getticker,200,52082.52954483032,unchanged
1789249981.3259437,1789249981.3647842,38.840532302856445,private:getpermissions,200,52082.52954483032,unchanged
1789250011.310795,1789250011.3588934,48.09832572937012,public:getticker,200,21943.32003593445,ok
1789250011.3589075,1789250011.4236734,64.76593017578125,private:getpermissions,200,21943.32003593445,ok
1789250041.311488,1789250041.353191,41.702985763549805,public:getticker,200,51926.376819610596,unchanged
1789250041.3532054,1789250041.4067307,53.52520942687988,private:getpermissions,200,51926.376819610596,unchanged
1789250071.3125284,1789250071.3439252,31.396865844726562,public:getticker,200,21705.85012435913,ok
1789250071.3439384,1789250071.3850396,41.10121726989746,private:getpermissions,200,21705.85012435913,ok
1789250101.3127248,1789250101.3275616,14.836788177490234,public:getticker,200,51706.331729888916,unchanged
1789250101.3275743,1789250101.38552,57.94572830200195,private:getpermissions,200,51706.331729888916,unchanged
1789250131.3131742,1789250131.3522067,39.0324592590332,public:getticker,200,-38850.889682769775,ok
1789250131.3522224,1789250131.3925612,40.338754653930664,private:getpermissions,200,-38850.889682769775,ok
1789250190.4594216,1789250190.4966507,37.229061126708984,public:getticker,200,20298.187732696533,unchanged
1789250190.4966664,1789250190.5416393,44.972896575927734,private:getpermissions,200,20298.187732696533,unchanged
1789250220.4603527,1789250220.4754026,15.049934387207031,public:getticker,200,50271.2984085083,unchanged
1789250220.4754164,1789250220.514751,39.33453559875488,private:getpermissions,200,50271.2984085083,unchanged
1789250250.4605892,1789250250.5003946,39.80541229248047,public:getticker,200,16995.614767074585,ok
1789250250.5004096,1789250250.5410845,40.67492485046387,private:getpermissions,200,16995.614767074585,ok
1789250280.4608054,1789250280.476023,15.21754264831543,public:getticker,200,46981.68992996216,unchanged
1789250280.476037,1789250280.5271604,51.12338066101074,private:getpermissions,200,46981.68992996216,unchanged
1789250310.460997,1789250310.4756978,14.700651168823242,public:getticker,200,17058.930158615112,ok
1789250310.4757125,1789250310.5150783,39.36576843261719,private:getpermissions,200,17058.930158615112,ok
1789250340.4618855,1789250340.4984562,36.57078742980957,public:getticker,200,47085.667848587036,unchanged
1789250340.4985063,1789250340.5418148,43.30849647521973,private:getpermissions,200,47085.667848587036,unchanged
1789250370.4628322,1789250370.4777582,14.925956726074219,public:getticker,200,17076.684713363647,ok
1789250370.4778082,1789250370.5332913,55.483102798461914,private:getpermissions,200,17076.684713363647,ok
1789250400.4639041,1789250400.502066,38.1617546081543,public:getticker,200,47097.545862197876,unchanged
1789250400.5020816,1789250400.5541515,52.069902420043945,private:getpermissions,200,47097.545862197876,unchanged
1789250430.464049,1789250430.4994822,35.433053970336914,public:getticker,200,16831.8190574646,ok
1789250430.499498,1789250430.5378542,38.35630416870117,private:getpermissions,200,16831.8190574646,ok
1789250460.464217,1789250460.4989905,34.77358818054199,public:getticker,200,46828.1033039093,unchanged
1789250460.4990065,1789250460.5341387,35.13216972351074,private:getpermissions,200,46828.1033039093,unchanged
1789250490.4644282,1789250490.479402,14.973878860473633,public:getticker,200,14354.8424243927,ok
1789250490.4794145,1789250490.5125518,33.13732147216797,private:getpermissions,200,14354.8424243927,ok
1789250520.464681,1789250520.4798877,15.20681381225586,public:getticker,200,44452.30221748352,unchanged
1789250520.4799027,1789250520.6100106,130.10787963867188,private:getpermissions,200,44452.30221748352,unchanged
1789250550.4648156,1789250550.479612,14.79649543762207,public:getticker,200,14378.081321716309,ok
1789250550.479626,1789250550.5188596,39.23368453979492,private:getpermissions,200,14378.081321716309,ok
1789250580.4650927,1789250580.5019972,36.90457344055176,public:getticker,200,44402.053356170654,unchanged
1789250580.502013,1789250580.5428302,40.8172607421875,private:getpermissions,200,44402.053356170654,unchanged
1789250610.465782,1789250610.5007226,34.94071960449219,public:getticker,200,14198.144435882568,ok
1789250610.500747,1789250610.5433972,42.65022277832031,private:getpermissions,200,14198.144435882568,ok
1789250640.466328,1789250640.4827693,16.44134521484375,public:getticker,200,44176.05924606323,unchanged
1789250640.4827833,1789250640.5213113,38.5279655456543,private:getpermissions,200,44176.05924606323,unchanged
1789250670.466524,1789250670.5053136,38.78974914550781,public:getticker,200,13922.407150268555,ok
1789250670.505327,1789250670.5551896,49.86262321472168,private:getpermissions,200,13922.407150268555,ok
1789250700.4671278,1789250700.508793,41.66531562805176,public:getticker,200,44087.777614593506,unchanged
1789250700.5088072,1789250700.720559,211.75169944763184,private:getpermissions,200,44087.777614593506,unchanged
1789250730.4673617,1789250730.5033715,36.009788513183594,public:getticker,200,13236.444234848022,ok
1789250730.503388,1789250730.5578356,54.44765090942383,private:getpermissions,200,13236.444234848022,ok
1789250760.4676812,1789250760.5011852,33.50400924682617,public:getticker,200,43227.86903381348,unchanged
1789250760.5012004,1789250760.5492604,48.059940338134766,private:getpermissions,200,43227.86903381348,unchanged
1789250790.467997,1789250790.5094707,41.4736270904541,public:getticker,200,13361.271142959595,ok
1789250790.5094857,1789250790.5531144,43.628692626953125,private:getpermissions,200,13361.271142959595,ok
1789250820.4685469,1789250820.5566254,88.07849884033203,public:getticker,200,43428.21192741394,unchanged
1789250820.5566413,1789250820.6200547,63.413381576538086,private:getpermissions,200,43428.21192741394,unchanged
1789250850.4687467,1789250850.5264304,57.683706283569336,public:getticker,200,13122.021198272705,ok
1789250850.5264492,1789250850.5761871,49.73793029785156,private:getpermissions,200,13122.021198272705,ok
1789250880.469049,1789250880.4984968,29.44779396057129,public:getticker,200,43104.97236251831,unchanged
1789250880.4985135,1789250880.5591373,60.623884201049805,private:getpermissions,200,43104.97236251831,unchanged
1789250910.4693866,1789250910.5217469,52.36029624938965,public:getticker,200,12757.787466049194,ok
1789250910.5217638,1789250910.5897236,67.95978546142578,private:getpermissions,200,12757.787466049194,ok
1789250940.469902,1789250940.5036826,33.780574798583984,public:getticker,200,42717.25869178772,unchanged
1789250940.5036962,1789250940.549195,45.49884796142578,private:getpermissions,200,42717.25869178772,unchanged
1789250970.4702895,1789250970.5537982,83.50872993469238,public:getticker,200,12616.93000793457,ok
1789250970.5538135,1789250970.613757,59.943437576293945,private:getpermissions,200,12616.93000793457,ok
1789251000.4707015,1789251000.4860754,15.373945236206055,public:getticker,200,42533.05387496948,unchanged
1789251000.4860885,1789251000.5298803,43.791770935058594,private:getpermissions,200,42533.05387496948,unchanged
1789251030.4713554,1789251030.5093114,37.95599937438965,public:getticker,200,11845.5331325531,ok
1789251030.5093274,1789251030.5628486,53.521156311035156,private:getpermissions,200,11845.5331325531,ok
1789251060.4718428,1789251060.5235837,51.74088478088379,public:getticker,200,41864.99524116516,unchanged
1789251060.5236006,1789251060.582311,58.710336685180664,private:getpermissions,200,41864.99524116516,unchanged
1789251090.4721694,1789251090.48737,15.200614929199219,public:getticker,200,11225.582838058472,ok
1789251090.487384,1789251090.539556,52.171945571899414,private:getpermissions,200,11225.582838058472,ok
1789251120.4727392,1789251120.5146122,41.87297821044922,public:getticker,200,41243.03841590881,unchanged
1789251120.514626,1789251120.5570116,42.38557815551758,private:getpermissions,200,41243.03841590881,unchanged
1789251150.4736152,1789251150.5153089,41.693687438964844,public:getticker,200,11515.055179595947,ok
1789251150.5153284,1789251150.5573592,42.03081130981445,private:getpermissions,200,11515.055179595947,ok
1789251180.4747584,1789251180.4977214,22.96304702758789,public:getticker,200,41508.53991508484,unchanged
1789251180.4977372,1789251180.5508444,53.107261657714844,private:getpermissions,200,41508.53991508484,unchanged
1789251210.4757862,1789251210.5091436,33.35738182067871,public:getticker,200,11480.836868286133,ok
1789251210.5091588,1789251210.7611365,251.97768211364746,private:getpermissions,200,11480.836868286133,ok
1789251240.4760149,1789251240.4909956,14.980792999267578,public:getticker,200,41265.51938056946,unchanged
1789251240.4910095,1789251240.545819,54.8095703125,private:getpermissions,200,41265.51938056946,unchanged
1789251270.4768167,1789251270.505589,28.772354125976562,public:getticker,200,10726.615190505981,ok
1789251270.5056052,1789251270.559462,53.856849670410156,private:getpermissions,200,10726.615190505981,ok
1789251300.477127,1789251300.4930637,15.936613082885742,public:getticker,200,40700.589656829834,unchanged
1789251300.4930882,1789251300.5334356,40.34733772277832,private:getpermissions,200,40700.589656829834,unchanged
1789251330.4781492,1789251330.493739,15.589714050292969,public:getticker,200,10693.619966506958,ok
1789251330.493761,1789251330.5485792,54.818153381347656,private:getpermissions,200,10693.619966506958,ok
1789251360.478529,1789251360.4937294,15.200376510620117,public:getticker,200,40680.92703819275,unchanged
1789251360.4937434,1789251360.5358872,42.143821716308594,private:getpermissions,200,40680.92703819275,unchanged
1789251390.4795218,1789251390.5134752,33.95342826843262,public:getticker,200,10540.407419204712,ok
1789251390.5135014,1789251390.5662642,52.762746810913086,private:getpermissions,200,10540.407419204712,ok
1789251420.4805925,1789251420.5499754,69.38290596008301,public:getticker,200,40567.46315956116,unchanged
1789251420.5499907,1789251420.5933201,43.329477310180664,private:getpermissions,200,40567.46315956116,unchanged
1789251450.4813719,1789251450.6419027,160.53080558776855,public:getticker,200,10621.432065963745,ok
1789251450.6419182,1789251450.723233,81.3148021697998,private:getpermissions,200,10621.432065963745,ok
1789251480.4816196,1789251480.496155,14.53542709350586,public:getticker,200,40433.92848968506,unchanged
1789251480.4961681,1789251480.5357301,39.56198692321777,private:getpermissions,200,40433.92848968506,unchanged
1789251510.4826362,1789251510.497786,15.149831771850586,public:getticker,200,10585.164785385132,ok
1789251510.497803,1789251510.5566387,58.835744857788086,private:getpermissions,200,10585.164785385132,ok
1789251540.482863,1789251540.4973638,14.500856399536133,public:getticker,200,40566.32041931152,unchanged
1789251540.497376,1789251540.5377934,40.41743278503418,private:getpermissions,200,40566.32041931152,unchanged
1789251570.4834313,1789251570.5175862,34.15489196777344,public:getticker,200,10300.290584564209,ok
1789251570.5176017,1789251570.5604255,42.82379150390625,private:getpermissions,200,10300.290584564209,ok
1789251600.483644,1789251600.5117638,28.119802474975586,public:getticker,200,40312.2398853302,unchanged
1789251600.511778,1789251600.5723758,60.59765815734863,private:getpermissions,200,40312.2398853302,unchanged
1789251630.4843724,1789251630.5187457,34.37328338623047,public:getticker,200,9861.399173736572,ok
1789251630.5187619,1789251630.5668235,48.06160926818848,private:getpermissions,200,9861.399173736572,ok
1789251660.4851515,1789251660.501959,16.80755615234375,public:getticker,200,39851.924419403076,unchanged
1789251660.5154634,1789251660.557349,41.8856143951416,private:getpermissions,200,39851.924419403076,unchanged
1789251690.485358,1789251690.5241299,38.771867752075195,public:getticker,200,9234.557390213013,ok
1789251690.524146,1789251690.564757,40.61102867126465,private:getpermissions,200,9234.557390213013,ok
1789251720.485595,1789251720.5021596,16.564607620239258,public:getticker,200,39211.64035797119,unchanged
1789251720.5021734,1789251720.5418415,39.66808319091797,private:getpermissions,200,39211.64035797119,unchanged
1789251750.486675,1789251750.5224748,35.79974174499512,public:getticker,200,9456.771612167358,ok
1789251750.5224907,1789251750.5628748,40.38405418395996,private:getpermissions,200,9456.771612167358,ok
1789251780.487318,1789251780.5282612,40.943145751953125,public:getticker,200,39463.86361122131,unchanged
1789251780.528276,1789251780.5699716,41.695594787597656,private:getpermissions,200,39463.86361122131,unchanged
1789251810.488507,1789251810.531773,43.26605796813965,public:getticker,200,9311.049938201904,ok
1789251810.531788,1789251810.573924,42.13595390319824,private:getpermissions,200,9311.049938201904,ok
1789251840.4887688,1789251840.5090735,20.30467987060547,public:getticker,200,39297.77026176453,unchanged
1789251840.5090885,1789251840.5606427,51.554203033447266,private:getpermissions,200,39297.77026176453,unchanged
1789251870.4894083,1789251870.515862,26.453733444213867,public:getticker,200,8994.961023330688,ok
1789251870.5158768,1789251870.5688307,52.95395851135254,private:getpermissions,200,8994.961023330688,ok
1789251900.490504,1789251900.5247703,34.26623344421387,public:getticker,200,38991.17159843445,unchanged
1789251900.5247848,1789251900.565043,40.258169174194336,private:getpermissions,200,38991.17159843445,unchanged
1789251930.4910123,1789251930.5254972,34.48486328125,public:getticker,200,9047.367334365845,ok
1789251930.5255122,1789251930.5825858,57.07359313964844,private:getpermissions,200,9047.367334365845,ok
1789251960.4919698,1789251960.5079637,15.993833541870117,public:getticker,200,39012.993574142456,unchanged
1789251960.5079827,1789251960.5482125,40.22979736328125,private:getpermissions,200,39012.993574142456,unchanged
1789251990.4927063,1789251990.529032,36.325693130493164,public:getticker,200,8992.488622665405,ok
1789251990.5290492,1789251990.5923517,63.30251693725586,private:getpermissions,200,8992.488622665405,ok
1789252020.4938688,1789252020.5096886,15.819787979125977,public:getticker,200,38952.04401016235,unchanged
1789252020.5097024,1789252020.5519085,42.2060489654541,private:getpermissions,200,38952.04401016235,unchanged
1789252050.4944868,1789252050.5305789,36.09204292297363,public:getticker,200,9089.274883270264,ok
1789252050.5305953,1789252050.5723078,41.71252250671387,private:getpermissions,200,9089.274883270264,ok
1789252080.4950807,1789252080.5111372,16.056537628173828,public:getticker,200,39073.77028465271,unchanged
1789252080.5111544,1789252080.5568018,45.647382736206055,private:getpermissions,200,39073.77028465271,unchanged
1789252110.4955382,1789252110.5181952,22.656917572021484,public:getticker,200,8876.927852630615,ok
1789252110.518213,1789252110.5587113,40.49825668334961,private:getpermissions,200,8876.927852630615,ok
1789252140.4957688,1789252140.5110073,15.238523483276367,public:getticker,200,38869.8890209198,unchanged
1789252140.5110195,1789252140.5516748,40.65537452697754,private:getpermissions,200,38869.8890209198,unchanged
1789252170.4960833,1789252170.5298073,33.724069595336914,public:getticker,200,8760.439395904541,ok
1789252170.5298235,1789252170.5862358,56.4122200012207,private:getpermissions,200,8760.439395904541,ok
1789252200.4968555,1789252200.5387466,41.89109802246094,public:getticker,200,38751.93977355957,unchanged
1789252200.538767,1789252200.5777352,38.96808624267578,private:getpermissions,200,38751.93977355957,unchanged
1789252230.49704,1789252230.5435677,46.52762413024902,public:getticker,200,8450.714111328125,ok
1789252230.5435817,1789252230.5903711,46.78940773010254,private:getpermissions,200,8450.714111328125,ok
1789252260.4979887,1789252260.5153742,17.385482788085938,public:getticker,200,38425.91118812561,unchanged
1789252260.515387,1789252260.5655684,50.18138885498047,private:getpermissions,200,38425.91118812561,unchanged
1789252290.498751,1789252290.5426457,43.89476776123047,public:getticker,200,8714.18046951294,ok
1789252290.542661,1789252290.6163511,73.69017601013184,private:getpermissions,200,8714.18046951294,ok
1789252320.499666,1789252320.5398858,40.219783782958984,public:getticker,200,38678.24912071228,unchanged
1789252320.5399013,1789252320.58042,40.518760681152344,private:getpermissions,200,38678.24912071228,unchanged
1789252350.5003471,1789252350.5339649,33.61773490905762,public:getticker,200,8540.858268737793,ok
1789252350.533983,1789252350.5712085,37.22548484802246,private:getpermissions,200,8540.858268737793,ok
1789252380.501067,1789252380.5408044,39.73746299743652,public:getticker,200,38557.26861953735,unchanged
1789252380.5408206,1789252380.5876198,46.7991828918457,private:getpermissions,200,38557.26861953735,unchanged
1789252410.5012987,1789252410.5421417,40.84300994873047,public:getticker,200,8672.834873199463,ok
1789252410.5421562,1789252410.585204,43.04766654968262,private:getpermissions,200,8672.834873199463,ok
1789252440.502196,1789252440.517979,15.782833099365234,public:getticker,200,38656.760692596436,unchanged
1789252440.5179932,1789252440.5691297,51.13649368286133,private:getpermissions,200,38656.760692596436,unchanged
1789252470.5031571,1789252470.5449429,41.78571701049805,public:getticker,200,7633.844614028931,ok
1789252470.5449588,1789252470.5853496,40.390729904174805,private:getpermissions,200,7633.844614028931,ok
1789252500.5033545,1789252500.5201843,16.829729080200195,public:getticker,200,37606.786489486694,unchanged
1789252500.5201974,1789252500.5582905,38.09309005737305,private:getpermissions,200,37606.786489486694,unchanged
1789252530.5048327,1789252530.5471482,42.31548309326172,public:getticker,200,7649.32918548584,ok
1789252530.5471754,1789252530.589495,42.319536209106445,private:getpermissions,200,7649.32918548584,ok
1789252560.5049517,1789252560.519862,14.910221099853516,public:getticker,200,37614.638328552246,unchanged
1789252560.5198808,1789252560.5548053,34.92450714111328,private:getpermissions,200,37614.638328552246,unchanged
1789252590.505392,1789252590.5395088,34.11674499511719,public:getticker,200,7679.11696434021,ok
1789252590.5395246,1789252590.5829773,43.45273971557617,private:getpermissions,200,7679.11696434021,ok
1789252620.506153,1789252620.5412362,35.08305549621582,public:getticker,200,37679.325580596924,unchanged
1789252620.5412512,1789252620.5831864,41.93520545959473,private:getpermissions,200,37679.325580596924,unchanged
1789252650.5063639,1789252650.5566802,50.31633377075195,public:getticker,200,7658.1361293792725,ok
1789252650.5566952,1789252650.6191587,62.46352195739746,private:getpermissions,200,7658.1361293792725,ok
1789252680.506565,1789252680.5218902,15.325069427490234,public:getticker,200,37606.86230659485,unchanged
1789252680.5219026,1789252680.5678854,45.98283767700195,private:getpermissions,200,37606.86230659485,unchanged
1789252710.5068126,1789252710.5841384,77.32582092285156,public:getticker,200,6604.913949966431,ok
1789252710.5841522,1789252710.6343565,50.20427703857422,private:getpermissions,200,6604.913949966431,ok
1789252740.5070162,1789252740.5824163,75.40011405944824,public:getticker,200,36600.53086280823,unchanged
1789252740.5824306,1789252740.6299741,47.54352569580078,private:getpermissions,200,36600.53086280823,unchanged
1789252770.5072548,1789252770.5420375,34.78264808654785,public:getticker,200,7728.001356124878,ok
1789252770.542052,1789252770.5880847,46.03266716003418,private:getpermissions,200,7728.001356124878,ok
1789252800.5083852,1789252800.5233836,14.998435974121094,public:getticker,200,37699.97549057007,unchanged
1789252800.523397,1789252800.5600607,36.66377067565918,private:getpermissions,200,37699.97549057007,unchanged
1789252830.5085993,1789252830.5522065,43.607234954833984,public:getticker,200,3630.8248043060303,ok
1789252830.5522206,1789252830.6040986,51.87797546386719,private:getpermissions,200,3630.8248043060303,ok
1789252860.5088007,1789252860.5235906,14.789819717407227,public:getticker,200,33606.02021217346,unchanged
1789252860.5236042,1789252860.5792933,55.689096450805664,private:getpermissions,200,33606.02021217346,unchanged
1789252890.5090044,1789252890.5451462,36.14187240600586,public:getticker,200,3413.0935668945312,ok
1789252890.5451608,1789252890.6017807,56.619882583618164,private:getpermissions,200,3413.0935668945312,ok
1789252920.5096698,1789252920.5501075,40.43769836425781,public:getticker,200,33416.72682762146,unchanged
1789252920.550122,1789252920.6054134,55.29141426086426,private:getpermissions,200,33416.72682762146,unchanged
1789252950.5130072,1789252950.6647842,151.7770290374756,public:getticker,200,3922.4510192871094,ok
1789252950.6648612,1789252950.703638,38.77687454223633,private:getpermissions,200,3922.4510192871094,ok
1789252980.512227,1789252980.5470953,34.86824035644531,public:getticker,200,33829.28967475891,unchanged
1789252980.5471108,1789252980.610475,63.364267349243164,private:getpermissions,200,33829.28967475891,unchanged
1789253010.512922,1789253010.562735,49.813032150268555,public:getticker,200,3469.9995517730713,ok
1789253010.5627508,1789253010.6095,46.749114990234375,private:getpermissions,200,3469.9995517730713,ok
1789253040.5132935,1789253040.5439546,30.66110610961914,public:getticker,200,33447.718381881714,unchanged
1789253040.543971,1789253040.5872185,43.24746131896973,private:getpermissions,200,33447.718381881714,unchanged
1789253070.513489,1789253070.698487,184.9980354309082,public:getticker,200,3600.8570194244385,ok
1789253070.6985018,1789253070.7375765,39.07465934753418,private:getpermissions,200,3600.8570194244385,ok
1789253100.5136857,1789253100.5290916,15.405893325805664,public:getticker,200,33426.74994468689,unchanged
1789253100.529105,1789253100.56347,34.364938735961914,private:getpermissions,200,33426.74994468689,unchanged
1789253130.5139186,1789253130.5706565,56.73789978027344,public:getticker,200,2643.1000232696533,ok
1789253130.5706708,1789253130.6227264,52.05559730529785,private:getpermissions,200,2643.1000232696533,ok
1789253160.5141492,1789253160.5287993,14.650106430053711,public:getticker,200,32589.299201965332,unchanged
1789253160.5288122,1789253160.5689254,40.113210678100586,private:getpermissions,200,32589.299201965332,unchanged
1789253190.514353,1789253190.5536356,39.28256034851074,public:getticker,200,324.3727684020996,ok
1789253190.5536504,1789253190.6037815,50.13108253479004,private:getpermissions,200,324.3727684020996,ok
1789253220.5145624,1789253220.553176,38.61355781555176,public:getticker,200,14567.809581756592,ok
1789253220.5715373,1789253220.616058,44.52085494995117,private:getpermissions,200,14567.809581756592,ok
1789253250.5156045,1789253250.553552,37.94741630554199,public:getticker,200,44730.58772087097,unchanged
1789253250.553565,1789253250.778835,225.27003288269043,private:getpermissions,200,44730.58772087097,unchanged
1789253280.5158505,1789253280.5582724,42.421817779541016,public:getticker,200,4644.160747528076,ok
1789253280.558287,1789253280.6056058,47.31893539428711,private:getpermissions,200,4644.160747528076,ok
1789253310.5169528,1789253310.5374281,20.475387573242188,public:getticker,200,34619.189500808716,unchanged
1789253310.537444,1789253310.580633,43.18881034851074,private:getpermissions,200,34619.189500808716,unchanged
1789253340.5171745,1789253340.5515106,34.336090087890625,public:getticker,200,4659.97314453125,ok
1789253340.5515227,1789253340.590351,38.828372955322266,private:getpermissions,200,4659.97314453125,ok
1789253370.5173707,1789253370.5495737,32.202959060668945,public:getticker,200,34676.772356033325,unchanged
1789253370.5495887,1789253370.6071496,57.56092071533203,private:getpermissions,200,34676.772356033325,unchanged
1789253400.5175986,1789253400.5329633,15.364646911621094,public:getticker,200,4751.769065856934,ok
1789253400.5329897,1789253400.572288,39.298295974731445,private:getpermissions,200,4751.769065856934,ok
1789253430.5177956,1789253430.5537589,35.96329689025879,public:getticker,200,34787.62722015381,unchanged
1789253430.5537722,1789253430.608146,54.373741149902344,private:getpermissions,200,34787.62722015381,unchanged
1789253460.5185602,1789253460.5399477,21.387577056884766,public:getticker,200,3563.967227935791,ok
1789253460.5399632,1789253460.5864153,46.45204544067383,private:getpermissions,200,3563.967227935791,ok
1789253490.5187635,1789253490.5352268,16.463279724121094,public:getticker,200,33553.956747055054,unchanged
1789253490.5352414,1789253490.5764062,41.16487503051758,private:getpermissions,200,33553.956747055054,unchanged
1789253520.519056,1789253520.5350876,16.031503677368164,public:getticker,200,3860.461711883545,ok
1789253520.5351036,1789253520.5888238,53.72023582458496,private:getpermissions,200,3860.461711883545,ok
1789253550.520635,1789253550.5641,43.46513748168945,public:getticker,200,33881.94441795349,unchanged
1789253550.5641458,1789253550.6103058,46.159982681274414,private:getpermissions,200,33881.94441795349,unchanged
1789253580.5202322,1789253580.5358686,15.636444091796875,public:getticker,200,3493.1790828704834,ok
1789253580.5358834,1789253580.581106,45.22252082824707,private:getpermissions,200,3493.1790828704834,ok
1789253610.5212085,1789253610.5663176,45.10903358459473,public:getticker,200,33535.07137298584,unchanged
1789253610.5663335,1789253610.6229978,56.664228439331055,private:getpermissions,200,33535.07137298584,unchanged
1789253640.5220404,1789253640.5378492,15.808820724487305,public:getticker,200,3743.724822998047,ok
1789253640.5378642,1789253640.5911674,53.30324172973633,private:getpermissions,200,3743.724822998047,ok
1789253670.522691,1789253670.565095,42.4039363861084,public:getticker,200,33779.68502044678,unchanged
1789253670.565111,1789253670.627127,62.01601028442383,private:getpermissions,200,33779.68502044678,unchanged
1789253700.5238447,1789253700.7478185,223.97375106811523,public:getticker,200,4428.677558898926,ok
1789253700.7478335,1789253700.7915807,43.7471866607666,private:getpermissions,200,4428.677558898926,ok
1789253730.5240781,1789253730.5397,15.62190055847168,public:getticker,200,34220.385789871216,unchanged
1789253730.5397134,1789253730.5832887,43.575286865234375,private:getpermissions,200,34220.385789871216,unchanged
1789253760.5243032,1789253760.5579932,33.68997573852539,public:getticker,200,2736.633539199829,ok
1789253760.558008,1789253760.6146708,56.662797927856445,private:getpermissions,200,2736.633539199829,ok
1789253790.525274,1789253790.5670965,41.82243347167969,public:getticker,200,32805.269956588745,unchanged
1789253790.5671148,1789253790.6833048,116.18995666503906,private:getpermissions,200,32805.269956588745,unchanged
1789253820.5257146,1789253820.5809975,55.2828311920166,public:getticker,200,2774.742603302002,ok
1789253820.5810118,1789253820.618992,37.98031806945801,private:getpermissions,200,2774.742603302002,ok
1789253850.5259647,1789253850.5409787,15.013933181762695,public:getticker,200,32738.28411102295,unchanged
1789253850.5409927,1789253850.5825334,41.54062271118164,private:getpermissions,200,32738.28411102295,unchanged
1789253880.5261805,1789253880.6052098,79.02932167053223,public:getticker,200,501.8465518951416,ok
1789253880.6052246,1789253880.6660903,60.86564064025879,private:getpermissions,200,501.8465518951416,ok
1789253910.5263774,1789253910.5702817,43.90430450439453,public:getticker,200,30493.645906448364,unchanged
1789253910.570297,1789253910.6578894,87.59236335754395,private:getpermissions,200,30493.645906448364,unchanged
1789253940.5270011,1789253940.5681264,41.12529754638672,public:getticker,200,60445.642948150635,unchanged
1789253940.5681407,1789253940.6098866,41.745901107788086,private:getpermissions,200,60445.642948150635,unchanged
1789253970.5272324,1789253970.5487354,21.502971649169922,public:getticker,200,29889.297008514404,ok
1789253970.5487506,1789253970.6036682,54.91757392883301,private:getpermissions,200,29889.297008514404,ok
1789254000.527445,1789254000.572967,45.52197456359863,public:getticker,200,59919.71731185913,unchanged
1789254000.5729825,1789254000.634088,61.10548973083496,private:getpermissions,200,59919.71731185913,unchanged
1789254030.527696,1789254030.5631065,35.41064262390137,public:getticker,200,30055.642127990723,ok
1789254030.5631208,1789254030.6037362,40.61532020568848,private:getpermissions,200,30055.642127990723,ok
1789254060.5279229,1789254060.551929,24.006128311157227,public:getticker,200,60060.988426208496,unchanged
1789254060.5519443,1789254060.6090817,57.137489318847656,private:getpermissions,200,60060.988426208496,unchanged
1789254090.5281303,1789254090.5682592,40.12894630432129,public:getticker,200,29733.246326446533,ok
1789254090.5682747,1789254090.609668,41.393280029296875,private:getpermissions,200,29733.246326446533,ok
1789254120.52832,1789254120.5460598,17.73977279663086,public:getticker,200,59705.87992668152,unchanged
1789254120.5460758,1789254120.5823011,36.225318908691406,private:getpermissions,200,59705.87992668152,unchanged
1789254150.5285473,1789254150.548257,19.70982551574707,public:getticker,200,29936.03825569153,ok
1789254150.5483038,1789254150.59157,43.26605796813965,private:getpermissions,200,29936.03825569153,ok
1789254180.5287678,1789254180.5724032,43.63536834716797,public:getticker,200,59975.8780002594,unchanged
1789254180.5724177,1789254180.631409,58.991193771362305,private:getpermissions,200,59975.8780002594,unchanged
1789254210.5289757,1789254210.5453882,16.41249656677246,public:getticker,200,29661.375522613525,ok
1789254210.545423,1789254210.601653,56.23006820678711,private:getpermissions,200,29661.375522613525,ok
1789254240.5291975,1789254240.5449994,15.80190658569336,public:getticker,200,59652.06551551819,unchanged
1789254240.5450158,1789254240.5923426,47.32680320739746,private:getpermissions,200,59652.06551551819,unchanged
1789254270.5293972,1789254270.5550735,25.676250457763672,public:getticker,200,29162.004709243774,ok
1789254270.5550873,1789254270.6025825,47.495126724243164,private:getpermissions,200,29162.004709243774,ok
1789254300.5296044,1789254300.5669184,37.31393814086914,public:getticker,200,59199.25332069397,unchanged
1789254300.5669327,1789254300.6398313,72.89862632751465,private:getpermissions,200,59199.25332069397,unchanged
1789254330.5298386,1789254330.5450947,15.256166458129883,public:getticker,200,29185.49633026123,ok
1789254330.5451088,1789254330.6028988,57.79004096984863,private:getpermissions,200,29185.49633026123,ok
1789254360.5302267,1789254360.5664952,36.26847267150879,public:getticker,200,59202.738761901855,unchanged
1789254360.566512,1789254360.6201408,53.62868309020996,private:getpermissions,200,59202.738761901855,unchanged
1789254390.5313797,1789254390.5769153,45.53556442260742,public:getticker,200,28971.145391464233,ok
1789254390.5769293,1789254390.6656861,88.75679969787598,private:getpermissions,200,28971.145391464233,ok
1789254420.531583,1789254420.5494375,17.85445213317871,public:getticker,200,58908.45203399658,unchanged
1789254420.5494518,1789254420.602994,53.542137145996094,private:getpermissions,200,58908.45203399658,unchanged
1789254450.532807,1789254450.601267,68.45998764038086,public:getticker,200,29205.979108810425,ok
1789254450.6012816,1789254450.6552732,53.99155616760254,private:getpermissions,200,29205.979108810425,ok
1789254480.533055,1789254480.626262,93.20688247680664,public:getticker,200,59241.53256416321,unchanged
1789254480.6262774,1789254480.6908264,64.54896926879883,private:getpermissions,200,59241.53256416321,unchanged
1789254510.5332959,1789254510.5664241,33.12826156616211,public:getticker,200,28206.135272979736,ok
1789254510.5664392,1789254510.6070733,40.6341552734375,private:getpermissions,200,28206.135272979736,ok
1789254540.5344985,1789254540.5516775,17.179012298583984,public:getticker,200,58218.38474273682,unchanged
1789254540.5516927,1789254540.6193233,67.63052940368652,private:getpermissions,200,58218.38474273682,unchanged
1789254570.534757,1789254570.5758288,41.07189178466797,public:getticker,200,27568.378925323486,ok
1789254570.575844,1789254570.6636827,87.83864974975586,private:getpermissions,200,27568.378925323486,ok
1789254600.5350184,1789254600.5523622,17.343759536743164,public:getticker,200,57516.35241508484,unchanged
1789254600.5523758,1789254600.6116562,59.2803955078125,private:getpermissions,200,57516.35241508484,unchanged
1789254630.535228,1789254630.5752497,40.021657943725586,public:getticker,200,27363.731145858765,ok
1789254630.5752647,1789254630.6148298,39.565086364746094,private:getpermissions,200,27363.731145858765,ok
1789254660.5362668,1789254660.5760567,39.78991508483887,public:getticker,200,57361.07397079468,unchanged
1789254660.5760732,1789254660.612172,36.09871864318848,private:getpermissions,200,57361.07397079468,unchanged
1789254690.538474,1789254690.5632749,24.800777435302734,public:getticker,200,27331.485748291016,ok
1789254690.563331,1789254690.6192415,55.910587310791016,private:getpermissions,200,27331.485748291016,ok
1789254720.5379124,1789254720.5535822,15.669822692871094,public:getticker,200,57314.01181221008,unchanged
1789254720.5535996,1789254720.6017718,48.1722354888916,private:getpermissions,200,57314.01181221008,unchanged
1789254750.5385394,1789254750.6119046,73.3652114868164,public:getticker,200,27477.591514587402,ok
1789254750.6119208,1789254750.672435,60.514211654663086,private:getpermissions,200,27477.591514587402,ok
1789254780.5395865,1789254780.5770793,37.49275207519531,public:getticker,200,57455.0347328186,unchanged
1789254780.5770934,1789254780.649878,72.7846622467041,private:getpermissions,200,57455.0347328186,unchanged
1789254810.5407434,1789254810.5749285,34.185171127319336,public:getticker,200,27123.310089111328,ok
1789254810.5749433,1789254810.6142478,39.304494857788086,private:getpermissions,200,27123.310089111328,ok
1789254840.5409703,1789254840.594134,53.163766860961914,public:getticker,200,57143.3367729187,unchanged
1789254840.5941498,1789254840.6342742,40.12441635131836,private:getpermissions,200,57143.3367729187,unchanged
1789254870.5412009,1789254870.5834823,42.281389236450195,public:getticker,200,26948.787689208984,ok
1789254870.5834975,1789254870.6394022,55.90462684631348,private:getpermissions,200,26948.787689208984,ok
1789254900.5422876,1789254900.559495,17.20738410949707,public:getticker,200,56922.1625328064,unchanged
1789254900.5595098,1789254900.6127784,53.2686710357666,private:getpermissions,200,56922.1625328064,unchanged
1789254930.5425415,1789254930.5579717,15.430212020874023,public:getticker,200,27230.34620285034,ok
1789254930.557985,1789254930.6015615,43.57647895812988,private:getpermissions,200,27230.34620285034,ok
1789254960.542778,1789254960.5588894,16.111373901367188,public:getticker,200,57239.41397666931,unchanged
1789254960.5589051,1789254960.6106296,51.72443389892578,private:getpermissions,200,57239.41397666931,unchanged
1789254990.5429878,1789254990.579698,36.710262298583984,public:getticker,200,26981.492042541504,ok
1789254990.579713,1789254990.6214716,41.75853729248047,private:getpermissions,200,26981.492042541504,ok
1789255020.5432618,1789255020.5772252,33.96344184875488,public:getticker,200,56978.78932952881,unchanged
1789255020.5772402,1789255020.6187685,41.52822494506836,private:getpermissions,200,56978.78932952881,unchanged
1789255050.5435207,1789255050.5821998,38.67912292480469,public:getticker,200,26938.12370300293,ok
1789255050.5822127,1789255050.6566904,74.4776725769043,private:getpermissions,200,26938.12370300293,ok
1789255080.543773,1789255080.5599377,16.164779663085938,public:getticker,200,56895.31970024109,unchanged
1789255080.5599525,1789255080.6138868,53.934335708618164,private:getpermissions,200,56895.31970024109,unchanged
1789255110.5439954,1789255110.5800772,36.081790924072266,public:getticker,200,26694.90122795105,ok
1789255110.5800915,1789255110.6208525,40.76099395751953,private:getpermissions,200,26694.90122795105,ok
1789255140.5448933,1789255140.5825787,37.685394287109375,public:getticker,200,56724.06578063965,unchanged
1789255140.5825968,1789255140.6500163,67.41952896118164,private:getpermissions,200,56724.06578063965,unchanged
1789255170.5451071,1789255170.5647671,19.659996032714844,public:getticker,200,26719.12717819214,ok
1789255170.5647829,1789255170.6043923,39.609432220458984,private:getpermissions,200,26719.12717819214,ok
1789255200.5453289,1789255200.584371,39.04223442077637,public:getticker,200,56745.66316604614,unchanged
1789255200.5843859,1789255200.6309295,46.54359817504883,private:getpermissions,200,56745.66316604614,unchanged
1789255230.5464256,1789255230.5626702,16.24464988708496,public:getticker,200,26675.777196884155,ok
1789255230.562687,1789255230.6172068,54.5198917388916,private:getpermissions,200,26675.777196884155,ok
1789255260.5467198,1789255260.5621395,15.419721603393555,public:getticker,200,56677.409172058105,unchanged
1789255260.5621972,1789255260.6188397,56.64253234863281,private:getpermissions,200,56677.409172058105,unchanged
1789255290.5479317,1789255290.5629132,14.981508255004883,public:getticker,200,24316.781282424927,ok
1789255290.562929,1789255290.6206865,57.75761604309082,private:getpermissions,200,24316.781282424927,ok
1789255320.5489664,1789255320.598096,49.129486083984375,public:getticker,200,54346.195459365845,unchanged
1789255320.598113,1789255320.6501002,51.9871711730957,private:getpermissions,200,54346.195459365845,unchanged
1789255350.5491624,1789255350.585345,36.18264198303223,public:getticker,200,24632.140398025513,ok
1789255350.58536,1789255350.6257427,40.38262367248535,private:getpermissions,200,24632.140398025513,ok
1789255380.550068,1789255380.5668585,16.79062843322754,public:getticker,200,54624.47190284729,unchanged
1789255380.5668771,1789255380.6180744,51.19729042053223,private:getpermissions,200,54624.47190284729,unchanged
1789255410.5502887,1789255410.5628083,12.519598007202148,public:getticker,200,24454.423427581787,ok
1789255410.5628228,1789255410.600796,37.97316551208496,private:getpermissions,200,24454.423427581787,ok
1789255440.5505147,1789255440.5703976,19.882917404174805,public:getticker,200,54463.950634002686,unchanged
1789255440.5704124,1789255440.6103227,39.910316467285156,private:getpermissions,200,54463.950634002686,unchanged
1789255470.5514371,1789255470.570288,18.85080337524414,public:getticker,200,23256.608247756958,ok
1789255470.5703094,1789255470.611418,41.10860824584961,private:getpermissions,200,23256.608247756958,ok
1789255500.551962,1789255500.5655737,13.611793518066406,public:getticker,200,53274.09553527832,unchanged
1789255500.5655887,1789255500.6289055,63.31682205200195,private:getpermissions,200,53274.09553527832,unchanged
1789255530.5525453,1789255530.565846,13.300657272338867,public:getticker,200,22780.417442321777,ok
1789255530.5658624,1789255530.6096983,43.83587837219238,private:getpermissions,200,22780.417442321777,ok
1789255560.5529768,1789255560.5665843,13.607501983642578,public:getticker,200,52812.43991851807,unchanged
1789255560.5665991,1789255560.64172,75.12092590332031,private:getpermissions,200,52812.43991851807,unchanged
1789255590.5543282,1789255590.5676503,13.322114944458008,public:getticker,200,22902.933835983276,ok
1789255590.5676644,1789255590.6249425,57.27815628051758,private:getpermissions,200,22902.933835983276,ok
1789255620.5545316,1789255620.5668478,12.316226959228516,public:getticker,200,53068.72820854187,unchanged
1789255620.5668654,1789255620.7907376,223.87218475341797,private:getpermissions,200,53068.72820854187,unchanged
1789255650.5556772,1789255650.5688336,13.156414031982422,public:getticker,200,22526.732683181763,ok
1789255650.5688517,1789255650.6208918,52.04010009765625,private:getpermissions,200,22526.732683181763,ok
1789255680.5565574,1789255680.609812,53.25460433959961,public:getticker,200,52561.06686592102,unchanged
1789255680.6098278,1789255680.6552258,45.39799690246582,private:getpermissions,200,52561.06686592102,unchanged
1789255710.5567987,1789255710.5714483,14.649629592895508,public:getticker,200,21475.99983215332,ok
1789255710.5714645,1789255710.6401832,68.71867179870605,private:getpermissions,200,21475.99983215332,ok
1789255740.5572188,1789255740.5728765,15.657663345336914,public:getticker,200,51449.43070411682,unchanged
1789255740.572891,1789255740.613615,40.72403907775879,private:getpermissions,200,51449.43070411682,unchanged
1789255770.5579698,1789255770.5749226,16.9527530670166,public:getticker,200,21420.892000198364,ok
1789255770.5749393,1789255770.6197886,44.849395751953125,private:getpermissions,200,21420.892000198364,ok
1789255800.5582078,1789255800.5742614,16.05367660522461,public:getticker,200,51414.23201560974,unchanged
1789255800.5742784,1789255800.6131287,38.85030746459961,private:getpermissions,200,51414.23201560974,unchanged
1789255830.5584228,1789255830.6017725,43.3497428894043,public:getticker,200,21754.240036010742,ok
1789255830.6017876,1789255830.6412354,39.447784423828125,private:getpermissions,200,21754.240036010742,ok
1789255860.5586717,1789255860.5742376,15.565872192382812,public:getticker,200,51736.406326293945,unchanged
1789255860.574253,1789255860.6234004,49.14736747741699,private:getpermissions,200,51736.406326293945,unchanged
1789255890.5590787,1789255890.5918078,32.729148864746094,public:getticker,200,20323.46487045288,ok
1789255890.5918236,1789255890.696237,104.41350936889648,private:getpermissions,200,20323.46487045288,ok
1789255920.5593593,1789255920.5739796,14.620304107666016,public:getticker,200,50244.9517250061,unchanged
1789255920.5739958,1789255920.6177242,43.72835159301758,private:getpermissions,200,50244.9517250061,unchanged
1789255950.5599391,1789255950.5844097,24.47056770324707,public:getticker,200,19323.978662490845,ok
1789255950.5844343,1789255950.625184,40.74978828430176,private:getpermissions,200,19323.978662490845,ok
1789255980.5601969,1789255980.5789688,18.771886825561523,public:getticker,200,49342.74196624756,unchanged
1789255980.5789833,1789255980.6439476,64.96429443359375,private:getpermissions,200,49342.74196624756,unchanged
1789256010.5604208,1789256010.6029558,42.53506660461426,public:getticker,200,19863.82818222046,ok
1789256010.6029706,1789256010.6490595,46.08893394470215,private:getpermissions,200,19863.82818222046,ok
1789256040.5608838,1789256040.6018102,40.926456451416016,public:getticker,200,49857.539892196655,unchanged
1789256040.601838,1789256040.6427715,40.93337059020996,private:getpermissions,200,49857.539892196655,unchanged
1789256070.5615468,1789256070.5975358,35.98904609680176,public:getticker,200,19129.12344932556,ok
1789256070.597553,1789256070.648757,51.20396614074707,private:getpermissions,200,19129.12344932556,ok
1789256100.56236,1789256100.6956959,133.33582878112793,public:getticker,200,49440.14859199524,unchanged
1789256100.695711,1789256100.9597828,264.0719413757324,private:getpermissions,200,49440.14859199524,unchanged
1789256130.5630467,1789256130.580548,17.501354217529297,public:getticker,200,19168.066263198853,ok
1789256130.5805633,1789256130.6450639,64.50057029724121,private:getpermissions,200,19168.066263198853,ok
1789256160.573799,1789256160.6132054,39.406538009643555,public:getticker,200,49183.659076690674,unchanged
1789256160.6132216,1789256160.6606565,47.43480682373047,private:getpermissions,200,49183.659076690674,unchanged
1789256190.5748265,1789256190.615256,40.42959213256836,public:getticker,200,19296.98371887207,ok
1789256190.6152735,1789256190.6743152,59.041738510131836,private:getpermissions,200,19296.98371887207,ok
1789256220.575051,1789256220.6118307,36.77964210510254,public:getticker,200,49285.92300415039,unchanged
1789256220.6118472,1789256220.6632547,51.407575607299805,private:getpermissions,200,49285.92300415039,unchanged
1789256250.576118,1789256250.595834,19.71602439880371,public:getticker,200,17389.590740203857,ok
1789256250.5958498,1789256250.639652,43.80226135253906,private:getpermissions,200,17389.590740203857,ok
1789256280.576903,1789256280.5919986,15.09547233581543,public:getticker,200,47398.78439903259,unchanged
1789256280.5920126,1789256280.6488469,56.83422088623047,private:getpermissions,200,47398.78439903259,unchanged
1789256310.5774255,1789256310.5930293,15.603780746459961,public:getticker,200,16939.725875854492,ok
1789256310.5930471,1789256310.6329153,39.86811637878418,private:getpermissions,200,16939.725875854492,ok
1789256340.5782018,1789256340.6043856,26.1838436126709,public:getticker,200,46953.23038101196,unchanged
1789256340.6044016,1789256340.64642,42.01841354370117,private:getpermissions,200,46953.23038101196,unchanged
1789256370.5788496,1789256370.59439,15.540361404418945,public:getticker,200,16976.099252700806,ok
1789256370.5944054,1789256370.636067,41.66150093078613,private:getpermissions,200,16976.099252700806,ok
1789256400.5791688,1789256400.6028872,23.71835708618164,public:getticker,200,46999.86910820007,unchanged
1789256400.6029048,1789256400.6598344,56.929588317871094,private:getpermissions,200,46999.86910820007,unchanged
1789256430.5794594,1789256430.6056361,26.17669105529785,public:getticker,200,16728.912830352783,ok
1789256430.6056533,1789256430.6673317,61.678409576416016,private:getpermissions,200,16728.912830352783,ok
1789256460.5803921,1789256460.5966532,16.26110076904297,public:getticker,200,46697.99613952637,unchanged
1789256460.5966694,1789256460.6364155,39.74604606628418,private:getpermissions,200,46697.99613952637,unchanged
1789256490.5812378,1789256490.5981793,16.941547393798828,public:getticker,200,16585.450649261475,ok
1789256490.598218,1789256490.6544907,56.27274513244629,private:getpermissions,200,16585.450649261475,ok
1789256520.5820935,1789256520.5980763,15.982866287231445,public:getticker,200,46686.17939949036,unchanged
1789256520.701845,1789256520.7552192,53.374290466308594,private:getpermissions,200,46686.17939949036,unchanged
1789256550.5827885,1789256550.5981162,15.327692031860352,public:getticker,200,16490.84186553955,ok
1789256550.5981312,1789256550.6454585,47.327280044555664,private:getpermissions,200,16490.84186553955,ok
1789256580.5835733,1789256580.5987115,15.13814926147461,public:getticker,200,46485.41808128357,unchanged
1789256580.5987265,1789256580.6400268,41.300296783447266,private:getpermissions,200,46485.41808128357,unchanged
1789256610.5838637,1789256610.5986753,14.811515808105469,public:getticker,200,16704.901456832886,ok
1789256610.5986898,1789256610.6671755,68.48573684692383,private:getpermissions,200,16704.901456832886,ok
1789256640.5845425,1789256640.5993698,14.827251434326172,public:getticker,200,46695.075273513794,unchanged
1789256640.5993862,1789256640.657349,57.962894439697266,private:getpermissions,200,46695.075273513794,unchanged
1789256670.5856493,1789256670.62205,36.400794982910156,public:getticker,200,15999.088048934937,ok
1789256670.6220653,1789256670.6604817,38.416385650634766,private:getpermissions,200,15999.088048934937,ok
1789256700.5860865,1789256700.6271658,41.07928276062012,public:getticker,200,46017.51446723938,unchanged
1789256700.627183,1789256700.6789074,51.72443389892578,private:getpermissions,200,46017.51446723938,unchanged
1789256730.5863163,1789256730.6031199,16.803503036499023,public:getticker,200,16191.102027893066,ok
1789256730.6031356,1789256730.6463692,43.233633041381836,private:getpermissions,200,16191.102027893066,ok
1789256760.5871413,1789256760.6149676,27.826309204101562,public:getticker,200,46217.371225357056,unchanged
1789256760.6149843,1789256760.6726382,57.65390396118164,private:getpermissions,200,46217.371225357056,unchanged
1789256790.587667,1789256790.603867,16.20006561279297,public:getticker,200,15404.771566390991,ok
1789256790.6038823,1789256790.6542132,50.33087730407715,private:getpermissions,200,15404.771566390991,ok
1789256820.5888934,1789256820.603864,14.970541000366211,public:getticker,200,45411.77248954773,unchanged
1789256820.60388,1789256820.6612046,57.32464790344238,private:getpermissions,200,45411.77248954773,unchanged
1789256850.5891361,1789256850.6048455,15.709400177001953,public:getticker,200,15585.524320602417,ok
1789256850.6048608,1789256850.6760032,71.14243507385254,private:getpermissions,200,15585.524320602417,ok
1789256880.5897462,1789256880.6217768,32.030582427978516,public:getticker,200,45592.501163482666,unchanged
1789256880.621794,1789256880.6829748,61.180830001831055,private:getpermissions,200,45592.501163482666,unchanged
1789256910.5904315,1789256910.6065834,16.151905059814453,public:getticker,200,14281.107902526855,ok
1789256910.6066003,1789256910.6655085,58.90822410583496,private:getpermissions,200,14281.107902526855,ok
1789256940.5907269,1789256940.6054513,14.724493026733398,public:getticker,200,44263.21744918823,unchanged
1789256940.6054664,1789256940.647619,42.15264320373535,private:getpermissions,200,44263.21744918823,unchanged
1789256970.5914023,1789256970.6085532,17.15087890625,public:getticker,200,14001.766920089722,ok
1789256970.6085691,1789256970.6629062,54.3370246887207,private:getpermissions,200,14001.766920089722,ok
1789257000.592295,1789257000.6072383,14.943361282348633,public:getticker,200,43998.90971183777,unchanged
1789257000.6072583,1789257000.6600506,52.79231071472168,private:getpermissions,200,43998.90971183777,unchanged
1789257030.5929055,1789257030.6803248,87.41927146911621,public:getticker,200,13525.65336227417,ok
1789257030.6803412,1789257030.7311866,50.84538459777832,private:getpermissions,200,13525.65336227417,ok
1789257060.5934317,1789257060.622758,29.326200485229492,public:getticker,200,43474.61652755737,unchanged
1789257060.6227732,1789257060.6801498,57.37662315368652,private:getpermissions,200,43474.61652755737,unchanged
1789257090.594538,1789257090.6323845,37.84656524658203,public:getticker,200,13397.465229034424,ok
1789257090.6324008,1789257090.6744037,42.00291633605957,private:getpermissions,200,13397.465229034424,ok
1789257120.5950546,1789257120.6563654,61.310768127441406,public:getticker,200,43428.844928741455,unchanged
1789257120.6563811,1789257120.7057836,49.402475357055664,private:getpermissions,200,43428.844928741455,unchanged
1789257150.5953822,1789257150.613478,18.095731735229492,public:getticker,200,12408.371210098267,ok
1789257150.6134949,1789257150.6664622,52.96730995178223,private:getpermissions,200,12408.371210098267,ok
1789257180.5956032,1789257180.6350982,39.494991302490234,public:getticker,200,42450.56223869324,unchanged
1789257180.6351128,1789257180.708653,73.54021072387695,private:getpermissions,200,42450.56223869324,unchanged
1789257210.595879,1789257210.632245,36.36598587036133,public:getticker,200,12078.526258468628,ok
1789257210.63226,1789257210.6733882,41.12815856933594,private:getpermissions,200,12078.526258468628,ok
1789257240.5969152,1789257240.8287995,231.88424110412598,public:getticker,200,42286.92650794983,unchanged
1789257240.8288147,1789257240.881788,52.973270416259766,private:getpermissions,200,42286.92650794983,unchanged
1789257270.597174,1789257270.6130764,15.902519226074219,public:getticker,200,12413.822412490845,ok
1789257270.613101,1789257270.678882,65.7808780670166,private:getpermissions,200,12413.822412490845,ok
1789257300.598097,1789257300.613198,15.100955963134766,public:getticker,200,42385.385513305664,unchanged
1789257300.6132119,1789257300.650446,37.23406791687012,private:getpermissions,200,42385.385513305664,unchanged
1789257330.5991862,1789257330.614826,15.639781951904297,public:getticker,200,11914.630651473999,ok
1789257330.6148398,1789257330.6595998,44.75998878479004,private:getpermissions,200,11914.630651473999,ok
1789257360.599427,1789257360.6302624,30.835390090942383,public:getticker,200,41936.82265281677,unchanged
1789257360.6302772,1789257360.6817915,51.514387130737305,private:getpermissions,200,41936.82265281677,unchanged
1789257390.5999317,1789257390.614827,14.895200729370117,public:getticker,200,11638.007640838623,ok
1789257390.614842,1789257390.6678207,52.9787540435791,private:getpermissions,200,11638.007640838623,ok
1789257420.6008403,1789257420.6404853,39.64495658874512,public:getticker,200,41648.94795417786,unchanged
1789257420.6405015,1789257420.6787512,38.24973106384277,private:getpermissions,200,41648.94795417786,unchanged
1789257450.6012225,1789257450.6169665,15.74397087097168,public:getticker,200,11461.636066436768,ok
1789257450.6169813,1789257450.6722171,55.235862731933594,private:getpermissions,200,11461.636066436768,ok
1789257480.6014383,1789257480.6169322,15.49386978149414,public:getticker,200,41449.99599456787,unchanged
1789257480.616946,1789257480.6605783,43.63226890563965,private:getpermissions,200,41449.99599456787,unchanged
1789257510.6018279,1789257510.617099,15.271186828613281,public:getticker,200,11480.58009147644,ok
1789257510.6171148,1789257510.6556942,38.579463958740234,private:getpermissions,200,11480.58009147644,ok
1789257540.602864,1789257540.6181152,15.25115966796875,public:getticker,200,41494.80748176575,unchanged
1789257540.6181295,1789257540.669921,51.79142951965332,private:getpermissions,200,41494.80748176575,unchanged
1789257570.6039832,1789257570.6476433,43.66016387939453,public:getticker,200,11010.53500175476,ok
1789257570.6476586,1789257570.701925,54.26645278930664,private:getpermissions,200,11010.53500175476,ok
1789257600.6043599,1789257600.619974,15.614032745361328,public:getticker,200,41019.402265548706,unchanged
1789257600.665006,1789257600.7107925,45.78661918640137,private:getpermissions,200,41019.402265548706,unchanged
1789257630.6053884,1789257630.6208086,15.420198440551758,public:getticker,200,10747.118473052979,ok
1789257630.6208234,1789257630.6646235,43.80011558532715,private:getpermissions,200,10747.118473052979,ok
1789257660.6064131,1789257660.6389947,32.58156776428223,public:getticker,200,40760.80775260925,unchanged
1789257660.6390107,1789257660.678313,39.30234909057617,private:getpermissions,200,40760.80775260925,unchanged
1789257690.60664,1789257690.776562,169.921875,public:getticker,200,10879.12631034851,ok
1789257690.776578,1789257690.852036,75.45804977416992,private:getpermissions,200,10879.12631034851,ok
1789257720.6068718,1789257720.6222036,15.331745147705078,public:getticker,200,40703.64689826965,unchanged
1789257720.6222203,1789257720.6765563,54.3360710144043,private:getpermissions,200,40703.64689826965,unchanged
1789257750.6070986,1789257750.6431322,36.03363037109375,public:getticker,200,10473.374366760254,ok
1789257750.6431468,1789257750.6882386,45.091867446899414,private:getpermissions,200,10473.374366760254,ok
1789257780.6073165,1789257780.62278,15.463590621948242,public:getticker,200,40646.74997329712,unchanged
1789257780.6227956,1789257780.8616138,238.81816864013672,private:getpermissions,200,40646.74997329712,unchanged
1789257810.6075478,1789257810.6248374,17.28963851928711,public:getticker,200,10496.484994888306,ok
1789257810.6248558,1789257810.7222893,97.43356704711914,private:getpermissions,200,10496.484994888306,ok
1789257840.6078339,1789257840.623171,15.337228775024414,public:getticker,200,40441.21551513672,unchanged
1789257840.6231856,1789257840.6670203,43.834686279296875,private:getpermissions,200,40441.21551513672,unchanged
1789257870.6081047,1789257870.6303632,22.258520126342773,public:getticker,200,10465.410470962524,ok
1789257870.6303782,1789257870.684184,53.80582809448242,private:getpermissions,200,10465.410470962524,ok
1789257900.6091788,1789257900.6264687,17.28987693786621,public:getticker,200,40455.477714538574,unchanged
1789257900.6264837,1789257900.6742506,47.766923904418945,private:getpermissions,200,40455.477714538574,unchanged
1789257930.6101797,1789257930.6377172,27.53758430480957,public:getticker,200,9948.815107345581,ok
1789257930.6377344,1789257930.7066975,68.96305084228516,private:getpermissions,200,9948.815107345581,ok
1789257960.6112907,1789257960.655407,44.11625862121582,public:getticker,200,39962.37659454346,unchanged
1789257960.6554322,1789257960.7202592,64.82696533203125,private:getpermissions,200,39962.37659454346,unchanged
1789257990.6115117,1789257990.651105,39.59321975708008,public:getticker,200,8213.690280914307,ok
1789257990.6511202,1789257990.6974058,46.28562927246094,private:getpermissions,200,8213.690280914307,ok
1789258020.6124277,1789258020.6328056,20.37787437438965,public:getticker,200,38185.20188331604,unchanged
1789258020.6328213,1789258020.6689177,36.09633445739746,private:getpermissions,200,38185.20188331604,unchanged
1789258050.6126869,1789258050.6485028,35.81595420837402,public:getticker,200,8073.3537673950195,ok
1789258050.648518,1789258050.689163,40.64488410949707,private:getpermissions,200,8073.3537673950195,ok
1789258080.6129968,1789258080.6297376,16.740798950195312,public:getticker,200,38065.46330451965,unchanged
1789258080.6297522,1789258080.6812716,51.51939392089844,private:getpermissions,200,38065.46330451965,unchanged
1789258110.6132083,1789258110.6544836,41.2752628326416,public:getticker,200,7966.499805450439,ok
1789258110.6544995,1789258110.705322,50.82249641418457,private:getpermissions,200,7966.499805450439,ok
1789258140.6139557,1789258140.6302109,16.25514030456543,public:getticker,200,37930.28974533081,unchanged
1789258140.6302264,1789258140.6691108,38.88440132141113,private:getpermissions,200,37930.28974533081,unchanged
1789258170.6148717,1789258170.6530986,38.22684288024902,public:getticker,200,7350.135564804077,ok
1789258170.6531136,1789258170.693715,40.601491928100586,private:getpermissions,200,7350.135564804077,ok
1789258200.6159308,1789258200.6603951,44.4643497467041,public:getticker,200,37355.775117874146,unchanged
1789258200.660414,1789258200.699353,38.93899917602539,private:getpermissions,200,37355.775117874146,unchanged
1789258230.6161869,1789258230.6313472,15.160322189331055,public:getticker,200,7057.979583740234,ok
1789258230.631365,1789258230.6944728,63.10772895812988,private:getpermissions,200,7057.979583740234,ok
1789258260.616464,1789258260.6587565,42.29259490966797,public:getticker,200,37059.89980697632,unchanged
1789258260.6587715,1789258260.696393,37.621498107910156,private:getpermissions,200,37059.89980697632,unchanged
1789258290.6167328,1789258290.6321065,15.373706817626953,public:getticker,200,6700.995683670044,ok
1789258290.6321213,1789258290.6854649,53.34353446960449,private:getpermissions,200,6700.995683670044,ok
1789258320.6171055,1789258320.634899,17.79341697692871,public:getticker,200,36702.7747631073,unchanged
1789258320.634917,1789258320.6872432,52.326202392578125,private:getpermissions,200,36702.7747631073,unchanged
1789258350.617545,1789258350.6329825,15.437602996826172,public:getticker,200,4674.481153488159,ok
1789258350.632996,1789258350.6838164,50.820350646972656,private:getpermissions,200,4674.481153488159,ok
1789258380.6178231,1789258380.642198,24.374961853027344,public:getticker,200,34675.663471221924,unchanged
1789258380.6422126,1789258380.684998,42.7854061126709,private:getpermissions,200,34675.663471221924,unchanged
1789258410.618065,1789258410.6520436,33.97846221923828,public:getticker,200,1726.0830402374268,ok
1789258410.652058,1789258410.6977823,45.72439193725586,private:getpermissions,200,1726.0830402374268,ok
1789258440.6193054,1789258440.6619747,42.66929626464844,public:getticker,200,31728.235244750977,unchanged
1789258440.6619895,1789258440.6999342,37.944793701171875,private:getpermissions,200,31728.235244750977,unchanged
1789258470.619871,1789258470.6362638,16.392946243286133,public:getticker,200,415.2045249938965,ok
1789258470.6362777,1789258470.6732476,36.969900131225586,private:getpermissions,200,415.2045249938965,ok
1789258500.6205156,1789258500.6399913,19.475698471069336,public:getticker,200,30433.194875717163,unchanged
1789258500.6400063,1789258500.6912365,51.23019218444824,private:getpermissions,200,30433.194875717163,unchanged
1789258530.621692,1789258530.6840425,62.35051155090332,public:getticker,200,503.9792060852051,ok
1789258530.6840572,1789258530.7616844,77.62718200683594,private:getpermissions,200,503.9792060852051,ok
1789258560.6219766,1789258560.6371486,15.172004699707031,public:getticker,200,30431.87165260315,unchanged
1789258560.637163,1789258560.6895776,52.414655685424805,private:getpermissions,200,30431.87165260315,unchanged
1789258590.6231198,1789258590.638328,15.208244323730469,public:getticker,200,82.99636840820312,ok
1789258590.6383436,1789258590.7007875,62.44397163391113,private:getpermissions,200,82.99636840820312,ok
1789258620.6242976,1789258620.6616638,37.36615180969238,public:getticker,200,30119.760990142822,unchanged
1789258620.6616895,1789258620.7375512,75.86169242858887,private:getpermissions,200,30119.760990142822,unchanged
1789258650.6245465,1789258650.648926,24.379491806030273,public:getticker,200,60105.82423210144,unchanged
1789258650.6489413,1789258650.7236042,74.66292381286621,private:getpermissions,200,60105.82423210144,unchanged
1789258680.6249626,1789258680.6402643,15.301704406738281,public:getticker,200,30090.55233001709,ok
1789258680.6402798,1789258680.6817977,41.51797294616699,private:getpermissions,200,30090.55233001709,ok
1789258710.6253574,1789258710.664428,39.07060623168945,public:getticker,200,-344.5713520050049,ok
1789258710.6644416,1789258710.718873,54.43143844604492,private:getpermissions,200,-344.5713520050049,ok
1789258740.6257565,1789258740.640654,14.897584915161133,public:getticker,200,29619.797468185425,unchanged
1789258740.6406672,1789258740.6832395,42.5722599029541,private:getpermissions,200,29619.797468185425,unchanged
1789258770.6261837,1789258770.6448224,18.63861083984375,public:getticker,200,59632.2078704834,unchanged
1789258770.6448362,1789258770.6956527,50.81653594970703,private:getpermissions,200,59632.2078704834,unchanged
1789258800.626919,1789258800.6654036,38.48457336425781,public:getticker,200,29058.586597442627,ok
1789258800.66542,1789258800.718826,53.4060001373291,private:getpermissions,200,29058.586597442627,ok
1789258830.6276276,1789258830.6893842,61.75661087036133,public:getticker,200,59084.569454193115,unchanged
1789258830.6893995,1789258830.7447698,55.370330810546875,private:getpermissions,200,59084.569454193115,unchanged
1789258860.6279414,1789258860.643109,15.167713165283203,public:getticker,200,28434.247970581055,ok
1789258860.643126,1789258860.6977787,54.65269088745117,private:getpermissions,200,28434.247970581055,ok
1789258890.6281054,1789258890.6423337,14.228343963623047,public:getticker,200,58447.5462436676,unchanged
1789258890.6423483,1789258890.7110639,68.71557235717773,private:getpermissions,200,58447.5462436676,unchanged
1789258920.6289117,1789258920.6446242,15.712499618530273,public:getticker,200,28625.78058242798,ok
1789258920.644638,1789258920.6858537,41.21565818786621,private:getpermissions,200,28625.78058242798,ok
1789258950.6291583,1789258950.6679523,38.79404067993164,public:getticker,200,58663.67197036743,unchanged
1789258950.667969,1789258950.7237353,55.76634407043457,private:getpermissions,200,58663.67197036743,unchanged
1789258980.6295798,1789258980.6461804,16.600608825683594,public:getticker,200,28844.8383808136,ok
1789258980.646196,1789258980.6931021,46.906232833862305,private:getpermissions,200,28844.8383808136,ok
1789259010.6302454,1789259010.6472569,17.011404037475586,public:getticker,200,58854.31361198425,unchanged
1789259010.647272,1789259010.7025776,55.30548095703125,private:getpermissions,200,58854.31361198425,unchanged
1789259040.6305017,1789259040.6713104,40.808677673339844,public:getticker,200,28620.47004699707,ok
1789259040.6713254,1789259040.7146049,43.279409408569336,private:getpermissions,200,28620.47004699707,ok
1789259070.6307418,1789259070.647873,17.13109016418457,public:getticker,200,58607.43236541748,unchanged
1789259070.6478884,1789259070.7015653,53.67684364318848,private:getpermissions,200,58607.43236541748,unchanged
1789259100.6309865,1789259100.6449544,13.96799087524414,public:getticker,200,28492.552042007446,ok
1789259100.6449683,1789259100.7103972,65.4289722442627,private:getpermissions,200,28492.552042007446,ok
1789259130.631475,1789259130.6532485,21.773576736450195,public:getticker,200,58493.39818954468,unchanged
1789259130.6532652,1789259130.7112424,57.97719955444336,private:getpermissions,200,58493.39818954468,unchanged
1789259160.6323142,1789259160.6836884,51.374197006225586,public:getticker,200,28609.7309589386,ok
1789259160.683704,1789259160.7346473,50.94337463378906,private:getpermissions,200,28609.7309589386,ok
1789259190.6326866,1789259190.6697464,37.059783935546875,public:getticker,200,58582.849979400635,unchanged
1789259190.6697624,1789259190.7077646,38.00225257873535,private:getpermissions,200,58582.849979400635,unchanged
1789259220.6330264,1789259220.6506734,17.64702796936035,public:getticker,200,28105.61776161194,ok
1789259220.650691,1789259220.6929932,42.30213165283203,private:getpermissions,200,28105.61776161194,ok
1789259250.6334145,1789259250.6863866,52.97207832336426,public:getticker,200,58147.94874191284,unchanged
1789259250.6864023,1789259250.7353249,48.92253875732422,private:getpermissions,200,58147.94874191284,unchanged
1789259280.6348155,1789259280.6708713,36.055803298950195,public:getticker,200,28267.526865005493,ok
1789259280.6708903,1789259280.7381067,67.21639633178711,private:getpermissions,200,28267.526865005493,ok
1789259310.635961,1789259310.652887,16.926050186157227,public:getticker,200,58236.936807632446,unchanged
1789259310.652903,1789259310.7075188,54.61573600769043,private:getpermissions,200,58236.936807632446,unchanged
1789259340.6365848,1789259340.6534946,16.90983772277832,public:getticker,200,28225.91996192932,ok
1789259340.6535199,1789259340.6948955,41.37563705444336,private:getpermissions,200,28225.91996192932,ok
1789259370.6370304,1789259370.6534083,16.377925872802734,public:getticker,200,58318.225145339966,unchanged
1789259370.6534247,1789259370.787202,133.77714157104492,private:getpermissions,200,58318.225145339966,unchanged
1789259400.6375494,1789259400.6542895,16.740083694458008,public:getticker,200,27929.83841896057,ok
1789259400.6543078,1789259400.6988754,44.56758499145508,private:getpermissions,200,27929.83841896057,ok
1789259430.637809,1789259430.6545525,16.74342155456543,public:getticker,200,57926.189661026,unchanged
1789259430.6545675,1789259430.6952267,40.659189224243164,private:getpermissions,200,57926.189661026,unchanged
1789259460.6388583,1789259460.6732242,34.36589241027832,public:getticker,200,27953.600645065308,ok
1789259460.67324,1789259460.7456174,72.37744331359863,private:getpermissions,200,27953.600645065308,ok
1789259490.639876,1789259490.6591413,19.265413284301758,public:getticker,200,57919.24810409546,unchanged
1789259490.659157,1789259490.7112646,52.10757255554199,private:getpermissions,200,57919.24810409546,unchanged
1789259520.640576,1789259520.6751926,34.616708755493164,public:getticker,200,28108.094692230225,ok
1789259520.6752083,1789259520.7283676,53.159236907958984,private:getpermissions,200,28108.094692230225,ok
1789259550.6412876,1789259550.6626763,21.388769149780273,public:getticker,200,58106.65488243103,unchanged
1789259550.6626923,1789259550.726927,64.23473358154297,private:getpermissions,200,58106.65488243103,unchanged
1789259580.641525,1789259580.6584337,16.908645629882812,public:getticker,200,27375.993728637695,ok
1789259580.6584525,1789259580.717998,59.54551696777344,private:getpermissions,200,27375.993728637695,ok
1789259610.642507,1789259610.6836162,41.10908508300781,public:getticker,200,57395.09391784668,unchanged
1789259610.6836317,1789259610.7370987,53.4670352935791,private:getpermissions,200,57395.09391784668,unchanged
1789259640.6428246,1789259640.7731788,130.3541660308838,public:getticker,200,27451.48730278015,ok
1789259640.7731938,1789259641.1163378,343.1439399719238,private:getpermissions,200,27451.48730278015,ok
1789259670.6430926,1789259670.6599448,16.852140426635742,public:getticker,200,57052.154779434204,unchanged
1789259670.6599584,1789259670.7170055,57.047128677368164,private:getpermissions,200,57052.154779434204,unchanged
1789259700.6438608,1789259700.6631768,19.31595802307129,public:getticker,200,26525.17604827881,ok
1789259700.6631958,1789259700.7105787,47.38283157348633,private:getpermissions,200,26525.17604827881,ok
1789259730.6449032,1789259730.683813,38.909912109375,public:getticker,200,56554.66365814209,unchanged
1789259730.6838279,1789259730.7400637,56.23579025268555,private:getpermissions,200,56554.66365814209,unchanged
1789259760.6454191,1789259760.6669447,21.52562141418457,public:getticker,200,26598.870038986206,ok
1789259760.6669629,1789259760.713022,46.05913162231445,private:getpermissions,200,26598.870038986206,ok
1789259790.645653,1789259790.6807678,35.11476516723633,public:getticker,200,56637.47000694275,unchanged
1789259790.6807828,1789259790.7516236,70.84083557128906,private:getpermissions,200,56637.47000694275,unchanged
1789259820.6459472,1789259820.6601083,14.161109924316406,public:getticker,200,26069.644451141357,ok
1789259820.6601214,1789259820.7956622,135.54072380065918,private:getpermissions,200,26069.644451141357,ok
1789259850.6462195,1789259850.691833,45.61352729797363,public:getticker,200,56004.51159477234,unchanged
1789259850.6918483,1789259850.730529,38.6807918548584,private:getpermissions,200,56004.51159477234,unchanged
1789259880.6464922,1789259880.6896238,43.13158988952637,public:getticker,200,26431.0462474823,ok
1789259880.6896381,1789259880.727976,38.33794593811035,private:getpermissions,200,26431.0462474823,ok
1789259910.6467338,1789259910.6800988,33.36501121520996,public:getticker,200,56468.21427345276,unchanged
1789259910.6801143,1789259910.7651446,85.03031730651855,private:getpermissions,200,56468.21427345276,unchanged
1789259940.6469994,1789259940.6853309,38.33150863647461,public:getticker,200,25664.19219970703,ok
1789259940.6853762,1789259940.7326407,47.26457595825195,private:getpermissions,200,25664.19219970703,ok
1789259970.64774,1789259970.6918395,44.09956932067871,public:getticker,200,55682.94644355774,unchanged
1789259970.6918545,1789259970.751395,59.540510177612305,private:getpermissions,200,55682.94644355774,unchanged
1789260000.6480134,1789260000.6633193,15.30599594116211,public:getticker,200,24938.493967056274,ok
1789260000.6633325,1789260000.7087903,45.45783996582031,private:getpermissions,200,24938.493967056274,ok
1789260030.6483328,1789260030.6655,17.167091369628906,public:getticker,200,54937.339782714844,unchanged
1789260030.6655278,1789260030.707636,42.10829734802246,private:getpermissions,200,54937.339782714844,unchanged
1789260060.6486237,1789260060.6642587,15.635013580322266,public:getticker,200,24843.353271484375,ok
1789260060.6642735,1789260060.7227237,58.45022201538086,private:getpermissions,200,24843.353271484375,ok
1789260090.64984,1789260090.665555,15.714883804321289,public:getticker,200,54844.78521347046,unchanged
1789260090.6655695,1789260090.7241547,58.585166931152344,private:getpermissions,200,54844.78521347046,unchanged
1789260120.650947,1789260120.7047305,53.783416748046875,public:getticker,200,25114.93468284607,ok
1789260120.7047474,1789260120.7459176,41.17012023925781,private:getpermissions,200,25114.93468284607,ok
1789260150.651539,1789260150.6696937,18.154621124267578,public:getticker,200,55096.11940383911,unchanged
1789260150.66971,1789260150.727103,57.39307403564453,private:getpermissions,200,55096.11940383911,unchanged
1789260180.6518004,1789260180.6690524,17.251968383789062,public:getticker,200,24393.376111984253,ok
1789260180.6690667,1789260180.7402794,71.2127685546875,private:getpermissions,200,24393.376111984253,ok
1789260210.6520562,1789260210.6668835,14.827251434326172,public:getticker,200,54361.104011535645,unchanged
1789260210.666898,1789260210.7080069,41.10884666442871,private:getpermissions,200,54361.104011535645,unchanged
1789260240.6522985,1789260240.691536,39.23749923706055,public:getticker,200,24257.05122947693,ok
1789260240.6915507,1789260240.7499726,58.42185020446777,private:getpermissions,200,24257.05122947693,ok
1789260270.6535258,1789260270.670453,16.927242279052734,public:getticker,200,54224.27678108215,unchanged
1789260270.6704686,1789260270.717197,46.72837257385254,private:getpermissions,200,54224.27678108215,unchanged
1789260300.654631,1789260300.6704526,15.821695327758789,public:getticker,200,24341.580629348755,ok
1789260300.6704664,1789260300.722705,52.23846435546875,private:getpermissions,200,24341.580629348755,ok
1789260330.655773,1789260330.6963356,40.56262969970703,public:getticker,200,54357.80835151672,unchanged
1789260330.69635,1789260330.7389324,42.58227348327637,private:getpermissions,200,54357.80835151672,unchanged
1789260360.656485,1789260360.712332,55.8469295501709,public:getticker,200,22894.600868225098,ok
1789260360.7123713,1789260360.7692919,56.920528411865234,private:getpermissions,200,22894.600868225098,ok
1789260390.6567233,1789260390.686171,29.44779396057129,public:getticker,200,52850.03471374512,unchanged
1789260390.6861846,1789260390.724726,38.541316986083984,private:getpermissions,200,52850.03471374512,unchanged
1789260420.6569612,1789260420.700906,43.9448356628418,public:getticker,200,20896.982431411743,ok
1789260420.7009237,1789260420.7542198,53.29608917236328,private:getpermissions,200,20896.982431411743,ok
1789260450.6572056,1789260450.6920218,34.81626510620117,public:getticker,200,50878.745555877686,unchanged
1789260450.6920376,1789260450.7359836,43.946027755737305,private:getpermissions,200,50878.745555877686,unchanged
1789260480.6574838,1789260480.6827915,25.307655334472656,public:getticker,200,20469.01273727417,ok
1789260480.6828058,1789260480.7248862,42.08040237426758,private:getpermissions,200,20469.01273727417,ok
1789260510.6586592,1789260510.6943583,35.69912910461426,public:getticker,200,50490.333557128906,unchanged
1789260510.6943734,1789260510.7462077,51.8343448638916,private:getpermissions,200,50490.333557128906,unchanged
1789260540.6589189,1789260540.6996095,40.69066047668457,public:getticker,200,20754.11891937256,ok
1789260540.6996243,1789260540.7549546,55.33027648925781,private:getpermissions,200,20754.11891937256,ok
1789260570.6596467,1789260570.6993952,39.748430252075195,public:getticker,200,50737.844705581665,unchanged
1789260570.6994107,1789260570.7386806,39.26992416381836,private:getpermissions,200,50737.844705581665,unchanged
1789260600.6606703,1789260600.7154164,54.746150970458984,public:getticker,200,20518.275499343872,ok
1789260600.7154317,1789260600.7893286,73.89688491821289,private:getpermissions,200,20518.275499343872,ok
1789260630.660943,1789260630.738938,77.99506187438965,public:getticker,200,50557.39688873291,unchanged
1789260630.7389543,1789260630.8284497,89.49542045593262,private:getpermissions,200,50557.39688873291,unchanged
1789260660.6612194,1789260660.680973,19.753694534301758,public:getticker,200,20703.020334243774,ok
1789260660.6809888,1789260660.7247105,43.721675872802734,private:getpermissions,200,20703.020334243774,ok
1789260690.6616087,1789260690.699577,37.96839714050293,public:getticker,200,50726.338148117065,unchanged
1789260690.6995938,1789260690.7480283,48.43449592590332,private:getpermissions,200,50726.338148117065,unchanged
1789260720.6625779,1789260720.717916,55.338144302368164,public:getticker,200,20027.703762054443,ok
1789260720.7179315,1789260720.758524,40.59243202209473,private:getpermissions,200,20027.703762054443,ok
1789260750.6628098,1789260750.6806858,17.87590980529785,public:getticker,200,50004.76384162903,unchanged
1789260750.680701,1789260750.7355845,54.883480072021484,private:getpermissions,200,50004.76384162903,unchanged
1789260780.663076,1789260780.7122676,49.19171333312988,public:getticker,200,20222.90086746216,ok
1789260780.7122843,1789260780.7564983,44.21401023864746,private:getpermissions,200,20222.90086746216,ok
1789260810.6633534,1789260810.7046733,41.319847106933594,public:getticker,200,50215.06428718567,unchanged
1789260810.7046883,1789260810.7486622,43.97392272949219,private:getpermissions,200,50215.06428718567,unchanged
1789260840.663613,1789260840.6836212,20.008087158203125,public:getticker,200,19947.34239578247,ok
1789260840.683637,1789260840.7276628,44.02589797973633,private:getpermissions,200,19947.34239578247,ok
1789260870.6642072,1789260870.709409,45.201778411865234,public:getticker,200,49986.130237579346,unchanged
1789260870.709427,1789260870.7664497,57.0225715637207,private:getpermissions,200,49986.130237579346,unchanged
1789260900.6644754,1789260900.6805718,16.09635353088379,public:getticker,200,19625.55980682373,ok
1789260900.680588,1789260900.7321496,51.561594009399414,private:getpermissions,200,19625.55980682373,ok
1789260930.6647353,1789260930.702195,37.459611892700195,public:getticker,200,49647.932052612305,unchanged
1789260930.7022092,1789260930.7545223,52.31308937072754,private:getpermissions,200,49647.932052612305,unchanged
1789260960.6652334,1789260960.7015882,36.354780197143555,public:getticker,200,17902.63056755066,ok
1789260960.7016032,1789260960.7595043,57.90114402770996,private:getpermissions,200,17902.63056755066,ok
1789260990.6658623,1789260990.7312095,65.34719467163086,public:getticker,200,47923.61783981323,unchanged
1789260990.7312253,1789260990.7804914,49.26609992980957,private:getpermissions,200,47923.61783981323,unchanged
1789261020.666517,1789261020.7098727,43.355703353881836,public:getticker,200,17316.301345825195,ok
1789261020.7098877,1789261020.7760203,66.1325454711914,private:getpermissions,200,17316.301345825195,ok
1789261050.6667452,1789261050.742677,75.93178749084473,public:getticker,200,47339.597940444946,unchanged
1789261050.7426934,1789261050.7993314,56.63800239562988,private:getpermissions,200,47339.597940444946,unchanged
1789261080.6669765,1789261080.7023757,35.39919853210449,public:getticker,200,17042.267084121704,ok
1789261080.7023907,1789261080.7482803,45.88961601257324,private:getpermissions,200,17042.267084121704,ok
1789261110.6678073,1789261110.720084,52.276611328125,public:getticker,200,47069.111824035645,unchanged
1789261110.7200997,1789261110.7751243,55.02462387084961,private:getpermissions,200,47069.111824035645,unchanged
1789261140.668663,1789261140.7348003,66.13731384277344,public:getticker,200,17107.914209365845,ok
1789261140.7348175,1789261140.7934337,58.61616134643555,private:getpermissions,200,17107.914209365845,ok
1789261170.6698835,1789261170.8668535,196.96998596191406,public:getticker,200,47220.609188079834,unchanged
1789261170.86687,1789261170.9061284,39.258480072021484,private:getpermissions,200,47220.609188079834,unchanged
1789261200.670148,1789261200.6843636,14.215707778930664,public:getticker,200,17002.06708908081,ok
1789261200.6843777,1789261200.7270381,42.66047477722168,private:getpermissions,200,17002.06708908081,ok
1789261230.6709354,1789261230.7064574,35.5219841003418,public:getticker,200,47258.88276100159,unchanged
1789261230.7064726,1789261230.9838538,277.38118171691895,private:getpermissions,200,47258.88276100159,unchanged
1789261260.6714485,1789261260.708528,37.079572677612305,public:getticker,200,16573.577165603638,ok
1789261260.7085447,1789261260.819698,111.15336418151855,private:getpermissions,200,16573.577165603638,ok
1789261290.6716483,1789261290.7177536,46.105384826660156,public:getticker,200,46517.714500427246,unchanged
1789261290.71777,1789261290.7638354,46.065330505371094,private:getpermissions,200,46517.714500427246,unchanged
1789261320.6719353,1789261320.7174664,45.53103446960449,public:getticker,200,16067.681312561035,ok
1789261320.7174814,1789261320.7639773,46.495914459228516,private:getpermissions,200,16067.681312561035,ok
1789261350.6725907,1789261350.7184103,45.81952095031738,public:getticker,200,46074.69034194946,unchanged
1789261350.7184284,1789261350.7709858,52.55746841430664,private:getpermissions,200,46074.69034194946,unchanged
1789261380.6728923,1789261380.715047,42.154550552368164,public:getticker,200,15789.16072845459,ok
1789261380.7150638,1789261380.7651825,50.11868476867676,private:getpermissions,200,15789.16072845459,ok
1789261410.6731853,1789261410.710177,36.99159622192383,public:getticker,200,45788.27166557312,unchanged
1789261410.7102077,1789261410.764294,54.08620834350586,private:getpermissions,200,45788.27166557312,unchanged
1789261440.674339,1789261440.6901667,15.827655792236328,public:getticker,200,14076.25937461853,ok
1789261440.6901815,1789261440.7360723,45.89080810546875,private:getpermissions,200,14076.25937461853,ok
1789261470.6745994,1789261470.712374,37.77456283569336,public:getticker,200,44111.21320724487,unchanged
1789261470.7123892,1789261470.7710268,58.63761901855469,private:getpermissions,200,44111.21320724487,unchanged
1789261500.674841,1789261500.7160583,41.21732711791992,public:getticker,200,13176.075220108032,ok
1789261500.7160754,1789261500.7611067,45.03130912780762,private:getpermissions,200,13176.075220108032,ok
1789261530.6750922,1789261530.7224178,47.32561111450195,public:getticker,200,43188.958168029785,unchanged
1789261530.722433,1789261530.7739909,51.55777931213379,private:getpermissions,200,43188.958168029785,unchanged
1789261560.6753628,1789261560.7138329,38.47002983093262,public:getticker,200,12516.932249069214,ok
1789261560.713848,1789261560.7495906,35.74252128601074,private:getpermissions,200,12516.932249069214,ok
1789261590.6758013,1789261590.7206354,44.834136962890625,public:getticker,200,42530.59530258179,unchanged
1789261590.7206821,1789261590.7632532,42.571067810058594,private:getpermissions,200,42530.59530258179,unchanged
1789261620.6769645,1789261620.7136226,36.65804862976074,public:getticker,200,12878.200769424438,ok
1789261620.71364,1789261620.765596,51.9559383392334,private:getpermissions,200,12878.200769424438,ok
1789261650.67806,1789261650.7376175,59.557437896728516,public:getticker,200,42904.0105342865,unchanged
1789261650.7376432,1789261650.7914052,53.761959075927734,private:getpermissions,200,42904.0105342865,unchanged
1789261680.6792536,1789261680.6938894,14.635801315307617,public:getticker,200,12592.87691116333,ok
1789261680.693904,1789261680.7440414,50.13751983642578,private:getpermissions,200,12592.87691116333,ok
1789261710.679496,1789261710.7415876,62.09158897399902,public:getticker,200,42632.041931152344,unchanged
1789261710.7416034,1789261710.7832062,41.60284996032715,private:getpermissions,200,42632.041931152344,unchanged
1789261740.6797292,1789261740.773706,93.97673606872559,public:getticker,200,13064.04447555542,ok
1789261740.7737217,1789261741.0477388,274.0170955657959,private:getpermissions,200,13064.04447555542,ok
1789261770.679974,1789261770.7239716,43.99752616882324,public:getticker,200,42793.198585510254,unchanged
1789261770.723987,1789261770.7768934,52.90627479553223,private:getpermissions,200,42793.198585510254,unchanged
1789261800.680778,1789261800.6967416,15.963554382324219,public:getticker,200,12103.867769241333,ok
1789261800.6967564,1789261800.7365592,39.80278968811035,private:getpermissions,200,12103.867769241333,ok
1789261830.6868613,1789261830.735531,48.66981506347656,public:getticker,200,42154.90126609802,unchanged
1789261830.7355494,1789261830.7875924,52.04296112060547,private:getpermissions,200,42154.90126609802,unchanged
1789261860.6877208,1789261860.7063255,18.604755401611328,public:getticker,200,11519.751071929932,ok
1789261860.70634,1789261860.7502956,43.95556449890137,private:getpermissions,200,11519.751071929932,ok
1789261890.6905704,1789261890.8829987,192.4283504486084,public:getticker,200,41710.16716957092,unchanged
1789261890.883081,1789261890.9407098,57.62887001037598,private:getpermissions,200,41710.16716957092,unchanged
1789261920.690307,1789261920.7236001,33.29324722290039,public:getticker,200,11488.145589828491,ok
1789261920.723617,1789261920.7775328,53.91573905944824,private:getpermissions,200,11488.145589828491,ok
1789261950.6906135,1789261950.735692,45.07851600646973,public:getticker,200,41495.43261528015,unchanged
1789261950.7357152,1789261950.7848194,49.10421371459961,private:getpermissions,200,41495.43261528015,unchanged
1789261980.691184,1789261980.7298014,38.61737251281738,public:getticker,200,11388.297080993652,ok
1789261980.7298217,1789261980.7937484,63.92669677734375,private:getpermissions,200,11388.297080993652,ok
1789262010.6916838,1789262010.712496,20.812273025512695,public:getticker,200,41358.59441757202,unchanged
1789262010.7125142,1789262010.7640462,51.53203010559082,private:getpermissions,200,41358.59441757202,unchanged
1789262040.6919441,1789262040.7069373,14.99319076538086,public:getticker,200,10998.194217681885,ok
1789262040.7069514,1789262040.7637293,56.7779541015625,private:getpermissions,200,10998.194217681885,ok
1789262070.692379,1789262070.7441013,51.72228813171387,public:getticker,200,41050.628423690796,unchanged
1789262070.7441194,1789262070.8161635,72.04413414001465,private:getpermissions,200,41050.628423690796,unchanged
1789262100.6931875,1789262100.741543,48.3555793762207,public:getticker,200,9012.59183883667,ok
1789262100.741559,1789262100.7782278,36.66877746582031,private:getpermissions,200,9012.59183883667,ok
1789262130.694217,1789262130.7338214,39.60442543029785,public:getticker,200,39012.77732849121,unchanged
1789262130.733839,1789262130.7784133,44.57426071166992,private:getpermissions,200,39012.77732849121,unchanged
1789262160.69459,1789262160.746746,52.15597152709961,public:getticker,200,9084.765195846558,ok
1789262160.746763,1789262160.8004353,53.67231369018555,private:getpermissions,200,9084.765195846558,ok
1789262190.695161,1789262190.7502618,55.10067939758301,public:getticker,200,39084.31172370911,unchanged
1789262190.750282,1789262190.7999814,49.69930648803711,private:getpermissions,200,39084.31172370911,unchanged
1789262220.695385,1789262220.7390049,43.61987113952637,public:getticker,200,9094.465017318726,ok
1789262220.7390225,1789262220.7784867,39.46423530578613,private:getpermissions,200,9094.465017318726,ok
1789262250.6956277,1789262250.7546759,59.04817581176758,public:getticker,200,39130.58018684387,unchanged
1789262250.7546918,1789262250.814602,59.91005897521973,private:getpermissions,200,39130.58018684387,unchanged
1789262280.6958907,1789262280.7392426,43.35188865661621,public:getticker,200,7189.537763595581,ok
1789262280.7392669,1789262280.782537,43.270111083984375,private:getpermissions,200,7189.537763595581,ok
1789262310.6961367,1789262310.7402048,44.068098068237305,public:getticker,200,37206.10213279724,unchanged
1789262310.7402508,1789262310.7991006,58.84981155395508,private:getpermissions,200,37206.10213279724,unchanged
1789262340.6963782,1789262340.7315218,35.14361381530762,public:getticker,200,6890.476226806641,ok
1789262340.731538,1789262340.7743974,42.85931587219238,private:getpermissions,200,6890.476226806641,ok
1789262370.697217,1789262370.7411394,43.92242431640625,public:getticker,200,36897.321462631226,unchanged
1789262370.7411547,1789262370.7812438,40.08913040161133,private:getpermissions,200,36897.321462631226,unchanged
1789262400.697522,1789262400.731678,34.156084060668945,public:getticker,200,8172.139644622803,ok
1789262400.731696,1789262400.7892966,57.60073661804199,private:getpermissions,200,8172.139644622803,ok
1789262430.6978183,1789262430.7383046,40.48633575439453,public:getticker,200,38170.83716392517,unchanged
1789262430.7383213,1789262430.7879944,49.67308044433594,private:getpermissions,200,38170.83716392517,unchanged
1789262460.698067,1789262460.7232032,25.136232376098633,public:getticker,200,5995.107412338257,ok
1789262460.723218,1789262460.79427,71.05207443237305,private:getpermissions,200,5995.107412338257,ok
1789262490.698356,1789262490.7580817,59.72576141357422,public:getticker,200,36027.775049209595,unchanged
1789262490.7580974,1789262490.8269362,68.83883476257324,private:getpermissions,200,36027.775049209595,unchanged
1789262520.6986115,1789262520.7398264,41.214942932128906,public:getticker,200,5546.39744758606,ok
1789262520.739843,1789262520.79767,57.826995849609375,private:getpermissions,200,5546.39744758606,ok
1789262550.6996243,1789262550.7410274,41.40305519104004,public:getticker,200,35549.97515678406,unchanged
1789262550.7410443,1789262550.8012476,60.20331382751465,private:getpermissions,200,35549.97515678406,unchanged
1789262580.6998756,1789262580.7152562,15.380620956420898,public:getticker,200,4332.207918167114,ok
1789262580.7152734,1789262580.769375,54.10170555114746,private:getpermissions,200,4332.207918167114,ok
1789262610.7001495,1789262610.7416768,41.52727127075195,public:getticker,200,34448.660373687744,unchanged
1789262610.7416918,1789262610.8858263,144.134521484375,private:getpermissions,200,34448.660373687744,unchanged
1789262640.7004375,1789262640.7646854,64.24784660339355,public:getticker,200,4507.883787155151,ok
1789262640.7647007,1789262640.8003182,35.61758995056152,private:getpermissions,200,4507.883787155151,ok
1789262670.7007375,1789262670.7553897,54.65221405029297,public:getticker,200,34509.04822349548,unchanged
1789262670.7554064,1789262670.8014815,46.07510566711426,private:getpermissions,200,34509.04822349548,unchanged
1789262700.7009974,1789262700.7187245,17.727136611938477,public:getticker,200,4203.697443008423,ok
1789262700.7187395,1789262700.771626,52.8864860534668,private:getpermissions,200,4203.697443008423,ok
1789262730.701248,1789262730.741711,40.46297073364258,public:getticker,200,34226.92680358887,unchanged
1789262730.7417269,1789262730.794854,53.12705039978027,private:getpermissions,200,34226.92680358887,unchanged
1789262760.701511,1789262760.745728,44.21710968017578,public:getticker,200,3694.7317123413086,ok
1789262760.745744,1789262760.8151436,69.39959526062012,private:getpermissions,200,3694.7317123413086,ok
1789262790.701817,1789262790.7472885,45.4714298248291,public:getticker,200,33683.27331542969,unchanged
1789262790.7473302,1789262790.803685,56.35476112365723,private:getpermissions,200,33683.27331542969,unchanged
1789262820.7020755,1789262820.7212863,19.2108154296875,public:getticker,200,3402.9276371002197,ok
1789262820.721302,1789262820.7736182,52.31618881225586,private:getpermissions,200,3402.9276371002197,ok
1789262850.7023158,1789262850.737958,35.642147064208984,public:getticker,200,33426.19490623474,unchanged
1789262850.7379723,1789262850.7968867,58.9144229888916,private:getpermissions,200,33426.19490623474,unchanged
1789262880.7031293,1789262880.737611,34.48176383972168,public:getticker,200,3522.4804878234863,ok
1789262880.7376277,1789262880.8106508,73.02308082580566,private:getpermissions,200,3522.4804878234863,ok
1789262910.7034764,1789262910.7477114,44.2349910736084,public:getticker,200,33779.74820137024,unchanged
1789262910.747731,1789262911.0679185,320.1875686645508,private:getpermissions,200,33779.74820137024,unchanged
1789262940.7044988,1789262940.7543912,49.892425537109375,public:getticker,200,3240.194082260132,ok
1789262940.7544074,1789262940.9576004,203.19294929504395,private:getpermissions,200,3240.194082260132,ok
1789262970.7047908,1789262970.9553185,250.52762031555176,public:getticker,200,33277.67252922058,unchanged
1789262970.955338,1789262970.9950788,39.740800857543945,private:getpermissions,200,33277.67252922058,unchanged
1789263000.7056203,1789263000.7481096,42.48929023742676,public:getticker,200,3031.749963760376,ok
1789263000.7481484,1789263000.7877405,39.59202766418457,private:getpermissions,200,3031.749963760376,ok
1789263030.7053888,1789263030.7595096,54.120779037475586,public:getticker,200,33092.729806900024,unchanged
1789263030.7595267,1789263030.8487172,89.19048309326172,private:getpermissions,200,33092.729806900024,unchanged
1789263060.705621,1789263060.7346838,29.062747955322266,public:getticker,200,1176.6648292541504,ok
1789263060.7346985,1789263060.7823727,47.67417907714844,private:getpermissions,200,1176.6648292541504,ok
1789263090.706624,1789263090.7405717,33.94770622253418,public:getticker,200,31192.949056625366,unchanged
1789263090.7405877,1789263090.7986567,58.06899070739746,private:getpermissions,200,31192.949056625366,unchanged
1789263120.706922,1789263120.7482796,41.35751724243164,public:getticker,200,1412.5785827636719,ok
1789263120.7482958,1789263120.7944264,46.13065719604492,private:getpermissions,200,1412.5785827636719,ok
1789263150.707174,1789263150.7368786,29.704570770263672,public:getticker,200,31408.93316268921,unchanged
1789263150.7369027,1789263150.7907813,53.8785457611084,private:getpermissions,200,31408.93316268921,unchanged
1789263180.7074513,1789263180.7420022,34.55090522766113,public:getticker,200,61580.79481124878,unchanged
1789263180.7420166,1789263180.962643,220.6263542175293,private:getpermissions,200,61580.79481124878,unchanged
1789263210.7080128,1789263210.743277,35.26425361633301,public:getticker,200,29553.135633468628,ok
1789263210.743292,1789263210.8003752,57.0831298828125,private:getpermissions,200,29553.135633468628,ok
1789263240.7086408,1789263240.72433,15.68913459777832,public:getticker,200,59531.346559524536,unchanged
1789263240.7243462,1789263240.7785861,54.23998832702637,private:getpermissions,200,59531.346559524536,unchanged
1789263270.7096937,1789263270.7537522,44.05856132507324,public:getticker,200,27414.92795944214,ok
1789263270.7537718,1789263270.80714,53.368330001831055,private:getpermissions,200,27414.92795944214,ok
1789263300.7102532,1789263300.7562046,45.95136642456055,public:getticker,200,57419.864892959595,unchanged
1789263300.7562225,1789263300.8120792,55.85670471191406,private:getpermissions,200,57419.864892959595,unchanged
1789263330.7104683,1789263330.7274997,17.031431198120117,public:getticker,200,27386.253833770752,ok
1789263330.7275155,1789263330.772608,45.09258270263672,private:getpermissions,200,27386.253833770752,ok
1789263360.71125,1789263360.7713473,60.09721755981445,public:getticker,200,57457.645416259766,unchanged
1789263360.7713625,1789263360.8439991,72.63660430908203,private:getpermissions,200,57457.645416259766,unchanged
1789263390.7118864,1789263390.7280552,16.168832778930664,public:getticker,200,27523.848056793213,ok
1789263390.7280722,1789263390.7755842,47.512054443359375,private:getpermissions,200,27523.848056793213,ok
1789263420.7121353,1789263420.7356772,23.541927337646484,public:getticker,200,57525.35700798035,unchanged
1789263420.7356927,1789263420.7770932,41.40043258666992,private:getpermissions,200,57525.35700798035,unchanged
1789263450.712384,1789263450.7546704,42.28639602661133,public:getticker,200,27197.54672050476,ok
1789263450.7546856,1789263450.8120546,57.36899375915527,private:getpermissions,200,27197.54672050476,ok
1789263480.7127879,1789263480.7294312,16.643285751342773,public:getticker,200,-2814.4967555999756,ok
1789263480.7294471,1789263480.7834191,53.97200584411621,private:getpermissions,200,-2814.4967555999756,ok
1789263510.7130194,1789263510.7293057,16.286373138427734,public:getticker,200,27191.004276275635,unchanged
1789263510.72932,1789263510.7889216,59.601545333862305,private:getpermissions,200,27191.004276275635,unchanged
1789263540.7132592,1789263540.7292175,15.958309173583984,public:getticker,200,57176.701068878174,unchanged
1789263540.7292318,1789263540.7746181,45.386314392089844,private:getpermissions,200,57176.701068878174,unchanged
1789263570.7135205,1789263570.748357,34.836530685424805,public:getticker,200,26382.599353790283,ok
1789263570.748372,1789263570.8105721,62.200069427490234,private:getpermissions,200,26382.599353790283,ok
1789263600.7142665,1789263600.7644942,50.22764205932617,public:getticker,200,56382.495403289795,unchanged
1789263600.7645085,1789263600.8104675,45.9589958190918,private:getpermissions,200,56382.495403289795,unchanged
1789263630.715446,1789263630.7614267,45.98069190979004,public:getticker,200,26186.01083755493,ok
1789263630.761442,1789263630.8303118,68.86982917785645,private:getpermissions,200,26186.01083755493,ok
1789263660.7172637,1789263660.7353656,18.101930618286133,public:getticker,200,56133.04781913757,unchanged
1789263660.735382,1789263660.7773495,41.96739196777344,private:getpermissions,200,56133.04781913757,unchanged
1789263690.7174234,1789263690.7332938,15.870332717895508,public:getticker,200,25967.076301574707,ok
1789263690.73331,1789263690.8090258,75.71578025817871,private:getpermissions,200,25967.076301574707,ok
1789263720.7186017,1789263720.765089,46.48733139038086,public:getticker,200,55978.31320762634,unchanged
1789263720.7651036,1789263720.8202634,55.159807205200195,private:getpermissions,200,55978.31320762634,unchanged
1789263750.7189322,1789263750.77472,55.78780174255371,public:getticker,200,25716.61877632141,ok
1789263750.7747452,1789263750.8301654,55.4201602935791,private:getpermissions,200,25716.61877632141,ok
1789263780.7192826,1789263780.7672992,48.01654815673828,public:getticker,200,55699.53894615173,unchanged
1789263780.7673135,1789263780.813087,45.77350616455078,private:getpermissions,200,55699.53894615173,unchanged
1789263810.7195258,1789263810.7620091,42.48332977294922,public:getticker,200,25915.20357131958,ok
1789263810.7620254,1789263810.836393,74.36776161193848,private:getpermissions,200,25915.20357131958,ok
1789263840.7200139,1789263840.759671,39.6571159362793,public:getticker,200,55892.181396484375,unchanged
1789263840.759687,1789263840.813361,53.67398262023926,private:getpermissions,200,55892.181396484375,unchanged
1789263870.7205138,1789263870.777686,57.172298431396484,public:getticker,200,25919.01445388794,ok
1789263870.7777054,1789263870.8516953,73.9898681640625,private:getpermissions,200,25919.01445388794,ok
1789263900.7207668,1789263900.7458894,25.122642517089844,public:getticker,200,55869.95005607605,unchanged
1789263900.745905,1789263900.8026333,56.728363037109375,private:getpermissions,200,55869.95005607605,unchanged
1789263930.721018,1789263930.7842898,63.27176094055176,public:getticker,200,25329.13088798523,ok
1789263930.7843044,1789263930.8452325,60.9281063079834,private:getpermissions,200,25329.13088798523,ok
1789263960.7218323,1789263960.7386153,16.78299903869629,public:getticker,200,55264.357805252075,unchanged
1789263960.7386308,1789263960.7804577,41.82696342468262,private:getpermissions,200,55264.357805252075,unchanged
1789263990.7227561,1789263990.77741,54.65388298034668,public:getticker,200,20812.060832977295,ok
1789263990.7774303,1789263990.8273408,49.910545349121094,private:getpermissions,200,20812.060832977295,ok
1789264020.7239366,1789264020.763795,39.858341217041016,public:getticker,200,50809.66567993164,unchanged
1789264020.7638116,1789264020.824945,61.133384704589844,private:getpermissions,200,50809.66567993164,unchanged
1789264050.7245388,1789264050.7664824,41.94355010986328,public:getticker,200,20751.822233200073,ok
1789264050.766502,1789264050.815002,48.50006103515625,private:getpermissions,200,20751.822233200073,ok
1789264080.7255156,1789264080.7940981,68.58253479003906,public:getticker,200,50772.61304855347,unchanged
1789264080.7941148,1789264080.8357933,41.678428649902344,private:getpermissions,200,50772.61304855347,unchanged
1789264110.726554,1789264110.7674298,40.875911712646484,public:getticker,200,20709.87868309021,ok
1789264110.7674468,1789264110.8336842,66.2374496459961,private:getpermissions,200,20709.87868309021,ok
1789264140.726825,1789264140.7755415,48.71654510498047,public:getticker,200,50695.49202919006,unchanged
1789264140.775556,1789264140.819298,43.74194145202637,private:getpermissions,200,50695.49202919006,unchanged
1789264170.7270615,1789264170.8165581,89.49661254882812,public:getticker,200,20759.272575378418,ok
1789264170.816573,1789264170.857095,40.522098541259766,private:getpermissions,200,20759.272575378418,ok
1789264200.7273219,1789264200.7731786,45.85671424865723,public:getticker,200,50718.53494644165,unchanged
1789264200.7731931,1789264200.8163567,43.16353797912598,private:getpermissions,200,50718.53494644165,unchanged
1789264230.7277987,1789264230.786708,58.90941619873047,public:getticker,200,19698.388814926147,ok
1789264230.7867236,1789264230.8755126,88.78898620605469,private:getpermissions,200,19698.388814926147,ok
1789264260.7281134,1789264260.7628837,34.77025032043457,public:getticker,200,49642.88091659546,unchanged
1789264260.7629032,1789264260.8200028,57.09958076477051,private:getpermissions,200,49642.88091659546,unchanged
1789264290.7288764,1789264290.7626734,33.79702568054199,public:getticker,200,19214.672803878784,ok
1789264290.7626884,1789264290.8050034,42.315006256103516,private:getpermissions,200,19214.672803878784,ok
1789264320.7291374,1789264320.767637,38.49959373474121,public:getticker,200,49219.42496299744,unchanged
1789264320.7676518,1789264320.8097556,42.10376739501953,private:getpermissions,200,49219.42496299744,unchanged
1789264350.729974,1789264350.7726326,42.65856742858887,public:getticker,200,16584.442615509033,ok
1789264350.7726479,1789264350.8261,53.452253341674805,private:getpermissions,200,16584.442615509033,ok
1789264380.7302575,1789264380.7467067,16.4492130279541,public:getticker,200,46579.51903343201,unchanged
1789264380.7467213,1789264380.821177,74.45573806762695,private:getpermissions,200,46579.51903343201,unchanged
1789264410.7305338,1789264410.770898,40.36426544189453,public:getticker,200,16380.317687988281,ok
1789264410.7709134,1789264410.8245258,53.612470626831055,private:getpermissions,200,16380.317687988281,ok
1789264440.7309208,1789264440.7697537,38.832902908325195,public:getticker,200,46369.63772773743,unchanged
1789264440.7697697,1789264440.8138452,44.07548904418945,private:getpermissions,200,46369.63772773743,unchanged
1789264470.7311723,1789264470.8295512,98.37889671325684,public:getticker,200,16294.389009475708,ok
1789264470.8295665,1789264470.9429615,113.39497566223145,private:getpermissions,200,16294.389009475708,ok
1789264500.731415,1789264500.7835433,52.12831497192383,public:getticker,200,46289.650201797485,unchanged
1789264500.7835727,1789264500.9382231,154.65044975280762,private:getpermissions,200,46289.650201797485,unchanged
1789264530.7316923,1789264530.765933,34.24072265625,public:getticker,200,16667.10591316223,ok
1789264530.9655488,1789264531.0080242,42.47546195983887,private:getpermissions,200,16667.10591316223,ok
1789264560.7319698,1789264560.7671547,35.18486022949219,public:getticker,200,46474.939584732056,unchanged
1789264560.7671697,1789264560.8158586,48.68888854980469,private:getpermissions,200,46474.939584732056,unchanged
1789264590.7322884,1789264590.7563581,24.069786071777344,public:getticker,200,16447.75152206421,ok
1789264590.7563734,1789264590.8132315,56.858062744140625,private:getpermissions,200,16447.75152206421,ok
1789264620.7341638,1789264620.7869325,52.768707275390625,public:getticker,200,46471.450090408325,unchanged
1789264620.786983,1789264620.8369286,49.94559288024902,private:getpermissions,200,46471.450090408325,unchanged
1789264650.7347813,1789264652.915166,2180.384635925293,public:getticker,200,19995.158195495605,ok
1789264652.915217,1789264654.4762113,1560.9943866729736,private:getpermissions,200,19995.158195495605,ok
1789264680.734084,1789264680.7700768,35.99286079406738,public:getticker,200,46329.78296279907,unchanged
1789264680.7700915,1789264680.8108375,40.74597358703613,private:getpermissions,200,46329.78296279907,unchanged
1789264710.734289,1789264711.0108695,276.5805721282959,public:getticker,200,16327.707767486572,ok
1789264711.0108867,1789264711.0711923,60.30559539794922,private:getpermissions,200,16327.707767486572,ok
1789264740.734533,1789264740.7836142,49.08108711242676,public:getticker,200,46096.083879470825,unchanged
1789264740.7836294,1789264740.8395681,55.938720703125,private:getpermissions,200,46096.083879470825,unchanged
1789264770.7348506,1789264770.7745044,39.653778076171875,public:getticker,200,15734.106302261353,ok
1789264770.77452,1789264770.8324678,57.94787406921387,private:getpermissions,200,15734.106302261353,ok
1789264800.7350621,1789264800.7748935,39.83139991760254,public:getticker,200,45716.91846847534,unchanged
1789264800.77491,1789264800.8152819,40.37189483642578,private:getpermissions,200,45716.91846847534,unchanged
1789264830.7353344,1789264830.8010824,65.74797630310059,public:getticker,200,15544.244050979614,ok
1789264830.8010955,1789264830.8544278,53.33232879638672,private:getpermissions,200,15544.244050979614,ok
1789264860.7364533,1789264860.7886677,52.21438407897949,public:getticker,200,45520.307779312134,unchanged
1789264860.7886825,1789264860.8304896,41.80717468261719,private:getpermissions,200,45520.307779312134,unchanged
1789264890.7367356,1789264890.7697127,32.97710418701172,public:getticker,200,15527.16588973999,ok
1789264890.769728,1789264890.826232,56.504011154174805,private:getpermissions,200,15527.16588973999,ok
1789264920.737018,1789264920.8246067,87.58854866027832,public:getticker,200,45641.18552207947,unchanged
1789264920.8246222,1789264920.9402514,115.62919616699219,private:getpermissions,200,45641.18552207947,unchanged
1789264950.737302,1789264950.8339133,96.61126136779785,public:getticker,200,15488.714694976807,ok
1789264950.833929,1789264950.8966942,62.76512145996094,private:getpermissions,200,15488.714694976807,ok
1789264980.7379897,1789264980.8959062,157.91654586791992,public:getticker,200,45535.66336631775,unchanged
1789264980.895923,1789264980.9436429,47.71995544433594,private:getpermissions,200,45535.66336631775,unchanged
1789265010.73864,1789265010.7600975,21.457433700561523,public:getticker,200,15135.623931884766,ok
1789265010.7601144,1789265010.8054762,45.36175727844238,private:getpermissions,200,15135.623931884766,ok
1789265040.7394836,1789265040.755898,16.414403915405273,public:getticker,200,45134.899616241455,unchanged
1789265040.7559133,1789265040.8047523,48.83909225463867,private:getpermissions,200,45134.899616241455,unchanged
1789265070.7404888,1789265070.8647792,124.29046630859375,public:getticker,200,15351.107597351074,ok
1789265070.8648474,1789265070.9602842,95.43681144714355,private:getpermissions,200,15351.107597351074,ok
1789265100.7401204,1789265100.7772095,37.08910942077637,public:getticker,200,45229.35438156128,unchanged
1789265100.7772248,1789265100.8385305,61.30576133728027,private:getpermissions,200,45229.35438156128,unchanged
1789265130.7415771,1789265130.7857862,44.20900344848633,public:getticker,200,14767.877340316772,ok
1789265130.7858152,1789265130.8431325,57.317256927490234,private:getpermissions,200,14767.877340316772,ok
1789265160.742098,1789265160.795052,52.95395851135254,public:getticker,200,44762.27688789368,unchanged
1789265160.7950673,1789265160.8375568,42.48952865600586,private:getpermissions,200,44762.27688789368,unchanged
1789265190.742858,1789265190.8143914,71.5334415435791,public:getticker,200,14752.665042877197,ok
1789265190.8144064,1789265190.8755877,61.18130683898926,private:getpermissions,200,14752.665042877197,ok
1789265220.7431428,1789265220.8340335,90.89064598083496,public:getticker,200,44750.375747680664,unchanged
1789265220.834061,1789265220.8732975,39.23654556274414,private:getpermissions,200,44750.375747680664,unchanged
1789265250.7435794,1789265250.7811544,37.57500648498535,public:getticker,200,14547.520399093628,ok
1789265250.781171,1789265250.8469949,65.82379341125488,private:getpermissions,200,14547.520399093628,ok
1789265280.7449741,1789265280.8060923,61.118125915527344,public:getticker,200,44548.33197593689,unchanged
1789265280.806112,1789265280.8478067,41.69464111328125,private:getpermissions,200,44548.33197593689,unchanged
1789265310.7453716,1789265310.860938,115.56649208068848,public:getticker,200,14835.159540176392,ok
1789265310.8609633,1789265310.9441965,83.23311805725098,private:getpermissions,200,14835.159540176392,ok
1789265340.7463737,1789265340.770352,23.978233337402344,public:getticker,200,44726.93419456482,unchanged
1789265340.770368,1789265340.835971,65.60301780700684,private:getpermissions,200,44726.93419456482,unchanged
1789265370.7466872,1789265370.7975159,50.82869529724121,public:getticker,200,14827.03948020935,ok
1789265370.7975311,1789265370.8383245,40.793418884277344,private:getpermissions,200,14827.03948020935,ok
1789265400.747154,1789265400.7806375,33.48350524902344,public:getticker,200,44807.45053291321,unchanged
1789265400.7806528,1789265400.818736,38.08331489562988,private:getpermissions,200,44807.45053291321,unchanged
1789265430.7482479,1789265430.764079,15.831232070922852,public:getticker,200,13121.829271316528,ok
1789265430.7640965,1789265430.8814383,117.34175682067871,private:getpermissions,200,13121.829271316528,ok
1789265460.7485275,1789265460.7629366,14.409065246582031,public:getticker,200,43053.12538146973,unchanged
1789265460.7629519,1789265460.8127356,49.78370666503906,private:getpermissions,200,43053.12538146973,unchanged
1789265490.7487822,1789265490.7653182,16.53599739074707,public:getticker,200,13021.267890930176,ok
1789265490.7653325,1789265490.8024325,37.10007667541504,private:getpermissions,200,13021.267890930176,ok
1789265520.7490375,1789265520.7831893,34.15179252624512,public:getticker,200,43055.71389198303,unchanged
1789265520.7832036,1789265520.8368793,53.67565155029297,private:getpermissions,200,43055.71389198303,unchanged
1789265550.7493272,1789265550.7653804,16.053199768066406,public:getticker,200,12986.90915107727,ok
1789265550.765395,1789265550.8107448,45.349836349487305,private:getpermissions,200,12986.90915107727,ok
1789265580.7495797,1789265580.8287635,79.18381690979004,public:getticker,200,43075.634479522705,unchanged
1789265580.8287807,1789265580.8994694,70.68872451782227,private:getpermissions,200,43075.634479522705,unchanged
1789265610.750058,1789265610.7920725,42.01459884643555,public:getticker,200,12757.451295852661,ok
1789265610.7920895,1789265610.835638,43.548583984375,private:getpermissions,200,12757.451295852661,ok
1789265640.750311,1789265640.8088038,58.49289894104004,public:getticker,200,44865.69690704346,unchanged
1789265640.80882,1789265642.9438846,2135.0646018981934,private:getpermissions,200,44865.69690704346,unchanged
1789265670.7505527,1789265671.2844715,533.9188575744629,public:getticker,200,15505.565881729126,ok
1789265671.2844875,1789265673.7790089,2494.521379470825,private:getpermissions,200,15505.565881729126,ok
1789265700.7508423,1789265700.777041,26.198625564575195,public:getticker,200,42546.690464019775,unchanged
1789265700.7770567,1789265700.8201334,43.07675361633301,private:getpermissions,200,42546.690464019775,unchanged
1789265730.7511463,1789265730.8227494,71.60305976867676,public:getticker,200,12142.962217330933,ok
1789265730.8227644,1789265730.8985302,75.76584815979004,private:getpermissions,200,12142.962217330933,ok
1789265760.7514307,1789265760.7880177,36.58699989318848,public:getticker,200,42096.56548500061,unchanged
1789265760.788033,1789265760.852133,64.10002708435059,private:getpermissions,200,42096.56548500061,unchanged
1789265790.75168,1789265790.787202,35.5219841003418,public:getticker,200,11960.867643356323,ok
1789265790.7872186,1789265790.8470185,59.799909591674805,private:getpermissions,200,11960.867643356323,ok
1789265820.751931,1789265820.7862074,34.276485443115234,public:getticker,200,41948.30393791199,unchanged
1789265820.7862227,1789265820.8344553,48.2325553894043,private:getpermissions,200,41948.30393791199,unchanged
1789265850.7530982,1789265850.8576226,104.52437400817871,public:getticker,200,12213.98949623108,ok
1789265850.8576381,1789265850.9302876,72.64947891235352,private:getpermissions,200,12213.98949623108,ok
1789265880.7543294,1789265880.7902453,35.91585159301758,public:getticker,200,42123.20351600647,unchanged
1789265880.7902615,1789265880.8395014,49.2398738861084,private:getpermissions,200,42123.20351600647,unchanged
1789265910.7546725,1789265910.7961936,41.52107238769531,public:getticker,200,12124.749422073364,ok
1789265910.7962098,1789265910.8406355,44.42572593688965,private:getpermissions,200,12124.749422073364,ok
1789265940.75503,1789265940.771425,16.395092010498047,public:getticker,200,42114.078998565674,unchanged
1789265940.7714412,1789265940.829965,58.52389335632324,private:getpermissions,200,42114.078998565674,unchanged
1789265970.756053,1789265970.8030791,47.02615737915039,public:getticker,200,12170.137405395508,ok
1789265970.8030968,1789265970.8610086,57.91187286376953,private:getpermissions,200,12170.137405395508,ok
1789266000.7566454,1789266000.8296213,72.97587394714355,public:getticker,200,42190.96040725708,unchanged
1789266000.8296356,1789266000.8818312,52.19554901123047,private:getpermissions,200,42190.96040725708,unchanged
1789266030.757363,1789266030.7730362,15.673160552978516,public:getticker,200,11860.538959503174,ok
1789266030.7730541,1789266030.8221989,49.144744873046875,private:getpermissions,200,11860.538959503174,ok
1789266060.7577498,1789266060.803823,46.073198318481445,public:getticker,200,41990.78989028931,unchanged
1789266060.8242319,1789266060.9524488,128.21698188781738,private:getpermissions,200,41990.78989028931,unchanged
1789266090.758036,1789266090.8023155,44.27957534790039,public:getticker,200,10516.546249389648,ok
1789266090.8023312,1789266090.8543122,51.98097229003906,private:getpermissions,200,10516.546249389648,ok
1789266120.7590148,1789266120.7981794,39.16454315185547,public:getticker,200,40504.83727455139,unchanged
1789266120.7981944,1789266120.8426034,44.40903663635254,private:getpermissions,200,40504.83727455139,unchanged
1789266150.7596862,1789266150.7986455,38.95926475524902,public:getticker,200,10473.257780075073,ok
1789266150.7986615,1789266150.8556373,56.9758415222168,private:getpermissions,200,10473.257780075073,ok
1789266180.760384,1789266180.9643657,203.9816379547119,public:getticker,200,40628.05080413818,unchanged
1789266180.964383,1789266181.0104287,46.045780181884766,private:getpermissions,200,40628.05080413818,unchanged
1789266210.7606156,1789266210.8164415,55.82594871520996,public:getticker,200,10121.126651763916,ok
1789266210.8164568,1789266210.8733637,56.906938552856445,private:getpermissions,200,10121.126651763916,ok
1789266240.7612054,1789266240.7979243,36.71884536743164,public:getticker,200,40105.7562828064,unchanged
1789266240.7979395,1789266240.8579924,60.05287170410156,private:getpermissions,200,40105.7562828064,unchanged
1789266270.7614174,1789266270.8456137,84.19632911682129,public:getticker,200,9600.129127502441,ok
1789266270.8456285,1789266270.908067,62.4384880065918,private:getpermissions,200,9600.129127502441,ok
1789266300.7625582,1789266300.825484,62.92581558227539,public:getticker,200,14690.036296844482,ok
1789266300.8254986,1789266300.8757374,50.238847732543945,private:getpermissions,200,14690.036296844482,ok
1789266330.7633693,1789266330.801874,38.504600524902344,public:getticker,200,44665.20929336548,unchanged
1789266330.8018885,1789266330.8509114,49.02291297912598,private:getpermissions,200,44665.20929336548,unchanged
1789266360.7636626,1789266360.804551,40.888309478759766,public:getticker,200,,no_ticker_seen
1789266360.8045664,1789266360.8616652,57.0988655090332,private:getpermissions,200,,no_ticker_seen
1789266390.763947,1789266390.8035946,39.647579193115234,public:getticker,200,,unchanged
1789266390.8036098,1789266390.8976243,94.01440620422363,private:getpermissions,200,,unchanged
1789266420.7649744,1789266420.8012395,36.26513481140137,public:getticker,200,1854.2413711547852,ok
1789266420.8012576,1789266420.8902903,89.03264999389648,private:getpermissions,200,1854.2413711547852,ok
1789266450.765224,1789266450.8065462,41.32223129272461,public:getticker,200,31828.90558242798,unchanged
1789266450.806561,1789266450.8649564,58.3953857421875,private:getpermissions,200,31828.90558242798,unchanged
1789266480.7654707,1789266480.780611,15.140295028686523,public:getticker,200,1442.4524307250977,ok
1789266480.7806253,1789266480.8244426,43.81728172302246,private:getpermissions,200,1442.4524307250977,ok
1789266510.765733,1789266510.8049555,39.22247886657715,public:getticker,200,31866.745471954346,unchanged
1789266510.80497,1789266511.248735,443.76492500305176,private:getpermissions,200,31866.745471954346,unchanged
1789266540.765982,1789266540.782308,16.326189041137695,public:getticker,200,1946.2847709655762,ok
1789266540.7823224,1789266540.838962,56.639671325683594,private:getpermissions,200,1946.2847709655762,ok
1789266570.766643,1789266570.800894,34.25097465515137,public:getticker,200,32151.238918304443,unchanged
1789266570.8009124,1789266571.0439167,243.00432205200195,private:getpermissions,200,32151.238918304443,unchanged
1789266600.7669528,1789266600.782594,15.641212463378906,public:getticker,200,1237.8733158111572,ok
1789266600.7826092,1789266600.8298519,47.24264144897461,private:getpermissions,200,1237.8733158111572,ok
1789266630.7678213,1789266630.7853017,17.48037338256836,public:getticker,200,31237.087965011597,unchanged
1789266630.7853174,1789266630.829066,43.74861717224121,private:getpermissions,200,31237.087965011597,unchanged
1789266660.7680268,1789266660.7872844,19.257545471191406,public:getticker,200,1057.1534633636475,ok
1789266660.7872977,1789266660.8459668,58.669090270996094,private:getpermissions,200,1057.1534633636475,ok
1789266690.7683449,1789266690.8061466,37.80174255371094,public:getticker,200,31080.663204193115,unchanged
1789266690.8061619,1789266690.8694751,63.31324577331543,private:getpermissions,200,31080.663204193115,unchanged
1789266720.7685823,1789266720.7862053,17.622947692871094,public:getticker,200,61067.15893745422,unchanged
1789266720.7862203,1789266720.8559723,69.75197792053223,private:getpermissions,200,61067.15893745422,unchanged
1789266750.7691987,1789266750.8520405,82.84187316894531,public:getticker,200,29449.259996414185,ok
1789266750.8520565,1789266750.9395099,87.45336532592773,private:getpermissions,200,29449.259996414185,ok
1789266780.7703888,1789266780.7854383,15.049457550048828,public:getticker,200,59337.85891532898,unchanged
1789266780.7854521,1789266780.8281088,42.656660079956055,private:getpermissions,200,59337.85891532898,unchanged
1789266810.770651,1789266810.8108342,40.183067321777344,public:getticker,200,27271.985292434692,ok
1789266810.8108487,1789266810.8524134,41.5647029876709,private:getpermissions,200,27271.985292434692,ok
1789266840.7718472,1789266840.806105,34.25765037536621,public:getticker,200,57279.96373176575,unchanged
1789266840.8061202,1789266840.8603919,54.271697998046875,private:getpermissions,200,57279.96373176575,unchanged
1789266870.7730784,1789266871.2294724,456.3939571380615,public:getticker,200,28445.027351379395,ok
1789266871.229488,1789266872.621378,1391.890048980713,private:getpermissions,200,28445.027351379395,ok
1789266900.7743313,1789266900.916964,142.63272285461426,public:getticker,200,56787.60647773743,unchanged
1789266900.9170084,1789266900.9639573,46.948909759521484,private:getpermissions,200,56787.60647773743,unchanged
1789266930.7747288,1789266930.809853,35.12430191040039,public:getticker,200,26805.37247657776,ok
1789266930.8098688,1789266930.8624513,52.582502365112305,private:getpermissions,200,26805.37247657776,ok
1789266960.7755873,1789266960.8136623,38.07497024536133,public:getticker,200,56804.11219596863,unchanged
1789266960.8136785,1789266960.8611908,47.51229286193848,private:getpermissions,200,56804.11219596863,unchanged
1789266990.775886,1789266990.8035862,27.700185775756836,public:getticker,200,26361.63306236267,ok
1789266990.8036008,1789266990.8432913,39.690494537353516,private:getpermissions,200,26361.63306236267,ok
1789267020.776147,1789267021.0525205,276.37362480163574,public:getticker,200,-3235.1698875427246,ok
1789267021.0525393,1789267021.10285,50.310611724853516,private:getpermissions,200,-3235.1698875427246,ok
1789267050.7764254,1789267050.8146138,38.18845748901367,public:getticker,200,26519.90580558777,unchanged
1789267050.8146284,1789267050.8579261,43.297767639160156,private:getpermissions,200,26519.90580558777,unchanged
1789267080.7768435,1789267080.8180206,41.17703437805176,public:getticker,200,56549.938678741455,unchanged
1789267080.8180366,1789267080.8879576,69.92101669311523,private:getpermissions,200,56549.938678741455,unchanged
1789267110.777121,1789267110.812232,35.1109504699707,public:getticker,200,25547.23358154297,ok
1789267110.8122468,1789267110.8590307,46.7839241027832,private:getpermissions,200,25547.23358154297,ok
1789267140.7776394,1789267140.8138585,36.219120025634766,public:getticker,200,55558.855056762695,unchanged
1789267140.8138738,1789267140.8706522,56.7784309387207,private:getpermissions,200,55558.855056762695,unchanged
1789267170.7779095,1789267171.6582634,880.3539276123047,public:getticker,200,24098.146438598633,ok
1789267171.65828,1789267171.7114642,53.18427085876465,private:getpermissions,200,24098.146438598633,ok
1789267200.778162,1789267200.8430967,64.93473052978516,public:getticker,200,53269.601345062256,unchanged
1789267200.8431122,1789267200.8829198,39.80755805969238,private:getpermissions,200,53269.601345062256,unchanged
1789267230.7793057,1789267230.8155024,36.19670867919922,public:getticker,200,23233.51764678955,ok
1789267230.8155172,1789267230.8570662,41.548967361450195,private:getpermissions,200,23233.51764678955,ok
1789267260.7795887,1789267260.832427,52.83832550048828,public:getticker,200,53288.33603858948,unchanged
1789267260.8324435,1789267260.911884,79.44059371948242,private:getpermissions,200,53288.33603858948,unchanged
1789267290.779869,1789267290.8289704,49.10135269165039,public:getticker,200,22478.98817062378,ok
1789267290.8289845,1789267290.8742998,45.31526565551758,private:getpermissions,200,22478.98817062378,ok
1789267320.7802923,1789267320.8194737,39.18147087097168,public:getticker,200,52481.937885284424,unchanged
1789267320.819488,1789267320.8772507,57.76262283325195,private:getpermissions,200,52481.937885284424,unchanged
1789267350.7810042,1789267350.7961142,15.110015869140625,public:getticker,200,22565.69743156433,ok
1789267350.7961292,1789267350.839128,42.9987907409668,private:getpermissions,200,22565.69743156433,ok
1789267380.7812827,1789267380.7961376,14.854907989501953,public:getticker,200,52586.21621131897,unchanged
1789267380.7961588,1789267380.8596468,63.488006591796875,private:getpermissions,200,52586.21621131897,unchanged
1789267410.7823873,1789267410.8268337,44.446468353271484,public:getticker,200,22898.50926399231,ok
1789267410.8268483,1789267410.8689737,42.12546348571777,private:getpermissions,200,22898.50926399231,ok
1789267440.783154,1789267440.823318,40.16399383544922,public:getticker,200,52914.254903793335,unchanged
1789267440.8233376,1789267440.8847182,61.380624771118164,private:getpermissions,200,52914.254903793335,unchanged
1789267470.7834167,1789267471.0301743,246.75750732421875,public:getticker,200,22923.89225959778,ok
1789267471.0301893,1789267471.144036,113.8467788696289,private:getpermissions,200,22923.89225959778,ok
1789267500.7836747,1789267500.8012557,17.58098602294922,public:getticker,200,52622.45035171509,unchanged
1789267500.8012707,1789267500.8425944,41.32366180419922,private:getpermissions,200,52622.45035171509,unchanged
1789267530.783929,1789267530.8007617,16.832590103149414,public:getticker,200,22167.552947998047,ok
1789267530.8007758,1789267530.8404958,39.72005844116211,private:getpermissions,200,22167.552947998047,ok
1789267560.7841883,1789267560.7992532,15.06495475769043,public:getticker,200,52179.22401428223,unchanged
1789267560.7992687,1789267560.8521664,52.89769172668457,private:getpermissions,200,52179.22401428223,unchanged
1789267590.784471,1789267590.92938,144.90890502929688,public:getticker,200,22469.439029693604,ok
1789267590.9293962,1789267590.9840806,54.68440055847168,private:getpermissions,200,22469.439029693604,ok
1789267620.7854805,1789267620.8017051,16.22462272644043,public:getticker,200,52326.62034034729,unchanged
1789267620.801719,1789267620.8412635,39.54458236694336,private:getpermissions,200,52326.62034034729,unchanged
1789267650.7863145,1789267650.820721,34.406423568725586,public:getticker,200,21947.871685028076,ok
1789267650.8207355,1789267650.8643901,43.654680252075195,private:getpermissions,200,21947.871685028076,ok
1789267680.787561,1789267680.802875,15.314102172851562,public:getticker,200,51924.90220069885,unchanged
1789267680.8028886,1789267680.841421,38.532257080078125,private:getpermissions,200,51924.90220069885,unchanged
1789267710.7878473,1789267710.831237,43.38979721069336,public:getticker,200,22143.782377243042,ok
1789267710.8312519,1789267710.8864994,55.24754524230957,private:getpermissions,200,22143.782377243042,ok
1789267740.7881691,1789267740.8359776,47.80840873718262,public:getticker,200,52147.93610572815,unchanged
1789267740.8359919,1789267740.890652,54.66008186340332,private:getpermissions,200,52147.93610572815,unchanged
1789267770.7884262,1789267770.8093472,20.920991897583008,public:getticker,200,21216.74156188965,ok
1789267770.8093622,1789267770.8632715,53.9093017578125,private:getpermissions,200,21216.74156188965,ok
1789267800.7887504,1789267800.8046627,15.912294387817383,public:getticker,200,51213.45138549805,unchanged
1789267800.8046782,1789267800.8599808,55.30261993408203,private:getpermissions,200,51213.45138549805,unchanged
1789267830.7890217,1789267830.8343103,45.2885627746582,public:getticker,200,21751.320600509644,ok
1789267830.834325,1789267830.8864033,52.0782470703125,private:getpermissions,200,21751.320600509644,ok
1789267860.7907991,1789267860.8069482,16.149044036865234,public:getticker,200,51708.84609222412,unchanged
1789267860.806963,1789267860.843929,36.96608543395996,private:getpermissions,200,51708.84609222412,unchanged
1789267890.7921443,1789267890.8350742,42.929887771606445,public:getticker,200,20752.04110145569,ok
1789267890.8350902,1789267890.9482186,113.1284236907959,private:getpermissions,200,20752.04110145569,ok
1789267920.7925508,1789267920.8354082,42.85740852355957,public:getticker,200,50685.37187576294,unchanged
1789267920.8354244,1789267920.8815494,46.124935150146484,private:getpermissions,200,50685.37187576294,unchanged
1789267950.7928143,1789267950.8085206,15.706300735473633,public:getticker,200,20886.46650314331,ok
1789267950.808538,1789267950.8629286,54.390668869018555,private:getpermissions,200,20886.46650314331,ok
1789267980.7932935,1789267980.8457654,52.47187614440918,public:getticker,200,50945.897817611694,unchanged
1789267980.8457816,1789267980.9223604,76.57885551452637,private:getpermissions,200,50945.897817611694,unchanged
1789268010.7938824,1789268010.955662,161.77964210510254,public:getticker,200,20843.114614486694,ok
1789268010.955677,1789268011.0087967,53.119659423828125,private:getpermissions,200,20843.114614486694,ok
1789268040.7948844,1789268040.8770535,82.1690559387207,public:getticker,200,50926.06496810913,unchanged
1789268040.8770685,1789268041.0917473,214.67876434326172,private:getpermissions,200,50926.06496810913,unchanged
1789268070.7951646,1789268071.3307445,535.5799198150635,public:getticker,200,22264.33777809143,ok
1789268071.3307593,1789268072.9358995,1605.140209197998,private:getpermissions,200,22264.33777809143,ok
1789268100.7954175,1789268100.817664,22.246360778808594,public:getticker,200,50214.05577659607,unchanged
1789268100.8176906,1789268100.8856168,67.92616844177246,private:getpermissions,200,50214.05577659607,unchanged
1789268130.7956712,1789268130.8120582,16.386985778808594,public:getticker,200,18964.011907577515,ok
1789268130.8120713,1789268130.8831332,71.06184959411621,private:getpermissions,200,18964.011907577515,ok
1789268160.7959309,1789268160.8344717,38.54084014892578,public:getticker,200,48979.37893867493,unchanged
1789268160.8344867,1789268160.8985002,64.01348114013672,private:getpermissions,200,48979.37893867493,unchanged
1789268190.796216,1789268190.823944,27.72808074951172,public:getticker,200,18655.39836883545,ok
1789268190.8239586,1789268190.8822262,58.26759338378906,private:getpermissions,200,18655.39836883545,ok
1789268220.7965033,1789268220.8426569,46.15354537963867,public:getticker,200,48658.363580703735,unchanged
1789268220.8426723,1789268220.8851914,42.51909255981445,private:getpermissions,200,48658.363580703735,unchanged
1789268250.7967525,1789268250.8116922,14.93978500366211,public:getticker,200,18590.12770652771,ok
1789268250.8117065,1789268250.8633542,51.64766311645508,private:getpermissions,200,18590.12770652771,ok
1789268280.7970088,1789268280.8121436,15.134811401367188,public:getticker,200,48601.89700126648,unchanged
1789268280.812159,1789268280.875122,62.963008880615234,private:getpermissions,200,48601.89700126648,unchanged
1789268310.7976303,1789268310.8137052,16.07489585876465,public:getticker,200,18081.382513046265,ok
1789268310.813724,1789268310.8575094,43.78533363342285,private:getpermissions,200,18081.382513046265,ok
1789268340.7978852,1789268340.812486,14.600753784179688,public:getticker,200,48367.69700050354,unchanged
1789268340.8125024,1789268341.1438239,331.32147789001465,private:getpermissions,200,48367.69700050354,unchanged
1789268370.7981446,1789268370.8717325,73.58789443969727,public:getticker,200,18726.96590423584,ok
1789268370.8717468,1789268371.3985205,526.7736911773682,private:getpermissions,200,18726.96590423584,ok
1789268400.7984052,1789268400.8150847,16.67952537536621,public:getticker,200,48184.744119644165,unchanged
1789268400.8150997,1789268400.8562999,41.20016098022461,private:getpermissions,200,48184.744119644165,unchanged
1789268430.7995796,1789268430.8155162,15.936613082885742,public:getticker,200,17892.622232437134,ok
1789268430.815534,1789268430.8691254,53.591251373291016,private:getpermissions,200,17892.622232437134,ok
1789268460.8005672,1789268460.8177414,17.174243927001953,public:getticker,200,47879.76050376892,unchanged
1789268460.8177605,1789268460.8562636,38.503170013427734,private:getpermissions,200,47879.76050376892,unchanged
1789268490.8008223,1789268490.8159115,15.089273452758789,public:getticker,200,18156.160593032837,ok
1789268490.8159678,1789268490.8524342,36.466360092163086,private:getpermissions,200,18156.160593032837,ok
1789268520.801575,1789268520.847416,45.84097862243652,public:getticker,200,48197.79896736145,unchanged
1789268520.8474326,1789268520.894071,46.63848876953125,private:getpermissions,200,48197.79896736145,unchanged
1789268550.8023324,1789268550.8446052,42.27280616760254,public:getticker,200,14745.287656784058,ok
1789268550.8446217,1789268550.8856964,41.07475280761719,private:getpermissions,200,14745.287656784058,ok
1789268580.802821,1789268580.8335378,30.716896057128906,public:getticker,200,44740.604877471924,unchanged
1789268580.8335543,1789268580.881014,47.45984077453613,private:getpermissions,200,44740.604877471924,unchanged
1789268610.803097,1789268610.8235252,20.428180694580078,public:getticker,200,14980.149507522583,ok
1789268610.8235407,1789268610.9045575,81.01677894592285,private:getpermissions,200,14980.149507522583,ok
1789268640.8035834,1789268640.8195748,15.991449356079102,public:getticker,200,44952.81887054443,unchanged
1789268640.8195903,1789268640.8772154,57.62505531311035,private:getpermissions,200,44952.81887054443,unchanged
1789268670.8045728,1789268670.8202572,15.684366226196289,public:getticker,200,14689.15581703186,ok
1789268670.820273,1789268670.8599603,39.687395095825195,private:getpermissions,200,14689.15581703186,ok
1789268700.8056157,1789268700.8456564,40.04073143005371,public:getticker,200,44743.71790885925,unchanged
1789268700.8456712,1789268700.914522,68.85075569152832,private:getpermissions,200,44743.71790885925,unchanged
1789268730.8058856,1789268730.8220205,16.134977340698242,public:getticker,200,14150.59518814087,ok
1789268730.8220377,1789268730.874015,51.97739601135254,private:getpermissions,200,14150.59518814087,ok
1789268760.8068724,1789268760.8521814,45.30906677246094,public:getticker,200,44171.66209220886,unchanged
1789268760.8521972,1789268760.895082,42.88482666015625,private:getpermissions,200,44171.66209220886,unchanged
1789268790.807761,1789268790.8253386,17.577648162841797,public:getticker,200,13872.127056121826,ok
1789268790.8253577,1789268790.9023874,77.02970504760742,private:getpermissions,200,13872.127056121826,ok
1789268820.8080928,1789268820.8353722,27.279376983642578,public:getticker,200,43846.21167182922,unchanged
1789268820.8353896,1789268820.8764706,41.08095169067383,private:getpermissions,200,43846.21167182922,unchanged
1789268850.8088672,1789268850.8632526,54.38542366027832,public:getticker,200,14307.014226913452,ok
1789268850.8632684,1789268850.9366307,73.36235046386719,private:getpermissions,200,14307.014226913452,ok
1789268880.8094816,1789268881.0423267,232.84506797790527,public:getticker,200,44461.67826652527,unchanged
1789268881.0423434,1789268881.091296,48.952579498291016,private:getpermissions,200,44461.67826652527,unchanged
1789268910.8099666,1789268910.8250153,15.048742294311523,public:getticker,200,13768.865585327148,ok
1789268910.8250332,1789268910.8696437,44.61050033569336,private:getpermissions,200,13768.865585327148,ok
1789268940.810269,1789268940.8260577,15.788555145263672,public:getticker,200,43782.32645988464,unchanged
1789268940.8260722,1789268940.8831077,57.03544616699219,private:getpermissions,200,43782.32645988464,unchanged
1789268970.8108149,1789268970.8355212,24.706363677978516,public:getticker,200,13748.221635818481,ok
1789268970.8355427,1789268970.8895898,54.0471076965332,private:getpermissions,200,13748.221635818481,ok
1789269000.8117683,1789269000.8276155,15.847206115722656,public:getticker,200,43861.99331283569,unchanged
1789269000.827631,1789269001.0033612,175.73022842407227,private:getpermissions,200,43861.99331283569,unchanged
1789269030.8124046,1789269030.8285542,16.149520874023438,public:getticker,200,13994.940757751465,ok
1789269030.8285706,1789269030.8741648,45.594215393066406,private:getpermissions,200,13994.940757751465,ok
1789269060.8126576,1789269060.8516107,38.95306587219238,public:getticker,200,44027.8377532959,unchanged
1789269060.851626,1789269060.9070616,55.4356575012207,private:getpermissions,200,44027.8377532959,unchanged
1789269090.8129814,1789269090.8281586,15.177249908447266,public:getticker,200,12062.8821849823,ok
1789269090.8281722,1789269090.8693662,41.19396209716797,private:getpermissions,200,12062.8821849823,ok
1789269120.813934,1789269120.8553038,41.36967658996582,public:getticker,200,42090.18135070801,unchanged
1789269120.8553185,1789269120.896665,41.34654998779297,private:getpermissions,200,42090.18135070801,unchanged
1789269150.8142126,1789269150.8492975,35.08496284484863,public:getticker,200,13469.269752502441,ok
1789269150.8493125,1789269150.9041855,54.872989654541016,private:getpermissions,200,13469.269752502441,ok
1789269180.8144782,1789269180.8485522,34.07406806945801,public:getticker,200,43459.04803276062,unchanged
1789269180.848568,1789269180.893962,45.393943786621094,private:getpermissions,200,43459.04803276062,unchanged
1789269210.8147445,1789269210.8325665,17.8220272064209,public:getticker,200,10325.022220611572,ok
1789269210.8325825,1789269210.8917584,59.175968170166016,private:getpermissions,200,10325.022220611572,ok
1789269240.815002,1789269240.8301284,15.126466751098633,public:getticker,200,40305.36723136902,unchanged
1789269240.830143,1789269240.8721042,41.9611930847168,private:getpermissions,200,40305.36723136902,unchanged
1789269270.8152564,1789269271.612551,797.2946166992188,public:getticker,200,12727.680921554565,ok
1789269271.6125681,1789269273.1009326,1488.3644580841064,private:getpermissions,200,12727.680921554565,ok
1789269300.8157096,1789269300.9608252,145.11561393737793,public:getticker,200,44625.99587440491,unchanged
1789269300.9608417,1789269304.9992473,4038.405656814575,private:getpermissions,200,44625.99587440491,unchanged
1789269330.815968,1789269330.838447,22.47905731201172,public:getticker,200,10269.99020576477,ok
1789269330.838461,1789269330.8798242,41.36323928833008,private:getpermissions,200,10269.99020576477,ok
1789269360.8162372,1789269360.8466108,30.373573303222656,public:getticker,200,40291.200160980225,unchanged
1789269360.8466258,1789269360.9010332,54.407358169555664,private:getpermissions,200,40291.200160980225,unchanged
1789269390.8164916,1789269390.8328736,16.38197898864746,public:getticker,200,10296.473264694214,ok
1789269390.8328888,1789269390.8771663,44.27742958068848,private:getpermissions,200,10296.473264694214,ok
1789269420.8167882,1789269420.835003,18.214702606201172,public:getticker,200,40309.32712554932,unchanged
1789269420.8350167,1789269420.8900204,55.00364303588867,private:getpermissions,200,40309.32712554932,unchanged
1789269450.8175728,1789269450.8576472,40.07434844970703,public:getticker,200,10723.26922416687,ok
1789269450.857662,1789269450.9000711,42.40918159484863,private:getpermissions,200,10723.26922416687,ok
1789269480.8178291,1789269480.8548806,37.05143928527832,public:getticker,200,40732.858657836914,unchanged
1789269480.8548963,1789269480.9096608,54.764509201049805,private:getpermissions,200,40732.858657836914,unchanged
1789269510.818454,1789269510.8436952,25.24113655090332,public:getticker,200,9783.896923065186,ok
1789269510.8437102,1789269510.8915493,47.83916473388672,private:getpermissions,200,9783.896923065186,ok
1789269540.8186874,1789269540.8416066,22.919178009033203,public:getticker,200,39774.46699142456,unchanged
1789269540.8416219,1789269540.8821192,40.4973030090332,private:getpermissions,200,39774.46699142456,unchanged
1789269570.8191774,1789269570.8650122,45.83477973937988,public:getticker,200,9711.886882781982,ok
1789269570.8650274,1789269570.9061882,41.16082191467285,private:getpermissions,200,9711.886882781982,ok
1789269600.8194335,1789269600.8342316,14.798164367675781,public:getticker,200,39693.228006362915,unchanged
1789269600.8342474,1789269600.8875287,53.281307220458984,private:getpermissions,200,39693.228006362915,unchanged
1789269630.8199062,1789269630.8575122,37.606000900268555,public:getticker,200,9692.325353622437,ok
1789269630.8575282,1789269630.9135222,55.99403381347656,private:getpermissions,200,9692.325353622437,ok
1789269660.82065,1789269660.8682709,47.62077331542969,public:getticker,200,39698.81272315979,unchanged
1789269660.8682866,1789269660.92001,51.723480224609375,private:getpermissions,200,39698.81272315979,unchanged
1789269708.9308286,1789269715.793448,6862.619400024414,public:getticker,200,34899.22308921814,ok
1789269715.7934868,1789269716.7238767,930.3898811340332,private:getpermissions,200,34899.22308921814,ok
1789269735.9216523,1789269736.1321754,210.52312850952148,public:getticker,200,54344.20418739319,unchanged
1789269736.1321905,1789269736.1688573,36.6668701171875,private:getpermissions,200,54344.20418739319,unchanged
1789269765.9219093,1789269765.963706,41.79668426513672,public:getticker,200,22576.20072364807,ok
1789269765.9637208,1789269766.0262957,62.57486343383789,private:getpermissions,200,22576.20072364807,ok
1789269795.9221604,1789269795.9386141,16.45374298095703,public:getticker,200,52546.51212692261,unchanged
1789269795.9386296,1789269795.996607,57.97743797302246,private:getpermissions,200,52546.51212692261,unchanged
1789269825.9230008,1789269825.9574678,34.46698188781738,public:getticker,200,22656.021118164062,ok
1789269825.9574852,1789269826.037838,80.352783203125,private:getpermissions,200,22656.021118164062,ok
1789269855.923251,1789269855.9436996,20.448684692382812,public:getticker,200,52610.88585853577,unchanged
1789269855.943718,1789269855.9927049,48.98691177368164,private:getpermissions,200,52610.88585853577,unchanged
1789269885.9234955,1789269885.9619114,38.41590881347656,public:getticker,200,22284.21974182129,ok
1789269885.9619274,1789269886.1408925,178.96509170532227,private:getpermissions,200,22284.21974182129,ok
1789269915.9237459,1789269915.940772,17.026185989379883,public:getticker,200,52125.81181526184,unchanged
1789269915.940785,1789269915.9824717,41.6867733001709,private:getpermissions,200,52125.81181526184,unchanged
1789269945.9240053,1789269945.967352,43.34664344787598,public:getticker,200,21999.62878227234,ok
1789269945.967365,1789269946.0309489,63.5838508605957,private:getpermissions,200,21999.62878227234,ok
1789269975.9243553,1789269975.9469454,22.590160369873047,public:getticker,200,52008.45551490784,unchanged
1789269975.946959,1789269976.039775,92.81587600708008,private:getpermissions,200,52008.45551490784,unchanged
1789270005.9248555,1789270005.95575,30.89451789855957,public:getticker,200,21934.57555770874,ok
1789270005.9557633,1789270006.0155764,59.81302261352539,private:getpermissions,200,21934.57555770874,ok
1789270035.925166,1789270037.7183263,1793.1604385375977,public:getticker,200,53689.86654281616,unchanged
1789270037.718343,1789270037.7708664,52.52337455749512,private:getpermissions,200,53689.86654281616,unchanged
1789270065.9258683,1789270066.8330379,907.1695804595947,public:getticker,200,25117.37370491028,ok
1789270066.8330534,1789270069.1532242,2320.1708793640137,private:getpermissions,200,25117.37370491028,ok
1789270095.9263203,1789270095.9424632,16.142845153808594,public:getticker,200,51990.763664245605,unchanged
1789270095.9424763,1789270096.026614,84.1376781463623,private:getpermissions,200,51990.763664245605,unchanged
1789270125.9267867,1789270125.9538083,27.02164649963379,public:getticker,200,21463.67359161377,ok
1789270125.9538217,1789270126.009978,56.15639686584473,private:getpermissions,200,21463.67359161377,ok
1789270155.9273562,1789270155.9434135,16.057252883911133,public:getticker,200,51532.04703330994,unchanged
1789270155.9434273,1789270156.0783505,134.92321968078613,private:getpermissions,200,51532.04703330994,unchanged
1789270185.9279292,1789270185.9653537,37.424564361572266,public:getticker,200,21443.7198638916,ok
1789270185.9653683,1789270186.0163846,51.01633071899414,private:getpermissions,200,21443.7198638916,ok
1789270215.9281883,1789270215.9432123,15.023946762084961,public:getticker,200,51421.38934135437,unchanged
1789270215.9432292,1789270215.9940534,50.82416534423828,private:getpermissions,200,51421.38934135437,unchanged
1789270245.928475,1789270245.9637163,35.24136543273926,public:getticker,200,21768.495559692383,ok
1789270245.9637296,1789270246.0304732,66.74361228942871,private:getpermissions,200,21768.495559692383,ok
1789270275.9288023,1789270275.9961941,67.39187240600586,public:getticker,200,51791.614055633545,unchanged
1789270275.9962273,1789270276.053592,57.364702224731445,private:getpermissions,200,51791.614055633545,unchanged
1789270305.9290762,1789270305.9719195,42.84334182739258,public:getticker,200,21268.268823623657,ok
1789270305.9719343,1789270306.0212708,49.33643341064453,private:getpermissions,200,21268.268823623657,ok
1789270335.9297814,1789270335.9652386,35.45713424682617,public:getticker,200,51275.62856674194,unchanged
1789270335.9652545,1789270336.0286293,63.37475776672363,private:getpermissions,200,51275.62856674194,unchanged
1789270365.9308953,1789270365.9986646,67.76928901672363,public:getticker,200,21515.40184020996,ok
1789270365.9986818,1789270366.0701764,71.49457931518555,private:getpermissions,200,21515.40184020996,ok
1789270395.931478,1789270395.9481673,16.689300537109375,public:getticker,200,51438.992500305176,unchanged
1789270395.9481828,1789270395.9937673,45.58444023132324,private:getpermissions,200,51438.992500305176,unchanged
1789270425.9324946,1789270425.973614,41.11933708190918,public:getticker,200,21700.35219192505,ok
1789270425.9736292,1789270426.0449107,71.28143310546875,private:getpermissions,200,21700.35219192505,ok
1789270455.9334521,1789270455.963339,29.886960983276367,public:getticker,200,51689.924240112305,unchanged
1789270455.9633543,1789270456.034483,71.12860679626465,private:getpermissions,200,51689.924240112305,unchanged
1789270485.9342656,1789270485.9496713,15.405654907226562,public:getticker,200,22273.66304397583,ok
1789270485.9496868,1789270485.9899597,40.27295112609863,private:getpermissions,200,22273.66304397583,ok
1789270515.9345143,1789270515.9614599,26.94559097290039,public:getticker,200,52303.90691757202,unchanged
1789270515.9614744,1789270516.0202038,58.72941017150879,private:getpermissions,200,52303.90691757202,unchanged
1789270545.9347656,1789270545.9515262,16.760587692260742,public:getticker,200,18321.539163589478,ok
1789270545.951539,1789270546.0095563,58.01725387573242,private:getpermissions,200,18321.539163589478,ok
1789270575.935035,1789270575.9498641,14.829158782958984,public:getticker,200,48375.41627883911,unchanged
1789270575.9498765,1789270576.063433,113.5563850402832,private:getpermissions,200,48375.41627883911,unchanged
1789270605.9353018,1789270605.962333,27.03118324279785,public:getticker,200,18299.35383796692,ok
1789270605.9623482,1789270606.0454402,83.09197425842285,private:getpermissions,200,18299.35383796692,ok
1789270635.9355736,1789270636.3295703,393.9967155456543,public:getticker,200,49156.737089157104,unchanged
1789270636.3295853,1789270636.9028237,573.2383728027344,private:getpermissions,200,49156.737089157104,unchanged
1789270665.935819,1789270665.9717567,35.93778610229492,public:getticker,200,17529.404163360596,ok
1789270665.971772,1789270666.0165355,44.76356506347656,private:getpermissions,200,17529.404163360596,ok
1789270695.936259,1789270696.0132883,77.02922821044922,public:getticker,200,-12232.107162475586,ok
1789270696.0133035,1789270696.0682425,54.93903160095215,private:getpermissions,200,-12232.107162475586,ok
1789270725.9365144,1789270725.972117,35.602569580078125,public:getticker,200,17722.785711288452,unchanged
1789270725.9721322,1789270726.0231347,51.00250244140625,private:getpermissions,200,17722.785711288452,unchanged
1789270755.9367814,1789270755.9536784,16.896963119506836,public:getticker,200,47706.785917282104,unchanged
1789270755.9536932,1789270756.0071366,53.44343185424805,private:getpermissions,200,47706.785917282104,unchanged
1789270785.9370868,1789270786.0421028,105.01599311828613,public:getticker,200,17003.684997558594,ok
1789270786.0421195,1789270786.1201487,78.02915573120117,private:getpermissions,200,17003.684997558594,ok
1789270815.938126,1789270815.9795997,41.4736270904541,public:getticker,200,46911.26370429993,unchanged
1789270815.979615,1789270816.0277276,48.11263084411621,private:getpermissions,200,46911.26370429993,unchanged
1789270845.9383838,1789270845.9731104,34.726619720458984,public:getticker,200,16956.403017044067,ok
1789270845.9731324,1789270846.014422,41.289567947387695,private:getpermissions,200,16956.403017044067,ok
1789270875.9388056,1789270876.6844573,745.6517219543457,public:getticker,200,48967.74411201477,unchanged
1789270876.7166133,1789270878.0257626,1309.1492652893066,private:getpermissions,200,48967.74411201477,unchanged
1789270905.9390616,1789270906.1266415,187.57987022399902,public:getticker,200,17129.62007522583,ok
1789270906.1266572,1789270906.5095613,382.904052734375,private:getpermissions,200,17129.62007522583,ok
1789270935.939966,1789270935.9753711,35.40515899658203,public:getticker,200,46665.348529815674,unchanged
1789270935.9753878,1789270936.04529,69.90218162536621,private:getpermissions,200,46665.348529815674,unchanged
1789270965.9411442,1789270965.9836316,42.487382888793945,public:getticker,200,15646.392107009888,ok
1789270965.9836466,1789270966.030251,46.60439491271973,private:getpermissions,200,15646.392107009888,ok
1789270995.9420788,1789270995.957721,15.642166137695312,public:getticker,200,45631.431341171265,unchanged
1789270995.9577358,1789270996.01529,57.55424499511719,private:getpermissions,200,45631.431341171265,unchanged
1789271025.9423232,1789271025.9825556,40.23241996765137,public:getticker,200,15776.001453399658,ok
1789271025.9825711,1789271026.04351,60.93883514404297,private:getpermissions,200,15776.001453399658,ok
1789271055.9426332,1789271055.958408,15.774965286254883,public:getticker,200,45753.5183429718,unchanged
1789271055.9584212,1789271056.0210283,62.6070499420166,private:getpermissions,200,45753.5183429718,unchanged
1789271085.9429054,1789271085.9864044,43.498992919921875,public:getticker,200,15841.416597366333,ok
1789271085.986422,1789271086.059058,72.63588905334473,private:getpermissions,200,15841.416597366333,ok
1789271115.943166,1789271115.958115,14.94908332824707,public:getticker,200,45812.05701828003,unchanged
1789271115.958128,1789271116.0296986,71.57063484191895,private:getpermissions,200,45812.05701828003,unchanged
1789271145.943937,1789271145.9827042,38.767099380493164,public:getticker,200,15416.817665100098,ok
1789271145.9827187,1789271146.034554,51.83529853820801,private:getpermissions,200,15416.817665100098,ok
1789271175.9441864,1789271175.977744,33.55765342712402,public:getticker,200,45408.65206718445,unchanged
1789271175.9777565,1789271176.0263886,48.632144927978516,private:getpermissions,200,45408.65206718445,unchanged
1789271205.9444482,1789271205.9846761,40.22789001464844,public:getticker,200,14543.61629486084,ok
1789271205.98469,1789271206.106326,121.63615226745605,private:getpermissions,200,14543.61629486084,ok
1789271235.944737,1789271235.9621472,17.4102783203125,public:getticker,200,44463.02103996277,unchanged
1789271235.9621627,1789271236.025731,63.5683536529541,private:getpermissions,200,44463.02103996277,unchanged
1789271265.9449923,1789271265.9854023,40.41004180908203,public:getticker,200,13865.803241729736,ok
1789271265.985417,1789271266.0567002,71.28334045410156,private:getpermissions,200,13865.803241729736,ok
1789271295.94527,1789271295.965823,20.552873611450195,public:getticker,200,43835.09588241577,unchanged
1789271295.9658377,1789271296.0259938,60.15610694885254,private:getpermissions,200,43835.09588241577,unchanged
1789271325.9455507,1789271326.387379,441.82825088500977,public:getticker,200,15137.619018554688,ok
1789271326.3873937,1789271327.3859746,998.5809326171875,private:getpermissions,200,15137.619018554688,ok
1789271355.9457994,1789271355.9956093,49.809932708740234,public:getticker,200,43851.20415687561,unchanged
1789271356.0441523,1789271356.0995615,55.40919303894043,private:getpermissions,200,43851.20415687561,unchanged
1789271385.946063,1789271385.9811604,35.097360610961914,public:getticker,200,13680.285930633545,ok
1789271385.9811742,1789271386.045425,64.25070762634277,private:getpermissions,200,13680.285930633545,ok
1789271415.94631,1789271415.993205,46.89502716064453,public:getticker,200,43672.06120491028,unchanged
1789271415.993221,1789271416.0372005,43.97940635681152,private:getpermissions,200,43672.06120491028,unchanged
1789271445.9465702,1789271446.0241914,77.6212215423584,public:getticker,200,13366.077423095703,ok
1789271446.0242057,1789271446.098601,74.39541816711426,private:getpermissions,200,13366.077423095703,ok
1789271475.9471073,1789271475.9687488,21.64149284362793,public:getticker,200,43316.321849823,unchanged
1789271475.968764,1789271476.0488458,80.08170127868652,private:getpermissions,200,43316.321849823,unchanged
1789271505.9475193,1789271506.655384,707.8647613525391,public:getticker,200,15709.095001220703,ok
1789271506.6553984,1789271508.7624035,2107.0051193237305,private:getpermissions,200,15709.095001220703,ok
1789271535.948136,1789271537.6398726,1691.7364597320557,public:getticker,200,46631.15119934082,unchanged
1789271537.6398878,1789271539.6844592,2044.5713996887207,private:getpermissions,200,46631.15119934082,unchanged
1789271565.9489138,1789271567.1511674,1202.2535800933838,public:getticker,200,15156.666994094849,ok
1789271567.1511843,1789271568.7048924,1553.7080764770508,private:getpermissions,200,15156.666994094849,ok
1789271595.9491532,1789271595.9690557,19.902467727661133,public:getticker,200,42462.597370147705,unchanged
1789271595.96908,1789271596.0108237,41.74375534057617,private:getpermissions,200,42462.597370147705,unchanged
1789271625.950093,1789271625.9984791,48.3860969543457,public:getticker,200,13327.999353408813,ok
1789271625.9984927,1789271626.8733847,874.891996383667,private:getpermissions,200,13327.999353408813,ok
1789271655.9503489,1789271655.9691794,18.830537796020508,public:getticker,200,42495.67270278931,unchanged
1789271655.969192,1789271656.0410588,71.86675071716309,private:getpermissions,200,42495.67270278931,unchanged
1789271685.9510396,1789271685.9905849,39.545297622680664,public:getticker,200,12773.571729660034,ok
1789271685.9905996,1789271686.0551205,64.52083587646484,private:getpermissions,200,12773.571729660034,ok
1789271715.9518394,1789271717.7274325,1775.5930423736572,public:getticker,200,47224.76029396057,unchanged
1789271717.727448,1789271720.5063093,2778.8612842559814,private:getpermissions,200,47224.76029396057,unchanged
1789271745.9521086,1789271746.0277104,75.60181617736816,public:getticker,200,12903.188705444336,ok
1789271746.027727,1789271746.2558553,228.12843322753906,private:getpermissions,200,12903.188705444336,ok
1789271775.9523585,1789271775.9685917,16.233205795288086,public:getticker,200,42674.938917160034,unchanged
1789271775.968607,1789271776.0276055,58.99858474731445,private:getpermissions,200,42674.938917160034,unchanged
1789271805.9526272,1789271806.1834161,230.7889461517334,public:getticker,200,12452.799320220947,ok
1789271806.183432,1789271806.2529907,69.55862045288086,private:getpermissions,200,12452.799320220947,ok
1789271835.952892,1789271836.002782,49.89004135131836,public:getticker,200,42270.08080482483,unchanged
1789271836.0027974,1789271836.070272,67.4746036529541,private:getpermissions,200,42270.08080482483,unchanged
1789271865.9531775,1789271866.0132298,60.05239486694336,public:getticker,200,10691.863536834717,ok
1789271866.013245,1789271866.052941,39.69597816467285,private:getpermissions,200,10691.863536834717,ok
1789271895.9534364,1789271895.9690886,15.652179718017578,public:getticker,200,40666.72372817993,unchanged
1789271895.9691017,1789271896.0278008,58.69913101196289,private:getpermissions,200,40666.72372817993,unchanged
1789271925.953703,1789271925.9921966,38.49363327026367,public:getticker,200,9930.902481079102,ok
1789271925.992214,1789271926.0556066,63.39263916015625,private:getpermissions,200,9930.902481079102,ok
1789271955.9539666,1789271955.9845412,30.574560165405273,public:getticker,200,39928.08532714844,unchanged
1789271955.9845557,1789271956.052789,68.23325157165527,private:getpermissions,200,39928.08532714844,unchanged
1789271985.9542577,1789271985.9712548,16.997098922729492,public:getticker,200,9327.77452468872,ok
1789271985.971268,1789271986.058519,87.25094795227051,private:getpermissions,200,9327.77452468872,ok
1789272015.9545321,1789272015.9814408,26.90863609313965,public:getticker,200,39316.05553627014,unchanged
1789272015.981457,1789272016.0468004,65.34337997436523,private:getpermissions,200,39316.05553627014,unchanged
1789272045.954787,1789272046.0035803,48.79331588745117,public:getticker,200,9533.378839492798,ok
1789272046.0035956,1789272046.1014938,97.89824485778809,private:getpermissions,200,9533.378839492798,ok
1789272075.9550753,1789272076.0036125,48.537254333496094,public:getticker,200,39543.928146362305,unchanged
1789272076.0036292,1789272076.112043,108.4136962890625,private:getpermissions,200,39543.928146362305,unchanged
1789272105.9553537,1789272105.973116,17.762184143066406,public:getticker,200,9334.01346206665,ok
1789272105.97313,1789272106.0375028,64.37277793884277,private:getpermissions,200,9334.01346206665,ok
1789272135.9561942,1789272135.9719918,15.797615051269531,public:getticker,200,39368.181228637695,unchanged
1789272135.972006,1789272136.0716703,99.66421127319336,private:getpermissions,200,39368.181228637695,unchanged
1789272165.9568164,1789272166.1293685,172.55210876464844,public:getticker,200,9280.935764312744,ok
1789272166.1293848,1789272166.1856236,56.23888969421387,private:getpermissions,200,9280.935764312744,ok
1789272195.9571648,1789272195.9735196,16.354799270629883,public:getticker,200,39162.723541259766,unchanged
1789272195.9735358,1789272196.0674102,93.87445449829102,private:getpermissions,200,39162.723541259766,unchanged
1789272225.9576254,1789272226.075596,117.97070503234863,public:getticker,200,9263.492822647095,ok
1789272226.0756116,1789272226.294348,218.7364101409912,private:getpermissions,200,9263.492822647095,ok
1789272255.958119,1789272256.8626275,904.5085906982422,public:getticker,200,42306.31470680237,unchanged
1789272256.8626425,1789272259.3371694,2474.526882171631,private:getpermissions,200,42306.31470680237,unchanged
1789272285.9585955,1789272285.9941912,35.59565544128418,public:getticker,200,8517.098903656006,ok
1789272285.994215,1789272286.0484726,54.25763130187988,private:getpermissions,200,8517.098903656006,ok
1789272315.9592893,1789272316.010792,51.50270462036133,public:getticker,200,38535.80641746521,unchanged
1789272316.0108063,1789272316.0671794,56.37311935424805,private:getpermissions,200,38535.80641746521,unchanged
1789272345.9598582,1789272345.9776626,17.804384231567383,public:getticker,200,-51945.849657058716,ok
1789272345.9776783,1789272346.0426705,64.99218940734863,private:getpermissions,200,-51945.849657058716,ok
1789272440.3621266,1789272440.4013877,39.2611026763916,public:getticker,200,42468.38641166687,unchanged
1789272440.401404,1789272440.456907,55.503129959106445,private:getpermissions,200,42468.38641166687,unchanged
1789272470.3627717,1789272470.3841805,21.408796310424805,public:getticker,200,5379.712104797363,ok
1789272470.3841946,1789272470.4301188,45.92418670654297,private:getpermissions,200,5379.712104797363,ok
1789272500.363189,1789272500.4135225,50.333499908447266,public:getticker,200,35406.83078765869,unchanged
1789272500.4135375,1789272500.457237,43.69950294494629,private:getpermissions,200,35406.83078765869,unchanged
1789272530.3635213,1789272530.4112132,47.69182205200195,public:getticker,200,5136.668920516968,ok
1789272530.4112284,1789272530.5032191,91.99070930480957,private:getpermissions,200,5136.668920516968,ok
1789272560.3637643,1789272560.4364588,72.69454002380371,public:getticker,200,35219.44618225098,unchanged
1789272560.4364734,1789272560.5859985,149.52516555786133,private:getpermissions,200,35219.44618225098,unchanged
1789272590.3650463,1789272590.4258509,60.80460548400879,public:getticker,200,3749.927520751953,ok
1789272590.4258654,1789272590.4692085,43.34306716918945,private:getpermissions,200,3749.927520751953,ok
1789272620.3653424,1789272620.4078262,42.48380661010742,public:getticker,200,33730.430364608765,unchanged
1789272620.4078407,1789272620.4497101,41.869401931762695,private:getpermissions,200,33730.430364608765,unchanged
1789272650.3655896,1789272650.4187546,53.16495895385742,public:getticker,200,2857.2428226470947,ok
1789272650.4187694,1789272650.4737456,54.97622489929199,private:getpermissions,200,2857.2428226470947,ok
1789272680.3662229,1789272680.4041295,37.906646728515625,public:getticker,200,32843.430519104004,unchanged
1789272680.404144,1789272680.4599342,55.79018592834473,private:getpermissions,200,32843.430519104004,unchanged
1789272710.3664875,1789272711.1434898,777.0023345947266,public:getticker,200,4116.986036300659,ok
1789272711.1435041,1789272711.450457,306.95295333862305,private:getpermissions,200,4116.986036300659,ok
1789272740.3667438,1789272741.1185863,751.8424987792969,public:getticker,200,34154.50596809387,unchanged
1789272741.1186018,1789272741.4879768,369.37499046325684,private:getpermissions,200,34154.50596809387,unchanged
1789272770.367028,1789272770.4209404,53.91240119934082,public:getticker,200,2821.950912475586,ok
1789272770.4209552,1789272770.4806552,59.70001220703125,private:getpermissions,200,2821.950912475586,ok
1789272800.367907,1789272800.411993,44.08597946166992,public:getticker,200,32817.94333457947,unchanged
1789272800.412009,1789272800.476647,64.63789939880371,private:getpermissions,200,32817.94333457947,unchanged
1789272830.3689468,1789272830.4151473,46.20051383972168,public:getticker,200,2369.1344261169434,ok
1789272830.4151645,1789272830.4779162,62.75177001953125,private:getpermissions,200,2369.1344261169434,ok
1789272860.3699167,1789272860.4462447,76.32803916931152,public:getticker,200,32445.424556732178,unchanged
1789272860.4462602,1789272860.5542061,107.94591903686523,private:getpermissions,200,32445.424556732178,unchanged
1789272890.370175,1789272890.3850954,14.920473098754883,public:getticker,200,2557.035446166992,ok
1789272890.3851106,1789272890.425504,40.39335250854492,private:getpermissions,200,2557.035446166992,ok
1789272920.3707268,1789272920.398261,27.53424644470215,public:getticker,200,32570.340394973755,unchanged
1789272920.3982766,1789272920.4388087,40.53211212158203,private:getpermissions,200,32570.340394973755,unchanged
1789272950.371023,1789272950.4075367,36.5138053894043,public:getticker,200,1545.414924621582,ok
1789272950.407553,1789272950.486965,79.41198348999023,private:getpermissions,200,1545.414924621582,ok
1789272980.371581,1789272980.4181125,46.53143882751465,public:getticker,200,31530.20215034485,unchanged
1789272980.4181266,1789272980.4717517,53.62510681152344,private:getpermissions,200,31530.20215034485,unchanged
1789273010.3722816,1789273010.394182,21.900415420532227,public:getticker,200,1640.1243209838867,ok
1789273010.3942225,1789273010.4413004,47.07789421081543,private:getpermissions,200,1640.1243209838867,ok
1789273040.3730397,1789273040.4197247,46.684980392456055,public:getticker,200,31686.57112121582,unchanged
1789273040.4197395,1789273040.4877458,68.00627708435059,private:getpermissions,200,31686.57112121582,unchanged
1789273070.3735604,1789273070.4376585,64.09811973571777,public:getticker,200,1709.8286151885986,ok
1789273070.4376733,1789273070.4797225,42.04916954040527,private:getpermissions,200,1709.8286151885986,ok
1789273100.3741062,1789273100.4215934,47.48725891113281,public:getticker,200,31718.30129623413,unchanged
1789273100.4216084,1789273100.4881947,66.58625602722168,private:getpermissions,200,31718.30129623413,unchanged
1789273130.3743994,1789273130.41983,45.430660247802734,public:getticker,200,61688.315868377686,unchanged
1789273130.419844,1789273130.4582112,38.367271423339844,private:getpermissions,200,61688.315868377686,unchanged
1789273160.3749847,1789273160.3958848,20.90001106262207,public:getticker,200,30115.498781204224,ok
1789273160.3959002,1789273160.4423091,46.408891677856445,private:getpermissions,200,30115.498781204224,ok
1789273190.3752325,1789273190.3906336,15.401124954223633,public:getticker,200,60129.88471984863,unchanged
1789273190.390648,1789273190.4566963,66.04838371276855,private:getpermissions,200,60129.88471984863,unchanged
1789273220.3755069,1789273220.473706,98.19912910461426,public:getticker,200,29903.26976776123,ok
1789273220.4737217,1789273220.5693412,95.61944007873535,private:getpermissions,200,29903.26976776123,ok
1789273250.3757982,1789273250.415872,40.07387161254883,public:getticker,200,59792.14119911194,unchanged
1789273250.415887,1789273250.4582133,42.32621192932129,private:getpermissions,200,59792.14119911194,unchanged
1789273280.3760405,1789273280.4203086,44.268131256103516,public:getticker,200,29684.81469154358,ok
1789273280.4203231,1789273280.4885302,68.2070255279541,private:getpermissions,200,29684.81469154358,ok
1789273310.3762834,1789273310.4610555,84.77210998535156,public:getticker,200,59720.67141532898,unchanged
1789273310.4610698,1789273310.5243876,63.31777572631836,private:getpermissions,200,59720.67141532898,unchanged
1789273340.3765285,1789273340.4493675,72.83902168273926,public:getticker,200,29698.128700256348,ok
1789273340.4493823,1789273340.4984539,49.071550369262695,private:getpermissions,200,29698.128700256348,ok
1789273370.376988,1789273370.4313178,54.329872131347656,public:getticker,200,59674.44920539856,unchanged
1789273370.4313319,1789273370.4747741,43.4422492980957,private:getpermissions,200,59674.44920539856,unchanged
1789273400.3778558,1789273400.4141085,36.252737045288086,public:getticker,200,29556.488752365112,ok
1789273400.4141233,1789273400.4598851,45.761823654174805,private:getpermissions,200,29556.488752365112,ok
1789273430.3781223,1789273430.3943267,16.204357147216797,public:getticker,200,59803.04527282715,unchanged
1789273430.3943398,1789273430.7064419,312.1020793914795,private:getpermissions,200,59803.04527282715,unchanged
1789273460.3788378,1789273460.4103649,31.527042388916016,public:getticker,200,29813.27486038208,ok
1789273460.4103785,1789273460.452645,42.2666072845459,private:getpermissions,200,29813.27486038208,ok
1789273490.379123,1789273490.4034462,24.323225021362305,public:getticker,200,1872.995376586914,ok
1789273490.4034624,1789273492.6772635,2273.80108833313,private:getpermissions,200,1872.995376586914,ok
1789273520.380342,1789273522.613978,2233.635902404785,public:getticker,200,31853.459358215332,unchanged
1789273522.6139932,1789273522.657735,43.74194145202637,private:getpermissions,200,31853.459358215332,unchanged
1789273550.425185,1789273550.5218658,96.68087959289551,public:getticker,200,59765.99359512329,unchanged
1789273550.5218844,1789273550.5702693,48.384904861450195,private:getpermissions,200,59765.99359512329,unchanged
1789273580.4253118,1789273580.4741359,48.82407188415527,public:getticker,200,29239.230632781982,ok
1789273580.4741492,1789273580.568617,94.4678783416748,private:getpermissions,200,29239.230632781982,ok
1789273610.4257245,1789273610.442211,16.486406326293945,public:getticker,200,59194.0131187439,unchanged
1789273610.4422266,1789273610.5234003,81.17365837097168,private:getpermissions,200,59194.0131187439,unchanged
1789273640.4266107,1789273640.4661007,39.4899845123291,public:getticker,200,28315.21224975586,ok
1789273640.4661138,1789273640.5210402,54.926395416259766,private:getpermissions,200,28315.21224975586,ok
1789273670.4282806,1789273670.4541469,25.866270065307617,public:getticker,200,58298.41756820679,unchanged
1789273670.4542131,1789273670.504245,50.03190040588379,private:getpermissions,200,58298.41756820679,unchanged
1789273700.4276426,1789273700.4848924,57.24978446960449,public:getticker,200,28365.59772491455,ok
1789273700.484907,1789273700.5398023,54.89540100097656,private:getpermissions,200,28365.59772491455,ok
1789273730.427893,1789273730.479051,51.15818977355957,public:getticker,200,58350.282430648804,unchanged
1789273730.4790657,1789273730.524489,45.423269271850586,private:getpermissions,200,58350.282430648804,unchanged
1789273760.4281697,1789273760.464016,35.84623336791992,public:getticker,200,28420.639514923096,ok
1789273760.4640298,1789273760.5073524,43.32256317138672,private:getpermissions,200,28420.639514923096,ok
1789273790.4284227,1789273790.5020754,73.65274429321289,public:getticker,200,58463.93847465515,unchanged
1789273790.5020907,1789273790.5506501,48.55942726135254,private:getpermissions,200,58463.93847465515,unchanged
1789273820.4286816,1789273820.488868,60.18638610839844,public:getticker,200,27790.58575630188,ok
1789273820.4888835,1789273820.5331087,44.225215911865234,private:getpermissions,200,27790.58575630188,ok
1789273850.4289324,1789273850.469982,41.04948043823242,public:getticker,200,58387.28976249695,unchanged
1789273850.4699962,1789273851.129807,659.8107814788818,private:getpermissions,200,58387.28976249695,unchanged
1789273880.4292228,1789273880.468853,39.63017463684082,public:getticker,200,27457.48019218445,ok
1789273880.4688683,1789273880.5149772,46.10896110534668,private:getpermissions,200,27457.48019218445,ok
1789273910.430212,1789273910.4755368,45.32480239868164,public:getticker,200,57458.4743976593,unchanged
1789273910.4755516,1789273910.5159729,40.421247482299805,private:getpermissions,200,57458.4743976593,unchanged
1789273940.4313242,1789273940.474783,43.45870018005371,public:getticker,200,27800.78649520874,ok
1789273940.474828,1789273940.5301883,55.36031723022461,private:getpermissions,200,27800.78649520874,ok
1789273970.430773,1789273970.4718435,41.07046127319336,public:getticker,200,57781.19707107544,unchanged
1789273970.4718564,1789273970.5106006,38.744211196899414,private:getpermissions,200,57781.19707107544,unchanged
1789274000.4310102,1789274000.4687133,37.70303726196289,public:getticker,200,27425.240516662598,ok
1789274000.4825587,1789274000.5264602,43.90144348144531,private:getpermissions,200,27425.240516662598,ok
1789274030.4316945,1789274030.4794238,47.7292537689209,public:getticker,200,57420.18914222717,unchanged
1789274030.4794374,1789274030.521408,41.97072982788086,private:getpermissions,200,57420.18914222717,unchanged
1789274060.4319665,1789274060.4796932,47.72663116455078,public:getticker,200,27770.07746696472,ok
1789274060.4797084,1789274060.7668803,287.1718406677246,private:getpermissions,200,27770.07746696472,ok
1789274090.4331021,1789274090.485911,52.80876159667969,public:getticker,200,57543.82085800171,unchanged
1789274090.4859254,1789274090.5406234,54.69799041748047,private:getpermissions,200,57543.82085800171,unchanged
1789274120.433383,1789274120.4695518,36.168813705444336,public:getticker,200,27470.44849395752,ok
1789274120.4695656,1789274120.5145774,45.01175880432129,private:getpermissions,200,27470.44849395752,ok
1789274150.4336414,1789274150.459159,25.51746368408203,public:getticker,200,-2634.5150470733643,ok
1789274150.4591737,1789274150.502046,42.87242889404297,private:getpermissions,200,-2634.5150470733643,ok
1789274180.434319,1789274180.473683,39.36409950256348,public:getticker,200,27379.54068183899,unchanged
1789274180.4736984,1789274180.5161011,42.40274429321289,private:getpermissions,200,27379.54068183899,unchanged
1789274210.4345946,1789274210.4941232,59.52858924865723,public:getticker,200,57401.91578865051,unchanged
1789274210.494137,1789274210.5384781,44.341087341308594,private:getpermissions,200,57401.91578865051,unchanged
1789274240.4348614,1789274240.4525988,17.737388610839844,public:getticker,200,24951.830863952637,ok
1789274240.4526117,1789274240.4897623,37.15062141418457,private:getpermissions,200,24951.830863952637,ok
1789274270.4351094,1789274270.4730487,37.93931007385254,public:getticker,200,54989.95065689087,unchanged
1789274270.473063,1789274270.527881,54.817914962768555,private:getpermissions,200,54989.95065689087,unchanged
1789274300.4358842,1789274300.522545,86.66086196899414,public:getticker,200,24635.807037353516,ok
1789274300.5225613,1789274300.6023338,79.7724723815918,private:getpermissions,200,24635.807037353516,ok
1789274330.436245,1789274330.4762664,40.021419525146484,public:getticker,200,54560.35304069519,unchanged
1789274330.4762826,1789274330.5268795,50.59695243835449,private:getpermissions,200,54560.35304069519,unchanged
1789274360.436895,1789274360.4894748,52.57987976074219,public:getticker,200,24664.833545684814,ok
1789274360.4894903,1789274360.5460792,56.58888816833496,private:getpermissions,200,24664.833545684814,ok
1789274390.43716,1789274390.5214267,84.26666259765625,public:getticker,200,54682.86681175232,unchanged
1789274390.5214424,1789274390.5641024,42.65999794006348,private:getpermissions,200,54682.86681175232,unchanged
1789274420.4374135,1789274420.4792855,41.87202453613281,public:getticker,200,24241.08362197876,ok
1789274420.4793005,1789274420.525057,45.75657844543457,private:getpermissions,200,24241.08362197876,ok
1789274450.4376714,1789274450.4793339,41.66245460510254,public:getticker,200,54248.770236968994,unchanged
1789274450.4793491,1789274450.5327454,53.39622497558594,private:getpermissions,200,54248.770236968994,unchanged
1789274480.4379227,1789274480.4800751,42.15240478515625,public:getticker,200,24093.644857406616,ok
1789274480.4800894,1789274480.5273728,47.28341102600098,private:getpermissions,200,24093.644857406616,ok
1789274510.4385176,1789274510.4773788,38.86127471923828,public:getticker,200,54097.34535217285,unchanged
1789274510.4773936,1789274510.5310717,53.678035736083984,private:getpermissions,200,54097.34535217285,unchanged
1789274540.438765,1789274540.4845345,45.769453048706055,public:getticker,200,22610.218286514282,ok
1789274540.4845495,1789274540.5264158,41.866302490234375,private:getpermissions,200,22610.218286514282,ok
1789274570.4390209,1789274570.4897075,50.68659782409668,public:getticker,200,52626.28221511841,unchanged
1789274570.489721,1789274570.5424798,52.75869369506836,private:getpermissions,200,52626.28221511841,unchanged
1789274600.4394774,1789274600.4856524,46.17500305175781,public:getticker,200,22059.3843460083,ok
1789274600.4856684,1789274600.5242918,38.62333297729492,private:getpermissions,200,22059.3843460083,ok
1789274630.4401672,1789274630.4597604,19.593238830566406,public:getticker,200,52039.02363777161,unchanged
1789274630.4597845,1789274630.5039308,44.14629936218262,private:getpermissions,200,52039.02363777161,unchanged
1789274660.4410625,1789274660.490814,49.75152015686035,public:getticker,200,22169.893264770508,ok
1789274660.4908288,1789274660.5470169,56.188106536865234,private:getpermissions,200,22169.893264770508,ok
1789274690.442281,1789274690.5468466,104.56562042236328,public:getticker,200,52250.21696090698,unchanged
1789274690.5468626,1789274690.627341,80.47842979431152,private:getpermissions,200,52250.21696090698,unchanged
1789274720.4425623,1789274720.477571,35.00866889953613,public:getticker,200,22376.057624816895,ok
1789274720.477584,1789274720.5379293,60.34541130065918,private:getpermissions,200,22376.057624816895,ok
1789274750.4429247,1789274750.5682817,125.35691261291504,public:getticker,200,52462.30936050415,unchanged
1789274750.5682962,1789274750.6241815,55.88531494140625,private:getpermissions,200,52462.30936050415,unchanged
1789274780.4440975,1789274780.4606698,16.572237014770508,public:getticker,200,21743.709325790405,ok
1789274780.460686,1789274780.5069962,46.3101863861084,private:getpermissions,200,21743.709325790405,ok
1789274810.4443808,1789274810.4794652,35.08448600769043,public:getticker,200,51778.839111328125,unchanged
1789274810.4794803,1789274810.5421264,62.64615058898926,private:getpermissions,200,51778.839111328125,unchanged
1789274840.444653,1789274840.4868324,42.17934608459473,public:getticker,200,21974.04980659485,ok
1789274840.486848,1789274840.565096,78.2477855682373,private:getpermissions,200,21974.04980659485,ok
1789274870.4449093,1789274870.4783745,33.46514701843262,public:getticker,200,51943.10212135315,unchanged
1789274870.4783902,1789274870.5341477,55.75752258300781,private:getpermissions,200,51943.10212135315,unchanged
1789274900.4451597,1789274900.5106797,65.52004814147949,public:getticker,200,20804.875373840332,ok
1789274900.5106964,1789274900.5733066,62.61014938354492,private:getpermissions,200,20804.875373840332,ok
1789274930.4454153,1789274930.4876688,42.25349426269531,public:getticker,200,50772.44973182678,unchanged
1789274930.487683,1789274930.5408814,53.19833755493164,private:getpermissions,200,50772.44973182678,unchanged
1789274960.4457314,1789274960.4861906,40.45915603637695,public:getticker,200,19934.582471847534,ok
1789274960.486208,1789274960.5294776,43.26963424682617,private:getpermissions,200,19934.582471847534,ok
1789274990.445964,1789274990.484907,38.942813873291016,public:getticker,200,49956.06231689453,unchanged
1789274990.4849222,1789274990.550958,66.03574752807617,private:getpermissions,200,49956.06231689453,unchanged
1789275020.4462469,1789275020.48864,42.39320755004883,public:getticker,200,19700.328588485718,ok
1789275020.488654,1789275020.5313818,42.72794723510742,private:getpermissions,200,19700.328588485718,ok
1789275050.446508,1789275050.464261,17.753124237060547,public:getticker,200,49689.847469329834,unchanged
1789275050.464276,1789275050.5209007,56.624650955200195,private:getpermissions,200,49689.847469329834,unchanged
1789275080.4470341,1789275080.4840486,37.01448440551758,public:getticker,200,19812.42799758911,ok
1789275080.484064,1789275080.5248127,40.74859619140625,private:getpermissions,200,19812.42799758911,ok
1789275110.4472508,1789275110.487829,40.57812690734863,public:getticker,200,49832.97038078308,unchanged
1789275110.4878438,1789275110.545355,57.511329650878906,private:getpermissions,200,49832.97038078308,unchanged
1789275140.4481905,1789275140.5890903,140.8998966217041,public:getticker,200,19831.321001052856,ok
1789275140.5891056,1789275140.62914,40.03429412841797,private:getpermissions,200,19831.321001052856,ok
1789275170.448448,1789275170.4897356,41.28766059875488,public:getticker,200,49730.46398162842,unchanged
1789275170.4897492,1789275170.5282834,38.53416442871094,private:getpermissions,200,49730.46398162842,unchanged
1789275200.4487004,1789275200.4639206,15.220165252685547,public:getticker,200,19665.17424583435,ok
1789275200.4639342,1789275200.5045054,40.57121276855469,private:getpermissions,200,19665.17424583435,ok
1789275230.449028,1789275230.487694,38.6660099029541,public:getticker,200,49709.48934555054,unchanged
1789275230.4877074,1789275230.5488186,61.1112117767334,private:getpermissions,200,49709.48934555054,unchanged
1789275260.4492764,1789275260.5284903,79.21385765075684,public:getticker,200,18219.271183013916,ok
1789275260.5285056,1789275260.5820434,53.537845611572266,private:getpermissions,200,18219.271183013916,ok
1789275290.449964,1789275290.4867406,36.77654266357422,public:getticker,200,48176.04303359985,unchanged
1789275290.4867532,1789275290.5388148,52.06155776977539,private:getpermissions,200,48176.04303359985,unchanged
1789275320.4503665,1789275320.5390947,88.72818946838379,public:getticker,200,17979.881525039673,ok
1789275320.5391102,1789275320.58025,41.139841079711914,private:getpermissions,200,17979.881525039673,ok
1789275350.4510157,1789275350.55636,105.34429550170898,public:getticker,200,48117.03824996948,unchanged
1789275350.6558468,1789275350.717407,61.56015396118164,private:getpermissions,200,48117.03824996948,unchanged
1789275380.4515274,1789275380.468228,16.70074462890625,public:getticker,200,17950.088262557983,ok
1789275380.468242,1789275380.515136,46.894073486328125,private:getpermissions,200,17950.088262557983,ok
1789275410.4519296,1789275411.675649,1223.7193584442139,public:getticker,200,49176.37586593628,unchanged
1789275411.6756659,1789275411.741424,65.75822830200195,private:getpermissions,200,49176.37586593628,unchanged
1789275440.452565,1789275440.499982,47.41716384887695,public:getticker,200,17702.64458656311,ok
1789275440.4999971,1789275440.575544,75.5469799041748,private:getpermissions,200,17702.64458656311,ok
1789275470.453184,1789275470.4929636,39.7796630859375,public:getticker,200,47691.85161590576,unchanged
1789275470.4929807,1789275470.5647514,71.77066802978516,private:getpermissions,200,47691.85161590576,unchanged
1789275500.4538767,1789275500.470438,16.561269760131836,public:getticker,200,17352.442741394043,ok
1789275500.4704509,1789275500.529256,58.805227279663086,private:getpermissions,200,17352.442741394043,ok
1789275530.454815,1789275530.4941587,39.343833923339844,public:getticker,200,47374.56464767456,unchanged
1789275530.4941754,1789275530.5513766,57.20114707946777,private:getpermissions,200,47374.56464767456,unchanged
1789275560.4560876,1789275560.4914792,35.39156913757324,public:getticker,200,17431.780099868774,ok
1789275560.4914956,1789275560.5341055,42.60993003845215,private:getpermissions,200,17431.780099868774,ok
1789275590.4563582,1789275590.4995062,43.148040771484375,public:getticker,200,47468.605279922485,unchanged
1789275590.4995205,1789275590.5709314,71.4108943939209,private:getpermissions,200,47468.605279922485,unchanged
1789275620.4566112,1789275620.4744136,17.80247688293457,public:getticker,200,17675.3146648407,ok
1789275620.4744277,1789275620.5619915,87.56375312805176,private:getpermissions,200,17675.3146648407,ok
1789275650.4568996,1789275650.5025887,45.68910598754883,public:getticker,200,47659.39378738403,unchanged
1789275650.5026276,1789275650.5460708,43.44320297241211,private:getpermissions,200,47659.39378738403,unchanged
1789275680.457191,1789275680.4853024,28.11145782470703,public:getticker,200,16452.471494674683,ok
1789275680.4853168,1789275680.5373135,51.996707916259766,private:getpermissions,200,16452.471494674683,ok
1789275710.4574451,1789275710.4876993,30.254125595092773,public:getticker,200,46460.72244644165,unchanged
1789275710.4877129,1789275710.5455642,57.851314544677734,private:getpermissions,200,46460.72244644165,unchanged
1789275740.4577346,1789275740.4938653,36.130666732788086,public:getticker,200,15525.444507598877,ok
1789275740.4938781,1789275740.5377617,43.883562088012695,private:getpermissions,200,15525.444507598877,ok
1789275770.4579973,1789275770.506176,48.178672790527344,public:getticker,200,45547.669887542725,unchanged
1789275770.5061903,1789275770.559989,53.798675537109375,private:getpermissions,200,45547.669887542725,unchanged
1789275800.458705,1789275800.5285075,69.80252265930176,public:getticker,200,15776.943445205688,ok
1789275800.5285227,1789275800.5791333,50.61054229736328,private:getpermissions,200,15776.943445205688,ok
1789275830.458993,1789275830.9152808,456.2878608703613,public:getticker,200,46159.987926483154,unchanged
1789275830.9152963,1789275830.9621801,46.88382148742676,private:getpermissions,200,46159.987926483154,unchanged
1789275860.4601972,1789275860.4974732,37.27602958679199,public:getticker,200,14346.10390663147,ok
1789275860.4974887,1789275860.5389087,41.41998291015625,private:getpermissions,200,14346.10390663147,ok
1789275890.461462,1789275890.4890568,27.594804763793945,public:getticker,200,44356.27198219299,unchanged
1789275890.4890714,1789275890.549076,60.00471115112305,private:getpermissions,200,44356.27198219299,unchanged
1789275920.4618862,1789275920.5068002,44.91400718688965,public:getticker,200,14124.935865402222,ok
1789275920.5068142,1789275920.575454,68.63975524902344,private:getpermissions,200,14124.935865402222,ok
1789275950.4621203,1789275950.5208528,58.73250961303711,public:getticker,200,44133.4924697876,unchanged
1789275950.5208685,1789275950.584011,63.14253807067871,private:getpermissions,200,44133.4924697876,unchanged
1789275980.4623923,1789275980.5033083,40.91596603393555,public:getticker,200,13534.908056259155,ok
1789275980.5033233,1789275980.5633547,60.03141403198242,private:getpermissions,200,13534.908056259155,ok
1789276010.4626455,1789276010.50152,38.87438774108887,public:getticker,200,43512.95351982117,unchanged
1789276010.5015342,1789276010.5413997,39.86549377441406,private:getpermissions,200,43512.95351982117,unchanged
1789276040.4635103,1789276040.5017917,38.28144073486328,public:getticker,200,13873.272180557251,ok
1789276040.5018058,1789276040.5444777,42.671918869018555,private:getpermissions,200,13873.272180557251,ok
1789276070.464298,1789276070.4998126,35.51459312438965,public:getticker,200,43885.271072387695,unchanged
1789276070.4998283,1789276070.5564752,56.64682388305664,private:getpermissions,200,43885.271072387695,unchanged
1789276100.4652376,1789276100.513162,47.92428016662598,public:getticker,200,13390.235424041748,ok
1789276100.5131776,1789276100.5679111,54.7335147857666,private:getpermissions,200,13390.235424041748,ok
1789276130.4654617,1789276130.5164282,50.966501235961914,public:getticker,200,43389.320373535156,unchanged
1789276130.5164444,1789276130.5669966,50.5521297454834,private:getpermissions,200,43389.320373535156,unchanged
1789276160.4657483,1789276160.4810154,15.267133712768555,public:getticker,200,13644.702196121216,ok
1789276160.4810288,1789276160.5238645,42.83571243286133,private:getpermissions,200,13644.702196121216,ok
1789276190.4669812,1789276190.509334,42.352914810180664,public:getticker,200,43682.0011138916,unchanged
1789276190.5093486,1789276190.5611625,51.81384086608887,private:getpermissions,200,43682.0011138916,unchanged
1789276220.467239,1789276220.506295,39.05606269836426,public:getticker,200,13286.762237548828,ok
1789276220.5063093,1789276220.5601194,53.81011962890625,private:getpermissions,200,13286.762237548828,ok
1789276250.4674933,1789276250.5062723,38.77902030944824,public:getticker,200,43312.72315979004,unchanged
1789276250.5062876,1789276250.5860798,79.79226112365723,private:getpermissions,200,43312.72315979004,unchanged
1789276280.4677777,1789276280.5065794,38.80167007446289,public:getticker,200,13182.685613632202,ok
1789276280.5065932,1789276280.552944,46.350717544555664,private:getpermissions,200,13182.685613632202,ok
1789276310.4684598,1789276310.5718982,103.4383773803711,public:getticker,200,43246.66166305542,unchanged
1789276310.5719137,1789276310.6169188,45.005083084106445,private:getpermissions,200,43246.66166305542,unchanged
1789276340.4688654,1789276340.515757,46.89168930053711,public:getticker,200,12989.928722381592,ok
1789276340.5157738,1789276340.5715523,55.77850341796875,private:getpermissions,200,12989.928722381592,ok
1789276370.469728,1789276370.594078,124.35007095336914,public:getticker,200,43084.61666107178,unchanged
1789276370.5940945,1789276370.6662393,72.14474678039551,private:getpermissions,200,43084.61666107178,unchanged
1789276400.4700148,1789276400.5162585,46.24366760253906,public:getticker,200,12815.319061279297,ok
1789276400.516274,1789276400.5602357,43.96176338195801,private:getpermissions,200,12815.319061279297,ok
1789276430.4703217,1789276430.4870625,16.740798950195312,public:getticker,200,42795.63784599304,unchanged
1789276430.487076,1789276430.5405552,53.47919464111328,private:getpermissions,200,42795.63784599304,unchanged
1789276460.4709597,1789276460.5091105,38.150787353515625,public:getticker,200,8209.883213043213,ok
1789276460.5091298,1789276460.5677025,58.57276916503906,private:getpermissions,200,8209.883213043213,ok
1789276490.4716992,1789276490.5103796,38.680315017700195,public:getticker,200,38199.214458465576,unchanged
1789276490.5103946,1789276490.5570354,46.640872955322266,private:getpermissions,200,38199.214458465576,unchanged
1789276520.4719708,1789276520.5122483,40.27748107910156,public:getticker,200,8460.2530002594,ok
1789276520.5122628,1789276520.573278,61.01512908935547,private:getpermissions,200,8460.2530002594,ok
1789276550.4726703,1789276550.5782487,105.57842254638672,public:getticker,200,38508.254051208496,unchanged
1789276550.5782661,1789276550.6212802,43.0140495300293,private:getpermissions,200,38508.254051208496,unchanged
1789276580.472946,1789276580.5086038,35.65788269042969,public:getticker,200,8040.7702922821045,ok
1789276580.5086186,1789276580.5652735,56.654930114746094,private:getpermissions,200,8040.7702922821045,ok
1789276610.4733129,1789276610.5155697,42.256832122802734,public:getticker,200,38030.163049697876,unchanged
1789276610.5155845,1789276610.554668,39.08348083496094,private:getpermissions,200,38030.163049697876,unchanged
1789276640.47355,1789276640.5106738,37.123680114746094,public:getticker,200,7698.786497116089,ok
1789276640.510688,1789276640.551408,40.71998596191406,private:getpermissions,200,7698.786497116089,ok
1789276670.4738028,1789276670.4930966,19.293785095214844,public:getticker,200,37679.17799949646,unchanged
1789276670.4931095,1789276670.5318017,38.69223594665527,private:getpermissions,200,37679.17799949646,unchanged
1789276700.4749527,1789276700.515367,40.41433334350586,public:getticker,200,5483.219146728516,ok
1789276700.5153804,1789276700.5558996,40.51923751831055,private:getpermissions,200,5483.219146728516,ok
1789276730.4751925,1789276730.5249982,49.805641174316406,public:getticker,200,35496.95324897766,unchanged
1789276730.525013,1789276730.569635,44.621944427490234,private:getpermissions,200,35496.95324897766,unchanged
1789276760.4764018,1789276760.5190425,42.64068603515625,public:getticker,200,5114.547967910767,ok
1789276760.519057,1789276760.5720901,53.03311347961426,private:getpermissions,200,5114.547967910767,ok
1789276790.4773588,1789276790.5167558,39.39700126647949,public:getticker,200,35112.58506774902,unchanged
1789276790.5167704,1789276790.5701256,53.35521697998047,private:getpermissions,200,35112.58506774902,unchanged
1789276820.4776244,1789276820.5288327,51.2082576751709,public:getticker,200,5317.058801651001,ok
1789276820.5288482,1789276820.5740383,45.19009590148926,private:getpermissions,200,5317.058801651001,ok
1789276850.4788525,1789276850.5667884,87.9359245300293,public:getticker,200,35373.41046333313,unchanged
1789276850.5668046,1789276850.63039,63.58528137207031,private:getpermissions,200,35373.41046333313,unchanged
1789276880.4790907,1789276880.5219808,42.890071868896484,public:getticker,200,5373.912811279297,ok
1789276880.5219955,1789276880.57282,50.82440376281738,private:getpermissions,200,5373.912811279297,ok
1789276910.479591,1789276910.5137143,34.12342071533203,public:getticker,200,35358.296155929565,unchanged
1789276910.5137298,1789276910.5572035,43.47372055053711,private:getpermissions,200,35358.296155929565,unchanged
1789276940.4801471,1789276940.5443296,64.18251991271973,public:getticker,200,4486.176252365112,ok
1789276940.544345,1789276940.6089334,64.58854675292969,private:getpermissions,200,4486.176252365112,ok
1789276970.4804182,1789276970.5232015,42.783260345458984,public:getticker,200,34448.87399673462,unchanged
1789276970.5232172,1789276970.5716312,48.413991928100586,private:getpermissions,200,34448.87399673462,unchanged
1789277000.4808307,1789277000.496776,15.9454345703125,public:getticker,200,4263.551712036133,ok
1789277000.4967895,1789277000.5537107,56.92124366760254,private:getpermissions,200,4263.551712036133,ok
1789277030.4810834,1789277030.5172167,36.1332893371582,public:getticker,200,34273.83327484131,unchanged
1789277030.517233,1789277030.5639918,46.75889015197754,private:getpermissions,200,34273.83327484131,unchanged
1789277060.4813747,1789277060.5296926,48.317909240722656,public:getticker,200,64295.85528373718,unchanged
1789277060.5297096,1789277060.5860128,56.30326271057129,private:getpermissions,200,64295.85528373718,unchanged
1789277090.4816256,1789277090.4983046,16.679048538208008,public:getticker,200,94254.26983833313,unchanged
1789277090.4983191,1789277090.5444288,46.109676361083984,private:getpermissions,200,94254.26983833313,unchanged
1789277120.4818983,1789277120.524436,42.537689208984375,public:getticker,200,63767.945766448975,ok
1789277120.5244498,1789277120.5806756,56.22577667236328,private:getpermissions,200,63767.945766448975,ok
1789277150.4821615,1789277150.5290077,46.84615135192871,public:getticker,200,93774.17945861816,unchanged
1789277150.5290234,1789277150.5869007,57.877302169799805,private:getpermissions,200,93774.17945861816,unchanged
1789277180.4824185,1789277180.5192757,36.85712814331055,public:getticker,200,123754.33373451233,unchanged
1789277180.5192924,1789277180.5670657,47.77336120605469,private:getpermissions,200,123754.33373451233,unchanged
1789277210.4827075,1789277210.518999,36.29159927368164,public:getticker,200,78497.94292449951,ok
1789277210.5190153,1789277210.561987,42.97161102294922,private:getpermissions,200,78497.94292449951,ok
1789277240.483024,1789277240.533767,50.74310302734375,public:getticker,200,36785.12930870056,ok
1789277240.533783,1789277240.5846121,50.829172134399414,private:getpermissions,200,36785.12930870056,ok
1789277270.483287,1789277270.5022469,18.959760665893555,public:getticker,200,66750.45132637024,unchanged
1789277270.5022635,1789277270.5499341,47.670602798461914,private:getpermissions,200,66750.45132637024,unchanged
1789277300.4835346,1789277300.4984577,14.923095703125,public:getticker,200,96741.16110801697,unchanged
1789277300.498474,1789277300.5406432,42.16933250427246,private:getpermissions,200,96741.16110801697,unchanged
1789277330.5276132,1789277330.5460713,18.458127975463867,public:getticker,200,126798.21372032166,unchanged
1789277330.546088,1789277330.597696,51.60808563232422,private:getpermissions,200,126798.21372032166,unchanged
1789277360.509242,1789277360.5532954,44.05331611633301,public:getticker,200,156842.68283843994,unchanged
1789277360.553312,1789277360.6421654,88.85335922241211,private:getpermissions,200,156842.68283843994,unchanged
1789277390.5094578,1789277390.8244975,315.03963470458984,public:getticker,200,187086.4543914795,unchanged
1789277390.8245125,1789277390.8859375,61.424970626831055,private:getpermissions,200,187086.4543914795,unchanged
1789277420.510022,1789277420.5486782,38.65623474121094,public:getticker,200,217005.0129890442,unchanged
1789277420.548696,1789277420.8044956,255.7995319366455,private:getpermissions,200,217005.0129890442,unchanged
1789277450.5102642,1789277450.5526452,42.38104820251465,public:getticker,200,,no_ticker_seen
1789277450.5526974,1789277450.593858,41.16058349609375,private:getpermissions,200,,no_ticker_seen
1789277480.5114954,1789277480.5397403,28.244972229003906,public:getticker,200,,unchanged
1789277480.539757,1789277480.5845892,44.83222961425781,private:getpermissions,200,,unchanged
1789277510.5122132,1789277510.547544,35.330772399902344,public:getticker,200,4643.105030059814,ok
1789277510.5475607,1789277510.6047373,57.17658996582031,private:getpermissions,200,4643.105030059814,ok
1789277540.5140362,1789277540.5308642,16.828060150146484,public:getticker,200,34606.60243034363,unchanged
1789277540.5308852,1789277540.5682383,37.3530387878418,private:getpermissions,200,34606.60243034363,unchanged
1789277570.5143645,1789277570.558692,44.327497482299805,public:getticker,200,4136.302471160889,ok
1789277570.5587351,1789277570.6017637,43.02859306335449,private:getpermissions,200,4136.302471160889,ok
1789277600.5155346,1789277600.601048,85.51335334777832,public:getticker,200,34191.58053398132,unchanged
1789277600.6010885,1789277600.657042,55.9535026550293,private:getpermissions,200,34191.58053398132,unchanged
1789277630.5158,1789277630.5606935,44.893503189086914,public:getticker,200,4147.973299026489,ok
1789277630.560733,1789277630.851612,290.8790111541748,private:getpermissions,200,4147.973299026489,ok
1789277660.5191555,1789277660.5589535,39.79802131652832,public:getticker,200,33901.36528015137,unchanged
1789277660.5589795,1789277660.605002,46.02241516113281,private:getpermissions,200,33901.36528015137,unchanged
1789277690.5203302,1789277690.553887,33.55669975280762,public:getticker,200,4127.332448959351,ok
1789277690.553912,1789277690.5904288,36.51690483093262,private:getpermissions,200,4127.332448959351,ok
1789277720.521176,1789277720.6314902,110.31413078308105,public:getticker,200,34214.380741119385,unchanged
1789277720.6315076,1789277720.6774783,45.97067832946777,private:getpermissions,200,34214.380741119385,unchanged
1789277750.521269,1789277750.6549907,133.72159004211426,public:getticker,200,3969.200611114502,ok
1789277750.6550133,1789277750.8478124,192.79909133911133,private:getpermissions,200,3969.200611114502,ok
1789277780.5232198,1789277780.6105638,87.34393119812012,public:getticker,200,33803.276777267456,unchanged
1789277780.610582,1789277780.6818907,71.30861282348633,private:getpermissions,200,33803.276777267456,unchanged
1789277810.5236573,1789277810.6179152,94.25783157348633,public:getticker,200,3401.2675285339355,ok
1789277810.6179368,1789277810.6669624,49.025535583496094,private:getpermissions,200,3401.2675285339355,ok
1789277840.5252597,1789277840.5534647,28.204917907714844,public:getticker,200,33343.53017807007,unchanged
1789277840.5534823,1789277840.6092248,55.742502212524414,private:getpermissions,200,33343.53017807007,unchanged
1789277870.5258646,1789277870.5945618,68.69721412658691,public:getticker,200,3582.825183868408,ok
1789277870.5945797,1789277870.7398083,145.22862434387207,private:getpermissions,200,3582.825183868408,ok
1789277900.528062,1789277900.5815125,53.45034599304199,public:getticker,200,33490.14401435852,unchanged
1789277900.5815413,1789277900.6471262,65.58489799499512,private:getpermissions,200,33490.14401435852,unchanged
1789277930.52927,1789277930.5748875,45.61758041381836,public:getticker,200,3601.123332977295,ok
1789277930.5749164,1789277930.62384,48.92373085021973,private:getpermissions,200,3601.123332977295,ok
1789277960.5308459,1789277960.5694838,38.63787651062012,public:getticker,200,33594.63381767273,unchanged
1789277960.5695014,1789277960.6173499,47.84846305847168,private:getpermissions,200,33594.63381767273,unchanged
1789277990.5318716,1789277990.566641,34.769535064697266,public:getticker,200,3338.5424613952637,ok
1789277990.5666587,1789277990.626536,59.87715721130371,private:getpermissions,200,3338.5424613952637,ok
1789278020.532834,1789278020.5706542,37.82010078430176,public:getticker,200,33338.14573287964,unchanged
1789278020.570673,1789278020.6261418,55.46879768371582,private:getpermissions,200,33338.14573287964,unchanged
1789278050.5336258,1789278050.5660737,32.44781494140625,public:getticker,200,3409.796953201294,ok
1789278050.566094,1789278050.620694,54.60000038146973,private:getpermissions,200,3409.796953201294,ok
1789278080.536745,1789278080.570708,33.96296501159668,public:getticker,200,33699.45430755615,unchanged
1789278080.5707347,1789278080.910351,339.6162986755371,private:getpermissions,200,33699.45430755615,unchanged
1789278110.53797,1789278110.564171,26.20100975036621,public:getticker,200,1823.9130973815918,ok
1789278110.5642018,1789278110.6079931,43.79129409790039,private:getpermissions,200,1823.9130973815918,ok
1789278140.538803,1789278140.5903027,51.49960517883301,public:getticker,200,31879.467487335205,unchanged
1789278140.5903213,1789278140.6635635,73.2421875,private:getpermissions,200,31879.467487335205,unchanged
1789278170.5390599,1789278170.556179,17.119169235229492,public:getticker,200,2411.777973175049,ok
1789278170.556195,1789278170.5992544,43.059349060058594,private:getpermissions,200,2411.777973175049,ok
1789278200.5401554,1789278200.5756614,35.50601005554199,public:getticker,200,32466.26043319702,unchanged
1789278200.5756788,1789278200.653745,78.06611061096191,private:getpermissions,200,32466.26043319702,unchanged
1789278230.5404148,1789278230.5585785,18.163681030273438,public:getticker,200,433.4578514099121,ok
1789278230.5586011,1789278230.6024816,43.880462646484375,private:getpermissions,200,433.4578514099121,ok
1789278260.5433607,1789278260.5638754,20.514726638793945,public:getticker,200,30536.208391189575,unchanged
1789278260.5639048,1789278260.705232,141.3271427154541,private:getpermissions,200,30536.208391189575,unchanged
1789278290.5432239,1789278290.5879626,44.73876953125,public:getticker,200,60474.36261177063,unchanged
1789278290.5879862,1789278290.6433876,55.40132522583008,private:getpermissions,200,60474.36261177063,unchanged
1789278320.5469968,1789278320.585454,38.45715522766113,public:getticker,200,29944.417476654053,ok
1789278320.5854728,1789278320.6325858,47.11294174194336,private:getpermissions,200,29944.417476654053,ok
1789278350.5476806,1789278350.566139,18.45836639404297,public:getticker,200,59934.3101978302,unchanged
1789278350.5661585,1789278350.6224744,56.31589889526367,private:getpermissions,200,59934.3101978302,unchanged
1789278380.5487173,1789278380.584805,36.087751388549805,public:getticker,200,29483.4942817688,ok
1789278380.58485,1789278380.6399937,55.14359474182129,private:getpermissions,200,29483.4942817688,ok
1789278410.5489867,1789278410.5654154,16.428709030151367,public:getticker,200,59456.93778991699,unchanged
1789278410.5654333,1789278410.6134372,48.0039119720459,private:getpermissions,200,59456.93778991699,unchanged
1789278440.5517027,1789278440.569575,17.872333526611328,public:getticker,200,29560.037851333618,ok
1789278440.5695972,1789278440.634561,64.96381759643555,private:getpermissions,200,29560.037851333618,ok
1789278470.5519962,1789278470.5796287,27.632474899291992,public:getticker,200,59578.444480895996,unchanged
1789278470.5796468,1789278470.6529748,73.32801818847656,private:getpermissions,200,59578.444480895996,unchanged
1789278500.5550196,1789278500.5776076,22.588014602661133,public:getticker,200,28440.375566482544,ok
1789278500.5776262,1789278500.6284928,50.86660385131836,private:getpermissions,200,28440.375566482544,ok
1789278530.5556037,1789278530.5974095,41.80574417114258,public:getticker,200,58465.595722198486,unchanged
1789278530.597431,1789278530.653712,56.281089782714844,private:getpermissions,200,58465.595722198486,unchanged
1789278560.556765,1789278560.5730388,16.27373695373535,public:getticker,200,28716.914892196655,ok
1789278560.573066,1789278560.62439,51.323890686035156,private:getpermissions,200,28716.914892196655,ok
1789278590.5571694,1789278590.6019628,44.79336738586426,public:getticker,200,58743.77679824829,unchanged
1789278590.602255,1789278590.6512544,48.99930953979492,private:getpermissions,200,58743.77679824829,unchanged
1789278620.5574481,1789278620.5761833,18.735170364379883,public:getticker,200,28378.763675689697,ok
1789278620.5761986,1789278620.6371527,60.95409393310547,private:getpermissions,200,28378.763675689697,ok
1789278650.5577102,1789278650.5731163,15.406131744384766,public:getticker,200,58363.61384391785,unchanged
1789278650.5731332,1789278650.622002,48.868656158447266,private:getpermissions,200,58363.61384391785,unchanged
1789278680.5583713,1789278680.572182,13.81063461303711,public:getticker,200,25773.706674575806,ok
1789278680.5721977,1789278680.611957,39.75939750671387,private:getpermissions,200,25773.706674575806,ok
1789278710.5595384,1789278710.6044707,44.93236541748047,public:getticker,200,55825.2968788147,unchanged
1789278710.6045158,1789278710.6635458,59.03005599975586,private:getpermissions,200,55825.2968788147,unchanged
1789278740.5605998,1789278740.5831118,22.511959075927734,public:getticker,200,25672.632932662964,ok
1789278740.583129,1789278740.6468203,63.69137763977051,private:getpermissions,200,25672.632932662964,ok
1789278770.5617414,1789278770.5767245,14.983177185058594,public:getticker,200,55651.822328567505,unchanged
1789278770.5767415,1789278770.6260078,49.26633834838867,private:getpermissions,200,55651.822328567505,unchanged
1789278800.5623422,1789278800.5755541,13.211965560913086,public:getticker,200,25740.1704788208,ok
1789278800.5755699,1789278800.8011785,225.60858726501465,private:getpermissions,200,25740.1704788208,ok
1789278830.5633183,1789278830.5840266,20.708322525024414,public:getticker,200,55602.633476257324,unchanged
1789278830.5840428,1789278830.6636448,79.60200309753418,private:getpermissions,200,55602.633476257324,unchanged
1789278860.5636048,1789278860.622847,59.24224853515625,public:getticker,200,24834.007740020752,ok
1789278860.6228645,1789278860.6808753,58.01081657409668,private:getpermissions,200,24834.007740020752,ok
1789278890.5638776,1789278890.5874774,23.599863052368164,public:getticker,200,54798.10047149658,unchanged
1789278890.5874946,1789278890.6449668,57.47222900390625,private:getpermissions,200,54798.10047149658,unchanged
1789278920.5650847,1789278920.5963125,31.227827072143555,public:getticker,200,23438.65990638733,ok
1789278920.5963295,1789278920.6630843,66.75481796264648,private:getpermissions,200,23438.65990638733,ok
1789278950.5653417,1789278950.5825593,17.217636108398438,public:getticker,200,53409.430742263794,unchanged
1789278950.5825753,1789278950.6338542,51.27882957458496,private:getpermissions,200,53409.430742263794,unchanged
1789278980.5656378,1789278980.5936532,28.0153751373291,public:getticker,200,23353.391885757446,ok
1789278980.5936718,1789278980.6470127,53.340911865234375,private:getpermissions,200,23353.391885757446,ok
1789279010.566437,1789279010.6517408,85.30378341674805,public:getticker,200,53408.41794013977,unchanged
1789279010.6517637,1789279010.7020392,50.275564193725586,private:getpermissions,200,53408.41794013977,unchanged
1789279040.5667174,1789279040.6264257,59.708356857299805,public:getticker,200,23605.40008544922,ok
1789279040.6264658,1789279040.6819382,55.472373962402344,private:getpermissions,200,23605.40008544922,ok
1789279070.5680413,1789279070.5969503,28.908967971801758,public:getticker,200,53568.69077682495,unchanged
1789279070.596967,1789279070.6452267,48.259735107421875,private:getpermissions,200,53568.69077682495,unchanged
1789279100.5683148,1789279100.6205256,52.21080780029297,public:getticker,200,23322.57056236267,ok
1789279100.6205423,1789279100.6951308,74.58853721618652,private:getpermissions,200,23322.57056236267,ok
1789279130.5707765,1789279130.6141105,43.334007263183594,public:getticker,200,53294.291496276855,unchanged
1789279130.6141272,1789279130.666853,52.725791931152344,private:getpermissions,200,53294.291496276855,unchanged
1789279160.5709455,1789279160.6142807,43.3351993560791,public:getticker,200,22928.982734680176,ok
1789279160.6142986,1789279160.6539814,39.682865142822266,private:getpermissions,200,22928.982734680176,ok
1789279190.57345,1789279190.6024745,29.024362564086914,public:getticker,200,52920.1443195343,unchanged
1789279190.6024923,1789279190.6451437,42.65141487121582,private:getpermissions,200,52920.1443195343,unchanged
1789279220.5738094,1789279220.5920596,18.250226974487305,public:getticker,200,23143.14603805542,ok
1789279220.592077,1789279220.6362646,44.18754577636719,private:getpermissions,200,23143.14603805542,ok
1789279250.5759506,1789279250.6127913,36.84067726135254,public:getticker,200,53161.176919937134,unchanged
1789279250.6128101,1789279250.6542947,41.48459434509277,private:getpermissions,200,53161.176919937134,unchanged
1789279280.5762537,1789279280.7062151,129.96149063110352,public:getticker,200,23303.7748336792,ok
1789279280.7062345,1789279280.7864945,80.26003837585449,private:getpermissions,200,23303.7748336792,ok
1789279310.5782745,1789279310.622908,44.63362693786621,public:getticker,200,53198.49181175232,unchanged
1789279310.6229393,1789279310.6812112,58.27188491821289,private:getpermissions,200,53198.49181175232,unchanged
1789279340.5788124,1789279340.6217217,42.90938377380371,public:getticker,200,22816.84970855713,ok
1789279340.6217544,1789279340.6713102,49.55577850341797,private:getpermissions,200,22816.84970855713,ok
1789279370.5802445,1789279370.6480932,67.84868240356445,public:getticker,200,52853.10101509094,unchanged
1789279370.6481109,1789279370.7075624,59.45158004760742,private:getpermissions,200,52853.10101509094,unchanged
1789279400.5805116,1789279400.5980349,17.52328872680664,public:getticker,200,18474.3070602417,ok
1789279400.5980554,1789279400.8760214,277.9660224914551,private:getpermissions,200,18474.3070602417,ok
1789279430.58384,1789279430.6019003,18.06044578552246,public:getticker,200,48256.99257850647,unchanged
1789279430.601919,1789279430.658707,56.787967681884766,private:getpermissions,200,48256.99257850647,unchanged
1789279460.585065,1789279460.602622,17.557144165039062,public:getticker,200,,no_ticker_seen
1789279460.6026392,1789279460.6540306,51.3913631439209,private:getpermissions,200,,no_ticker_seen
1789279490.586375,1789279490.6248233,38.448333740234375,public:getticker,200,,unchanged
1789279490.6248407,1789279490.6738849,49.044132232666016,private:getpermissions,200,,unchanged
1789279520.5868356,1789279520.60336,16.524314880371094,public:getticker,200,4877.765417098999,ok
1789279520.6033788,1789279520.6911678,87.78905868530273,private:getpermissions,200,4877.765417098999,ok
1789279550.588998,1789279550.611347,22.348880767822266,public:getticker,200,34865.6530380249,unchanged
1789279550.6113675,1789279550.6790564,67.6889419555664,private:getpermissions,200,34865.6530380249,unchanged
1789279580.5897026,1789279580.67305,83.34732055664062,public:getticker,200,4323.45724105835,ok
1789279580.6730745,1789279580.7325923,59.517860412597656,private:getpermissions,200,4323.45724105835,ok
1789279610.5907168,1789279610.6265342,35.81738471984863,public:getticker,200,34257.57098197937,unchanged
1789279610.6265507,1789279610.6667137,40.16304016113281,private:getpermissions,200,34257.57098197937,unchanged
1789279640.5909445,1789279640.6866229,95.67832946777344,public:getticker,200,4322.848320007324,ok
1789279640.686641,1789279640.7890568,102.41580009460449,private:getpermissions,200,4322.848320007324,ok
1789279670.5931933,1789279670.6473746,54.18133735656738,public:getticker,200,34234.100103378296,unchanged
1789279670.6473906,1789279670.7003229,52.9322624206543,private:getpermissions,200,34234.100103378296,unchanged
1789279700.5937674,1789279700.6368098,43.04242134094238,public:getticker,200,3923.6042499542236,ok
1789279700.636833,1789279700.677357,40.52400588989258,private:getpermissions,200,3923.6042499542236,ok
1789279730.5953176,1789279730.637119,41.80145263671875,public:getticker,200,34076.19023323059,unchanged
1789279730.6371515,1789279730.829941,192.78955459594727,private:getpermissions,200,34076.19023323059,unchanged
1789279760.5955987,1789279760.6345341,38.93542289733887,public:getticker,200,4092.562675476074,ok
1789279760.6345537,1789279760.709842,75.28829574584961,private:getpermissions,200,4092.562675476074,ok
1789279790.598449,1789279790.6991389,100.68988800048828,public:getticker,200,34167.60754585266,unchanged
1789279790.6991577,1789279790.7848878,85.73007583618164,private:getpermissions,200,34167.60754585266,unchanged
1789279820.5986993,1789279820.636548,37.848711013793945,public:getticker,200,3755.6533813476562,ok
1789279820.6365683,1789279820.7011414,64.57304954528809,private:getpermissions,200,3755.6533813476562,ok
1789279850.6005838,1789279850.7281804,127.59661674499512,public:getticker,200,33844.494581222534,unchanged
1789279850.7282012,1789279850.7899835,61.7823600769043,private:getpermissions,200,33844.494581222534,unchanged
1789279880.601283,1789279880.6300774,28.794288635253906,public:getticker,200,3325.5159854888916,ok
1789279880.630095,1789279880.6781287,48.033714294433594,private:getpermissions,200,3325.5159854888916,ok
1789279910.6033514,1789279910.6702104,66.85900688171387,public:getticker,200,33385.507106781006,unchanged
1789279910.6702323,1789279910.7381215,67.88921356201172,private:getpermissions,200,33385.507106781006,unchanged
1789279940.6044755,1789279940.691256,86.78054809570312,public:getticker,200,3064.814329147339,ok
1789279940.691274,1789279940.7823324,91.05849266052246,private:getpermissions,200,3064.814329147339,ok
1789279970.605889,1789279971.275873,669.9838638305664,public:getticker,200,33606.23812675476,unchanged
1789279971.2759197,1789279971.323755,47.835350036621094,private:getpermissions,200,33606.23812675476,unchanged
1789280000.6062553,1789280000.7013,95.04461288452148,public:getticker,200,2141.7031288146973,ok
1789280000.7013156,1789280000.767377,66.06125831604004,private:getpermissions,200,2141.7031288146973,ok
1789280030.610211,1789280030.6436071,33.396244049072266,public:getticker,200,32069.18215751648,unchanged
1789280030.6436257,1789280030.6948671,51.241397857666016,private:getpermissions,200,32069.18215751648,unchanged
1789280060.6105006,1789280060.6682737,57.77311325073242,public:getticker,200,1714.4653797149658,ok
1789280060.6682954,1789280060.9183824,250.08702278137207,private:getpermissions,200,1714.4653797149658,ok
1789280090.6116333,1789280090.6665838,54.95047569274902,public:getticker,200,31510.822772979736,unchanged
1789280090.6666021,1789280090.7147431,48.1410026550293,private:getpermissions,200,31510.822772979736,unchanged
1789280120.6118603,1789280120.6294546,17.594337463378906,public:getticker,200,1168.8990592956543,ok
1789280120.6294727,1789280120.6894007,59.927940368652344,private:getpermissions,200,1168.8990592956543,ok
1789280150.6127179,1789280150.6577468,45.0289249420166,public:getticker,200,31201.0555267334,unchanged
1789280150.6577647,1789280150.7215588,63.79413604736328,private:getpermissions,200,31201.0555267334,unchanged
1789280180.6129012,1789280180.6609962,48.094987869262695,public:getticker,200,964.7750854492188,ok
1789280180.6610155,1789280180.707103,46.08750343322754,private:getpermissions,200,964.7750854492188,ok
1789280210.6154442,1789280210.6689427,53.49850654602051,public:getticker,200,30990.381717681885,unchanged
1789280210.6689613,1789280210.7327101,63.748836517333984,private:getpermissions,200,30990.381717681885,unchanged
1789280240.6159678,1789280240.6939323,77.96454429626465,public:getticker,200,1025.6657600402832,ok
1789280240.6939547,1789280240.750404,56.449174880981445,private:getpermissions,200,1025.6657600402832,ok
1789280270.6173828,1789280270.6631296,45.746803283691406,public:getticker,200,31013.641357421875,unchanged
1789280270.663147,1789280270.7383797,75.23274421691895,private:getpermissions,200,31013.641357421875,unchanged
1789280300.617618,1789280300.6800337,62.41559982299805,public:getticker,200,531.8095684051514,ok
1789280300.6800506,1789280300.7359307,55.880069732666016,private:getpermissions,200,531.8095684051514,ok
1789280330.6202815,1789280330.6480796,27.798175811767578,public:getticker,200,30491.992950439453,unchanged
1789280330.6480973,1789280330.6961148,48.01750183105469,private:getpermissions,200,30491.992950439453,unchanged
1789280360.620491,1789280360.6836765,63.18545341491699,public:getticker,200,219.38705444335938,ok
1789280360.6836958,1789280360.8017552,118.05939674377441,private:getpermissions,200,219.38705444335938,ok
1789280390.6252995,1789280390.6757033,50.40383338928223,public:getticker,200,30159.38639640808,unchanged
1789280390.6757724,1789280390.7417548,65.98234176635742,private:getpermissions,200,30159.38639640808,unchanged
1789280420.6238854,1789280420.6773615,53.47609519958496,public:getticker,200,60151.212215423584,unchanged
1789280420.6773772,1789280420.733579,56.20169639587402,private:getpermissions,200,60151.212215423584,unchanged
1789280450.6246648,1789280450.6915262,66.86139106750488,public:getticker,200,29951.74241065979,ok
1789280450.6915548,1789280450.8127718,121.21701240539551,private:getpermissions,200,29951.74241065979,ok
1789280480.6248457,1789280480.6544342,29.58846092224121,public:getticker,200,59840.298891067505,unchanged
1789280480.654456,1789280480.7013278,46.87190055847168,private:getpermissions,200,59840.298891067505,unchanged
1789280510.6271,1789280510.6688635,41.7635440826416,public:getticker,200,29715.388536453247,ok
1789280510.6688812,1789280510.7171688,48.28763008117676,private:getpermissions,200,29715.388536453247,ok
1789280540.6272454,1789280540.6716666,44.42119598388672,public:getticker,200,59718.83130073547,unchanged
1789280540.6716876,1789280540.7205956,48.90799522399902,private:getpermissions,200,59718.83130073547,unchanged
1789280570.6301668,1789280570.6835916,53.424835205078125,public:getticker,200,29887.645959854126,ok
1789280570.6836092,1789280570.830423,146.81386947631836,private:getpermissions,200,29887.645959854126,ok
1789280600.6310217,1789280600.672103,41.08119010925293,public:getticker,200,59772.76062965393,unchanged
1789280600.6721244,1789280600.7155437,43.41936111450195,private:getpermissions,200,59772.76062965393,unchanged
1789280630.6317785,1789280630.6727147,40.93623161315918,public:getticker,200,29808.117389678955,ok
1789280630.6727316,1789280630.7173016,44.569969177246094,private:getpermissions,200,29808.117389678955,ok
1789280660.6319413,1789280660.660567,28.6257266998291,public:getticker,200,59819.9028968811,unchanged
1789280660.660587,1789280660.7290893,68.50218772888184,private:getpermissions,200,59819.9028968811,unchanged
1789280690.6341784,1789280690.6872342,53.055763244628906,public:getticker,200,29471.659660339355,ok
1789280690.6872528,1789280690.757889,70.63627243041992,private:getpermissions,200,29471.659660339355,ok
1789280720.6343546,1789280720.6843915,50.03690719604492,public:getticker,200,59441.807985305786,unchanged
1789280720.6844296,1789280720.728036,43.60628128051758,private:getpermissions,200,59441.807985305786,unchanged
1789280750.6355572,1789280750.6751065,39.54935073852539,public:getticker,200,28977.962255477905,ok
1789280750.6751242,1789280750.7256556,50.53138732910156,private:getpermissions,200,28977.962255477905,ok
1789280780.6363416,1789280780.6812158,44.87419128417969,public:getticker,200,59000.65612792969,unchanged
1789280780.6812391,1789280780.748352,67.11292266845703,private:getpermissions,200,59000.65612792969,unchanged
1789280810.6387427,1789280810.6767378,37.995100021362305,public:getticker,200,29197.306871414185,ok
1789280810.6767545,1789280810.728628,51.87344551086426,private:getpermissions,200,29197.306871414185,ok
1789280840.6391711,1789280840.6838927,44.72160339355469,public:getticker,200,59220.11303901672,unchanged
1789280840.6839113,1789280840.751435,67.52371788024902,private:getpermissions,200,59220.11303901672,unchanged
1789280870.6402931,1789280870.6663148,26.021718978881836,public:getticker,200,28388.203620910645,ok
1789280870.666334,1789280870.7331161,66.78223609924316,private:getpermissions,200,28388.203620910645,ok
1789280900.6413944,1789280900.6847038,43.30945014953613,public:getticker,200,58417.13857650757,unchanged
1789280900.7065015,1789280900.7620518,55.550336837768555,private:getpermissions,200,58417.13857650757,unchanged
1789280930.643783,1789280930.6830976,39.31450843811035,public:getticker,200,28440.553665161133,ok
1789280930.6831145,1789280930.7452698,62.15524673461914,private:getpermissions,200,28440.553665161133,ok
1789280960.6439252,1789280960.6788476,34.92236137390137,public:getticker,200,58440.42778015137,unchanged
1789280960.6788654,1789280960.7451508,66.28537178039551,private:getpermissions,200,58440.42778015137,unchanged
1789280990.6461084,1789280990.6883812,42.27280616760254,public:getticker,200,28591.69030189514,ok
1789280990.688398,1789280991.2537441,565.3462409973145,private:getpermissions,200,28591.69030189514,ok
1789281020.6461313,1789281020.6941657,48.0344295501709,public:getticker,200,58128.64017486572,unchanged
1789281020.694185,1789281020.7906945,96.50945663452148,private:getpermissions,200,58128.64017486572,unchanged
1789281050.647611,1789281050.6689663,21.355390548706055,public:getticker,200,28188.09175491333,ok
1789281050.668983,1789281050.7214577,52.4747371673584,private:getpermissions,200,28188.09175491333,ok
1789281080.6482966,1789281080.6958694,47.57285118103027,public:getticker,200,58212.7583026886,unchanged
1789281080.695887,1789281080.746133,50.24600028991699,private:getpermissions,200,58212.7583026886,unchanged
1789281110.6500366,1789281110.689753,39.716482162475586,public:getticker,200,27344.038486480713,ok
1789281110.6897724,1789281110.7566855,66.91312789916992,private:getpermissions,200,27344.038486480713,ok
1789281140.650211,1789281140.6899197,39.708614349365234,public:getticker,200,57332.505226135254,unchanged
1789281140.6945212,1789281140.7451513,50.63009262084961,private:getpermissions,200,57332.505226135254,unchanged
1789281170.6525578,1789281170.7049375,52.379608154296875,public:getticker,200,27034.408569335938,ok
1789281170.7049546,1789281170.753877,48.92230033874512,private:getpermissions,200,27034.408569335938,ok
1789281200.6527364,1789281200.7006712,47.934770584106445,public:getticker,200,57111.07778549194,unchanged
1789281200.700688,1789281200.8305442,129.85634803771973,private:getpermissions,200,57111.07778549194,unchanged
1789281230.6555405,1789281231.0503998,394.85931396484375,public:getticker,200,27936.600923538208,ok
1789281231.0504162,1789281231.4669554,416.53919219970703,private:getpermissions,200,27936.600923538208,ok
1789281260.6556852,1789281261.2355766,579.8914432525635,public:getticker,200,58469.5405960083,unchanged
1789281261.235594,1789281261.999894,764.2998695373535,private:getpermissions,200,58469.5405960083,unchanged
1789281290.657344,1789281291.2019277,544.5835590362549,public:getticker,200,28192.09361076355,ok
1789281291.2019448,1789281291.7275038,525.5589485168457,private:getpermissions,200,28192.09361076355,ok
1789281320.6575181,1789281320.9758484,318.3302879333496,public:getticker,200,57832.72457122803,unchanged
1789281320.975879,1789281321.3681302,392.25125312805176,private:getpermissions,200,57832.72457122803,unchanged
1789281350.6599185,1789281350.896524,236.60540580749512,public:getticker,200,25495.314121246338,ok
1789281350.8965409,1789281351.1480992,251.5583038330078,private:getpermissions,200,25495.314121246338,ok
1789281380.6604722,1789281380.854947,194.4749355316162,public:getticker,200,55420.08018493652,unchanged
1789281380.8549635,1789281381.0728555,217.89193153381348,private:getpermissions,200,55420.08018493652,unchanged
1789281410.6623058,1789281411.0657341,403.428316116333,public:getticker,200,24982.187032699585,ok
1789281411.065752,1789281411.2626054,196.8533992767334,private:getpermissions,200,24982.187032699585,ok
1789281440.6625793,1789281440.8596523,197.07298278808594,public:getticker,200,54809.27062034607,unchanged
1789281440.8596694,1789281441.0896704,230.00097274780273,private:getpermissions,200,54809.27062034607,unchanged
1789281470.6647754,1789281470.8492708,184.4954490661621,public:getticker,200,24983.76750946045,ok
1789281470.8492928,1789281471.0426874,193.39466094970703,private:getpermissions,200,24983.76750946045,ok
1789281500.665803,1789281500.9165373,250.7343292236328,public:getticker,200,55089.44654464722,unchanged
1789281500.9165578,1789281501.1483667,231.80890083312988,private:getpermissions,200,55089.44654464722,unchanged
1789281530.6676853,1789281530.8404474,172.7621555328369,public:getticker,200,24852.80466079712,ok
1789281530.8404672,1789281531.0630825,222.61524200439453,private:getpermissions,200,24852.80466079712,ok
1789281560.6685445,1789281560.852799,184.25440788269043,public:getticker,200,54817.317962646484,unchanged
1789281560.852819,1789281561.0276024,174.78346824645996,private:getpermissions,200,54817.317962646484,unchanged
1789281590.6695056,1789281590.9258842,256.3786506652832,public:getticker,200,25191.452264785767,ok
1789281590.9259017,1789281591.2035484,277.6467800140381,private:getpermissions,200,25191.452264785767,ok
1789281620.669821,1789281620.9228394,253.01837921142578,public:getticker,200,-5637.542724609375,ok
1789281620.9228556,1789281621.1462755,223.4199047088623,private:getpermissions,200,-5637.542724609375,ok
1789281650.6713915,1789281650.9789906,307.5990676879883,public:getticker,200,24533.2088470459,unchanged
1789281650.9790084,1789281651.3170316,338.02318572998047,private:getpermissions,200,24533.2088470459,unchanged
1789281680.6718512,1789281680.875066,203.2148838043213,public:getticker,200,54342.29016304016,unchanged
1789281680.8750837,1789281681.1261132,251.02949142456055,private:getpermissions,200,54342.29016304016,unchanged
1789281710.6738694,1789281710.874866,200.99663734436035,public:getticker,200,24397.598028182983,ok
1789281710.8748877,1789281711.1087878,233.9000701904297,private:getpermissions,200,24397.598028182983,ok
1789281740.6744764,1789281740.8526447,178.16829681396484,public:getticker,200,54347.267150878906,unchanged
1789281740.8526645,1789281741.0584574,205.79290390014648,private:getpermissions,200,54347.267150878906,unchanged
1789281770.6769829,1789281770.8461814,169.19851303100586,public:getticker,200,22118.154287338257,ok
1789281770.846208,1789281771.1055295,259.3214511871338,private:getpermissions,200,22118.154287338257,ok
1789281800.677129,1789281800.9702632,293.1342124938965,public:getticker,200,52284.98721122742,unchanged
1789281800.9702866,1789281801.2723627,302.0761013031006,private:getpermissions,200,52284.98721122742,unchanged
1789281830.679445,1789281830.8667195,187.27445602416992,public:getticker,200,21825.480222702026,ok
1789281830.866736,1789281831.0675223,200.78635215759277,private:getpermissions,200,21825.480222702026,ok
1789281860.6795402,1789281860.9107885,231.2483787536621,public:getticker,200,51905.52306175232,unchanged
1789281860.9108052,1789281861.1475658,236.76061630249023,private:getpermissions,200,51905.52306175232,unchanged
1789281890.6807237,1789281890.9493132,268.5894966125488,public:getticker,200,21949.366092681885,ok
1789281890.9493525,1789281891.1529782,203.62567901611328,private:getpermissions,200,21949.366092681885,ok
1789281920.680903,1789281920.8433275,162.42456436157227,public:getticker,200,51823.551654815674,unchanged
1789281920.843344,1789281921.0271604,183.81643295288086,private:getpermissions,200,51823.551654815674,unchanged
1789281950.6826434,1789281950.8603954,177.75201797485352,public:getticker,200,21349.775075912476,ok
1789281950.8604116,1789281951.067636,207.22436904907227,private:getpermissions,200,21349.775075912476,ok
1789281980.6828206,1789281980.8666945,183.87389183044434,public:getticker,200,51343.88780593872,unchanged
1789281980.8667276,1789281981.061751,195.0232982635498,private:getpermissions,200,51343.88780593872,unchanged
1789282010.6871135,1789282010.8128307,125.7171630859375,public:getticker,200,21585.222244262695,ok
1789282010.8128486,1789282011.0203319,207.48329162597656,private:getpermissions,200,21585.222244262695,ok
1789282040.6878939,1789282040.8080096,120.11575698852539,public:getticker,200,51496.90842628479,unchanged
1789282040.808029,1789282040.9320238,123.99482727050781,private:getpermissions,200,51496.90842628479,unchanged
1789282070.6888373,1789282070.8055668,116.7294979095459,public:getticker,200,21165.9255027771,ok
1789282070.8056252,1789282070.8970609,91.43567085266113,private:getpermissions,200,21165.9255027771,ok
1789282100.689007,1789282100.7075834,18.576383590698242,public:getticker,200,51034.44814682007,unchanged
1789282100.7076008,1789282100.765582,57.981252670288086,private:getpermissions,200,51034.44814682007,unchanged
1789282130.6897397,1789282130.7243974,34.65771675109863,public:getticker,200,20481.207370758057,ok
1789282130.7244213,1789282130.7683637,43.94245147705078,private:getpermissions,200,20481.207370758057,ok
1789282160.6901152,1789282160.804075,113.95978927612305,public:getticker,200,50569.61941719055,unchanged
1789282160.8040967,1789282160.8567753,52.678585052490234,private:getpermissions,200,50569.61941719055,unchanged
1789282190.69245,1789282190.8160453,123.5952377319336,public:getticker,200,20573.10128211975,ok
1789282190.8160865,1789282190.9387062,122.61962890625,private:getpermissions,200,20573.10128211975,ok
1789282220.6926417,1789282221.2085226,515.880823135376,public:getticker,200,51398.99921417236,unchanged
1789282221.2085388,1789282221.7646053,556.0665130615234,private:getpermissions,200,51398.99921417236,unchanged
1789282250.6951718,1789282251.129487,434.3152046203613,public:getticker,200,21309.72385406494,ok
1789282251.1295094,1789282251.465318,335.80851554870605,private:getpermissions,200,21309.72385406494,ok
1789282280.6955502,1789282281.014165,318.6147212982178,public:getticker,200,51219.701528549194,unchanged
1789282281.0141819,1789282281.375296,361.1142635345459,private:getpermissions,200,51219.701528549194,unchanged
1789282310.7384696,1789282311.1204903,382.0207118988037,public:getticker,200,20956.46572113037,ok
1789282311.1205058,1789282311.4976256,377.119779586792,private:getpermissions,200,20956.46572113037,ok
1789282340.7422018,1789282341.041285,299.0832328796387,public:getticker,200,50751.0666847229,unchanged
1789282341.041308,1789282341.2922287,250.92077255249023,private:getpermissions,200,50751.0666847229,unchanged
1789282370.742383,1789282370.9331346,190.7515525817871,public:getticker,200,20385.178565979004,ok
1789282370.93317,1789282371.1683052,235.13507843017578,private:getpermissions,200,20385.178565979004,ok
1789282400.7441788,1789282400.9963071,252.12836265563965,public:getticker,200,50488.76142501831,unchanged
1789282400.996326,1789282401.271889,275.56300163269043,private:getpermissions,200,50488.76142501831,unchanged
1789282430.9199977,1789282431.203101,283.10322761535645,public:getticker,200,20544.389963150024,ok
1789282431.2031262,1789282431.502775,299.6487617492676,private:getpermissions,200,20544.389963150024,ok
1789282460.9201791,1789282461.089048,168.8687801361084,public:getticker,200,50404.07943725586,unchanged
1789282461.0890665,1789282461.3624675,273.40102195739746,private:getpermissions,200,50404.07943725586,unchanged
1789282490.9206777,1789282491.1408076,220.12996673583984,public:getticker,200,20635.911464691162,ok
1789282491.1408238,1789282491.5453672,404.543399810791,private:getpermissions,200,20635.911464691162,ok
1789282520.9208617,1789282521.4482841,527.4224281311035,public:getticker,200,50782.923460006714,unchanged
1789282521.4483058,1789282521.6923804,244.07458305358887,private:getpermissions,200,50782.923460006714,unchanged
1789282550.9233706,1789282551.200248,276.87740325927734,public:getticker,200,19854.560136795044,ok
1789282551.200265,1789282551.4120352,211.77029609680176,private:getpermissions,200,19854.560136795044,ok
1789282580.9236033,1789282581.2331955,309.59224700927734,public:getticker,200,50022.127866744995,unchanged
1789282581.233214,1789282581.5795991,346.38524055480957,private:getpermissions,200,50022.127866744995,unchanged
1789282610.9254806,1789282611.0959034,170.42279243469238,public:getticker,200,19416.380167007446,ok
1789282611.0959442,1789282611.3459396,249.99547004699707,private:getpermissions,200,19416.380167007446,ok
1789282640.925999,1789282641.0925658,166.5668487548828,public:getticker,200,49373.16679954529,unchanged
1789282641.0925827,1789282641.3027265,210.1438045501709,private:getpermissions,200,49373.16679954529,unchanged
1789282670.9286253,1789282671.1381342,209.50889587402344,public:getticker,200,18687.32523918152,ok
1789282671.1381533,1789282671.3164043,178.2510280609131,private:getpermissions,200,18687.32523918152,ok
1789282700.9287808,1789282701.1936202,264.83941078186035,public:getticker,200,48820.080041885376,unchanged
1789282701.1936357,1789282701.4491591,255.5234432220459,private:getpermissions,200,48820.080041885376,unchanged
1789282730.9321296,1789282731.199393,267.26341247558594,public:getticker,200,18223.35910797119,ok
1789282731.1994097,1789282731.3654878,166.0780906677246,private:getpermissions,200,18223.35910797119,ok
1789282760.932338,1789282761.3000557,367.7177429199219,public:getticker,200,48374.26018714905,unchanged
1789282761.3000839,1789282761.5163867,216.30287170410156,private:getpermissions,200,48374.26018714905,unchanged
1789282790.933158,1789282791.1511235,217.96560287475586,public:getticker,200,17337.72873878479,ok
1789282791.1511412,1789282791.3830698,231.92858695983887,private:getpermissions,200,17337.72873878479,ok
1789282820.9333448,1789282821.0717807,138.43584060668945,public:getticker,200,47273.34713935852,unchanged
1789282821.0717983,1789282821.318689,246.89078330993652,private:getpermissions,200,47273.34713935852,unchanged
1789282850.9348013,1789282851.1858442,251.04284286499023,public:getticker,200,17281.06689453125,ok
1789282851.1858704,1789282851.4861875,300.31704902648926,private:getpermissions,200,17281.06689453125,ok
1789282880.934959,1789282881.1135633,178.6043643951416,public:getticker,200,47101.616621017456,unchanged
1789282881.113586,1789282881.3067374,193.15147399902344,private:getpermissions,200,47101.616621017456,unchanged
1789282910.9369655,1789282911.1886494,251.68395042419434,public:getticker,200,16778.97310256958,ok
1789282911.1886728,1789282911.3336444,144.9716091156006,private:getpermissions,200,16778.97310256958,ok
1789282940.9380016,1789282941.181817,243.81542205810547,public:getticker,200,46847.64575958252,unchanged
1789282941.1818411,1789282941.4023168,220.4756736755371,private:getpermissions,200,46847.64575958252,unchanged
1789282970.9397278,1789282971.1620312,222.3033905029297,public:getticker,200,16326.709270477295,ok
1789282971.16205,1789282971.3444307,182.38067626953125,private:getpermissions,200,16326.709270477295,ok
1789283000.9402473,1789283001.1194234,179.17609214782715,public:getticker,200,46331.965923309326,unchanged
1789283001.1194432,1789283001.3496866,230.24344444274902,private:getpermissions,200,46331.965923309326,unchanged
1789283030.942098,1789283031.0774271,135.3292465209961,public:getticker,200,15983.843803405762,ok
1789283031.0774443,1789283031.2050636,127.61926651000977,private:getpermissions,200,15983.843803405762,ok
1789283060.9427545,1789283061.1055763,162.82176971435547,public:getticker,200,46009.64117050171,unchanged
1789283061.1055956,1789283061.2308607,125.26512145996094,private:getpermissions,200,46009.64117050171,unchanged
1789283090.943978,1789283090.9971519,53.17378044128418,public:getticker,200,16098.788499832153,ok
1789283090.997172,1789283091.0888124,91.64023399353027,private:getpermissions,200,16098.788499832153,ok
1789283120.944805,1789283121.0623257,117.52080917358398,public:getticker,200,46251.68228149414,unchanged
1789283121.0623603,1789283121.2417057,179.34536933898926,private:getpermissions,200,46251.68228149414,unchanged
1789283150.9462569,1789283151.0511074,104.85053062438965,public:getticker,200,15867.908477783203,ok
1789283151.0511246,1789283151.1985874,147.4628448486328,private:getpermissions,200,15867.908477783203,ok
1789283180.946422,1789283181.0115373,65.11521339416504,public:getticker,200,45770.86925506592,unchanged
1789283181.011553,1789283181.101558,90.00492095947266,private:getpermissions,200,45770.86925506592,unchanged
1789283210.9499848,1789283210.9999027,49.91793632507324,public:getticker,200,15373.437404632568,ok
1789283210.999926,1789283211.1041894,104.2633056640625,private:getpermissions,200,15373.437404632568,ok
1789283240.950162,1789283240.9683032,18.14126968383789,public:getticker,200,45289.68167304993,unchanged
1789283240.9683194,1789283241.0204473,52.127838134765625,private:getpermissions,200,45289.68167304993,unchanged
1789283270.9515364,1789283271.0465996,95.0632095336914,public:getticker,200,15351.878881454468,ok
1789283271.0466166,1789283271.1203265,73.70996475219727,private:getpermissions,200,15351.878881454468,ok
1789283300.9517047,1789283300.9953065,43.60175132751465,public:getticker,200,45281.86011314392,unchanged
1789283300.995328,1789283301.050308,54.98003959655762,private:getpermissions,200,45281.86011314392,unchanged
1789283330.9533749,1789283331.028561,75.18625259399414,public:getticker,200,15297.079801559448,ok
1789283331.0285783,1789283331.0922792,63.70091438293457,private:getpermissions,200,15297.079801559448,ok
1789283360.9541163,1789283360.992624,38.507699966430664,public:getticker,200,45409.417390823364,unchanged
1789283360.992641,1789283361.2046173,211.9762897491455,private:getpermissions,200,45409.417390823364,unchanged
1789283390.955736,1789283390.9854147,29.678821563720703,public:getticker,200,14735.93258857727,ok
1789283390.9854307,1789283391.063242,77.81124114990234,private:getpermissions,200,14735.93258857727,ok
1789283420.9566004,1789283421.0091567,52.55627632141113,public:getticker,200,44746.068716049194,unchanged
1789283421.009173,1789283421.0733767,64.20373916625977,private:getpermissions,200,44746.068716049194,unchanged
1789283450.9585316,1789283450.9991262,40.59457778930664,public:getticker,200,14695.517778396606,ok
1789283450.9991605,1789283451.0663698,67.20924377441406,private:getpermissions,200,14695.517778396606,ok
1789283480.9595888,1789283481.0186877,59.09895896911621,public:getticker,200,44706.993103027344,unchanged
1789283481.0187104,1789283481.0778537,59.1433048248291,private:getpermissions,200,44706.993103027344,unchanged
1789283510.9608872,1789283511.050285,89.39790725708008,public:getticker,200,14858.98756980896,ok
1789283511.0503006,1789283511.101025,50.72450637817383,private:getpermissions,200,14858.98756980896,ok
1789283541.0321286,1789283541.0769799,44.85130310058594,public:getticker,200,44877.33554840088,unchanged
1789283541.0769966,1789283541.119374,42.377471923828125,private:getpermissions,200,44877.33554840088,unchanged
1789283571.032661,1789283571.0731835,40.52257537841797,public:getticker,200,13908.528566360474,ok
1789283571.0731993,1789283571.1216128,48.41351509094238,private:getpermissions,200,13908.528566360474,ok
1789283601.032844,1789283601.0743163,41.47219657897949,public:getticker,200,43910.89844703674,unchanged
1789283601.0743446,1789283601.1239703,49.62563514709473,private:getpermissions,200,43910.89844703674,unchanged
1789283631.034391,1789283631.0848234,50.432443618774414,public:getticker,200,13692.660808563232,ok
1789283631.0848415,1789283631.1406147,55.773258209228516,private:getpermissions,200,13692.660808563232,ok
1789283661.034578,1789283661.1030266,68.44854354858398,public:getticker,200,43779.22344207764,unchanged
1789283661.1031168,1789283661.227174,124.05729293823242,private:getpermissions,200,43779.22344207764,unchanged
1789283691.0357525,1789283691.0782993,42.546749114990234,public:getticker,200,11999.134540557861,ok
1789283691.0783165,1789283691.1356332,57.31678009033203,private:getpermissions,200,11999.134540557861,ok
1789283721.0359528,1789283721.0538707,17.917871475219727,public:getticker,200,41962.63289451599,unchanged
1789283721.053889,1789283721.099134,45.24493217468262,private:getpermissions,200,41962.63289451599,unchanged
1789283751.0369654,1789283751.2474446,210.4792594909668,public:getticker,200,11921.36287689209,ok
1789283751.2474616,1789283751.289536,42.07444190979004,private:getpermissions,200,11921.36287689209,ok
1789283781.068419,1789283781.1041553,35.7363224029541,public:getticker,200,41782.56797790527,unchanged
1789283781.1041715,1789283781.15074,46.56839370727539,private:getpermissions,200,41782.56797790527,unchanged
1789283811.0686913,1789283811.109232,40.54069519042969,public:getticker,200,11445.49012184143,ok
1789283811.109248,1789283811.1567419,47.493934631347656,private:getpermissions,200,11445.49012184143,ok
1789283841.0693336,1789283841.1179981,48.66456985473633,public:getticker,200,41454.44416999817,unchanged
1789283841.1180136,1789283841.165698,47.684431076049805,private:getpermissions,200,41454.44416999817,unchanged
1789283871.0697348,1789283871.1107783,41.04351997375488,public:getticker,200,10864.834308624268,ok
1789283871.1107974,1789283871.1633162,52.51884460449219,private:getpermissions,200,10864.834308624268,ok
1789283901.0703633,1789283901.1582959,87.93258666992188,public:getticker,200,40913.34295272827,unchanged
1789283901.1583145,1789283901.211825,53.510427474975586,private:getpermissions,200,40913.34295272827,unchanged
1789283931.0705786,1789283931.144391,73.81248474121094,public:getticker,200,10953.799724578857,ok
1789283931.144413,1789283931.200336,55.9229850769043,private:getpermissions,200,10953.799724578857,ok
1789283961.0780969,1789283961.1453128,67.2159194946289,public:getticker,200,40982.327461242676,unchanged
1789283961.1721668,1789283961.228864,56.69713020324707,private:getpermissions,200,40982.327461242676,unchanged
1789283991.079588,1789283991.1728106,93.22261810302734,public:getticker,200,10820.698738098145,ok
1789283991.1728292,1789283991.2662199,93.39070320129395,private:getpermissions,200,10820.698738098145,ok
1789284021.0797982,1789284021.1080585,28.260231018066406,public:getticker,200,40735.469579696655,unchanged
1789284021.1080768,1789284021.1809905,72.91364669799805,private:getpermissions,200,40735.469579696655,unchanged
1789284051.0833058,1789284051.121737,38.43116760253906,public:getticker,200,9798.734426498413,ok
1789284051.1217551,1789284051.1621654,40.41028022766113,private:getpermissions,200,9798.734426498413,ok
1789284081.083282,1789284081.20077,117.48790740966797,public:getticker,200,39883.91470909119,unchanged
1789284081.2007892,1789284081.247338,46.54884338378906,private:getpermissions,200,39883.91470909119,unchanged
1789284111.0840998,1789284111.1534345,69.33474540710449,public:getticker,200,9581.21633529663,ok
1789284111.1534517,1789284111.214307,60.85538864135742,private:getpermissions,200,9581.21633529663,ok
1789284141.4560878,1789284141.6465356,190.44780731201172,public:getticker,200,40082.8070640564,unchanged
1789284141.646554,1789284141.7158868,69.33283805847168,private:getpermissions,200,40082.8070640564,unchanged
1789284171.455798,1789284171.491672,35.874128341674805,public:getticker,200,9969.114542007446,ok
1789284171.4916887,1789284171.5283287,36.63992881774902,private:getpermissions,200,9969.114542007446,ok
1789284201.456047,1789284201.474371,18.323898315429688,public:getticker,200,39979.12120819092,unchanged
1789284201.4743884,1789284201.5383346,63.94624710083008,private:getpermissions,200,39979.12120819092,unchanged
1789284231.4564357,1789284231.4729075,16.47186279296875,public:getticker,200,8929.409980773926,ok
1789284231.4729276,1789284231.5260596,53.132057189941406,private:getpermissions,200,8929.409980773926,ok
1789284261.457058,1789284261.4739404,16.88241958618164,public:getticker,200,38960.55293083191,unchanged
1789284261.4739568,1789284261.557205,83.24813842773438,private:getpermissions,200,38960.55293083191,unchanged
1789284291.4584336,1789284291.4958563,37.42265701293945,public:getticker,200,9013.274192810059,ok
1789284291.495875,1789284291.5425594,46.68450355529785,private:getpermissions,200,9013.274192810059,ok
1789284321.459517,1789284321.5202003,60.683250427246094,public:getticker,200,39048.505783081055,unchanged
1789284321.5202408,1789284321.5777915,57.550668716430664,private:getpermissions,200,39048.505783081055,unchanged
1789284351.461059,1789284351.4798384,18.779277801513672,public:getticker,200,8537.622451782227,ok
1789284351.4798627,1789284351.5526116,72.74889945983887,private:getpermissions,200,8537.622451782227,ok
1789284381.4614005,1789284381.5118392,50.438642501831055,public:getticker,200,38565.197467803955,unchanged
1789284381.511858,1789284381.5801854,68.32742691040039,private:getpermissions,200,38565.197467803955,unchanged
1789284411.4635062,1789284411.514734,51.22780799865723,public:getticker,200,8434.407472610474,ok
1789284411.5147564,1789284411.5729115,58.155059814453125,private:getpermissions,200,8434.407472610474,ok
1789284441.4641318,1789284441.5175374,53.4055233001709,public:getticker,200,19657.38868713379,ok
1789284441.5175564,1789284441.5904758,72.91936874389648,private:getpermissions,200,19657.38868713379,ok
1789284471.4653122,1789284471.5257819,60.469627380371094,public:getticker,200,49634.04393196106,unchanged
1789284471.5257978,1789284471.5671296,41.33176803588867,private:getpermissions,200,49634.04393196106,unchanged
1789284501.4664474,1789284501.504985,38.53774070739746,public:getticker,200,,no_ticker_seen
1789284501.5050025,1789284501.5553174,50.314903259277344,private:getpermissions,200,,no_ticker_seen
1789284531.4694226,1789284531.5047102,35.28761863708496,public:getticker,200,,unchanged
1789284531.5047274,1789284531.5468144,42.08707809448242,private:getpermissions,200,,unchanged
1789284561.4681568,1789284561.485096,16.939163208007812,public:getticker,200,6580.883502960205,ok
1789284561.4851134,1789284561.546271,61.1577033996582,private:getpermissions,200,6580.883502960205,ok
1789284591.4708219,1789284591.5104213,39.59941864013672,public:getticker,200,36600.49891471863,unchanged
1789284591.5104384,1789284591.565886,55.44757843017578,private:getpermissions,200,36600.49891471863,unchanged
1789284621.4716165,1789284621.5069325,35.31599044799805,public:getticker,200,6023.246288299561,ok
1789284621.506949,1789284621.5596764,52.727460861206055,private:getpermissions,200,6023.246288299561,ok
1789284651.4727736,1789284651.510023,37.24956512451172,public:getticker,200,36054.439306259155,unchanged
1789284651.510041,1789284651.5908685,80.82747459411621,private:getpermissions,200,36054.439306259155,unchanged
1789284681.4736638,1789284681.5109577,37.29391098022461,public:getticker,200,5816.628456115723,ok
1789284681.5109737,1789284681.5662227,55.24897575378418,private:getpermissions,200,5816.628456115723,ok
1789284711.4749205,1789284711.5475323,72.61180877685547,public:getticker,200,35843.25194358826,unchanged
1789284711.5475497,1789284711.5928404,45.29070854187012,private:getpermissions,200,35843.25194358826,unchanged
1789284741.4756484,1789284741.5104861,34.83772277832031,public:getticker,200,5847.556829452515,ok
1789284741.510504,1789284741.5715048,61.000823974609375,private:getpermissions,200,5847.556829452515,ok
1789284771.4778738,1789284771.4958975,18.02372932434082,public:getticker,200,35820.20950317383,unchanged
1789284771.4959314,1789284771.5441506,48.21920394897461,private:getpermissions,200,35820.20950317383,unchanged
1789284801.4782155,1789284801.5612533,83.0378532409668,public:getticker,200,5240.696907043457,ok
1789284801.5612721,1789284801.6051574,43.885231018066406,private:getpermissions,200,5240.696907043457,ok
1789284831.479744,1789284831.5234087,43.66469383239746,public:getticker,200,35227.94437408447,unchanged
1789284831.5234253,1789284831.5923972,68.97187232971191,private:getpermissions,200,35227.94437408447,unchanged
1789284861.4808712,1789284861.5261638,45.29261589050293,public:getticker,200,5314.573287963867,ok
1789284861.5261815,1789284861.5784292,52.24776268005371,private:getpermissions,200,5314.573287963867,ok
1789284891.4823546,1789284892.733514,1251.159429550171,public:getticker,200,36513.70334625244,unchanged
1789284892.7335424,1789284892.7775605,44.01803016662598,private:getpermissions,200,36513.70334625244,unchanged
1789284921.4825978,1789284923.360224,1877.6261806488037,public:getticker,200,6844.735145568848,ok
1789284923.360241,1789284923.4026458,42.404890060424805,private:getpermissions,200,6844.735145568848,ok
1789284951.4895148,1789284951.5259364,36.42153739929199,public:getticker,200,35029.31904792786,unchanged
1789284951.5259528,1789284951.5872247,61.27190589904785,private:getpermissions,200,35029.31904792786,unchanged
1789284981.4899106,1789284981.5360658,46.15521430969238,public:getticker,200,5422.7614402771,ok
1789284981.536082,1789284981.6187646,82.68260955810547,private:getpermissions,200,5422.7614402771,ok
1789285011.4905226,1789285011.5297582,39.235591888427734,public:getticker,200,35378.83806228638,unchanged
1789285011.5297859,1789285011.574837,45.05109786987305,private:getpermissions,200,35378.83806228638,unchanged
1789285041.4907405,1789285041.7089567,218.2161808013916,public:getticker,200,9516.6757106781,ok
1789285041.7089741,1789285045.849638,4140.663862228394,private:getpermissions,200,9516.6757106781,ok
1789285071.4912286,1789285071.52865,37.421464920043945,public:getticker,200,35250.574588775635,unchanged
1789285071.5286667,1789285071.5835376,54.8708438873291,private:getpermissions,200,35250.574588775635,unchanged
1789285101.4945314,1789285101.5181398,23.60844612121582,public:getticker,200,4971.161127090454,ok
1789285101.518159,1789285101.5748832,56.72430992126465,private:getpermissions,200,4971.161127090454,ok
1789285131.4953635,1789285131.5976005,102.23698616027832,public:getticker,200,35041.50676727295,unchanged
1789285131.5976295,1789285131.64523,47.600507736206055,private:getpermissions,200,35041.50676727295,unchanged
1789285161.4955978,1789285161.55568,60.082197189331055,public:getticker,200,4970.3803062438965,ok
1789285161.5557103,1789285161.6062937,50.5833625793457,private:getpermissions,200,4970.3803062438965,ok
1789285191.4960146,1789285191.532706,36.69142723083496,public:getticker,200,34959.0482711792,unchanged
1789285191.532725,1789285191.5949614,62.23630905151367,private:getpermissions,200,34959.0482711792,unchanged
1789285221.4962287,1789285221.5567129,60.48417091369629,public:getticker,200,4804.237127304077,ok
1789285221.5567474,1789285221.6264868,69.73934173583984,private:getpermissions,200,4804.237127304077,ok
1789285251.5028088,1789285251.6574836,154.67476844787598,public:getticker,200,34884.92560386658,unchanged
1789285251.6575203,1789285251.707169,49.64876174926758,private:getpermissions,200,34884.92560386658,unchanged
1789285281.5031102,1789285281.5475106,44.40045356750488,public:getticker,200,4032.5965881347656,ok
1789285281.5475278,1789285281.5936658,46.13804817199707,private:getpermissions,200,4032.5965881347656,ok
1789285311.5039926,1789285311.5210655,17.07291603088379,public:getticker,200,34016.05486869812,unchanged
1789285311.521084,1789285311.577124,56.040048599243164,private:getpermissions,200,34016.05486869812,unchanged
1789285341.5043526,1789285341.5605533,56.20074272155762,public:getticker,200,3902.161121368408,ok
1789285341.5605721,1789285341.6019797,41.40758514404297,private:getpermissions,200,3902.161121368408,ok
1789285371.5060751,1789285371.5426912,36.61608695983887,public:getticker,200,33903.910636901855,unchanged
1789285371.5427144,1789285371.603728,61.01369857788086,private:getpermissions,200,33903.910636901855,unchanged
1789285401.5063121,1789285401.5786579,72.34573364257812,public:getticker,200,3926.9232749938965,ok
1789285401.578688,1789285401.6211967,42.508840560913086,private:getpermissions,200,3926.9232749938965,ok
1789285431.5069168,1789285431.5625448,55.628061294555664,public:getticker,200,33936.06901168823,unchanged
1789285431.562564,1789285431.630358,67.7940845489502,private:getpermissions,200,33936.06901168823,unchanged
1789285461.507718,1789285461.522539,14.82081413269043,public:getticker,200,4178.374528884888,ok
1789285461.522566,1789285461.6085932,86.02714538574219,private:getpermissions,200,4178.374528884888,ok
1789285491.5082116,1789285491.5463223,38.11073303222656,public:getticker,200,34184.42726135254,unchanged
1789285491.5463414,1789285491.6146472,68.30573081970215,private:getpermissions,200,34184.42726135254,unchanged
1789285521.5084662,1789285521.5403075,31.841278076171875,public:getticker,200,3314.338207244873,ok
1789285521.5403252,1789285521.6021836,61.858415603637695,private:getpermissions,200,3314.338207244873,ok
1789285551.5152428,1789285551.5971339,81.89105987548828,public:getticker,200,33398.36835861206,unchanged
1789285551.5971518,1789285551.6862135,89.06173706054688,private:getpermissions,200,33398.36835861206,unchanged
1789285581.512429,1789285581.6201866,107.757568359375,public:getticker,200,3322.4997520446777,ok
1789285581.6202106,1789285581.676149,55.9382438659668,private:getpermissions,200,3322.4997520446777,ok
1789285611.5638368,1789285611.6146283,50.79150199890137,public:getticker,200,33318.69029998779,unchanged
1789285611.6146474,1789285611.6723423,57.69491195678711,private:getpermissions,200,33318.69029998779,unchanged
1789285641.5649939,1789285641.608177,43.183088302612305,public:getticker,200,3280.271530151367,ok
1789285641.6081944,1789285641.672065,63.87066841125488,private:getpermissions,200,3280.271530151367,ok
1789285671.5666862,1789285671.6233273,56.6411018371582,public:getticker,200,33273.372650146484,unchanged
1789285671.6233497,1789285671.6651597,41.810035705566406,private:getpermissions,200,33273.372650146484,unchanged
1789285701.5676188,1789285701.6312156,63.59672546386719,public:getticker,200,2483.121633529663,ok
1789285701.631237,1789285701.6784286,47.191619873046875,private:getpermissions,200,2483.121633529663,ok
1789285731.5678778,1789285731.6248484,56.97059631347656,public:getticker,200,32512.096881866455,unchanged
1789285731.6248653,1789285731.7074049,82.53955841064453,private:getpermissions,200,32512.096881866455,unchanged
1789285761.5682359,1789285761.6157246,47.48868942260742,public:getticker,200,2007.0326328277588,ok
1789285761.6157417,1789285761.66028,44.538259506225586,private:getpermissions,200,2007.0326328277588,ok
1789285791.569669,1789285791.608507,38.83790969848633,public:getticker,200,32011.41357421875,unchanged
1789285791.6085238,1789285791.6646683,56.14447593688965,private:getpermissions,200,32011.41357421875,unchanged
1789285821.569693,1789285821.6129587,43.265581130981445,public:getticker,200,2346.3568687438965,ok
1789285821.6129894,1789285821.6845174,71.52795791625977,private:getpermissions,200,2346.3568687438965,ok
1789285851.5745716,1789285851.5999248,25.353193283081055,public:getticker,200,32320.030212402344,unchanged
1789285851.5999432,1789285851.6581905,58.24732780456543,private:getpermissions,200,32320.030212402344,unchanged
1789285881.5749276,1789285881.592182,17.254352569580078,public:getticker,200,1942.9354667663574,ok
1789285881.5921988,1789285881.6498272,57.62839317321777,private:getpermissions,200,1942.9354667663574,ok
1789285911.5764658,1789285911.6249304,48.46453666687012,public:getticker,200,31967.634916305542,unchanged
1789285911.6249628,1789285911.674526,49.56316947937012,private:getpermissions,200,31967.634916305542,unchanged
1789285941.5772624,1789285941.5956206,18.358230590820312,public:getticker,200,697.075605392456,ok
1789285941.5956452,1789285941.6429477,47.3024845123291,private:getpermissions,200,697.075605392456,ok
1789285971.5788624,1789285971.5967784,17.915964126586914,public:getticker,200,30698.89783859253,unchanged
1789285971.596798,1789285971.6447675,47.96957969665527,private:getpermissions,200,30698.89783859253,unchanged
1789286001.5789936,1789286001.626776,47.78242111206055,public:getticker,200,264.56260681152344,ok
1789286001.6267927,1789286001.6870816,60.28890609741211,private:getpermissions,200,264.56260681152344,ok
1789286031.5814323,1789286031.6493578,67.92545318603516,public:getticker,200,30426.865816116333,unchanged
1789286031.6493747,1789286031.849374,199.99933242797852,private:getpermissions,200,30426.865816116333,unchanged
1789286061.5816588,1789286061.6671236,85.4647159576416,public:getticker,200,60291.23759269714,unchanged
1789286061.6671412,1789286061.7137563,46.6151237487793,private:getpermissions,200,60291.23759269714,unchanged
1789286091.5823424,1789286091.622305,39.9625301361084,public:getticker,200,29791.34488105774,ok
1789286091.6223223,1789286091.6683033,45.98093032836914,private:getpermissions,200,29791.34488105774,ok
1789286121.582516,1789286121.6477127,65.19675254821777,public:getticker,200,59821.84648513794,unchanged
1789286121.647729,1789286121.6988053,51.076412200927734,private:getpermissions,200,59821.84648513794,unchanged
1789286151.583452,1789286151.6396081,56.156158447265625,public:getticker,200,26275.800228118896,ok
1789286151.6396265,1789286151.6843107,44.68417167663574,private:getpermissions,200,26275.800228118896,ok
1789286181.5836713,1789286181.6186855,35.01415252685547,public:getticker,200,56262.36653327942,unchanged
1789286181.6187027,1789286181.6708813,52.17862129211426,private:getpermissions,200,56262.36653327942,unchanged
1789286211.5840096,1789286211.628803,44.79336738586426,public:getticker,200,25941.02644920349,ok
1789286211.6288197,1789286211.6911192,62.299489974975586,private:getpermissions,200,25941.02644920349,ok
1789286241.5850286,1789286241.6100955,25.066852569580078,public:getticker,200,55920.09234428406,unchanged
1789286241.6101115,1789286241.6701853,60.0738525390625,private:getpermissions,200,55920.09234428406,unchanged
1789286271.5858881,1789286271.6206715,34.783363342285156,public:getticker,200,26166.94402694702,ok
1789286271.6206906,1789286271.666086,45.3953742980957,private:getpermissions,200,26166.94402694702,ok
1789286301.586709,1789286302.4571722,870.4631328582764,public:getticker,200,57190.25540351868,unchanged
1789286302.4883726,1789286302.6894004,201.02787017822266,private:getpermissions,200,57190.25540351868,unchanged
1789286331.5895367,1789286331.6138685,24.33180809020996,public:getticker,200,26061.753749847412,ok
1789286331.613885,1789286331.6694689,55.583953857421875,private:getpermissions,200,26061.753749847412,ok
1789286361.5900178,1789286361.63819,48.1722354888916,public:getticker,200,56129.09436225891,unchanged
1789286361.638209,1789286361.7368042,98.59514236450195,private:getpermissions,200,56129.09436225891,unchanged
1789286391.677088,1789286391.7314234,54.33535575866699,public:getticker,200,26114.89725112915,ok
1789286391.7314456,1789286391.78172,50.27437210083008,private:getpermissions,200,26114.89725112915,ok
1789286421.6802301,1789286421.7569606,76.73048973083496,public:getticker,200,56172.290086746216,unchanged
1789286421.7569923,1789286421.8390915,82.09919929504395,private:getpermissions,200,56172.290086746216,unchanged
1789286451.68062,1789286451.7246392,44.019222259521484,public:getticker,200,25993.59917640686,ok
1789286451.7246568,1789286451.7895734,64.91661071777344,private:getpermissions,200,25993.59917640686,ok
1789286481.6811159,1789286481.718887,37.77122497558594,public:getticker,200,55970.16096115112,unchanged
1789286481.718936,1789286481.7661335,47.197580337524414,private:getpermissions,200,55970.16096115112,unchanged
1789286511.6816142,1789286511.6985972,16.9830322265625,public:getticker,200,25680.091619491577,ok
1789286511.6986158,1789286511.751214,52.59823799133301,private:getpermissions,200,25680.091619491577,ok
1789286541.6830273,1789286541.895204,212.17679977416992,public:getticker,200,55874.34458732605,unchanged
1789286541.8952212,1789286541.9454684,50.2471923828125,private:getpermissions,200,55874.34458732605,unchanged
1789286571.6842232,1789286571.7223024,38.079261779785156,public:getticker,200,25422.25217819214,ok
1789286571.7223208,1789286571.7678263,45.505523681640625,private:getpermissions,200,25422.25217819214,ok
1789286601.68452,1789286601.7269013,42.38128662109375,public:getticker,200,55442.04807281494,unchanged
1789286601.7269201,1789286601.7876332,60.71305274963379,private:getpermissions,200,55442.04807281494,unchanged
1789286631.6853402,1789286631.725042,39.70193862915039,public:getticker,200,25474.01261329651,ok
1789286631.7250588,1789286631.7904804,65.42158126831055,private:getpermissions,200,25474.01261329651,ok
1789286661.686156,1789286661.7303743,44.21830177307129,public:getticker,200,55474.99394416809,unchanged
1789286661.7303944,1789286661.79146,61.065673828125,private:getpermissions,200,55474.99394416809,unchanged
1789286691.6868248,1789286691.7056355,18.810749053955078,public:getticker,200,25468.13440322876,ok
1789286691.7056537,1789286691.7588763,53.22265625,private:getpermissions,200,25468.13440322876,ok
1789286721.6878705,1789286721.8410926,153.22208404541016,public:getticker,200,55614.45951461792,unchanged
1789286721.8411577,1789286721.9052064,64.04876708984375,private:getpermissions,200,55614.45951461792,unchanged
1789286751.7235265,1789286751.7756784,52.15191841125488,public:getticker,200,25527.256727218628,ok
1789286751.7757018,1789286751.8257134,50.011634826660156,private:getpermissions,200,25527.256727218628,ok
1789286781.7242067,1789286781.7678301,43.62344741821289,public:getticker,200,55543.48564147949,unchanged
1789286781.767848,1789286781.8419414,74.09334182739258,private:getpermissions,200,55543.48564147949,unchanged
1789286811.735114,1789286811.7640069,28.89275550842285,public:getticker,200,25452.914476394653,ok
1789286811.7640352,1789286811.8277626,63.727378845214844,private:getpermissions,200,25452.914476394653,ok
1789286841.7368624,1789286841.8029976,66.13516807556152,public:getticker,200,55480.15785217285,unchanged
1789286841.8030314,1789286841.8550973,52.06584930419922,private:getpermissions,200,55480.15785217285,unchanged
1789286871.8002536,1789286871.847849,47.59526252746582,public:getticker,200,24826.106548309326,ok
1789286871.8478687,1789286871.8911617,43.292999267578125,private:getpermissions,200,24826.106548309326,ok
1789286901.8011055,1789286901.8204627,19.35720443725586,public:getticker,200,54825.72555541992,unchanged
1789286901.8204815,1789286901.8907886,70.30701637268066,private:getpermissions,200,54825.72555541992,unchanged
1789286931.8013918,1789286931.839278,37.88614273071289,public:getticker,200,24529.62350845337,ok
1789286931.8392978,1789286931.8871875,47.88970947265625,private:getpermissions,200,24529.62350845337,ok
1789286961.801743,1789286961.8895411,87.7981185913086,public:getticker,200,54647.019147872925,unchanged
1789286961.8895829,1789286962.0045834,115.00048637390137,private:getpermissions,200,54647.019147872925,unchanged
1789286991.802894,1789286991.8387208,35.826683044433594,public:getticker,200,24846.37188911438,ok
1789286991.838738,1789286991.8935082,54.77023124694824,private:getpermissions,200,24846.37188911438,ok
1789287021.803133,1789287021.8561237,52.99067497253418,public:getticker,200,54868.09706687927,unchanged
1789287021.856142,1789287021.915236,59.09395217895508,private:getpermissions,200,54868.09706687927,unchanged
1789287051.8037074,1789287051.8753715,71.66409492492676,public:getticker,200,24678.008317947388,ok
1789287051.875391,1789287051.9599435,84.55252647399902,private:getpermissions,200,24678.008317947388,ok
1789287081.804525,1789287081.8489943,44.469356536865234,public:getticker,200,54613.25407028198,unchanged
1789287081.8490114,1789287081.895192,46.18048667907715,private:getpermissions,200,54613.25407028198,unchanged
1789287111.805185,1789287111.893964,88.77897262573242,public:getticker,200,22981.916189193726,ok
1789287111.8939884,1789287111.9592557,65.26732444763184,private:getpermissions,200,22981.916189193726,ok
1789287141.8055189,1789287141.8440776,38.5587215423584,public:getticker,200,52927.88076400757,unchanged
1789287141.8440967,1789287141.9052198,61.12313270568848,private:getpermissions,200,52927.88076400757,unchanged
1789287171.8060853,1789287171.8486285,42.54317283630371,public:getticker,200,20349.12896156311,ok
1789287171.8486497,1789287171.9121058,63.456058502197266,private:getpermissions,200,20349.12896156311,ok
1789287201.8062654,1789287201.8464007,40.13538360595703,public:getticker,200,50337.716817855835,unchanged
1789287201.846452,1789287201.900677,54.22496795654297,private:getpermissions,200,50337.716817855835,unchanged
1789287231.8080118,1789287231.8609529,52.941083908081055,public:getticker,200,18913.342475891113,ok
1789287231.8609695,1789287231.9212046,60.235023498535156,private:getpermissions,200,18913.342475891113,ok
1789287261.8076165,1789287264.846612,3038.9955043792725,public:getticker,200,51945.29604911804,unchanged
1789287264.8466303,1789287264.9531572,106.52685165405273,private:getpermissions,200,51945.29604911804,unchanged
1789287291.809935,1789287291.8461008,36.165714263916016,public:getticker,200,19227.718830108643,ok
1789287291.8461204,1789287291.9035847,57.4643611907959,private:getpermissions,200,19227.718830108643,ok
1789287321.810098,1789287321.8595657,49.46780204772949,public:getticker,200,49278.64098548889,unchanged
1789287321.8595848,1789287321.9545035,94.91872787475586,private:getpermissions,200,49278.64098548889,unchanged
1789287351.8120778,1789287351.8653057,53.227901458740234,public:getticker,200,19176.00917816162,ok
1789287351.8653357,1789287351.9261014,60.765743255615234,private:getpermissions,200,19176.00917816162,ok
1789287381.8123007,1789287381.8606327,48.33197593688965,public:getticker,200,49170.013666152954,unchanged
1789287381.860654,1789287381.9201064,59.45229530334473,private:getpermissions,200,49170.013666152954,unchanged
1789287411.8169274,1789287411.8337605,16.833066940307617,public:getticker,200,18690.69790840149,ok
1789287411.8337815,1789287411.9513526,117.57111549377441,private:getpermissions,200,18690.69790840149,ok
1789287441.8141572,1789287441.851624,37.46676445007324,public:getticker,200,48633.729219436646,unchanged
1789287441.8516417,1789287441.8943844,42.74272918701172,private:getpermissions,200,48633.729219436646,unchanged
1789287471.8150113,1789287471.8370419,22.03059196472168,public:getticker,200,19124.690055847168,ok
1789287471.8370652,1789287471.9070756,70.01042366027832,private:getpermissions,200,19124.690055847168,ok
1789287502.0413992,1789287502.1020894,60.69016456604004,public:getticker,200,49365.17930030823,unchanged
1789287502.1021106,1789287502.1475663,45.4556941986084,private:getpermissions,200,49365.17930030823,unchanged
1789287532.0423083,1789287532.0969012,54.59284782409668,public:getticker,200,18603.99341583252,ok
1789287532.096919,1789287532.155115,58.19582939147949,private:getpermissions,200,18603.99341583252,ok
1789287562.0430331,1789287562.5147583,471.7252254486084,public:getticker,200,49031.264305114746,unchanged
1789287562.5147805,1789287562.5823812,67.60072708129883,private:getpermissions,200,49031.264305114746,unchanged
1789287592.0434766,1789287592.143191,99.71451759338379,public:getticker,200,18719.839096069336,ok
1789287592.143208,1789287592.2147746,71.56658172607422,private:getpermissions,200,18719.839096069336,ok
1789287622.3172886,1789287622.3614738,44.18516159057617,public:getticker,200,48931.72574043274,unchanged
1789287622.3615038,1789287622.4266598,65.1559829711914,private:getpermissions,200,48931.72574043274,unchanged
1789287652.3183494,1789287652.4169672,98.6177921295166,public:getticker,200,18782.119750976562,ok
1789287652.4169888,1789287652.4641845,47.1956729888916,private:getpermissions,200,18782.119750976562,ok
1789287682.3232996,1789287682.3867407,63.44103813171387,public:getticker,200,48746.275663375854,unchanged
1789287682.3867602,1789287682.4283395,41.579246520996094,private:getpermissions,200,48746.275663375854,unchanged
1789287712.3237145,1789287712.3642786,40.56406021118164,public:getticker,200,18877.055168151855,ok
1789287712.3642988,1789287712.4300928,65.79399108886719,private:getpermissions,200,18877.055168151855,ok
1789287742.325264,1789287742.3451207,19.856691360473633,public:getticker,200,48841.90368652344,unchanged
1789287742.3451397,1789287742.3949418,49.80206489562988,private:getpermissions,200,48841.90368652344,unchanged
1789287772.3340197,1789287772.3744066,40.38691520690918,public:getticker,200,18841.766357421875,ok
1789287772.3744237,1789287772.4540462,79.62250709533691,private:getpermissions,200,18841.766357421875,ok
1789287802.3343346,1789287802.3568969,22.562265396118164,public:getticker,200,48796.04935646057,unchanged
1789287802.3571644,1789287802.4083292,51.164865493774414,private:getpermissions,200,48796.04935646057,unchanged
1789287832.3527465,1789287832.3948462,42.099714279174805,public:getticker,200,18741.185188293457,ok
1789287832.394866,1789287832.4541032,59.23724174499512,private:getpermissions,200,18741.185188293457,ok
1789287862.4804459,1789287862.5495079,69.0619945526123,public:getticker,200,48881.43277168274,unchanged
1789287862.549529,1789287862.59435,44.82102394104004,private:getpermissions,200,48881.43277168274,unchanged
1789287892.4821916,1789287892.5381832,55.99164962768555,public:getticker,200,19174.176454544067,ok
1789287892.5382004,1789287892.598684,60.483694076538086,private:getpermissions,200,19174.176454544067,ok
1789287922.6477253,1789287922.834846,187.1206760406494,public:getticker,200,49488.26313018799,unchanged
1789287922.834887,1789287922.9127698,77.88276672363281,private:getpermissions,200,49488.26313018799,unchanged
1789287952.648252,1789287952.69556,47.30796813964844,public:getticker,200,18528.124809265137,ok
1789287952.6955805,1789287952.7564316,60.851097106933594,private:getpermissions,200,18528.124809265137,ok
1789287982.6491485,1789287982.6902964,41.14794731140137,public:getticker,200,48558.93564224243,unchanged
1789287982.6903229,1789287982.787243,96.92001342773438,private:getpermissions,200,48558.93564224243,unchanged
1789288012.6493068,1789288012.75809,108.78324508666992,public:getticker,200,17860.936164855957,ok
1789288012.758113,1789288012.814455,56.342124938964844,private:getpermissions,200,17860.936164855957,ok
1789288042.6598015,1789288042.7299068,70.10531425476074,public:getticker,200,47830.58476448059,unchanged
1789288042.7299316,1789288042.7841022,54.17060852050781,private:getpermissions,200,47830.58476448059,unchanged
1789288072.660841,1789288072.7192967,58.455705642700195,public:getticker,200,18006.29186630249,ok
1789288072.7193167,1789288072.761329,42.01221466064453,private:getpermissions,200,18006.29186630249,ok
1789288102.6617074,1789288102.7049358,43.2283878326416,public:getticker,200,48009.201765060425,unchanged
1789288102.7049577,1789288102.7642374,59.279680252075195,private:getpermissions,200,48009.201765060425,unchanged
1789288132.6619925,1789288132.737757,75.76441764831543,public:getticker,200,17556.352853775024,ok
1789288132.737778,1789288132.788335,50.55713653564453,private:getpermissions,200,17556.352853775024,ok
1789288162.663041,1789288162.6896036,26.56245231628418,public:getticker,200,47512.479305267334,unchanged
1789288162.6896229,1789288162.7444608,54.837942123413086,private:getpermissions,200,47512.479305267334,unchanged
1789288192.6664634,1789288192.6867795,20.316123962402344,public:getticker,200,16451.11656188965,ok
1789288192.686805,1789288192.7323565,45.55153846740723,private:getpermissions,200,16451.11656188965,ok
1789288222.6661968,1789288222.7286458,62.448978424072266,public:getticker,200,46529.81638908386,unchanged
1789288222.7286658,1789288222.8110552,82.38935470581055,private:getpermissions,200,46529.81638908386,unchanged
1789288252.667652,1789288252.7040758,36.42392158508301,public:getticker,200,15664.223909378052,ok
1789288252.7041078,1789288252.8113856,107.27787017822266,private:getpermissions,200,15664.223909378052,ok
1789288282.6678975,1789288282.6870108,19.11330223083496,public:getticker,200,45639.75167274475,unchanged
1789288282.6870294,1789288282.786914,99.8847484588623,private:getpermissions,200,45639.75167274475,unchanged
1789288312.669002,1789288312.6908894,21.88730239868164,public:getticker,200,15123.028755187988,ok
1789288312.690935,1789288312.7550507,64.11576271057129,private:getpermissions,200,15123.028755187988,ok
1789288342.6698427,1789288342.6869767,17.13395118713379,public:getticker,200,45103.42860221863,unchanged
1789288342.6869972,1789288342.735437,48.439741134643555,private:getpermissions,200,45103.42860221863,unchanged
1789288372.6722224,1789288372.7183752,46.15283012390137,public:getticker,200,14973.776817321777,ok
1789288372.7183924,1789288372.7639034,45.51100730895996,private:getpermissions,200,14973.776817321777,ok
1789288402.6728356,1789288402.7123184,39.482831954956055,public:getticker,200,44996.312856674194,unchanged
1789288402.7123365,1789288402.7864387,74.10216331481934,private:getpermissions,200,44996.312856674194,unchanged
1789288432.673606,1789288432.6908133,17.20738410949707,public:getticker,200,15117.305040359497,ok
1789288432.6908636,1789288432.7771301,86.26651763916016,private:getpermissions,200,15117.305040359497,ok
1789288462.674225,1789288462.7175193,43.29419136047363,public:getticker,200,45111.600160598755,unchanged
1789288462.717541,1789288462.7714252,53.884267807006836,private:getpermissions,200,45111.600160598755,unchanged
1789288492.6761768,1789288492.7194142,43.23744773864746,public:getticker,200,15239.248991012573,ok
1789288492.7194316,1789288492.7825916,63.159942626953125,private:getpermissions,200,15239.248991012573,ok
1789288522.6770115,1789288522.694484,17.472505569458008,public:getticker,200,45214.5037651062,unchanged
1789288522.6945033,1789288522.757846,63.34280967712402,private:getpermissions,200,45214.5037651062,unchanged
1789288552.6782925,1789288552.7225022,44.20971870422363,public:getticker,200,15017.861366271973,ok
1789288552.722522,1789288552.7811964,58.67433547973633,private:getpermissions,200,15017.861366271973,ok
1789288582.6783044,1789288582.9598403,281.5358638763428,public:getticker,200,45243.446588516235,unchanged
1789288582.9598813,1789288583.006779,46.89764976501465,private:getpermissions,200,45243.446588516235,unchanged
1789288612.6785104,1789288612.7005997,22.089242935180664,public:getticker,200,14466.04585647583,ok
1789288612.7006233,1789288612.749597,48.973798751831055,private:getpermissions,200,14466.04585647583,ok
1789288642.9945555,1789288643.0180166,23.461103439331055,public:getticker,200,44845.68667411804,unchanged
1789288643.0180612,1789288643.129237,111.1757755279541,private:getpermissions,200,44845.68667411804,unchanged
1789288673.0140235,1789288673.05354,39.516448974609375,public:getticker,200,15009.93800163269,ok
1789288673.0535617,1789288673.102372,48.81024360656738,private:getpermissions,200,15009.93800163269,ok
1789288703.0144002,1789288703.0675683,53.16805839538574,public:getticker,200,45031.55183792114,unchanged
1789288703.0675857,1789288703.12399,56.40435218811035,private:getpermissions,200,45031.55183792114,unchanged
1789288733.015546,1789288733.0377612,22.21512794494629,public:getticker,200,14511.255741119385,ok
1789288733.03778,1789288733.082818,45.03798484802246,private:getpermissions,200,14511.255741119385,ok
1789288763.0166612,1789288763.0341537,17.49253273010254,public:getticker,200,44504.64224815369,unchanged
1789288763.0341911,1789288763.076206,42.01483726501465,private:getpermissions,200,44504.64224815369,unchanged
1789288793.0173302,1789288793.0340402,16.71004295349121,public:getticker,200,14769.599676132202,ok
1789288793.0340612,1789288793.0898511,55.789947509765625,private:getpermissions,200,14769.599676132202,ok
1789288823.018196,1789288823.0519521,33.75601768493652,public:getticker,200,44788.689374923706,unchanged
1789288823.0519927,1789288823.1089442,56.95152282714844,private:getpermissions,200,44788.689374923706,unchanged
1789288853.0191026,1789288853.0590734,39.97087478637695,public:getticker,200,14613.903284072876,ok
1789288853.0590947,1789288853.1144016,55.30691146850586,private:getpermissions,200,14613.903284072876,ok
1789288883.0309088,1789288883.0947447,63.835859298706055,public:getticker,200,44673.134326934814,unchanged
1789288883.0947678,1789288883.1736367,78.86886596679688,private:getpermissions,200,44673.134326934814,unchanged
1789288913.0312266,1789288913.0512254,19.998788833618164,public:getticker,200,14806.456327438354,ok
1789288913.051265,1789288913.1240294,72.76439666748047,private:getpermissions,200,14806.456327438354,ok
1789288943.0319226,1789288943.0461967,14.274120330810547,public:getticker,200,44790.99225997925,unchanged
1789288943.0462172,1789288943.1083171,62.09993362426758,private:getpermissions,200,44790.99225997925,unchanged
1789288973.0335739,1789288973.0770907,43.51687431335449,public:getticker,200,13942.5528049469,ok
1789288973.0771086,1789288973.1245656,47.456979751586914,private:getpermissions,200,13942.5528049469,ok
1789289003.0342202,1789289003.051382,17.161846160888672,public:getticker,200,43908.11324119568,unchanged
1789289003.051403,1789289003.0901258,38.72275352478027,private:getpermissions,200,43908.11324119568,unchanged
1789289033.035139,1789289033.0998554,64.71633911132812,public:getticker,200,14090.400695800781,ok
1789289033.0998752,1789289033.165961,66.0858154296875,private:getpermissions,200,14090.400695800781,ok
1789289063.0356085,1789289063.0509148,15.306234359741211,public:getticker,200,44035.31098365784,unchanged
1789289063.0509338,1789289063.1108606,59.926748275756836,private:getpermissions,200,44035.31098365784,unchanged
1789289093.0528603,1789289093.0875082,34.64794158935547,public:getticker,200,13585.507869720459,ok
1789289093.0875275,1789289093.1414812,53.95364761352539,private:getpermissions,200,13585.507869720459,ok
1789289123.0531442,1789289123.096646,43.501853942871094,public:getticker,200,43606.778383255005,unchanged
1789289123.0966666,1789289123.1627526,66.0860538482666,private:getpermissions,200,43606.778383255005,unchanged
1789289153.0543582,1789289153.1051164,50.75812339782715,public:getticker,200,13933.989763259888,ok
1789289153.1051438,1789289153.162785,57.64126777648926,private:getpermissions,200,13933.989763259888,ok
1789289183.0554953,1789289183.0899076,34.412384033203125,public:getticker,200,43913.85555267334,unchanged
1789289183.089933,1789289183.1426525,52.7195930480957,private:getpermissions,200,43913.85555267334,unchanged
1789289213.056391,1789289213.0947466,38.35558891296387,public:getticker,200,11451.226472854614,ok
1789289213.094794,1789289213.150627,55.832862854003906,private:getpermissions,200,11451.226472854614,ok
1789289243.0567071,1789289243.1017733,45.066118240356445,public:getticker,200,41577.78358459473,unchanged
1789289243.101797,1789289243.2771878,175.39072036743164,private:getpermissions,200,41577.78358459473,unchanged
1789289273.058884,1789289273.0986004,39.716482162475586,public:getticker,200,11154.964923858643,ok
1789289273.0986514,1789289273.1455767,46.92530632019043,private:getpermissions,200,11154.964923858643,ok
1789289303.0592449,1789289303.0981398,38.8948917388916,public:getticker,200,41154.858350753784,unchanged
1789289303.0981567,1789289303.1454868,47.33014106750488,private:getpermissions,200,41154.858350753784,unchanged
1789289333.0605717,1789289333.0999906,39.418935775756836,public:getticker,200,10995.250225067139,ok
1789289333.1000104,1789289333.1660116,66.00117683410645,private:getpermissions,200,10995.250225067139,ok
1789289363.061102,1789289363.097187,36.08512878417969,public:getticker,200,40986.54317855835,unchanged
1789289363.0972054,1789289363.1573093,60.1038932800293,private:getpermissions,200,40986.54317855835,unchanged
1789289393.1047013,1789289393.1533868,48.685550689697266,public:getticker,200,11240.680456161499,ok
1789289393.1534426,1789289393.2033103,49.86763000488281,private:getpermissions,200,11240.680456161499,ok
1789289423.105102,1789289423.1615634,56.461334228515625,public:getticker,200,41280.57384490967,unchanged
1789289423.1615925,1789289423.2432044,81.61187171936035,private:getpermissions,200,41280.57384490967,unchanged
1789289453.1059964,1789289453.1416268,35.63046455383301,public:getticker,200,10949.058771133423,ok
1789289453.1416466,1789289453.1869247,45.278072357177734,private:getpermissions,200,10949.058771133423,ok
1789289483.1063519,1789289483.147971,41.619062423706055,public:getticker,200,40991.96410179138,unchanged
1789289483.1479921,1789289483.229819,81.82692527770996,private:getpermissions,200,40991.96410179138,unchanged
1789289513.1065974,1789289513.1589673,52.36983299255371,public:getticker,200,11650.455474853516,ok
1789289513.1589866,1789289513.237875,78.8884162902832,private:getpermissions,200,11650.455474853516,ok
1789289543.1070077,1789289543.1501312,43.123483657836914,public:getticker,200,41608.04724693298,unchanged
1789289543.1501539,1789289543.1954734,45.319557189941406,private:getpermissions,200,41608.04724693298,unchanged
1789289573.107711,1789289573.1488893,41.178226470947266,public:getticker,200,10211.653709411621,ok
1789289573.1489084,1789289573.224252,75.34360885620117,private:getpermissions,200,10211.653709411621,ok
1789289603.1093605,1789289603.153119,43.75863075256348,public:getticker,200,40185.081243515015,unchanged
1789289603.1531649,1789289603.1976888,44.52395439147949,private:getpermissions,200,40185.081243515015,unchanged
1789289633.1099992,1789289633.150923,40.9238338470459,public:getticker,200,10205.999374389648,ok
1789289633.1509428,1789289633.1976604,46.71764373779297,private:getpermissions,200,10205.999374389648,ok
1789289663.1102352,1789289663.1464076,36.17238998413086,public:getticker,200,40203.27281951904,unchanged
1789289663.146426,1789289663.1949341,48.5081672668457,private:getpermissions,200,40203.27281951904,unchanged
1789289693.1107647,1789289693.1708317,60.066938400268555,public:getticker,200,7997.024059295654,ok
1789289693.1708508,1789289693.2112298,40.37904739379883,private:getpermissions,200,7997.024059295654,ok
1789289723.1119056,1789289723.1533103,41.40472412109375,public:getticker,200,37985.1861000061,unchanged
1789289723.1533287,1789289723.199392,46.06342315673828,private:getpermissions,200,37985.1861000061,unchanged
1789289753.1127517,1789289753.1528366,40.0848388671875,public:getticker,200,6517.023324966431,ok
1789289753.1528609,1789289753.2068615,54.0006160736084,private:getpermissions,200,6517.023324966431,ok
1789289783.113365,1789289783.2574506,144.08564567565918,public:getticker,200,36626.67107582092,unchanged
1789289783.257481,1789289783.3165097,59.02862548828125,private:getpermissions,200,36626.67107582092,unchanged
1789289813.1140935,1789289813.3504307,236.33718490600586,public:getticker,200,6982.438325881958,ok
1789289813.3504524,1789289813.4086812,58.22873115539551,private:getpermissions,200,6982.438325881958,ok
1789289843.1147509,1789289843.1319625,17.2116756439209,public:getticker,200,36747.690200805664,unchanged
1789289843.1319823,1789289843.1739326,41.950225830078125,private:getpermissions,200,36747.690200805664,unchanged
1789289873.1153867,1789289873.1365154,21.12865447998047,public:getticker,200,5969.567060470581,ok
1789289873.1365328,1789289873.1861284,49.59559440612793,private:getpermissions,200,5969.567060470581,ok
1789289903.1156082,1789289903.5043068,388.6985778808594,public:getticker,200,36334.65075492859,unchanged
1789289903.5043268,1789289903.5512083,46.88143730163574,private:getpermissions,200,36334.65075492859,unchanged
1789289933.116097,1789289933.6780846,561.9876384735107,public:getticker,200,6862.973213195801,ok
1789289933.6781023,1789289933.971103,293.0006980895996,private:getpermissions,200,6862.973213195801,ok
1789289963.1168983,1789289963.1720748,55.176496505737305,public:getticker,200,36122.6692199707,unchanged
1789289963.172183,1789289963.2307966,58.61353874206543,private:getpermissions,200,36122.6692199707,unchanged
1789289993.1173866,1789289993.1556528,38.26618194580078,public:getticker,200,5878.853559494019,ok
1789289993.155671,1789289993.2156749,60.00399589538574,private:getpermissions,200,5878.853559494019,ok
1789290023.1185334,1789290023.181888,63.3547306060791,public:getticker,200,35890.72918891907,unchanged
1789290023.1819072,1789290023.2275515,45.644283294677734,private:getpermissions,200,35890.72918891907,unchanged
1789290053.1187844,1789290053.1609843,42.19985008239746,public:getticker,200,6029.90984916687,ok
1789290053.1610327,1789290053.2191663,58.133602142333984,private:getpermissions,200,6029.90984916687,ok
1789290083.119253,1789290083.1416838,22.430896759033203,public:getticker,200,36055.09352684021,unchanged
1789290083.1417024,1789290083.2443488,102.6463508605957,private:getpermissions,200,36055.09352684021,unchanged
1789290113.1203034,1789290113.1673882,47.084808349609375,public:getticker,200,7290.8008098602295,ok
1789290113.167406,1789290115.0401578,1872.7517127990723,private:getpermissions,200,7290.8008098602295,ok
1789290143.1210093,1789290143.1589034,37.89401054382324,public:getticker,200,35468.8355922699,unchanged
1789290143.158925,1789290143.2181926,59.267520904541016,private:getpermissions,200,35468.8355922699,unchanged
1789290173.1213596,1789290173.190559,69.1993236541748,public:getticker,200,5567.988157272339,ok
1789290173.1905768,1789290173.268928,78.35125923156738,private:getpermissions,200,5567.988157272339,ok
1789290203.1220477,1789290203.1787915,56.74386024475098,public:getticker,200,35527.57120132446,unchanged
1789290203.1788108,1789290203.22851,49.69906806945801,private:getpermissions,200,35527.57120132446,unchanged
1789290233.1228974,1789290233.1590018,36.104440689086914,public:getticker,200,5493.251800537109,ok
1789290233.15903,1789290233.201696,42.665958404541016,private:getpermissions,200,5493.251800537109,ok
1789290263.1277363,1789290263.1661992,38.46287727355957,public:getticker,200,35504.32896614075,unchanged
1789290263.1662245,1789290263.2127624,46.53787612915039,private:getpermissions,200,35504.32896614075,unchanged
1789290293.1285858,1789290293.1641643,35.57848930358887,public:getticker,200,5456.68363571167,ok
1789290293.1641884,1789290293.2141154,49.9269962310791,private:getpermissions,200,5456.68363571167,ok
1789290323.129442,1789290323.536902,407.45997428894043,public:getticker,200,40632.42244720459,unchanged
1789290323.5369213,1789290328.389842,4852.920770645142,private:getpermissions,200,40632.42244720459,unchanged
1789290353.129653,1789290353.1652255,35.57252883911133,public:getticker,200,36930.64332008362,ok
1789290353.1652422,1789290353.2125266,47.28436470031738,private:getpermissions,200,36930.64332008362,ok
1789290383.130815,1789290383.1653016,34.48653221130371,public:getticker,200,66927.19531059265,unchanged
1789290383.1653197,1789290383.2090786,43.75886917114258,private:getpermissions,200,66927.19531059265,unchanged
1789290413.1317155,1789290413.193988,62.27254867553711,public:getticker,200,96959.65123176575,unchanged
1789290413.1940305,1789290413.241523,47.49250411987305,private:getpermissions,200,96959.65123176575,unchanged
1789290443.132301,1789290443.1923947,60.09364128112793,public:getticker,200,126953.06968688965,unchanged
1789290443.192412,1789290443.2349305,42.51861572265625,private:getpermissions,200,126953.06968688965,unchanged
1789290473.1335657,1789290473.184486,50.92024803161621,public:getticker,200,156955.2822113037,unchanged
1789290473.1845055,1789290473.2371664,52.66094207763672,private:getpermissions,200,156955.2822113037,unchanged
1789290503.1342552,1789290503.1876497,53.39455604553223,public:getticker,200,186980.1962375641,unchanged
1789290503.1876712,1789290503.2620804,74.40924644470215,private:getpermissions,200,186980.1962375641,unchanged
1789290533.13512,1789290533.1728714,37.75143623352051,public:getticker,200,216933.8572025299,unchanged
1789290533.1728878,1789290533.2157388,42.85097122192383,private:getpermissions,200,216933.8572025299,unchanged
1789290563.1365669,1789290563.1962698,59.70287322998047,public:getticker,200,246968.78051757812,unchanged
1789290563.196288,1789290563.2506647,54.37660217285156,private:getpermissions,200,246968.78051757812,unchanged
1789290593.1370513,1789290593.1555197,18.468379974365234,public:getticker,200,276928.2736778259,unchanged
1789290593.1555374,1789290593.2101574,54.62002754211426,private:getpermissions,200,276928.2736778259,unchanged
1789290623.1384993,1789290623.1623864,23.887157440185547,public:getticker,200,306923.312664032,unchanged
1789290623.162438,1789290623.2051697,42.73176193237305,private:getpermissions,200,306923.312664032,unchanged
1789290653.1394732,1789290653.1826034,43.13015937805176,public:getticker,200,336947.4515914917,unchanged
1789290653.1826212,1789290653.2293348,46.71359062194824,private:getpermissions,200,336947.4515914917,unchanged
1789290683.1410122,1789290683.1636631,22.650957107543945,public:getticker,200,,no_ticker_seen
1789290683.1636913,1789290683.209295,45.60375213623047,private:getpermissions,200,,no_ticker_seen
1789290713.14197,1789290713.1643593,22.38941192626953,public:getticker,200,,unchanged
1789290713.164377,1789290713.223073,58.69603157043457,private:getpermissions,200,,unchanged
1789290743.1435204,1789290743.1609766,17.4562931060791,public:getticker,200,628.0643939971924,ok
1789290743.1609938,1789290743.2016962,40.70234298706055,private:getpermissions,200,628.0643939971924,ok
1789290773.1441352,1789290773.1824913,38.35606575012207,public:getticker,200,30654.258012771606,unchanged
1789290773.182512,1789290773.2278888,45.37677764892578,private:getpermissions,200,30654.258012771606,unchanged
1789290803.1463857,1789290803.2012386,54.852962493896484,public:getticker,200,756.0019493103027,ok
1789290803.2012699,1789290803.254687,53.417205810546875,private:getpermissions,200,756.0019493103027,ok
1789290833.147161,1789290833.1686044,21.44336700439453,public:getticker,200,30827.33678817749,unchanged
1789290833.1686208,1789290833.3260245,157.40370750427246,private:getpermissions,200,30827.33678817749,unchanged
1789290863.1487107,1789290863.1674063,18.695592880249023,public:getticker,200,486.8457317352295,ok
1789290863.1674404,1789290863.2119467,44.50631141662598,private:getpermissions,200,486.8457317352295,ok
1789290893.14933,1789290893.1685226,19.19269561767578,public:getticker,200,30503.57484817505,unchanged
1789290893.1685405,1789290893.2286737,60.13321876525879,private:getpermissions,200,30503.57484817505,unchanged
1789290923.1512003,1789290923.1888115,37.61124610900879,public:getticker,200,802.2730350494385,ok
1789290923.1888423,1789290923.2461085,57.2662353515625,private:getpermissions,200,802.2730350494385,ok
1789290953.151776,1789290953.190356,38.57994079589844,public:getticker,200,30787.933588027954,unchanged
1789290953.1903749,1789290953.2317572,41.3823127746582,private:getpermissions,200,30787.933588027954,unchanged
1789290983.1536593,1789290983.1748166,21.157264709472656,public:getticker,200,693.6662197113037,ok
1789290983.1748576,1789290983.216036,41.17846488952637,private:getpermissions,200,693.6662197113037,ok
1789291013.1546335,1789291013.198353,43.71953010559082,public:getticker,200,30720.41893005371,unchanged
1789291013.1983764,1789291013.242789,44.41261291503906,private:getpermissions,200,30720.41893005371,unchanged
1789291043.1571987,1789291043.1962042,39.00551795959473,public:getticker,200,454.2076587677002,ok
1789291043.1962368,1789291043.2598748,63.63797187805176,private:getpermissions,200,454.2076587677002,ok
1789291073.1575994,1789291073.2027736,45.17412185668945,public:getticker,200,30463.27829360962,unchanged
1789291073.2027977,1789291073.268956,66.15829467773438,private:getpermissions,200,30463.27829360962,unchanged
1789291103.1585653,1789291103.1989212,40.35592079162598,public:getticker,200,369.8885440826416,ok
1789291103.1991367,1789291103.2457972,46.660423278808594,private:getpermissions,200,369.8885440826416,ok
1789291133.1592338,1789291133.2073276,48.09379577636719,public:getticker,200,30376.593351364136,unchanged
1789291133.2073557,1789291133.2524974,45.14169692993164,private:getpermissions,200,30376.593351364136,unchanged
1789291163.161282,1789291163.2032568,41.974782943725586,public:getticker,200,60409.19733047485,unchanged
1789291163.2032852,1789291163.2851043,81.81905746459961,private:getpermissions,200,60409.19733047485,unchanged
1789291193.220789,1789291193.3097925,89.0035629272461,public:getticker,200,30089.79868888855,ok
1789291193.3098087,1789291193.3880723,78.26352119445801,private:getpermissions,200,30089.79868888855,ok
1789291223.164216,1789291223.2767012,112.48517036437988,public:getticker,200,60057.323694229126,unchanged
1789291223.2767231,1789291223.3555977,78.87458801269531,private:getpermissions,200,60057.323694229126,unchanged
1789291253.1648748,1789291253.2013526,36.47780418395996,public:getticker,200,29978.352308273315,ok
1789291253.2013721,1789291253.3346894,133.317232131958,private:getpermissions,200,29978.352308273315,ok
1789291283.1651812,1789291283.392963,227.7817726135254,public:getticker,200,-233.81876945495605,ok
1789291283.3929849,1789291283.4426744,49.689531326293945,private:getpermissions,200,-233.81876945495605,ok
1789291313.1654258,1789291313.1984315,33.005714416503906,public:getticker,200,29606.34970664978,unchanged
1789291313.1984491,1789291313.2828426,84.39350128173828,private:getpermissions,200,29606.34970664978,unchanged
1789291343.1685197,1789291343.282346,113.82627487182617,public:getticker,200,59714.36810493469,unchanged
1789291343.282363,1789291343.3908532,108.4902286529541,private:getpermissions,200,59714.36810493469,unchanged
1789291373.1690767,1789291373.2246795,55.6027889251709,public:getticker,200,27025.267124176025,ok
1789291373.224696,1789291373.287057,62.36100196838379,private:getpermissions,200,27025.267124176025,ok
1789291403.1699996,1789291403.22057,50.57048797607422,public:getticker,200,57014.66107368469,unchanged
1789291403.2206008,1789291403.2764611,55.860280990600586,private:getpermissions,200,57014.66107368469,unchanged
1789291433.1704202,1789291433.1889305,18.51034164428711,public:getticker,200,25567.09885597229,ok
1789291433.18895,1789291433.2403884,51.438331604003906,private:getpermissions,200,25567.09885597229,ok
1789291463.1708345,1789291463.2170782,46.24366760253906,public:getticker,200,55590.00372886658,unchanged
1789291463.2170954,1789291463.263286,46.190738677978516,private:getpermissions,200,55590.00372886658,unchanged
1789291493.1712842,1789291493.2253246,54.04043197631836,public:getticker,200,25232.331037521362,ok
1789291493.2253437,1789291493.2694123,44.06857490539551,private:getpermissions,200,25232.331037521362,ok
1789291523.171507,1789291523.2960424,124.53556060791016,public:getticker,200,56573.04859161377,unchanged
1789291523.2961047,1789291524.6101418,1314.0370845794678,private:getpermissions,200,56573.04859161377,unchanged
1789291553.1724331,1789291553.2222302,49.79705810546875,public:getticker,200,25161.728143692017,ok
1789291553.2222528,1789291553.2829132,60.660362243652344,private:getpermissions,200,25161.728143692017,ok
1789291583.1732385,1789291583.2212882,48.0496883392334,public:getticker,200,55149.78289604187,unchanged
1789291583.2213082,1789291583.2709672,49.659013748168945,private:getpermissions,200,55149.78289604187,unchanged
1789291613.1741457,1789291613.2577264,83.58073234558105,public:getticker,200,24552.91724205017,ok
1789291613.2578468,1789291613.3466332,88.78636360168457,private:getpermissions,200,24552.91724205017,ok
1789291643.1751273,1789291643.2095606,34.43336486816406,public:getticker,200,54458.736419677734,unchanged
1789291643.209578,1789291643.2524433,42.86527633666992,private:getpermissions,200,54458.736419677734,unchanged
1789291673.1757336,1789291673.2139406,38.207054138183594,public:getticker,200,24645.120859146118,ok
1789291673.2139673,1789291673.2611444,47.17707633972168,private:getpermissions,200,24645.120859146118,ok
1789291703.1759605,1789291703.217233,41.27240180969238,public:getticker,200,54684.67473983765,unchanged
1789291703.2172508,1789291703.3007047,83.45389366149902,private:getpermissions,200,54684.67473983765,unchanged
1789291733.1773515,1789291733.2350016,57.650089263916016,public:getticker,200,24775.835514068604,ok
1789291733.235022,1789291733.2771153,42.09327697753906,private:getpermissions,200,24775.835514068604,ok
1789291763.4334288,1789291763.5042908,70.8620548248291,public:getticker,200,55057.04069137573,unchanged
1789291763.5043113,1789291763.5583212,54.00991439819336,private:getpermissions,200,55057.04069137573,unchanged
1789291793.434411,1789291793.4731393,38.72823715209961,public:getticker,200,24339.16401863098,ok
1789291793.4731574,1789291793.5235195,50.36211013793945,private:getpermissions,200,24339.16401863098,ok
1789291823.4346356,1789291823.4784877,43.85209083557129,public:getticker,200,54338.279247283936,unchanged
1789291823.4785118,1789291823.5226338,44.12198066711426,private:getpermissions,200,54338.279247283936,unchanged
1789291853.4348884,1789291853.490043,55.15456199645996,public:getticker,200,24181.468725204468,ok
1789291853.4900706,1789291853.5746696,84.59901809692383,private:getpermissions,200,24181.468725204468,ok
1789291883.4355667,1789291883.46217,26.603221893310547,public:getticker,200,54137.31026649475,unchanged
1789291883.462202,1789291883.530516,68.3138370513916,private:getpermissions,200,54137.31026649475,unchanged
1789291913.436485,1789291913.478081,41.5959358215332,public:getticker,200,24055.13286590576,ok
1789291913.4781008,1789291913.524731,46.630144119262695,private:getpermissions,200,24055.13286590576,ok
1789291943.437158,1789291943.4785178,41.359663009643555,public:getticker,200,54079.598903656006,unchanged
1789291943.478536,1789291943.5491862,70.65033912658691,private:getpermissions,200,54079.598903656006,unchanged
1789291973.4377358,1789291973.454148,16.41225814819336,public:getticker,200,24030.118227005005,ok
1789291973.4541676,1789291973.4923286,38.16103935241699,private:getpermissions,200,24030.118227005005,ok
1789292003.438469,1789292003.4561548,17.685890197753906,public:getticker,200,54042.53077507019,unchanged
1789292003.456192,1789292003.5047495,48.55751991271973,private:getpermissions,200,54042.53077507019,unchanged
1789292033.4393113,1789292033.4664667,27.155399322509766,public:getticker,200,22902.80795097351,ok
1789292033.4664843,1789292033.5261972,59.712886810302734,private:getpermissions,200,22902.80795097351,ok
1789292063.440466,1789292063.4596457,19.179821014404297,public:getticker,200,52877.43282318115,unchanged
1789292063.4596632,1789292063.5008337,41.170597076416016,private:getpermissions,200,52877.43282318115,unchanged
1789292093.4415646,1789292093.4917583,50.19378662109375,public:getticker,200,23020.610332489014,ok
1789292093.4917774,1789292093.5509148,59.13734436035156,private:getpermissions,200,23020.610332489014,ok
1789292123.442518,1789292123.479131,36.61298751831055,public:getticker,200,53005.88130950928,unchanged
1789292123.4791489,1789292123.5361826,57.03377723693848,private:getpermissions,200,53005.88130950928,unchanged
1789292153.4432218,1789292153.461924,18.702268600463867,public:getticker,200,22859.06982421875,ok
1789292153.4619431,1789292153.5182366,56.293487548828125,private:getpermissions,200,22859.06982421875,ok
1789292183.4440317,1789292183.4721925,28.160810470581055,public:getticker,200,52917.29998588562,unchanged
1789292183.4722192,1789292183.5764575,104.23827171325684,private:getpermissions,200,52917.29998588562,unchanged
1789292213.446367,1789292213.4863355,39.96849060058594,public:getticker,200,22348.403453826904,ok
1789292213.486372,1789292213.5320404,45.66836357116699,private:getpermissions,200,22348.403453826904,ok
1789292243.447537,1789292243.4862726,38.73562812805176,public:getticker,200,52348.66738319397,unchanged
1789292243.4862893,1789292243.5323126,46.02336883544922,private:getpermissions,200,52348.66738319397,unchanged
1789292273.448274,1789292273.4818053,33.53142738342285,public:getticker,200,21161.961555480957,ok
1789292273.4818249,1789292273.5223522,40.52734375,private:getpermissions,200,21161.961555480957,ok
1789292303.4491165,1789292303.4813075,32.19103813171387,public:getticker,200,51163.51294517517,unchanged
1789292303.48135,1789292303.5238483,42.49835014343262,private:getpermissions,200,51163.51294517517,unchanged
1789292333.450626,1789292333.4968743,46.248435974121094,public:getticker,200,21346.991539001465,ok
1789292333.5389922,1789292333.6075525,68.56036186218262,private:getpermissions,200,21346.991539001465,ok
1789292363.4519615,1789292363.494231,42.26946830749512,public:getticker,200,51278.39636802673,unchanged
1789292363.4942522,1789292363.538957,44.70491409301758,private:getpermissions,200,51278.39636802673,unchanged
1789292393.4532022,1789292393.4710612,17.85898208618164,public:getticker,200,20242.151021957397,ok
1789292393.4710815,1789292393.528775,57.6934814453125,private:getpermissions,200,20242.151021957397,ok
1789292423.454318,1789292424.0052054,550.8873462677002,public:getticker,200,50785.83884239197,unchanged
1789292424.0052407,1789292424.072464,67.22331047058105,private:getpermissions,200,50785.83884239197,unchanged
1789292453.4556646,1789292453.5015197,45.855045318603516,public:getticker,200,19939.003705978394,ok
1789292453.5015373,1789292453.555678,54.140567779541016,private:getpermissions,200,19939.003705978394,ok
1789292483.4559119,1789292483.5731976,117.28572845458984,public:getticker,200,50016.72339439392,unchanged
1789292483.5732174,1789292483.6334112,60.193777084350586,private:getpermissions,200,50016.72339439392,unchanged
1789292513.4574926,1789292513.4955375,38.04492950439453,public:getticker,200,19970.487594604492,ok
1789292513.4955797,1789292513.5586863,63.106536865234375,private:getpermissions,200,19970.487594604492,ok
1789292543.4585211,1789292543.4967408,38.21969032287598,public:getticker,200,50008.02946090698,unchanged
1789292543.496759,1789292543.5962298,99.47085380554199,private:getpermissions,200,50008.02946090698,unchanged
1789292573.459596,1789292573.4789972,19.40131187438965,public:getticker,200,19403.958082199097,ok
1789292573.4790149,1789292573.5446281,65.6132698059082,private:getpermissions,200,19403.958082199097,ok
1789292603.460595,1789292603.6914027,230.80778121948242,public:getticker,200,49598.007678985596,unchanged
1789292603.6914518,1789292603.738677,47.225236892700195,private:getpermissions,200,49598.007678985596,unchanged
1789292633.462643,1789292633.5017145,39.07155990600586,public:getticker,200,19701.740503311157,ok
1789292633.501763,1789292633.5676785,65.91534614562988,private:getpermissions,200,19701.740503311157,ok
1789292663.4628031,1789292663.514385,51.58185958862305,public:getticker,200,49704.58745956421,unchanged
1789292663.514411,1789292663.570526,56.114912033081055,private:getpermissions,200,49704.58745956421,unchanged
1789292693.4630299,1789292693.5021677,39.137840270996094,public:getticker,200,19729.055166244507,ok
1789292693.502186,1789292693.5454428,43.25675964355469,private:getpermissions,200,19729.055166244507,ok
1789292723.4643426,1789292723.55028,85.9375,public:getticker,200,49804.16178703308,unchanged
1789292723.5503037,1789292723.620548,70.24431228637695,private:getpermissions,200,49804.16178703308,unchanged
1789292753.464567,1789292753.5704923,105.92532157897949,public:getticker,200,19454.309940338135,ok
1789292753.570512,1789292753.613183,42.67096519470215,private:getpermissions,200,19454.309940338135,ok
1789292783.4650445,1789292783.5118737,46.8292236328125,public:getticker,200,49408.79821777344,unchanged
1789292783.5118928,1789292783.5676675,55.774688720703125,private:getpermissions,200,49408.79821777344,unchanged
1789292813.4658985,1789292813.5047812,38.88273239135742,public:getticker,200,18942.79670715332,ok
1789292813.504799,1789292813.5480964,43.297529220581055,private:getpermissions,200,18942.79670715332,ok
1789292843.4677987,1789292843.51698,49.181222915649414,public:getticker,200,49060.59432029724,unchanged
1789292843.5170379,1789292843.665889,148.8511562347412,private:getpermissions,200,49060.59432029724,unchanged
1789292873.4680371,1789292873.4852154,17.17829704284668,public:getticker,200,17990.35596847534,ok
1789292873.485231,1789292873.5258932,40.662288665771484,private:getpermissions,200,17990.35596847534,ok
1789292903.4686232,1789292903.5054958,36.87262535095215,public:getticker,200,48050.68278312683,unchanged
1789292903.5055134,1789292903.5862122,80.69872856140137,private:getpermissions,200,48050.68278312683,unchanged
1789292933.4695716,1789292933.5102286,40.65704345703125,public:getticker,200,17344.910621643066,ok
1789292933.5102458,1789292933.5490184,38.7725830078125,private:getpermissions,200,17344.910621643066,ok
1789292963.4709685,1789292963.5097103,38.7418270111084,public:getticker,200,47355.045557022095,unchanged
1789292963.5097358,1789292963.5591516,49.41582679748535,private:getpermissions,200,47355.045557022095,unchanged
1789292993.4711304,1789292993.508056,36.925554275512695,public:getticker,200,16867.29073524475,ok
1789292993.5080738,1789292993.5605578,52.48403549194336,private:getpermissions,200,16867.29073524475,ok
1789293023.4715953,1789293024.1597388,688.1434917449951,public:getticker,200,47511.76428794861,unchanged
1789293024.159761,1789293024.2050796,45.318603515625,private:getpermissions,200,47511.76428794861,unchanged
1789293053.4724364,1789293053.5242095,51.7730712890625,public:getticker,200,15960.54482460022,ok
1789293053.524227,1789293053.639726,115.49901962280273,private:getpermissions,200,15960.54482460022,ok
1789293083.4731534,1789293083.5255725,52.419185638427734,public:getticker,200,45929.5608997345,unchanged
1789293083.5255935,1789293083.6087353,83.14180374145508,private:getpermissions,200,45929.5608997345,unchanged
1789293113.4739377,1789293113.5124073,38.469552993774414,public:getticker,200,15734.278917312622,ok
1789293113.5124493,1789293113.5685134,56.06412887573242,private:getpermissions,200,15734.278917312622,ok
1789293143.475632,1789293143.535999,60.36710739135742,public:getticker,200,45764.70375061035,unchanged
1789293143.5360155,1789293143.598949,62.93344497680664,private:getpermissions,200,45764.70375061035,unchanged
1789293173.4758997,1789293173.5196078,43.708086013793945,public:getticker,200,15728.254079818726,ok
1789293173.519627,1789293173.5875266,67.89946556091309,private:getpermissions,200,15728.254079818726,ok
1789293203.47821,1789293203.5162303,38.02037239074707,public:getticker,200,45725.97098350525,unchanged
1789293203.5162745,1789293203.5852425,68.96805763244629,private:getpermissions,200,45725.97098350525,unchanged
1789293233.478751,1789293233.5839221,105.17120361328125,public:getticker,200,15975.789785385132,ok
1789293233.583939,1789293233.643531,59.59200859069824,private:getpermissions,200,15975.789785385132,ok
1789293263.479841,1789293263.5163941,36.553144454956055,public:getticker,200,45898.157596588135,unchanged
1789293263.5164149,1789293263.5658996,49.4847297668457,private:getpermissions,200,45898.157596588135,unchanged
1789293293.4808135,1789293293.523584,42.7703857421875,public:getticker,200,15910.88342666626,ok
1789293293.523615,1789293293.5798247,56.20980262756348,private:getpermissions,200,15910.88342666626,ok
1789293323.490621,1789293323.5438466,53.22551727294922,public:getticker,200,45915.27533531189,unchanged
1789293323.5438664,1789293323.5842175,40.351152420043945,private:getpermissions,200,45915.27533531189,unchanged
1789293353.48897,1789293353.506302,17.332077026367188,public:getticker,200,15890.734672546387,ok
1789293353.506321,1789293353.5708246,64.50366973876953,private:getpermissions,200,15890.734672546387,ok
1789293383.489294,1789293383.5292573,39.9632453918457,public:getticker,200,45924.80945587158,unchanged
1789293383.5517397,1789293383.604897,53.15732955932617,private:getpermissions,200,45924.80945587158,unchanged
1789293413.490401,1789293413.5293324,38.93136978149414,public:getticker,200,15111.308574676514,ok
1789293413.5293572,1789293413.579698,50.340890884399414,private:getpermissions,200,15111.308574676514,ok
1789293443.491406,1789293443.5288336,37.427663803100586,public:getticker,200,45100.000619888306,unchanged
1789293443.5288596,1789293443.568392,39.53242301940918,private:getpermissions,200,45100.000619888306,unchanged
1789293473.4924316,1789293473.5396779,47.24621772766113,public:getticker,200,15152.607917785645,ok
1789293473.5396962,1789293473.586058,46.361684799194336,private:getpermissions,200,15152.607917785645,ok
1789293503.4933188,1789293503.5515535,58.23469161987305,public:getticker,200,45161.795139312744,unchanged
1789293503.5515716,1789293503.5952353,43.663740158081055,private:getpermissions,200,45161.795139312744,unchanged
1789293533.4935668,1789293533.6212182,127.65145301818848,public:getticker,200,13424.972295761108,ok
1789293533.6212425,1789293533.688293,67.05045700073242,private:getpermissions,200,13424.972295761108,ok
1789293563.4944417,1789293563.5699146,75.47283172607422,public:getticker,200,43351.16529464722,unchanged
1789293563.5699317,1789293563.6144874,44.5556640625,private:getpermissions,200,43351.16529464722,unchanged
1789293593.4952044,1789293593.5161393,20.9348201751709,public:getticker,200,12430.672645568848,ok
1789293593.5161602,1789293593.5628324,46.67210578918457,private:getpermissions,200,12430.672645568848,ok
1789293623.4957337,1789293623.5457413,50.00758171081543,public:getticker,200,42549.882650375366,unchanged
1789293623.5458093,1789293623.6820407,136.2314224243164,private:getpermissions,200,42549.882650375366,unchanged
1789293653.4965827,1789293654.2360768,739.4940853118896,public:getticker,200,12512.89439201355,ok
1789293654.2361012,1789293654.2947652,58.66408348083496,private:getpermissions,200,12512.89439201355,ok
1789293683.497636,1789293683.6069014,109.26532745361328,public:getticker,200,41881.47974014282,unchanged
1789293683.6069212,1789293683.663351,56.42986297607422,private:getpermissions,200,41881.47974014282,unchanged
1789293713.4984612,1789293713.594054,95.59273719787598,public:getticker,200,11369.504451751709,ok
1789293713.594073,1789293713.6691322,75.05917549133301,private:getpermissions,200,11369.504451751709,ok
1789293743.4995613,1789293743.6622956,162.7342700958252,public:getticker,200,41424.806356430054,unchanged
1789293743.662313,1789293743.7244434,62.13045120239258,private:getpermissions,200,41424.806356430054,unchanged
1789293773.4999988,1789293773.5436127,43.61391067504883,public:getticker,200,11739.655256271362,ok
1789293773.5436316,1789293773.6004956,56.864023208618164,private:getpermissions,200,11739.655256271362,ok
1789293803.500268,1789293803.5260584,25.79045295715332,public:getticker,200,41732.41972923279,unchanged
1789293803.526081,1789293803.5932617,67.18063354492188,private:getpermissions,200,41732.41972923279,unchanged
1789293833.5015318,1789293833.5205686,19.03676986694336,public:getticker,200,10271.156311035156,ok
1789293833.5205865,1789293833.6183987,97.81217575073242,private:getpermissions,200,10271.156311035156,ok
1789293863.5026245,1789293863.5810933,78.46879959106445,public:getticker,200,40289.07060623169,unchanged
1789293863.5811126,1789293863.636309,55.196285247802734,private:getpermissions,200,40289.07060623169,unchanged
1789293893.5030172,1789293893.7511013,248.08406829833984,public:getticker,200,10407.786130905151,ok
1789293893.7511187,1789293893.805062,53.94339561462402,private:getpermissions,200,10407.786130905151,ok
1789293923.5032418,1789293923.5216322,18.390417098999023,public:getticker,200,40170.337200164795,unchanged
1789293923.5216498,1789293923.5676188,45.96900939941406,private:getpermissions,200,40170.337200164795,unchanged
1789293953.5035715,1789293953.5712526,67.68107414245605,public:getticker,200,10132.657527923584,ok
1789293953.571275,1789293953.6589203,87.64529228210449,private:getpermissions,200,10132.657527923584,ok
1789293983.5042582,1789293983.5942175,89.95938301086426,public:getticker,200,40114.91632461548,unchanged
1789293983.5942342,1789293983.641179,46.94485664367676,private:getpermissions,200,40114.91632461548,unchanged
1789294013.5045886,1789294013.5443006,39.711952209472656,public:getticker,200,10116.721153259277,ok
1789294013.5443377,1789294013.6094797,65.14191627502441,private:getpermissions,200,10116.721153259277,ok
1789294043.5052752,1789294043.547584,42.308807373046875,public:getticker,200,40097.8741645813,unchanged
1789294043.5476093,1789294043.590647,43.03765296936035,private:getpermissions,200,40097.8741645813,unchanged
1789294073.5085964,1789294073.5386176,30.021190643310547,public:getticker,200,9634.478092193604,ok
1789294073.5387392,1789294073.5927129,53.97367477416992,private:getpermissions,200,9634.478092193604,ok
1789294103.5089707,1789294103.5524986,43.527841567993164,public:getticker,200,39641.69096946716,unchanged
1789294103.5525262,1789294103.599927,47.400712966918945,private:getpermissions,200,39641.69096946716,unchanged
1789294133.5123572,1789294133.5455694,33.21218490600586,public:getticker,200,8716.372728347778,ok
1789294133.5455964,1789294133.593103,47.50657081604004,private:getpermissions,200,8716.372728347778,ok
1789294163.5129726,1789294163.5358946,22.922039031982422,public:getticker,200,38712.31937408447,unchanged
1789294163.535917,1789294163.5890527,53.13563346862793,private:getpermissions,200,38712.31937408447,unchanged
1789294193.5133038,1789294193.5620656,48.761844635009766,public:getticker,200,8634.58514213562,ok
1789294193.5620837,1789294193.619367,57.28316307067871,private:getpermissions,200,8634.58514213562,ok
1789294223.5136087,1789294223.6484883,134.87958908081055,public:getticker,200,38735.81147193909,unchanged
1789294223.6485054,1789294223.7205937,72.08824157714844,private:getpermissions,200,38735.81147193909,unchanged
1789294253.5144095,1789294253.5599985,45.58897018432617,public:getticker,200,8509.603023529053,ok
1789294253.5600157,1789294253.6097252,49.70955848693848,private:getpermissions,200,8509.603023529053,ok
1789294283.5148048,1789294283.584298,69.49305534362793,public:getticker,200,38526.14903450012,unchanged
1789294283.5843163,1789294283.626268,41.951656341552734,private:getpermissions,200,38526.14903450012,unchanged
1789294313.5154254,1789294313.5768247,61.399221420288086,public:getticker,200,8311.604976654053,ok
1789294313.576841,1789294313.645609,68.76778602600098,private:getpermissions,200,8311.604976654053,ok
1789294343.5162063,1789294344.2198122,703.6058902740479,public:getticker,200,38928.38668823242,unchanged
1789294344.2198308,1789294344.2623847,42.55390167236328,private:getpermissions,200,38928.38668823242,unchanged
1789294373.5177326,1789294373.5651524,47.41978645324707,public:getticker,200,7127.892971038818,ok
1789294373.5651708,1789294373.6194503,54.27956581115723,private:getpermissions,200,7127.892971038818,ok
1789294403.5182283,1789294403.5714946,53.266286849975586,public:getticker,200,37183.804750442505,unchanged
1789294403.5715108,1789294403.6753626,103.8517951965332,private:getpermissions,200,37183.804750442505,unchanged
1789294433.5201545,1789294433.557133,36.97848320007324,public:getticker,200,6988.62361907959,ok
1789294433.5571516,1789294433.6268237,69.6721076965332,private:getpermissions,200,6988.62361907959,ok
1789294463.5209374,1789294463.5571663,36.22889518737793,public:getticker,200,36975.66747665405,unchanged
1789294463.557195,1789294463.6138678,56.67281150817871,private:getpermissions,200,36975.66747665405,unchanged
1789294493.5217018,1789294493.5770423,55.34052848815918,public:getticker,200,7028.7675857543945,ok
1789294493.5770624,1789294493.6259658,48.903465270996094,private:getpermissions,200,7028.7675857543945,ok
1789294523.5951076,1789294523.6172268,22.11928367614746,public:getticker,200,37064.64719772339,unchanged
1789294523.6172488,1789294523.6618454,44.59667205810547,private:getpermissions,200,37064.64719772339,unchanged
1789294553.5958848,1789294553.6540751,58.190345764160156,public:getticker,200,6619.1816329956055,ok
1789294553.6540935,1789294553.696513,42.41943359375,private:getpermissions,200,6619.1816329956055,ok
1789294583.5961006,1789294583.66517,69.06938552856445,public:getticker,200,36661.90195083618,unchanged
1789294583.665187,1789294583.7392442,74.05734062194824,private:getpermissions,200,36661.90195083618,unchanged
1789294613.5968394,1789294614.3635914,766.7520046234131,public:getticker,200,8791.748523712158,ok
1789294614.3636088,1789294616.4917681,2128.159284591675,private:getpermissions,200,8791.748523712158,ok
1789294643.59716,1789294643.6326447,35.48455238342285,public:getticker,200,35979.09712791443,unchanged
1789294643.632681,1789294643.679118,46.43702507019043,private:getpermissions,200,35979.09712791443,unchanged
1789294673.5974946,1789294673.6414838,43.98918151855469,public:getticker,200,4739.589214324951,ok
1789294673.6414993,1789294673.685824,44.324636459350586,private:getpermissions,200,4739.589214324951,ok
1789294703.5979223,1789294703.6587105,60.78815460205078,public:getticker,200,34781.879901885986,unchanged
1789294703.6587315,1789294703.728097,69.3655014038086,private:getpermissions,200,34781.879901885986,unchanged
1789294733.59936,1789294733.7083676,109.00759696960449,public:getticker,200,4483.086585998535,ok
1789294733.708396,1789294733.785181,76.78508758544922,private:getpermissions,200,4483.086585998535,ok
1789294763.6000206,1789294763.6356533,35.63261032104492,public:getticker,200,34392.030239105225,unchanged
1789294763.6356711,1789294763.6941245,58.45332145690918,private:getpermissions,200,34392.030239105225,unchanged
1789294793.6015453,1789294793.6527216,51.17630958557129,public:getticker,200,4175.950288772583,ok
1789294793.6527383,1789294793.701671,48.932552337646484,private:getpermissions,200,4175.950288772583,ok
1789294823.6017478,1789294823.6200373,18.289566040039062,public:getticker,200,34187.331199645996,unchanged
1789294823.6494846,1789294823.713057,63.57240676879883,private:getpermissions,200,34187.331199645996,unchanged
1789294853.6051822,1789294853.6219954,16.813278198242188,public:getticker,200,3903.351306915283,ok
1789294853.622014,1789294853.6734085,51.39446258544922,private:getpermissions,200,3903.351306915283,ok
1789294883.6055596,1789294883.6403432,34.78360176086426,public:getticker,200,33911.67950630188,unchanged
1789294883.6403604,1789294883.68175,41.38970375061035,private:getpermissions,200,33911.67950630188,unchanged
1789294913.607491,1789294913.65187,44.37899589538574,public:getticker,200,3899.3518352508545,ok
1789294913.6518881,1789294913.697778,45.889854431152344,private:getpermissions,200,3899.3518352508545,ok
1789294943.608549,1789294943.6503098,41.76068305969238,public:getticker,200,33908.01668167114,unchanged
1789294943.6503303,1789294943.7064257,56.09536170959473,private:getpermissions,200,33908.01668167114,unchanged
1789294973.6092782,1789294973.6517897,42.5114631652832,public:getticker,200,4063.4350776672363,ok
1789294973.6518104,1789294973.6946633,42.85287857055664,private:getpermissions,200,4063.4350776672363,ok
1789295003.6100469,1789295003.6534698,43.42293739318848,public:getticker,200,34067.683935165405,unchanged
1789295003.6534894,1789295003.6989117,45.42231559753418,private:getpermissions,200,34067.683935165405,unchanged
1789295033.6115673,1789295033.6298442,18.27692985534668,public:getticker,200,3872.1745014190674,ok
1789295033.6298666,1789295033.6960676,66.20097160339355,private:getpermissions,200,3872.1745014190674,ok
1789295063.612431,1789295063.649138,36.70692443847656,public:getticker,200,33869.58956718445,unchanged
1789295063.6491551,1789295063.6934838,44.32868957519531,private:getpermissions,200,33869.58956718445,unchanged
1789295093.613808,1789295093.6649716,51.163673400878906,public:getticker,200,3666.2697792053223,ok
1789295093.664997,1789295093.723163,58.165788650512695,private:getpermissions,200,3666.2697792053223,ok
1789295123.6143005,1789295123.6803873,66.0867691040039,public:getticker,200,33700.74415206909,unchanged
1789295123.6804173,1789295123.7576377,77.22043991088867,private:getpermissions,200,33700.74415206909,unchanged
1789295153.6173635,1789295153.6546187,37.255287170410156,public:getticker,200,3321.699857711792,ok
1789295153.6546443,1789295153.6964839,41.839599609375,private:getpermissions,200,3321.699857711792,ok
1789295183.618005,1789295183.6546206,36.615610122680664,public:getticker,200,33320.10078430176,unchanged
1789295183.6546366,1789295183.6948874,40.25077819824219,private:getpermissions,200,33320.10078430176,unchanged
1789295213.619109,1789295213.6726978,53.5888671875,public:getticker,200,3343.799352645874,ok
1789295213.672717,1789295213.7218542,49.137115478515625,private:getpermissions,200,3343.799352645874,ok
1789295243.6192684,1789295243.6576295,38.3610725402832,public:getticker,200,33321.144104003906,unchanged
1789295243.6576464,1789295243.699194,41.547536849975586,private:getpermissions,200,33321.144104003906,unchanged
1789295273.6198258,1789295273.7964935,176.6676902770996,public:getticker,200,2805.8319091796875,ok
1789295273.796513,1789295274.027814,231.30083084106445,private:getpermissions,200,2805.8319091796875,ok
1789295303.6200979,1789295303.6689718,48.8739013671875,public:getticker,200,32484.745264053345,unchanged
1789295303.6689959,1789295303.7067468,37.750959396362305,private:getpermissions,200,32484.745264053345,unchanged
1789295333.620525,1789295333.6669853,46.46039009094238,public:getticker,200,228.03783416748047,ok
1789295333.6670036,1789295333.719827,52.82330513000488,private:getpermissions,200,228.03783416748047,ok
1789295363.621095,1789295363.6641347,43.039798736572266,public:getticker,200,30233.962059020996,unchanged
1789295363.6641526,1789295363.72575,61.597347259521484,private:getpermissions,200,30233.962059020996,unchanged
1789295393.6214387,1789295393.6577454,36.30661964416504,public:getticker,200,57.915449142456055,ok
1789295393.659493,1789295393.7480185,88.52553367614746,private:getpermissions,200,57.915449142456055,ok
1789295423.6220279,1789295423.6700988,48.07090759277344,public:getticker,200,30030.357837677002,unchanged
1789295423.670146,1789295423.7204702,50.324201583862305,private:getpermissions,200,30030.357837677002,unchanged
1789295453.6224866,1789295453.6627047,40.21811485290527,public:getticker,200,60018.37730407715,unchanged
1789295453.6627269,1789295453.708491,45.76420783996582,private:getpermissions,200,60018.37730407715,unchanged
1789295483.6229167,1789295483.6755805,52.66380310058594,public:getticker,200,28995.879650115967,ok
1789295483.6755989,1789295483.7214935,45.894622802734375,private:getpermissions,200,28995.879650115967,ok
1789295513.6231625,1789295513.6658182,42.65570640563965,public:getticker,200,58998.00705909729,unchanged
1789295513.6658401,1789295513.723632,57.791948318481445,private:getpermissions,200,58998.00705909729,unchanged
1789295543.6248782,1789295543.6633778,38.49959373474121,public:getticker,200,27512.932062149048,ok
1789295543.6634104,1789295543.7155056,52.09517478942871,private:getpermissions,200,27512.932062149048,ok
1789295573.6254153,1789295574.8969333,1271.5179920196533,public:getticker,200,60271.60334587097,unchanged
1789295574.8969502,1789295576.4741786,1577.228307723999,private:getpermissions,200,60271.60334587097,unchanged
1789295603.6262329,1789295605.0452497,1419.0168380737305,public:getticker,200,29667.394161224365,ok
1789295605.0452697,1789295606.1121035,1066.833734512329,private:getpermissions,200,29667.394161224365,ok
1789295633.6266556,1789295633.6627228,36.06724739074707,public:getticker,200,57469.074010849,unchanged
1789295633.6627414,1789295633.9137845,251.04308128356934,private:getpermissions,200,57469.074010849,unchanged
1789295663.6268904,1789295663.6714277,44.53730583190918,public:getticker,200,25541.468143463135,ok
1789295663.6714597,1789295663.7146065,43.14684867858887,private:getpermissions,200,25541.468143463135,ok
1789295693.6272058,1789295693.7031631,75.9572982788086,public:getticker,200,55576.15399360657,unchanged
1789295693.7031798,1789295693.7492921,46.1122989654541,private:getpermissions,200,55576.15399360657,unchanged
1789295723.628076,1789295723.6827898,54.71372604370117,public:getticker,200,25401.23724937439,ok
1789295723.682807,1789295723.7269862,44.17920112609863,private:getpermissions,200,25401.23724937439,ok
1789295753.6288896,1789295753.693893,65.0033950805664,public:getticker,200,55437.13283538818,unchanged
1789295753.693912,1789295753.7628694,68.95732879638672,private:getpermissions,200,55437.13283538818,unchanged
1789295783.629123,1789295783.6448379,15.714883804321289,public:getticker,200,25157.935857772827,ok
1789295783.6448581,1789295783.6900322,45.17412185668945,private:getpermissions,200,25157.935857772827,ok
1789295813.6301227,1789295813.6780252,47.902584075927734,public:getticker,200,55187.527656555176,unchanged
1789295813.6780787,1789295813.71963,41.55135154724121,private:getpermissions,200,55187.527656555176,unchanged
1789295843.631009,1789295843.6478677,16.858577728271484,public:getticker,200,25077.584266662598,ok
1789295843.6478894,1789295843.696502,48.61259460449219,private:getpermissions,200,25077.584266662598,ok
1789295873.6315956,1789295873.6706257,39.03007507324219,public:getticker,200,55114.74418640137,unchanged
1789295873.6706452,1789295873.7336574,63.012123107910156,private:getpermissions,200,55114.74418640137,unchanged
1789295903.6319067,1789295903.6483405,16.4337158203125,public:getticker,200,24855.197191238403,ok
1789295903.6483576,1789295903.6902723,41.91470146179199,private:getpermissions,200,24855.197191238403,ok
1789295933.6326795,1789295933.6852512,52.571773529052734,public:getticker,200,54910.08281707764,unchanged
1789295933.685271,1789295933.7451603,59.88931655883789,private:getpermissions,200,54910.08281707764,unchanged
1789295963.6333494,1789295963.6536179,20.26844024658203,public:getticker,200,24459.40661430359,ok
1789295963.653648,1789295963.712121,58.47311019897461,private:getpermissions,200,24459.40661430359,ok
1789295993.633991,1789295993.6770222,43.03121566772461,public:getticker,200,54468.26148033142,unchanged
1789295993.6770387,1789295993.7209754,43.936729431152344,private:getpermissions,200,54468.26148033142,unchanged
1789296023.634565,1789296023.6544328,19.867658615112305,public:getticker,200,20645.215272903442,ok
1789296023.6544516,1789296023.7623193,107.86771774291992,private:getpermissions,200,20645.215272903442,ok
1789296053.6355069,1789296053.755805,120.29814720153809,public:getticker,200,50683.263301849365,unchanged
1789296053.7558246,1789296053.8003693,44.54469680786133,private:getpermissions,200,50683.263301849365,unchanged
1789296083.6358218,1789296083.6808128,44.99101638793945,public:getticker,200,18208.293199539185,ok
1789296083.680875,1789296083.72634,45.46499252319336,private:getpermissions,200,18208.293199539185,ok
1789296113.6360803,1789296113.6589646,22.884368896484375,public:getticker,200,48178.45106124878,unchanged
1789296113.6590168,1789296113.6964965,37.47963905334473,private:getpermissions,200,48178.45106124878,unchanged
1789296143.8074515,1789296143.8323035,24.85203742980957,public:getticker,200,17835.731983184814,ok
1789296143.8323236,1789296144.0565977,224.2741584777832,private:getpermissions,200,17835.731983184814,ok
1789296173.809864,1789296173.8294587,19.594669342041016,public:getticker,200,47670.95708847046,unchanged
1789296173.829487,1789296173.8918285,62.34145164489746,private:getpermissions,200,47670.95708847046,unchanged
1789296203.8105717,1789296203.8456583,35.086631774902344,public:getticker,200,16045.12333869934,ok
1789296203.8456762,1789296203.8989348,53.258657455444336,private:getpermissions,200,16045.12333869934,ok
1789296233.8121245,1789296233.881943,69.81849670410156,public:getticker,200,46111.273527145386,unchanged
1789296233.906377,1789296233.9650838,58.70676040649414,private:getpermissions,200,46111.273527145386,unchanged
1789296263.8130825,1789296263.857043,43.9605712890625,public:getticker,200,15511.887788772583,ok
1789296263.8570688,1789296263.900011,42.94228553771973,private:getpermissions,200,15511.887788772583,ok
1789296293.8147366,1789296293.8544788,39.742231369018555,public:getticker,200,45543.843269348145,unchanged
1789296293.8545096,1789296293.9319656,77.45599746704102,private:getpermissions,200,45543.843269348145,unchanged
1789296323.8155231,1789296323.8653119,49.788713455200195,public:getticker,200,15834.913492202759,ok
1789296323.8653822,1789296323.9411578,75.7756233215332,private:getpermissions,200,15834.913492202759,ok
1789296353.8162258,1789296353.868603,52.37722396850586,public:getticker,200,45836.08412742615,unchanged
1789296353.8686233,1789296353.9423282,73.70495796203613,private:getpermissions,200,45836.08412742615,unchanged
1789296383.8179066,1789296383.8822381,64.3315315246582,public:getticker,200,13233.879089355469,ok
1789296383.8822582,1789296383.9365299,54.271697998046875,private:getpermissions,200,13233.879089355469,ok
1789296413.8195534,1789296413.8606238,41.07046127319336,public:getticker,200,43212.11647987366,unchanged
1789296413.8606558,1789296413.9147658,54.110050201416016,private:getpermissions,200,43212.11647987366,unchanged
1789296443.8205917,1789296443.8671532,46.561479568481445,public:getticker,200,13369.937658309937,ok
1789296443.867188,1789296443.9286118,61.42377853393555,private:getpermissions,200,13369.937658309937,ok
1789296473.8212085,1789296473.8589468,37.73832321166992,public:getticker,200,43346.33135795593,unchanged
1789296473.858987,1789296473.9050157,46.02861404418945,private:getpermissions,200,43346.33135795593,unchanged
1789296503.8219924,1789296503.8407347,18.74232292175293,public:getticker,200,13435.794591903687,ok
1789296503.8407512,1789296503.9395463,98.79517555236816,private:getpermissions,200,13435.794591903687,ok
1789296533.824275,1789296533.8465486,22.273540496826172,public:getticker,200,43436.74850463867,unchanged
1789296533.8465693,1789296533.9404957,93.92642974853516,private:getpermissions,200,43436.74850463867,unchanged
1789296563.825393,1789296563.8680835,42.69051551818848,public:getticker,200,13403.547048568726,ok
1789296563.8681142,1789296563.9239705,55.85622787475586,private:getpermissions,200,13403.547048568726,ok
1789296593.8262696,1789296593.8439426,17.673015594482422,public:getticker,200,43377.76017189026,unchanged
1789296593.8439612,1789296593.8981857,54.224491119384766,private:getpermissions,200,43377.76017189026,unchanged
1789296623.8269491,1789296623.8637767,36.82756423950195,public:getticker,200,13141.304731369019,ok
1789296623.8637936,1789296623.909417,45.6233024597168,private:getpermissions,200,13141.304731369019,ok
1789296653.8290243,1789296653.8684225,39.398193359375,public:getticker,200,43174.588680267334,unchanged
1789296653.8684409,1789296653.9427013,74.26047325134277,private:getpermissions,200,43174.588680267334,unchanged
1789296683.829468,1789296683.8719277,42.459726333618164,public:getticker,200,12593.060493469238,ok
1789296683.8719518,1789296683.914244,42.292118072509766,private:getpermissions,200,12593.060493469238,ok
1789296713.830495,1789296713.8526638,22.168636322021484,public:getticker,200,42599.395751953125,unchanged
1789296713.8527107,1789296713.9205654,67.85464286804199,private:getpermissions,200,42599.395751953125,unchanged
1789296743.8312418,1789296743.8501778,18.9359188079834,public:getticker,200,11349.3173122406,ok
1789296743.8501945,1789296743.9123235,62.12902069091797,private:getpermissions,200,11349.3173122406,ok
1789296773.8332875,1789296773.85199,18.70250701904297,public:getticker,200,41371.57082557678,unchanged
1789296773.852008,1789296773.9345937,82.58557319641113,private:getpermissions,200,41371.57082557678,unchanged
1789296803.832413,1789296803.8501697,17.75670051574707,public:getticker,200,11224.823236465454,ok
1789296803.850187,1789296803.8908994,40.71235656738281,private:getpermissions,200,11224.823236465454,ok
1789296833.832643,1789296833.87226,39.617061614990234,public:getticker,200,41261.84344291687,unchanged
1789296833.872282,1789296833.9279132,55.631160736083984,private:getpermissions,200,41261.84344291687,unchanged
1789296863.8332825,1789296863.859809,26.526451110839844,public:getticker,200,9338.796615600586,ok
1789296863.8598275,1789296863.9429393,83.11176300048828,private:getpermissions,200,9338.796615600586,ok
1789296893.8338296,1789296893.8752367,41.407108306884766,public:getticker,200,39328.69529724121,unchanged
1789296893.8752537,1789296893.9328425,57.588815689086914,private:getpermissions,200,39328.69529724121,unchanged
1789296923.8347454,1789296923.871867,37.12153434753418,public:getticker,200,9231.06598854065,ok
1789296923.871884,1789296923.9325585,60.674428939819336,private:getpermissions,200,9231.06598854065,ok
1789296953.8352463,1789296953.882408,47.16157913208008,public:getticker,200,39235.95452308655,unchanged
1789296953.8824267,1789296953.9374497,55.0229549407959,private:getpermissions,200,39235.95452308655,unchanged
1789296983.8358145,1789296983.8775735,41.75901412963867,public:getticker,200,9407.909154891968,ok
1789296983.877591,1789296983.968669,91.07804298400879,private:getpermissions,200,9407.909154891968,ok
1789297013.836686,1789297013.8742108,37.52493858337402,public:getticker,200,39409.29412841797,unchanged
1789297013.8742292,1789297013.9700544,95.8251953125,private:getpermissions,200,39409.29412841797,unchanged
1789297043.8372397,1789297043.8708546,33.6148738861084,public:getticker,200,9169.043064117432,ok
1789297043.870876,1789297043.9165006,45.624494552612305,private:getpermissions,200,9169.043064117432,ok
1789297073.838208,1789297073.8883064,50.098419189453125,public:getticker,200,39188.17234039307,unchanged
1789297073.8883274,1789297073.9356256,47.29819297790527,private:getpermissions,200,39188.17234039307,unchanged
1789297103.8388448,1789297103.875206,36.3612174987793,public:getticker,200,9167.14596748352,ok
1789297103.8752277,1789297103.9315066,56.27894401550293,private:getpermissions,200,9167.14596748352,ok
1789297133.8397007,1789297133.9058173,66.1165714263916,public:getticker,200,39240.4088973999,unchanged
1789297133.9058409,1789297134.004761,98.92010688781738,private:getpermissions,200,39240.4088973999,unchanged
1789297163.842072,1789297163.8945744,52.50239372253418,public:getticker,200,9058.177947998047,ok
1789297163.8946,1789297163.947979,53.379058837890625,private:getpermissions,200,9058.177947998047,ok
1789297193.843086,1789297193.8818827,38.79666328430176,public:getticker,200,39033.257246017456,unchanged
1789297193.8818998,1789297193.9230587,41.15891456604004,private:getpermissions,200,39033.257246017456,unchanged
1789297223.8438034,1789297223.8844805,40.67707061767578,public:getticker,200,8861.20867729187,ok
1789297223.884497,1789297224.102426,217.92912483215332,private:getpermissions,200,8861.20867729187,ok
1789297253.8444986,1789297253.8866017,42.10305213928223,public:getticker,200,38725.3851890564,unchanged
1789297253.88669,1789297253.9666038,79.91385459899902,private:getpermissions,200,38725.3851890564,unchanged
1789297283.845368,1789297283.887867,42.49906539916992,public:getticker,200,8404.076099395752,ok
1789297283.8878887,1789297283.9487402,60.8515739440918,private:getpermissions,200,8404.076099395752,ok
1789297313.8456035,1789297313.8906183,45.01485824584961,public:getticker,200,38395.96462249756,unchanged
1789297313.890642,1789297313.9406357,49.99375343322754,private:getpermissions,200,38395.96462249756,unchanged
1789297343.8458948,1789297343.8884203,42.525529861450195,public:getticker,200,8237.619876861572,ok
1789297343.8884635,1789297343.9586468,70.18327713012695,private:getpermissions,200,8237.619876861572,ok
1789297373.84663,1789297373.8881247,41.49460792541504,public:getticker,200,38245.92089653015,unchanged
1789297373.8881412,1789297373.966947,78.80592346191406,private:getpermissions,200,38245.92089653015,unchanged
1789297403.847364,1789297403.8918517,44.487714767456055,public:getticker,200,7933.132171630859,ok
1789297403.8918715,1789297403.9409068,49.03531074523926,private:getpermissions,200,7933.132171630859,ok
1789297433.848161,1789297433.9736326,125.47159194946289,public:getticker,200,38022.279024124146,unchanged
1789297433.9736478,1789297434.0300589,56.411027908325195,private:getpermissions,200,38022.279024124146,unchanged
1789297463.8484175,1789297464.009108,160.6905460357666,public:getticker,200,6631.142616271973,ok
1789297464.009128,1789297464.0992799,90.15178680419922,private:getpermissions,200,6631.142616271973,ok
1789297493.8486662,1789297493.8885489,39.882659912109375,public:getticker,200,36462.16583251953,unchanged
1789297493.8885653,1789297493.9302933,41.72801971435547,private:getpermissions,200,36462.16583251953,unchanged
1789297523.8509014,1789297523.8934777,42.57631301879883,public:getticker,200,6524.058103561401,ok
1789297523.8934956,1789297523.9516056,58.10999870300293,private:getpermissions,200,6524.058103561401,ok
1789297553.8519266,1789297553.9169364,65.00983238220215,public:getticker,200,36550.95648765564,unchanged
1789297553.9169533,1789297553.97851,61.55657768249512,private:getpermissions,200,36550.95648765564,unchanged
1789297583.8527877,1789297583.9014103,48.62260818481445,public:getticker,200,6018.295526504517,ok
1789297583.9014294,1789297583.9555683,54.138898849487305,private:getpermissions,200,6018.295526504517,ok
1789297613.8531308,1789297613.8701513,17.020463943481445,public:getticker,200,35982.08785057068,unchanged
1789297613.8701725,1789297613.9193594,49.18694496154785,private:getpermissions,200,35982.08785057068,unchanged
1789297643.85386,1789297643.870727,16.86716079711914,public:getticker,200,5803.544282913208,ok
1789297643.8707461,1789297643.9154034,44.657230377197266,private:getpermissions,200,5803.544282913208,ok
1789297673.854806,1789297673.912114,57.30795860290527,public:getticker,200,35866.17040634155,unchanged
1789297673.9121335,1789297673.9780393,65.90580940246582,private:getpermissions,200,35866.17040634155,unchanged
1789297703.856086,1789297703.9037514,47.66535758972168,public:getticker,200,5460.951566696167,ok
1789297703.9038227,1789297703.956523,52.70028114318848,private:getpermissions,200,5460.951566696167,ok
1789297733.8569233,1789297733.8748362,17.912864685058594,public:getticker,200,35436.77306175232,unchanged
1789297733.8748565,1789297733.932343,57.486534118652344,private:getpermissions,200,35436.77306175232,unchanged
1789297763.8573265,1789297763.8742447,16.918182373046875,public:getticker,200,5570.303201675415,ok
1789297763.8742666,1789297763.9208734,46.60677909851074,private:getpermissions,200,5570.303201675415,ok
1789297793.8587756,1789297793.9355617,76.78604125976562,public:getticker,200,35636.33584976196,unchanged
1789297793.9355807,1789297793.986917,51.33628845214844,private:getpermissions,200,35636.33584976196,unchanged
1789297823.8598807,1789297823.9898858,130.0051212310791,public:getticker,200,5848.67787361145,ok
1789297823.9899318,1789297824.0399764,50.04453659057617,private:getpermissions,200,5848.67787361145,ok
1789297853.8608072,1789297853.8808656,20.058393478393555,public:getticker,200,35741.207122802734,unchanged
1789297853.8808856,1789297853.9325106,51.62501335144043,private:getpermissions,200,35741.207122802734,unchanged
1789297883.8614092,1789297883.9888072,127.39801406860352,public:getticker,200,5402.302503585815,ok
1789297883.9888282,1789297884.0451725,56.34427070617676,private:getpermissions,200,5402.302503585815,ok
1789297913.8642485,1789297913.9151533,50.90475082397461,public:getticker,200,35330.748319625854,unchanged
1789297913.9151714,1789297913.9736292,58.45785140991211,private:getpermissions,200,35330.748319625854,unchanged
1789297943.8651268,1789297943.9243405,59.21363830566406,public:getticker,200,5466.97998046875,ok
1789297943.9243608,1789297943.9663708,42.01006889343262,private:getpermissions,200,5466.97998046875,ok
1789297973.8675563,1789297973.9132948,45.73845863342285,public:getticker,200,35464.356899261475,unchanged
1789297973.9133248,1789297973.9637485,50.423622131347656,private:getpermissions,200,35464.356899261475,unchanged
1789298003.8682582,1789298003.9222436,53.9853572845459,public:getticker,200,5236.657619476318,ok
1789298003.9222624,1789298003.9752378,52.97541618347168,private:getpermissions,200,5236.657619476318,ok
1789298033.8689523,1789298033.90842,39.467811584472656,public:getticker,200,35209.99574661255,unchanged
1789298033.9084656,1789298033.94862,40.154457092285156,private:getpermissions,200,35209.99574661255,unchanged
1789298063.8697772,1789298063.907425,37.64772415161133,public:getticker,200,4647.236585617065,ok
1789298063.9074419,1789298063.9664662,59.02433395385742,private:getpermissions,200,4647.236585617065,ok
1789298093.87124,1789298093.9137864,42.54651069641113,public:getticker,200,34653.88512611389,unchanged
1789298093.9138105,1789298093.973115,59.30447578430176,private:getpermissions,200,34653.88512611389,unchanged
1789298123.8719025,1789298123.9153316,43.42913627624512,public:getticker,200,4747.575759887695,ok
1789298123.9153533,1789298123.9684272,53.073883056640625,private:getpermissions,200,4747.575759887695,ok
1789298153.8762803,1789298153.9209108,44.63052749633789,public:getticker,200,34754.02617454529,unchanged
1789298153.9209287,1789298153.9748669,53.93815040588379,private:getpermissions,200,34754.02617454529,unchanged
1789298183.876689,1789298183.9130971,36.408185958862305,public:getticker,200,4316.515922546387,ok
1789298183.9131174,1789298183.9563243,43.20693016052246,private:getpermissions,200,4316.515922546387,ok
1789298213.8773217,1789298213.8932912,15.969514846801758,public:getticker,200,34332.04174041748,unchanged
1789298213.893308,1789298213.9718518,78.54390144348145,private:getpermissions,200,34332.04174041748,unchanged
1789298243.878667,1789298243.9163315,37.66441345214844,public:getticker,200,4037.3008251190186,ok
1789298243.916354,1789298243.9727192,56.365251541137695,private:getpermissions,200,4037.3008251190186,ok
1789298273.879185,1789298273.9300406,50.85563659667969,public:getticker,200,34094.55943107605,unchanged
1789298273.930058,1789298274.0299811,99.92313385009766,private:getpermissions,200,34094.55943107605,unchanged
1789298303.879643,1789298303.9563699,76.72691345214844,public:getticker,200,3957.7882289886475,ok
1789298303.9563906,1789298304.0301678,73.7771987915039,private:getpermissions,200,3957.7882289886475,ok
1789298333.8854535,1789298333.907296,21.842479705810547,public:getticker,200,33880.833864212036,unchanged
1789298333.907316,1789298333.953209,45.892953872680664,private:getpermissions,200,33880.833864212036,unchanged
1789298363.8852684,1789298363.9033985,18.130064010620117,public:getticker,200,4195.4450607299805,ok
1789298363.9034154,1789298363.9421883,38.7728214263916,private:getpermissions,200,4195.4450607299805,ok
1789298393.8857398,1789298393.9271097,41.36991500854492,public:getticker,200,34241.99438095093,unchanged
1789298393.9271343,1789298393.9887302,61.595916748046875,private:getpermissions,200,34241.99438095093,unchanged
1789298423.8866057,1789298423.904001,17.3952579498291,public:getticker,200,3830.1842212677,ok
1789298423.9040194,1789298423.9497695,45.75014114379883,private:getpermissions,200,3830.1842212677,ok
1789298453.8877912,1789298453.905702,17.91095733642578,public:getticker,200,33834.646701812744,unchanged
1789298453.9057221,1789298453.9542322,48.510074615478516,private:getpermissions,200,33834.646701812744,unchanged
1789298483.8881254,1789298483.9302547,42.1292781829834,public:getticker,200,3555.5150508880615,ok
1789298483.9302864,1789298483.9698586,39.57223892211914,private:getpermissions,200,3555.5150508880615,ok
1789298513.889049,1789298513.9286444,39.59536552429199,public:getticker,200,33584.444761276245,unchanged
1789298513.9286652,1789298513.9987884,70.12319564819336,private:getpermissions,200,33584.444761276245,unchanged
1789298543.8899975,1789298543.9260147,36.01717948913574,public:getticker,200,3643.9645290374756,ok
1789298543.9260347,1789298543.9822319,56.197166442871094,private:getpermissions,200,3643.9645290374756,ok
1789298573.8914335,1789298573.9178414,26.407957077026367,public:getticker,200,33632.08889961243,unchanged
1789298573.917858,1789298573.9703567,52.498817443847656,private:getpermissions,200,33632.08889961243,unchanged
1789298603.8920827,1789298603.9364135,44.33083534240723,public:getticker,200,2702.5628089904785,ok
1789298603.9364445,1789298603.9939685,57.52396583557129,private:getpermissions,200,2702.5628089904785,ok
1789298633.893406,1789298633.9115875,18.181562423706055,public:getticker,200,32686.660528182983,unchanged
1789298633.9116063,1789298633.978065,66.45870208740234,private:getpermissions,200,32686.660528182983,unchanged
1789298663.894491,1789298663.9451501,50.6591796875,public:getticker,200,2955.74688911438,ok
1789298663.9451694,1789298663.9991012,53.93171310424805,private:getpermissions,200,2955.74688911438,ok
1789298693.895768,1789298693.9142847,18.51677894592285,public:getticker,200,32915.31848907471,unchanged
1789298693.9143057,1789298693.9586735,44.36779022216797,private:getpermissions,200,32915.31848907471,unchanged
1789298723.8967962,1789298723.923139,26.34286880493164,public:getticker,200,2790.806531906128,ok
1789298723.9231606,1789298723.9684033,45.2427864074707,private:getpermissions,200,2790.806531906128,ok
1789298753.898104,1789298753.9395452,41.44120216369629,public:getticker,200,32818.87888908386,unchanged
1789298753.9395645,1789298753.9964757,56.91123008728027,private:getpermissions,200,32818.87888908386,unchanged
1789298783.8984017,1789298783.925764,27.362346649169922,public:getticker,200,1960.5045318603516,ok
1789298783.9258115,1789298783.9804823,54.67081069946289,private:getpermissions,200,1960.5045318603516,ok
1789298813.8986444,1789298813.9202168,21.572351455688477,public:getticker,200,31959.248065948486,unchanged
1789298813.9202468,1789298813.979232,58.985233306884766,private:getpermissions,200,31959.248065948486,unchanged
1789298843.898971,1789298843.9355452,36.57412528991699,public:getticker,200,2300.2257347106934,ok
1789298843.9355636,1789298843.9784372,42.87362098693848,private:getpermissions,200,2300.2257347106934,ok
1789298873.8992925,1789298873.941284,41.991472244262695,public:getticker,200,32309.75031852722,unchanged
1789298873.9413037,1789298873.9879613,46.657562255859375,private:getpermissions,200,32309.75031852722,unchanged
1789298903.9003928,1789298903.9400485,39.65568542480469,public:getticker,200,1936.2564086914062,ok
1789298903.94007,1789298904.0002797,60.20975112915039,private:getpermissions,200,1936.2564086914062,ok
1789298933.9005835,1789298933.9349327,34.34920310974121,public:getticker,200,31926.51319503784,unchanged
1789298933.9349499,1789298933.9905424,55.59253692626953,private:getpermissions,200,31926.51319503784,unchanged
1789298963.901262,1789298963.9398074,38.54537010192871,public:getticker,200,2074.374198913574,ok
1789298963.9398296,1789298963.9864929,46.66328430175781,private:getpermissions,200,2074.374198913574,ok
1789298993.9018428,1789298993.9650898,63.246965408325195,public:getticker,200,32103.13057899475,unchanged
1789298993.9651086,1789298994.0152683,50.15969276428223,private:getpermissions,200,32103.13057899475,unchanged
1789299023.9024303,1789299023.9226642,20.233869552612305,public:getticker,200,1719.944715499878,ok
1789299023.9226842,1789299023.9605043,37.82010078430176,private:getpermissions,200,1719.944715499878,ok
1789299053.9036489,1789299053.9380615,34.41262245178223,public:getticker,200,31744.20952796936,unchanged
1789299053.9380953,1789299053.9847689,46.67353630065918,private:getpermissions,200,31744.20952796936,unchanged
1789299083.904693,1789299083.941771,37.078142166137695,public:getticker,200,641.7660713195801,ok
1789299083.9418242,1789299083.988537,46.71287536621094,private:getpermissions,200,641.7660713195801,ok
1789299113.9058156,1789299113.9335551,27.739524841308594,public:getticker,200,30738.73281478882,unchanged
1789299113.9576337,1789299114.085493,127.85935401916504,private:getpermissions,200,30738.73281478882,unchanged
1789299143.907489,1789299143.9572306,49.741506576538086,public:getticker,200,552.680492401123,ok
1789299143.957249,1789299144.010229,52.98018455505371,private:getpermissions,200,552.680492401123,ok
1789299173.9080977,1789299173.9444807,36.38291358947754,public:getticker,200,30531.43000602722,unchanged
1789299173.944512,1789299173.9889634,44.45147514343262,private:getpermissions,200,30531.43000602722,unchanged
1789299203.9090528,1789299203.9542587,45.20583152770996,public:getticker,200,699.315071105957,ok
1789299203.9542768,1789299203.9934976,39.22080993652344,private:getpermissions,200,699.315071105957,ok
1789299233.909798,1789299233.9468708,37.07289695739746,public:getticker,200,30737.99228668213,unchanged
1789299233.9468882,1789299234.0321753,85.28709411621094,private:getpermissions,200,30737.99228668213,unchanged
1789299263.9189749,1789299263.9625926,43.61772537231445,public:getticker,200,846.6873168945312,ok
1789299263.9626157,1789299264.048085,85.46924591064453,private:getpermissions,200,846.6873168945312,ok
1789299293.9213057,1789299293.944818,23.51236343383789,public:getticker,200,30807.101726531982,unchanged
1789299293.9448621,1789299294.0085015,63.63940238952637,private:getpermissions,200,30807.101726531982,unchanged
1789299323.9218001,1789299323.975878,54.077863693237305,public:getticker,200,850.0189781188965,ok
1789299323.975906,1789299324.0235798,47.673940658569336,private:getpermissions,200,850.0189781188965,ok
1789299353.9230676,1789299353.9640622,40.99464416503906,public:getticker,200,30851.42183303833,unchanged
1789299353.9640827,1789299354.0249841,60.90140342712402,private:getpermissions,200,30851.42183303833,unchanged
1789299383.9235327,1789299383.973217,49.68428611755371,public:getticker,200,32.52434730529785,ok
1789299383.9732454,1789299384.0223346,49.08919334411621,private:getpermissions,200,32.52434730529785,ok
1789299413.9254334,1789299413.9779952,52.56175994873047,public:getticker,200,30044.065713882446,unchanged
1789299413.9780555,1789299414.0338764,55.82094192504883,private:getpermissions,200,30044.065713882446,unchanged
1789299443.9256687,1789299443.9865274,60.858726501464844,public:getticker,200,60106.78434371948,unchanged
1789299443.9865456,1789299444.0965943,110.04877090454102,private:getpermissions,200,60106.78434371948,unchanged
1789299473.9284906,1789299473.9702203,41.72968864440918,public:getticker,200,29832.783937454224,ok
1789299473.9702804,1789299474.0354347,65.1543140411377,private:getpermissions,200,29832.783937454224,ok
1789299503.929349,1789299503.9673247,37.97578811645508,public:getticker,200,59810.55665016174,unchanged
1789299503.9673421,1789299504.0132093,45.867204666137695,private:getpermissions,200,59810.55665016174,unchanged
1789299533.9310591,1789299533.9494534,18.39423179626465,public:getticker,200,29986.684560775757,ok
1789299533.9494698,1789299534.008525,59.05508995056152,private:getpermissions,200,29986.684560775757,ok
1789299563.9316268,1789299563.9770637,45.436859130859375,public:getticker,200,60004.07671928406,unchanged
1789299563.9770813,1789299564.0259058,48.82454872131348,private:getpermissions,200,60004.07671928406,unchanged
1789299593.9329007,1789299594.2259812,293.08056831359863,public:getticker,200,29824.64623451233,ok
1789299594.2260036,1789299594.2757416,49.73793029785156,private:getpermissions,200,29824.64623451233,ok
1789299623.933419,1789299623.9925883,59.16929244995117,public:getticker,200,59581.46548271179,unchanged
1789299623.9927142,1789299624.0325558,39.841651916503906,private:getpermissions,200,59581.46548271179,unchanged
1789299653.9337094,1789299653.9541693,20.459890365600586,public:getticker,200,27631.576776504517,ok
1789299653.9541876,1789299653.997987,43.799400329589844,private:getpermissions,200,27631.576776504517,ok
1789299683.9347615,1789299683.9724646,37.70303726196289,public:getticker,200,57665.547132492065,unchanged
1789299683.9725132,1789299684.0319557,59.44252014160156,private:getpermissions,200,57665.547132492065,unchanged
1789299713.934982,1789299713.9522915,17.30942726135254,public:getticker,200,27202.43763923645,ok
1789299713.9523115,1789299714.022791,70.4793930053711,private:getpermissions,200,27202.43763923645,ok
1789299743.9361396,1789299743.959562,23.4224796295166,public:getticker,200,57239.19582366943,unchanged
1789299743.959581,1789299744.0595493,99.96843338012695,private:getpermissions,200,57239.19582366943,unchanged
1789299773.9370365,1789299773.9758544,38.8178825378418,public:getticker,200,27300.73857307434,ok
1789299773.9758735,1789299774.0209363,45.06278038024902,private:getpermissions,200,27300.73857307434,ok
1789299803.9378242,1789299803.9926636,54.839372634887695,public:getticker,200,57342.05770492554,unchanged
1789299803.992682,1789299804.062256,69.57411766052246,private:getpermissions,200,57342.05770492554,unchanged
1789299833.9382522,1789299833.9780235,39.771318435668945,public:getticker,200,26885.69664955139,ok
1789299833.9780526,1789299834.0241444,46.09179496765137,private:getpermissions,200,26885.69664955139,ok
1789299863.938803,1789299863.9797657,40.96269607543945,public:getticker,200,56886.29770278931,unchanged
1789299863.9797876,1789299864.02474,44.952392578125,private:getpermissions,200,56886.29770278931,unchanged
1789299893.939749,1789299893.9590733,19.324302673339844,public:getticker,200,25969.68674659729,ok
1789299893.9590943,1789299894.0015945,42.50025749206543,private:getpermissions,200,25969.68674659729,ok
1789299923.9404113,1789299923.989843,49.431562423706055,public:getticker,200,56048.2714176178,unchanged
1789299923.9898963,1789299924.080176,90.27981758117676,private:getpermissions,200,56048.2714176178,unchanged
1789299953.9415796,1789299954.0253732,83.79364013671875,public:getticker,200,25924.244165420532,ok
1789299954.0253906,1789299954.08416,58.76946449279785,private:getpermissions,200,25924.244165420532,ok
1789299983.9427245,1789299983.9789715,36.24701499938965,public:getticker,200,55871.755599975586,unchanged
1789299983.978998,1789299984.0316641,52.66618728637695,private:getpermissions,200,55871.755599975586,unchanged
1789300013.943178,1789300013.9814916,38.31362724304199,public:getticker,200,25690.75846672058,ok
1789300013.9815085,1789300014.0348465,53.338050842285156,private:getpermissions,200,25690.75846672058,ok
1789300043.9437418,1789300043.9885867,44.844865798950195,public:getticker,200,55703.52387428284,unchanged
1789300043.9886043,1789300044.0475993,58.99500846862793,private:getpermissions,200,55703.52387428284,unchanged
1789300073.9445846,1789300073.9883027,43.71809959411621,public:getticker,200,25591.15219116211,ok
1789300073.9883225,1789300074.0907443,102.42176055908203,private:getpermissions,200,25591.15219116211,ok
1789300103.9449282,1789300103.963874,18.945932388305664,public:getticker,200,55527.54616737366,unchanged
1789300103.9638925,1789300104.0271726,63.28010559082031,private:getpermissions,200,55527.54616737366,unchanged
1789300133.945934,1789300133.9896173,43.68329048156738,public:getticker,200,25611.597776412964,ok
1789300133.9896395,1789300134.034234,44.594526290893555,private:getpermissions,200,25611.597776412964,ok
1789300163.9462092,1789300163.9667902,20.58100700378418,public:getticker,200,55593.81723403931,unchanged
1789300163.9668093,1789300164.0164518,49.64256286621094,private:getpermissions,200,55593.81723403931,unchanged
1789300193.9469523,1789300193.9675539,20.601511001586914,public:getticker,200,23123.6310005188,ok
1789300193.9675713,1789300194.0280073,60.43601036071777,private:getpermissions,200,23123.6310005188,ok
1789300223.947089,1789300223.9880865,40.99750518798828,public:getticker,200,53134.98854637146,unchanged
1789300223.9881456,1789300224.0393767,51.23114585876465,private:getpermissions,200,53134.98854637146,unchanged
1789300253.9474227,1789300253.9952347,47.81198501586914,public:getticker,200,22997.645378112793,ok
1789300253.995253,1789300254.0379674,42.71435737609863,private:getpermissions,200,22997.645378112793,ok
1789300283.9478989,1789300283.9936476,45.74871063232422,public:getticker,200,52998.801708221436,unchanged
1789300283.9936666,1789300284.039122,45.4554557800293,private:getpermissions,200,52998.801708221436,unchanged
1789300313.9484818,1789300313.9834254,34.943580627441406,public:getticker,200,21280.485153198242,ok
1789300313.983445,1789300314.0310857,47.64080047607422,private:getpermissions,200,21280.485153198242,ok
1789300343.9494007,1789300343.990339,40.938377380371094,public:getticker,200,51306.313037872314,unchanged
1789300343.9903564,1789300344.056914,66.55764579772949,private:getpermissions,200,51306.313037872314,unchanged
1789300373.950205,1789300373.9951909,44.98577117919922,public:getticker,200,20402.295112609863,ok
1789300373.9952087,1789300374.2040133,208.80460739135742,private:getpermissions,200,20402.295112609863,ok
1789300403.950528,1789300403.9666922,16.164302825927734,public:getticker,200,50208.43195915222,unchanged
1789300403.9667127,1789300404.010149,43.436288833618164,private:getpermissions,200,50208.43195915222,unchanged
1789300433.951743,1789300434.016849,65.10615348815918,public:getticker,200,18665.454149246216,ok
1789300434.0168686,1789300434.1141312,97.26262092590332,private:getpermissions,200,18665.454149246216,ok
1789300463.9525156,1789300463.9913306,38.81502151489258,public:getticker,200,48592.76866912842,unchanged
1789300463.991348,1789300464.0414515,50.10342597961426,private:getpermissions,200,48592.76866912842,unchanged
1789300493.9542491,1789300493.9943182,40.0691032409668,public:getticker,200,17971.061944961548,ok
1789300493.9943385,1789300494.0489962,54.657697677612305,private:getpermissions,200,17971.061944961548,ok
1789300523.9553893,1789300524.0067353,51.3460636138916,public:getticker,200,47988.79909515381,unchanged
1789300524.0067556,1789300524.066725,59.969425201416016,private:getpermissions,200,47988.79909515381,unchanged
1789300553.9564748,1789300553.990699,34.22427177429199,public:getticker,200,18022.30215072632,ok
1789300553.990716,1789300554.0334795,42.763471603393555,private:getpermissions,200,18022.30215072632,ok
1789300583.9573286,1789300583.9994104,42.08183288574219,public:getticker,200,48047.22547531128,unchanged
1789300583.9994287,1789300584.0584028,58.97402763366699,private:getpermissions,200,48047.22547531128,unchanged
1789300613.9580896,1789300614.021099,63.00950050354004,public:getticker,200,18003.416061401367,ok
1789300614.021115,1789300614.064411,43.295860290527344,private:getpermissions,200,18003.416061401367,ok
1789300643.958745,1789300643.976644,17.899036407470703,public:getticker,200,47960.95967292786,unchanged
1789300643.9766617,1789300644.0219533,45.29166221618652,private:getpermissions,200,47960.95967292786,unchanged
1789300673.9590266,1789300673.9972646,38.2380485534668,public:getticker,200,16017.19355583191,ok
1789300673.997291,1789300674.048847,51.55587196350098,private:getpermissions,200,16017.19355583191,ok
1789300703.959753,1789300703.9757144,15.961408615112305,public:getticker,200,45997.52235412598,unchanged
1789300703.9757314,1789300704.0291762,53.444862365722656,private:getpermissions,200,45997.52235412598,unchanged
1789300733.9600356,1789300734.0165164,56.48088455200195,public:getticker,200,16111.734867095947,ok
1789300734.016534,1789300734.3023715,285.83741188049316,private:getpermissions,200,16111.734867095947,ok
1789300763.960323,1789300763.9988542,38.53106498718262,public:getticker,200,45860.360860824585,unchanged
1789300763.9988964,1789300764.0509973,52.10089683532715,private:getpermissions,200,45860.360860824585,unchanged
1789300793.9606085,1789300793.9788747,18.26620101928711,public:getticker,200,15755.13243675232,ok
1789300793.9788914,1789300794.0187664,39.875030517578125,private:getpermissions,200,15755.13243675232,ok
1789300823.9612586,1789300823.9824736,21.214962005615234,public:getticker,200,45762.99333572388,unchanged
1789300823.9824924,1789300824.0266259,44.13342475891113,private:getpermissions,200,45762.99333572388,unchanged
1789300853.9615164,1789300854.0057771,44.26074028015137,public:getticker,200,16025.632858276367,ok
1789300854.0057943,1789300854.0513704,45.57609558105469,private:getpermissions,200,16025.632858276367,ok
1789300883.962738,1789300884.0402794,77.54135131835938,public:getticker,200,46058.560848236084,unchanged
1789300884.0402977,1789300884.0843,44.00229454040527,private:getpermissions,200,46058.560848236084,unchanged
1789300913.96302,1789300913.9890268,26.006698608398438,public:getticker,200,15661.085367202759,ok
1789300913.9890432,1789300914.0462968,57.25359916687012,private:getpermissions,200,15661.085367202759,ok
1789300943.9642837,1789300944.0021672,37.88352012634277,public:getticker,200,45679.01873588562,unchanged
1789300944.0021844,1789300944.0642273,62.042951583862305,private:getpermissions,200,45679.01873588562,unchanged
1789300973.9645238,1789300974.1950967,230.57293891906738,public:getticker,200,16289.634704589844,ok
1789300974.195114,1789300974.262469,67.35515594482422,private:getpermissions,200,16289.634704589844,ok
1789301003.9648142,1789301004.097835,133.02087783813477,public:getticker,200,46178.563356399536,unchanged
1789301004.0978513,1789301004.1513984,53.54714393615723,private:getpermissions,200,46178.563356399536,unchanged
1789301033.965062,1789301033.9814332,16.37125015258789,public:getticker,200,15670.26424407959,ok
1789301033.9814498,1789301034.031401,49.95107650756836,private:getpermissions,200,15670.26424407959,ok
1789301063.9653516,1789301064.003433,38.08140754699707,public:getticker,200,45698.23479652405,unchanged
1789301064.0034556,1789301064.0593705,55.914878845214844,private:getpermissions,200,45698.23479652405,unchanged
1789301093.9656239,1789301093.9959426,30.318737030029297,public:getticker,200,14992.234230041504,ok
1789301093.9959645,1789301094.0713117,75.3471851348877,private:getpermissions,200,14992.234230041504,ok
1789301123.9659138,1789301124.022388,56.47420883178711,public:getticker,200,44995.09882926941,unchanged
1789301124.0224042,1789301124.0741765,51.772356033325195,private:getpermissions,200,44995.09882926941,unchanged
1789301153.9668255,1789301154.0102823,43.4567928314209,public:getticker,200,15239.164590835571,ok
1789301154.010298,1789301154.0657425,55.44447898864746,private:getpermissions,200,15239.164590835571,ok
1789301183.967105,1789301183.9966109,29.50596809387207,public:getticker,200,45211.543560028076,unchanged
1789301183.9966276,1789301184.038123,41.495323181152344,private:getpermissions,200,45211.543560028076,unchanged
1789301213.9680815,1789301214.0168524,48.770904541015625,public:getticker,200,15097.967147827148,ok
1789301214.0168712,1789301214.0599127,43.04146766662598,private:getpermissions,200,15097.967147827148,ok
1789301243.9683409,1789301244.012903,44.56210136413574,public:getticker,200,45116.371631622314,unchanged
1789301244.012921,1789301244.0783172,65.39607048034668,private:getpermissions,200,45116.371631622314,unchanged
1789301273.9695659,1789301274.0127163,43.15042495727539,public:getticker,200,13020.487546920776,ok
1789301274.0127342,1789301274.087901,75.16694068908691,private:getpermissions,200,13020.487546920776,ok
1789301303.97063,1789301303.9974213,26.79133415222168,public:getticker,200,43044.43025588989,unchanged
1789301303.9974701,1789301304.111843,114.37296867370605,private:getpermissions,200,43044.43025588989,unchanged
1789301333.9720151,1789301334.039982,67.96693801879883,public:getticker,200,12418.121814727783,ok
1789301334.0400016,1789301334.1075213,67.5196647644043,private:getpermissions,200,12418.121814727783,ok
1789301363.9729614,1789301364.0189486,45.98712921142578,public:getticker,200,42385.042667388916,unchanged
1789301364.018977,1789301364.0744522,55.47523498535156,private:getpermissions,200,42385.042667388916,unchanged
1789301393.974019,1789301393.99211,18.09096336364746,public:getticker,200,12885.149478912354,ok
1789301393.9921389,1789301394.7801552,788.0163192749023,private:getpermissions,200,12885.149478912354,ok
1789301423.9745338,1789301424.0269034,52.36959457397461,public:getticker,200,42194.873571395874,unchanged
1789301424.0269225,1789301424.0898721,62.94965744018555,private:getpermissions,200,42194.873571395874,unchanged
1789301453.9757948,1789301454.0047202,28.925418853759766,public:getticker,200,13481.606483459473,ok
1789301454.0047412,1789301455.744958,1740.2167320251465,private:getpermissions,200,13481.606483459473,ok
1789301483.9758987,1789301483.9954798,19.581079483032227,public:getticker,200,41790.81344604492,unchanged
1789301483.9954967,1789301484.0541465,58.64977836608887,private:getpermissions,200,41790.81344604492,unchanged
1789301513.9764748,1789301513.9970512,20.57647705078125,public:getticker,200,9575.07872581482,ok
1789301513.99707,1789301514.039901,42.8309440612793,private:getpermissions,200,9575.07872581482,ok
1789301543.9774623,1789301544.0037472,26.28493309020996,public:getticker,200,39619.59624290466,unchanged
1789301544.0052497,1789301544.0844197,79.16998863220215,private:getpermissions,200,39619.59624290466,unchanged
1789301573.9776776,1789301574.0255332,47.85561561584473,public:getticker,200,9131.658792495728,ok
1789301574.0255535,1789301574.0888438,63.29035758972168,private:getpermissions,200,9131.658792495728,ok
1789301603.9787736,1789301604.0184097,39.63613510131836,public:getticker,200,39107.18083381653,unchanged
1789301604.0184274,1789301604.0643651,45.93777656555176,private:getpermissions,200,39107.18083381653,unchanged
1789301633.9793098,1789301634.0213792,42.069435119628906,public:getticker,200,9329.830884933472,ok
1789301634.02145,1789301634.0723832,50.933122634887695,private:getpermissions,200,9329.830884933472,ok
1789301663.9799924,1789301664.0310614,51.069021224975586,public:getticker,200,39332.053899765015,unchanged
1789301664.031094,1789301664.0746067,43.512582778930664,private:getpermissions,200,39332.053899765015,unchanged
1789301693.9802556,1789301694.0211496,40.8940315246582,public:getticker,200,9039.81614112854,ok
1789301694.0211716,1789301694.0663898,45.21822929382324,private:getpermissions,200,9039.81614112854,ok
1789301723.98138,1789301724.022002,40.62199592590332,public:getticker,200,39037.88709640503,unchanged
1789301724.0220175,1789301724.0644588,42.441368103027344,private:getpermissions,200,39037.88709640503,unchanged
1789301753.9825332,1789301753.9975731,15.039920806884766,public:getticker,200,9243.797302246094,ok
1789301753.9975889,1789301754.0406547,43.065786361694336,private:getpermissions,200,9243.797302246094,ok
1789301783.9833586,1789301784.0217478,38.38920593261719,public:getticker,200,39269.95873451233,unchanged
1789301784.0217655,1789301784.0668182,45.05276679992676,private:getpermissions,200,39269.95873451233,unchanged
1789301813.9842098,1789301814.0270994,42.88959503173828,public:getticker,200,8831.676244735718,ok
1789301814.027119,1789301814.0725727,45.453786849975586,private:getpermissions,200,8831.676244735718,ok
1789301843.9862823,1789301844.0042107,17.928361892700195,public:getticker,200,38821.31910324097,unchanged
1789301844.0042305,1789301844.0622163,57.985782623291016,private:getpermissions,200,38821.31910324097,unchanged
1789301873.9864104,1789301874.0347335,48.32315444946289,public:getticker,200,8867.0654296875,ok
1789301874.0347502,1789301874.094971,60.22071838378906,private:getpermissions,200,8867.0654296875,ok
1789301904.0013406,1789301904.028321,26.98040008544922,public:getticker,200,38856.10103607178,unchanged
1789301904.0283422,1789301904.084006,55.6638240814209,private:getpermissions,200,38856.10103607178,unchanged
1789301934.001871,1789301934.0197124,17.841339111328125,public:getticker,200,8667.178630828857,ok
1789301934.0197294,1789301934.088516,68.78662109375,private:getpermissions,200,8667.178630828857,ok
1789301964.0021324,1789301964.033185,31.052589416503906,public:getticker,200,38668.92147064209,unchanged
1789301964.0332205,1789301964.0902615,57.04092979431152,private:getpermissions,200,38668.92147064209,unchanged
1789301994.0026526,1789301994.0201066,17.453908920288086,public:getticker,200,9166.972398757935,ok
1789301994.0201309,1789301994.091777,71.64621353149414,private:getpermissions,200,9166.972398757935,ok
1789302024.0028362,1789302024.027428,24.591684341430664,public:getticker,200,39172.62125015259,unchanged
1789302024.0274463,1789302024.0974207,69.97442245483398,private:getpermissions,200,39172.62125015259,unchanged
1789302054.003962,1789302054.1743567,170.3946590423584,public:getticker,200,9118.940591812134,ok
1789302054.1743736,1789302054.3906019,216.22824668884277,private:getpermissions,200,9118.940591812134,ok
1789302084.0048249,1789302084.0505395,45.714616775512695,public:getticker,200,38825.89626312256,unchanged
1789302084.0505717,1789302084.0975597,46.98801040649414,private:getpermissions,200,38825.89626312256,unchanged
1789302114.0053556,1789302114.0229137,17.55809783935547,public:getticker,200,8088.958740234375,ok
1789302114.0229404,1789302114.0725927,49.6523380279541,private:getpermissions,200,8088.958740234375,ok
1789302144.0062335,1789302144.0860374,79.8039436340332,public:getticker,200,38171.95773124695,unchanged
1789302144.0860536,1789302144.1555917,69.53811645507812,private:getpermissions,200,38171.95773124695,unchanged
1789302174.0073571,1789302174.0263004,18.943309783935547,public:getticker,200,7404.991865158081,ok
1789302174.0263178,1789302174.0676286,41.310787200927734,private:getpermissions,200,7404.991865158081,ok
1789302204.0076451,1789302204.0606349,52.98972129821777,public:getticker,200,37456.743001937866,unchanged
1789302204.060652,1789302204.1193686,58.716535568237305,private:getpermissions,200,37456.743001937866,unchanged
1789302234.00811,1789302234.0969691,88.85908126831055,public:getticker,200,5585.024356842041,ok
1789302234.0969899,1789302234.1422937,45.3038215637207,private:getpermissions,200,5585.024356842041,ok
1789302264.2237587,1789302264.2603555,36.59677505493164,public:getticker,200,35806.865215301514,unchanged
1789302264.2603776,1789302264.364116,103.73830795288086,private:getpermissions,200,35806.865215301514,unchanged
1789302294.2250502,1789302294.2838335,58.78329277038574,public:getticker,200,5286.776781082153,ok
1789302294.2838535,1789302294.3334012,49.547672271728516,private:getpermissions,200,5286.776781082153,ok
1789302324.2256014,1789302324.2735624,47.96099662780762,public:getticker,200,35271.21353149414,unchanged
1789302324.273589,1789302324.3178358,44.24691200256348,private:getpermissions,200,35271.21353149414,unchanged
1789302354.2267327,1789302354.2505496,23.816823959350586,public:getticker,200,5467.735290527344,ok
1789302354.2506309,1789302354.2940564,43.425559997558594,private:getpermissions,200,5467.735290527344,ok
1789302384.2328804,1789302384.2588563,25.975942611694336,public:getticker,200,35692.784547805786,unchanged
1789302384.2588818,1789302384.517312,258.43024253845215,private:getpermissions,200,35692.784547805786,unchanged
1789302414.235457,1789302414.2782307,42.77372360229492,public:getticker,200,5222.626686096191,ok
1789302414.2782476,1789302414.3188748,40.627241134643555,private:getpermissions,200,5222.626686096191,ok
1789302444.2361603,1789302444.2781408,41.98050498962402,public:getticker,200,35254.42171096802,unchanged
1789302444.2781591,1789302444.3506675,72.50833511352539,private:getpermissions,200,35254.42171096802,unchanged
1789302474.237328,1789302474.296081,58.753013610839844,public:getticker,200,4344.7370529174805,ok
1789302474.296106,1789302474.3378375,41.73135757446289,private:getpermissions,200,4344.7370529174805,ok
1789302504.2379174,1789302504.4466245,208.70709419250488,public:getticker,200,34510.148763656616,unchanged
1789302504.446643,1789302504.5032501,56.60700798034668,private:getpermissions,200,34510.148763656616,unchanged
1789302534.238665,1789302534.2803323,41.66722297668457,public:getticker,200,3658.411741256714,ok
1789302534.2803478,1789302534.356088,75.74009895324707,private:getpermissions,200,3658.411741256714,ok
1789302564.239397,1789302564.2802646,40.86756706237793,public:getticker,200,33654.3869972229,unchanged
1789302564.2802956,1789302564.3520675,71.77186012268066,private:getpermissions,200,33654.3869972229,unchanged
1789302594.2400346,1789302594.2602136,20.179033279418945,public:getticker,200,5468.808650970459,ok
1789302594.2602465,1789302594.3245752,64.32867050170898,private:getpermissions,200,5468.808650970459,ok
1789302624.241014,1789302624.262057,21.043062210083008,public:getticker,200,35574.429988861084,unchanged
1789302624.3803868,1789302624.430201,49.81422424316406,private:getpermissions,200,35574.429988861084,unchanged
1789302654.2434514,1789302654.2847598,41.30840301513672,public:getticker,200,2201.0905742645264,ok
1789302654.2847767,1789302654.3457115,60.93478202819824,private:getpermissions,200,2201.0905742645264,ok
1789302684.2438352,1789302685.5166469,1272.8116512298584,public:getticker,200,33433.41088294983,unchanged
1789302685.5167055,1789302685.5780313,61.325788497924805,private:getpermissions,200,33433.41088294983,unchanged
1789302714.2450752,1789302714.2860155,40.940284729003906,public:getticker,200,273.19812774658203,ok
1789302714.2860363,1789302714.3345654,48.52914810180664,private:getpermissions,200,273.19812774658203,ok
1789302744.2458076,1789302744.2814581,35.65049171447754,public:getticker,200,30265.5189037323,unchanged
1789302744.2814772,1789302744.3268738,45.39656639099121,private:getpermissions,200,30265.5189037323,unchanged
1789302774.246075,1789302774.291185,45.10998725891113,public:getticker,200,198.8060474395752,ok
1789302774.2912004,1789302774.3410845,49.88408088684082,private:getpermissions,200,198.8060474395752,ok
1789302804.2474375,1789302804.2857115,38.27404975891113,public:getticker,200,30188.199996948242,unchanged
1789302804.2857285,1789302804.3304715,44.74306106567383,private:getpermissions,200,30188.199996948242,unchanged
1789302834.248589,1789302834.2972906,48.70152473449707,public:getticker,200,60241.89615249634,unchanged
1789302834.297358,1789302834.384173,86.81488037109375,private:getpermissions,200,60241.89615249634,unchanged
1789302864.249314,1789302864.2913198,42.00577735900879,public:getticker,200,29280.770540237427,ok
1789302864.291339,1789302864.5066302,215.29126167297363,private:getpermissions,200,29280.770540237427,ok
1789302894.2504845,1789302894.2924252,41.94068908691406,public:getticker,200,59127.07805633545,unchanged
1789302894.292445,1789302894.352931,60.4860782623291,private:getpermissions,200,59127.07805633545,unchanged
1789302924.2515225,1789302924.309118,57.59549140930176,public:getticker,200,29402.942419052124,ok
1789302924.3091342,1789302924.3494196,40.285348892211914,private:getpermissions,200,29402.942419052124,ok
1789302954.2516963,1789302954.3973694,145.67303657531738,public:getticker,200,59501.766204833984,unchanged
1789302954.3973978,1789302954.4482331,50.835371017456055,private:getpermissions,200,59501.766204833984,unchanged
1789302984.252911,1789302984.300327,47.415971755981445,public:getticker,200,28987.821578979492,ok
1789302984.300346,1789302984.3557594,55.41348457336426,private:getpermissions,200,28987.821578979492,ok
1789303014.2543108,1789303014.320829,66.51806831359863,public:getticker,200,59007.83610343933,unchanged
1789303014.3208568,1789303014.3757873,54.93044853210449,private:getpermissions,200,59007.83610343933,unchanged
1789303044.2550848,1789303044.333524,78.43923568725586,public:getticker,200,29446.5434551239,ok
1789303044.333565,1789303044.389628,56.062936782836914,private:getpermissions,200,29446.5434551239,ok
1789303074.2561946,1789303074.8385,582.3054313659668,public:getticker,200,59938.430070877075,unchanged
1789303074.8385193,1789303074.8815215,43.00212860107422,private:getpermissions,200,59938.430070877075,unchanged
1789303104.3589058,1789303104.3952692,36.36336326599121,public:getticker,200,29173.473596572876,ok
1789303104.3952906,1789303104.459717,64.42642211914062,private:getpermissions,200,29173.473596572876,ok
1789303134.3603742,1789303134.3988807,38.506507873535156,public:getticker,200,59165.97580909729,unchanged
1789303134.3989,1789303134.4522152,53.315162658691406,private:getpermissions,200,59165.97580909729,unchanged
1789303164.360765,1789303164.3992283,38.46335411071777,public:getticker,200,28494.136810302734,ok
1789303164.399246,1789303164.4424386,43.19262504577637,private:getpermissions,200,28494.136810302734,ok
1789303194.3612485,1789303194.3959227,34.67416763305664,public:getticker,200,58490.362882614136,unchanged
1789303194.39594,1789303194.438661,42.72103309631348,private:getpermissions,200,58490.362882614136,unchanged
1789303224.5868075,1789303224.7635903,176.78284645080566,public:getticker,200,29123.9230632782,ok
1789303224.763634,1789303224.820601,56.96702003479004,private:getpermissions,200,29123.9230632782,ok
1789303254.6937513,1789303254.7602143,66.46299362182617,public:getticker,200,59126.26338005066,unchanged
1789303254.7602417,1789303254.822939,62.69717216491699,private:getpermissions,200,59126.26338005066,unchanged
1789303284.8688288,1789303284.9051938,36.36503219604492,public:getticker,200,28920.456171035767,ok
1789303284.9052129,1789303284.9801595,74.94664192199707,private:getpermissions,200,28920.456171035767,ok
1789303314.8697972,1789303314.917541,47.743797302246094,public:getticker,200,58952.106952667236,unchanged
1789303314.9175587,1789303315.0118077,94.24901008605957,private:getpermissions,200,58952.106952667236,unchanged
1789303344.8703537,1789303344.907163,36.80920600891113,public:getticker,200,28629.849195480347,ok
1789303344.9071808,1789303344.9818513,74.67055320739746,private:getpermissions,200,28629.849195480347,ok
1789303374.8706536,1789303374.9090514,38.397789001464844,public:getticker,200,58607.38158226013,unchanged
1789303374.90907,1789303374.9593842,50.31418800354004,private:getpermissions,200,58607.38158226013,unchanged
1789303404.8714218,1789303404.912801,41.37921333312988,public:getticker,200,28572.62396812439,ok
1789303404.9128199,1789303404.9590063,46.18644714355469,private:getpermissions,200,28572.62396812439,ok
1789303434.8718648,1789303434.9764044,104.53963279724121,public:getticker,200,58650.40564537048,unchanged
1789303434.9764364,1789303435.036793,60.35661697387695,private:getpermissions,200,58650.40564537048,unchanged
1789303464.8730762,1789303464.907947,34.87086296081543,public:getticker,200,28497.081756591797,ok
1789303464.928881,1789303464.970685,41.80407524108887,private:getpermissions,200,28497.081756591797,ok
1789303494.8737876,1789303494.915609,41.82124137878418,public:getticker,200,5615.610361099243,ok
1789303494.9156256,1789303503.1323593,8216.733694076538,private:getpermissions,200,5615.610361099243,ok
1789303524.8742871,1789303529.2739804,4399.693250656128,public:getticker,200,31810.374975204468,unchanged
1789303529.2740073,1789303529.3271716,53.16424369812012,private:getpermissions,200,31810.374975204468,unchanged
1789303554.87453,1789303554.9823427,107.81264305114746,public:getticker,200,57560.15753746033,unchanged
1789303554.9823587,1789303555.0769548,94.59614753723145,private:getpermissions,200,57560.15753746033,unchanged
1789303584.8749666,1789303584.9589667,84.0001106262207,public:getticker,200,26835.18362045288,ok
1789303584.95899,1789303585.010805,51.81479454040527,private:getpermissions,200,26835.18362045288,ok
1789303614.875632,1789303614.9091306,33.498525619506836,public:getticker,200,56770.68495750427,unchanged
1789303614.909146,1789303614.946312,37.16588020324707,private:getpermissions,200,56770.68495750427,unchanged
1789303644.876719,1789303644.9167237,40.004730224609375,public:getticker,200,26828.15432548523,ok
1789303644.9167414,1789303644.960428,43.686628341674805,private:getpermissions,200,26828.15432548523,ok
1789303674.8771465,1789303674.920387,43.24054718017578,public:getticker,200,56843.130111694336,unchanged
1789303674.9204063,1789303674.9753983,54.991960525512695,private:getpermissions,200,56843.130111694336,unchanged
1789303704.877567,1789303704.9184885,40.92144966125488,public:getticker,200,26525.352239608765,ok
1789303704.9185061,1789303704.9626827,44.176578521728516,private:getpermissions,200,26525.352239608765,ok
1789303734.8783333,1789303734.916252,37.9185676574707,public:getticker,200,56519.50478553772,unchanged
1789303734.9162722,1789303734.9568338,40.561676025390625,private:getpermissions,200,56519.50478553772,unchanged
1789303764.8785892,1789303764.9272127,48.62356185913086,public:getticker,200,26194.434642791748,ok
1789303764.927229,1789303764.9677758,40.54689407348633,private:getpermissions,200,26194.434642791748,ok
1789303794.878989,1789303794.9159439,36.95487976074219,public:getticker,200,56208.80460739136,unchanged
1789303794.9159667,1789303794.9821563,66.18952751159668,private:getpermissions,200,56208.80460739136,unchanged
1789303824.8804228,1789303824.917863,37.44006156921387,public:getticker,200,26541.33105278015,ok
1789303824.9178932,1789303824.963188,45.294761657714844,private:getpermissions,200,26541.33105278015,ok
1789303854.8806455,1789303854.9196038,38.95831108093262,public:getticker,200,56539.32070732117,unchanged
1789303854.9196188,1789303854.9611754,41.556596755981445,private:getpermissions,200,56539.32070732117,unchanged
1789303884.8812218,1789303884.9217913,40.56954383850098,public:getticker,200,26237.168788909912,ok
1789303884.9218118,1789303884.9653916,43.579816818237305,private:getpermissions,200,26237.168788909912,ok
1789303914.8822632,1789303914.9193027,37.03951835632324,public:getticker,200,56247.95198440552,unchanged
1789303914.9193244,1789303914.9761744,56.84995651245117,private:getpermissions,200,56247.95198440552,unchanged
1789303944.8825116,1789303944.9223046,39.79301452636719,public:getticker,200,26205.113172531128,ok
1789303944.9223237,1789303944.9811258,58.802127838134766,private:getpermissions,200,26205.113172531128,ok
1789303974.8835046,1789303974.9194114,35.90679168701172,public:getticker,200,56191.09272956848,unchanged
1789303974.9194283,1789303974.9670625,47.634124755859375,private:getpermissions,200,56191.09272956848,unchanged
1789304004.8838968,1789304004.9198215,35.924673080444336,public:getticker,200,25704.413414001465,ok
1789304004.9198372,1789304004.9765606,56.72335624694824,private:getpermissions,200,25704.413414001465,ok
1789304034.885186,1789304034.936745,51.5589714050293,public:getticker,200,55705.167055130005,unchanged
1789304034.9367633,1789304034.977313,40.54975509643555,private:getpermissions,200,55705.167055130005,unchanged
1789304064.9378366,1789304064.983921,46.08440399169922,public:getticker,200,25768.86224746704,ok
1789304064.983944,1789304065.037752,53.807973861694336,private:getpermissions,200,25768.86224746704,ok
1789304095.0225942,1789304095.0594,36.80586814880371,public:getticker,200,55835.09278297424,unchanged
1789304095.0594227,1789304095.103981,44.55828666687012,private:getpermissions,200,55835.09278297424,unchanged
1789304125.0402462,1789304125.072771,32.524824142456055,public:getticker,200,25775.760889053345,ok
1789304125.0727956,1789304125.1820393,109.24363136291504,private:getpermissions,200,25775.760889053345,ok
1789304155.0414047,1789304155.0900867,48.68197441101074,public:getticker,200,55741.91498756409,unchanged
1789304155.0901055,1789304155.1481938,58.08830261230469,private:getpermissions,200,55741.91498756409,unchanged
1789304185.0416586,1789304185.0827749,41.11623764038086,public:getticker,200,25648.42176437378,ok
1789304185.0828009,1789304185.1355479,52.74701118469238,private:getpermissions,200,25648.42176437378,ok
1789304215.0422714,1789304215.0815284,39.257049560546875,public:getticker,200,55672.104358673096,unchanged
1789304215.0815449,1789304215.159228,77.6832103729248,private:getpermissions,200,55672.104358673096,unchanged
1789304245.2776105,1789304245.3175027,39.89219665527344,public:getticker,200,25117.794513702393,ok
1789304245.3176167,1789304245.3701599,52.54316329956055,private:getpermissions,200,25117.794513702393,ok
1789304275.2784448,1789304275.3154354,36.99064254760742,public:getticker,200,55101.46903991699,unchanged
1789304275.315455,1789304275.3538368,38.38181495666504,private:getpermissions,200,55101.46903991699,unchanged
1789304305.2789276,1789304305.3006098,21.682262420654297,public:getticker,200,25305.582284927368,ok
1789304305.3006341,1789304305.3573039,56.66971206665039,private:getpermissions,200,25305.582284927368,ok
1789304335.2812042,1789304335.3018587,20.65443992614746,public:getticker,200,55306.86163902283,unchanged
1789304335.3018818,1789304335.3585858,56.704044342041016,private:getpermissions,200,55306.86163902283,unchanged
1789304365.2808166,1789304365.3150067,34.19017791748047,public:getticker,200,25067.07501411438,ok
1789304365.3150518,1789304365.3746772,59.62538719177246,private:getpermissions,200,25067.07501411438,ok
1789304395.282735,1789304395.3416965,58.96139144897461,public:getticker,200,55083.13322067261,unchanged
1789304395.3417144,1789304395.3907282,49.01385307312012,private:getpermissions,200,55083.13322067261,unchanged
1789304425.2833767,1789304425.319554,36.17739677429199,public:getticker,200,24962.191343307495,ok
1789304425.3195992,1789304425.3602984,40.69924354553223,private:getpermissions,200,24962.191343307495,ok
1789304455.2846344,1789304455.3291008,44.466495513916016,public:getticker,200,54979.40921783447,unchanged
1789304455.3291318,1789304455.3775132,48.38132858276367,private:getpermissions,200,54979.40921783447,unchanged
1789304485.3185625,1789304485.364288,45.72558403015137,public:getticker,200,25167.877197265625,ok
1789304485.3643172,1789304485.422988,58.670759201049805,private:getpermissions,200,25167.877197265625,ok
1789304515.321105,1789304515.6993606,378.25560569763184,public:getticker,200,56825.53505897522,unchanged
1789304515.6993773,1789304517.0806432,1381.2658786773682,private:getpermissions,200,56825.53505897522,unchanged
1789304545.3219674,1789304547.049458,1727.4906635284424,public:getticker,200,27864.817142486572,ok
1789304547.049479,1789304548.5453417,1495.8627223968506,private:getpermissions,200,27864.817142486572,ok
1789304575.3227792,1789304575.3989396,76.16043090820312,public:getticker,200,54760.89334487915,unchanged
1789304575.39896,1789304575.4414136,42.45352745056152,private:getpermissions,200,54760.89334487915,unchanged
1789304605.3232355,1789304605.3693733,46.13780975341797,public:getticker,200,25176.486015319824,ok
1789304605.386381,1789304605.455263,68.88198852539062,private:getpermissions,200,25176.486015319824,ok
1789304635.3234506,1789304635.5761256,252.67505645751953,public:getticker,200,55354.24828529358,unchanged
1789304635.5761504,1789304635.633025,56.87451362609863,private:getpermissions,200,55354.24828529358,unchanged
1789304665.3240745,1789304665.362626,38.55156898498535,public:getticker,200,24640.254735946655,ok
1789304665.3626466,1789304665.4139597,51.313161849975586,private:getpermissions,200,24640.254735946655,ok
1789304695.3252003,1789304695.362861,37.66059875488281,public:getticker,200,54630.664587020874,unchanged
1789304695.3628788,1789304695.4043694,41.49055480957031,private:getpermissions,200,54630.664587020874,unchanged
1789304725.3261626,1789304725.4256506,99.4880199432373,public:getticker,200,25033.138751983643,ok
1789304725.4256847,1789304725.4720814,46.396732330322266,private:getpermissions,200,25033.138751983643,ok
1789304755.326729,1789304755.373382,46.653032302856445,public:getticker,200,54998.1324672699,unchanged
1789304755.3734138,1789304755.4370718,63.65799903869629,private:getpermissions,200,54998.1324672699,unchanged
1789304785.4976208,1789304785.5648904,67.26956367492676,public:getticker,200,25025.704622268677,ok
1789304785.5649076,1789304785.6184316,53.524017333984375,private:getpermissions,200,25025.704622268677,ok
1789304815.501181,1789304815.5502257,49.04484748840332,public:getticker,200,55015.91444015503,unchanged
1789304815.5502512,1789304815.608644,58.39276313781738,private:getpermissions,200,55015.91444015503,unchanged
1789304845.5017545,1789304845.5482717,46.517133712768555,public:getticker,200,24750.350952148438,ok
1789304845.5482926,1789304845.5937595,45.46689987182617,private:getpermissions,200,24750.350952148438,ok
1789304875.5028722,1789304875.5536466,50.774335861206055,public:getticker,200,54789.610624313354,unchanged
1789304875.5536628,1789304875.6330194,79.35667037963867,private:getpermissions,200,54789.610624313354,unchanged
1789304905.5033803,1789304905.5407848,37.404537200927734,public:getticker,200,24684.932708740234,ok
1789304905.5408165,1789304905.5819874,41.17083549499512,private:getpermissions,200,24684.932708740234,ok
1789304935.5180113,1789304935.6339464,115.93508720397949,public:getticker,200,54790.263414382935,unchanged
1789304935.6339643,1789304935.6872475,53.2832145690918,private:getpermissions,200,54790.263414382935,unchanged
1789304965.5190818,1789304965.5651681,46.08631134033203,public:getticker,200,24353.673696517944,ok
1789304965.5652838,1789304965.6119924,46.70858383178711,private:getpermissions,200,24353.673696517944,ok
1789304995.5204265,1789304995.5581963,37.76979446411133,public:getticker,200,54352.84161567688,unchanged
1789304995.5582156,1789304995.6111596,52.94394493103027,private:getpermissions,200,54352.84161567688,unchanged
1789305025.5209439,1789305025.576042,55.09805679321289,public:getticker,200,24759.106159210205,ok
1789305025.5760605,1789305025.6349618,58.901309967041016,private:getpermissions,200,24759.106159210205,ok
1789305055.5215187,1789305055.5715258,50.00710487365723,public:getticker,200,54752.95686721802,unchanged
1789305055.5715518,1789305055.6288128,57.260990142822266,private:getpermissions,200,54752.95686721802,unchanged
1789305085.5217981,1789305085.5770123,55.21416664123535,public:getticker,200,24279.517889022827,ok
1789305085.5770295,1789305085.6301029,53.07340621948242,private:getpermissions,200,24279.517889022827,ok
1789305115.5220592,1789305115.6204631,98.4039306640625,public:getticker,200,54319.66972351074,unchanged
1789305115.6204784,1789305115.670255,49.776554107666016,private:getpermissions,200,54319.66972351074,unchanged
1789305145.5223536,1789305145.5613859,39.0322208404541,public:getticker,200,23974.689722061157,ok
1789305145.5614254,1789305145.6063867,44.96121406555176,private:getpermissions,200,23974.689722061157,ok
1789305175.5227933,1789305175.5603256,37.53232955932617,public:getticker,200,54043.95365715027,unchanged
1789305175.5603414,1789305175.6756518,115.3104305267334,private:getpermissions,200,54043.95365715027,unchanged
1789305205.5239127,1789305205.5595827,35.67004203796387,public:getticker,200,24325.565099716187,ok
1789305205.5596094,1789305205.6036005,43.9910888671875,private:getpermissions,200,24325.565099716187,ok
1789305235.5243425,1789305235.5647016,40.3590202331543,public:getticker,200,54389.95122909546,unchanged
1789305235.5647175,1789305235.6679862,103.26862335205078,private:getpermissions,200,54389.95122909546,unchanged
1789305265.526772,1789305265.5717216,44.94953155517578,public:getticker,200,23976.925373077393,ok
1789305265.5717375,1789305265.6142707,42.533159255981445,private:getpermissions,200,23976.925373077393,ok
1789305295.5277066,1789305295.574873,47.16634750366211,public:getticker,200,53990.336418151855,unchanged
1789305295.5749004,1789305295.6276867,52.78635025024414,private:getpermissions,200,53990.336418151855,unchanged
1789305325.528362,1789305325.5633678,35.005807876586914,public:getticker,200,23986.34648323059,ok
1789305325.5633855,1789305325.6223476,58.962106704711914,private:getpermissions,200,23986.34648323059,ok
1789305355.528984,1789305355.595476,66.49184226989746,public:getticker,200,54007.41982460022,unchanged
1789305355.595493,1789305355.6434143,47.921180725097656,private:getpermissions,200,54007.41982460022,unchanged
1789305385.5292156,1789305385.5732892,44.07358169555664,public:getticker,200,23958.070516586304,ok
1789305385.5733056,1789305385.6339855,60.67991256713867,private:getpermissions,200,23958.070516586304,ok
1789305415.5302367,1789305415.586719,56.48231506347656,public:getticker,200,53955.45768737793,unchanged
1789305415.5867352,1789305415.6313727,44.637441635131836,private:getpermissions,200,53955.45768737793,unchanged
1789305445.5304933,1789305445.5682318,37.73856163024902,public:getticker,200,23113.580226898193,ok
1789305445.568251,1789305445.628958,60.70709228515625,private:getpermissions,200,23113.580226898193,ok
1789305475.5315611,1789305475.5676425,36.08131408691406,public:getticker,200,53096.13847732544,unchanged
1789305475.5676587,1789305475.6115189,43.86019706726074,private:getpermissions,200,53096.13847732544,unchanged
1789305505.532053,1789305505.58787,55.8168888092041,public:getticker,200,22547.966718673706,ok
1789305505.5878866,1789305505.6458626,57.97600746154785,private:getpermissions,200,22547.966718673706,ok
1789305535.5326395,1789305535.5699735,37.33396530151367,public:getticker,200,52512.99810409546,unchanged
1789305535.5700054,1789305535.6108813,40.875911712646484,private:getpermissions,200,52512.99810409546,unchanged
1789305565.5336494,1789305565.5699923,36.34285926818848,public:getticker,200,22150.7568359375,ok
1789305565.570009,1789305565.6190257,49.016714096069336,private:getpermissions,200,22150.7568359375,ok
1789305595.5342388,1789305595.574652,40.41314125061035,public:getticker,200,52217.580795288086,unchanged
1789305595.574683,1789305595.6858437,111.1607551574707,private:getpermissions,200,52217.580795288086,unchanged
1789305625.534608,1789305625.5780952,43.4873104095459,public:getticker,200,22278.113842010498,ok
1789305625.5781236,1789305625.6215465,43.42293739318848,private:getpermissions,200,22278.113842010498,ok
1789305655.5353785,1789305655.5774815,42.10305213928223,public:getticker,200,52292.53697395325,unchanged
1789305655.5775094,1789305655.635969,58.45952033996582,private:getpermissions,200,52292.53697395325,unchanged
1789305685.536479,1789305685.6185186,82.03959465026855,public:getticker,200,21520.432710647583,ok
1789305685.6185355,1789305685.6671052,48.569679260253906,private:getpermissions,200,21520.432710647583,ok
1789305715.5371664,1789305715.8313246,294.1582202911377,public:getticker,200,52266.11137390137,unchanged
1789305715.8313403,1789305716.412776,581.4356803894043,private:getpermissions,200,52266.11137390137,unchanged
1789305745.537997,1789305745.5769582,38.961172103881836,public:getticker,200,21273.44822883606,ok
1789305745.5769742,1789305745.6254766,48.502445220947266,private:getpermissions,200,21273.44822883606,ok
1789305775.538969,1789305775.576239,37.27006912231445,public:getticker,200,51279.67691421509,unchanged
1789305775.57627,1789305775.6317086,55.43851852416992,private:getpermissions,200,51279.67691421509,unchanged
1789305805.5400782,1789305805.5778134,37.7352237701416,public:getticker,200,20459.251403808594,ok
1789305805.5778484,1789305805.6287441,50.89569091796875,private:getpermissions,200,20459.251403808594,ok
1789305835.5423255,1789305835.5977232,55.397748947143555,public:getticker,200,50485.65888404846,unchanged
1789305835.5977411,1789305835.6551526,57.41143226623535,private:getpermissions,200,50485.65888404846,unchanged
1789305865.5426412,1789305865.665508,122.86686897277832,public:getticker,200,20147.581577301025,ok
1789305865.665526,1789305865.7281706,62.64472007751465,private:getpermissions,200,20147.581577301025,ok
1789305895.5429263,1789305896.3157375,772.8111743927002,public:getticker,200,-8881.609916687012,ok
1789305896.535517,1789305896.5958285,60.31155586242676,private:getpermissions,200,-8881.609916687012,ok
1789305925.543274,1789305925.5797074,36.43345832824707,public:getticker,200,20144.752264022827,unchanged
1789305925.579725,1789305925.622197,42.471885681152344,private:getpermissions,200,20144.752264022827,unchanged
1789305955.5435176,1789305955.6812973,137.77971267700195,public:getticker,200,50263.88454437256,unchanged
1789305955.681314,1789305955.741332,60.018062591552734,private:getpermissions,200,50263.88454437256,unchanged
1789305985.5440156,1789305985.5794597,35.444021224975586,public:getticker,200,18279.22749519348,ok
1789305985.5794766,1789305985.6239965,44.519901275634766,private:getpermissions,200,18279.22749519348,ok
1789306015.5447528,1789306015.5881572,43.404340744018555,public:getticker,200,48284.81960296631,unchanged
1789306015.588174,1789306015.6295896,41.41545295715332,private:getpermissions,200,48284.81960296631,unchanged
1789306045.5458863,1789306045.6499636,104.07733917236328,public:getticker,200,17992.12121963501,ok
1789306045.6499798,1789306045.6941109,44.13104057312012,private:getpermissions,200,17992.12121963501,ok
1789306075.5465581,1789306075.579628,33.06984901428223,public:getticker,200,47943.92967224121,unchanged
1789306075.579646,1789306075.6459177,66.27154350280762,private:getpermissions,200,47943.92967224121,unchanged
1789306105.5469275,1789306105.581147,34.21950340270996,public:getticker,200,17860.962629318237,ok
1789306105.581171,1789306105.6238854,42.71435737609863,private:getpermissions,200,17860.962629318237,ok
1789306135.5481517,1789306135.5994387,51.286935806274414,public:getticker,200,47878.60107421875,unchanged
1789306135.5994556,1789306135.6415224,42.06681251525879,private:getpermissions,200,47878.60107421875,unchanged
1789306165.5489378,1789306165.588324,39.38627243041992,public:getticker,200,17870.51820755005,ok
1789306165.5883422,1789306165.673012,84.66982841491699,private:getpermissions,200,17870.51820755005,ok
1789306195.5491216,1789306195.592525,43.40338706970215,public:getticker,200,47841.44830703735,unchanged
1789306195.5925467,1789306195.6439412,51.39446258544922,private:getpermissions,200,47841.44830703735,unchanged
1789306225.549948,1789306225.5874822,37.534236907958984,public:getticker,200,18167.24991798401,ok
1789306225.5875015,1789306225.6508012,63.29965591430664,private:getpermissions,200,18167.24991798401,ok
1789306255.5501568,1789306255.6025233,52.36649513244629,public:getticker,200,48172.00422286987,unchanged
1789306255.6025412,1789306255.6555789,53.03764343261719,private:getpermissions,200,48172.00422286987,unchanged
1789306285.5504827,1789306285.570047,19.564151763916016,public:getticker,200,17757.4360370636,ok
1789306285.5700655,1789306285.6409605,70.89495658874512,private:getpermissions,200,17757.4360370636,ok
1789306315.5512576,1789306315.5871165,35.858869552612305,public:getticker,200,47755.45430183411,unchanged
1789306315.5871356,1789306315.6389775,51.84197425842285,private:getpermissions,200,47755.45430183411,unchanged
1789306345.5517101,1789306345.6012652,49.555063247680664,public:getticker,200,17637.831211090088,ok
1789306345.6012838,1789306345.6464586,45.17483711242676,private:getpermissions,200,17637.831211090088,ok
1789306375.554354,1789306375.590094,35.74013710021973,public:getticker,200,47624.821186065674,unchanged
1789306375.5901103,1789306375.6334476,43.337345123291016,private:getpermissions,200,47624.821186065674,unchanged
1789306405.5545924,1789306405.5959408,41.34845733642578,public:getticker,200,17268.376350402832,ok
1789306405.595958,1789306405.6385183,42.56033897399902,private:getpermissions,200,17268.376350402832,ok
1789306435.5554433,1789306435.5987895,43.34616661071777,public:getticker,200,47291.12720489502,unchanged
1789306435.5988238,1789306435.6612785,62.4547004699707,private:getpermissions,200,47291.12720489502,unchanged
1789306465.555738,1789306465.5944905,38.75255584716797,public:getticker,200,17363.73519897461,ok
1789306465.5945075,1789306465.645689,51.18155479431152,private:getpermissions,200,17363.73519897461,ok
1789306495.5560281,1789306495.6065178,50.48966407775879,public:getticker,200,47372.12085723877,unchanged
1789306495.6065366,1789306495.654059,47.52230644226074,private:getpermissions,200,47372.12085723877,unchanged
1789306525.5562847,1789306525.59125,34.96527671813965,public:getticker,200,17122.776746749878,ok
1789306525.5912676,1789306525.6312153,39.9477481842041,private:getpermissions,200,17122.776746749878,ok
1789306555.5566928,1789306555.635365,78.67217063903809,public:getticker,200,47165.43245315552,unchanged
1789306555.6353862,1789306555.6738727,38.486480712890625,private:getpermissions,200,47165.43245315552,unchanged
1789306585.557042,1789306585.6027546,45.71270942687988,public:getticker,200,17056.540727615356,ok
1789306585.6027715,1789306585.6567116,53.9400577545166,private:getpermissions,200,17056.540727615356,ok
1789306615.5588138,1789306615.6131644,54.35061454772949,public:getticker,200,47065.789222717285,unchanged
1789306615.6131816,1789306615.6659598,52.77824401855469,private:getpermissions,200,47065.789222717285,unchanged
1789306645.5593739,1789306645.5971897,37.81580924987793,public:getticker,200,16363.78812789917,ok
1789306645.597209,1789306645.6774971,80.28817176818848,private:getpermissions,200,16363.78812789917,ok
1789306675.5606296,1789306675.6293833,68.75371932983398,public:getticker,200,46355.74984550476,unchanged
1789306675.6294055,1789306675.66946,40.0545597076416,private:getpermissions,200,46355.74984550476,unchanged
1789306705.5607183,1789306705.6062438,45.525550842285156,public:getticker,200,16212.470293045044,ok
1789306705.6062634,1789306705.6571305,50.86708068847656,private:getpermissions,200,16212.470293045044,ok
1789306735.56352,1789306735.605057,41.53704643249512,public:getticker,200,46216.10450744629,unchanged
1789306735.605074,1789306735.6607585,55.684566497802734,private:getpermissions,200,46216.10450744629,unchanged
1789306765.5638015,1789306765.6012452,37.44363784790039,public:getticker,200,16488.956689834595,ok
1789306765.6012635,1789306765.642556,41.292428970336914,private:getpermissions,200,16488.956689834595,ok
1789306795.5661652,1789306795.6238127,57.6474666595459,public:getticker,200,46552.114486694336,unchanged
1789306795.6238308,1789306795.7057137,81.88295364379883,private:getpermissions,200,46552.114486694336,unchanged
1789306825.566448,1789306825.6047437,38.295745849609375,public:getticker,200,16037.659645080566,ok
1789306825.6047616,1789306825.649152,44.39043998718262,private:getpermissions,200,16037.659645080566,ok
1789306855.5688274,1789306855.6073186,38.491249084472656,public:getticker,200,46063.74454498291,unchanged
1789306855.6073363,1789306855.675237,67.9006576538086,private:getpermissions,200,46063.74454498291,unchanged
1789306885.5688086,1789306885.7650368,196.2282657623291,public:getticker,200,16362.122535705566,ok
1789306885.765055,1789306885.8359277,70.87278366088867,private:getpermissions,200,16362.122535705566,ok
1789306915.5712535,1789306915.6078465,36.592960357666016,public:getticker,200,46392.441511154175,unchanged
1789306915.6078625,1789306915.8662465,258.38398933410645,private:getpermissions,200,46392.441511154175,unchanged
1789306945.5714288,1789306945.6414442,70.01543045043945,public:getticker,200,16190.082788467407,ok
1789306945.641462,1789306945.6848135,43.35141181945801,private:getpermissions,200,16190.082788467407,ok
1789306975.571705,1789306975.6400237,68.31860542297363,public:getticker,200,46189.57328796387,unchanged
1789306975.6400416,1789306975.6843038,44.26217079162598,private:getpermissions,200,46189.57328796387,unchanged
1789307005.5729227,1789307005.615766,42.84334182739258,public:getticker,200,15906.996250152588,ok
1789307005.615783,1789307005.6587434,42.960405349731445,private:getpermissions,200,15906.996250152588,ok
1789307035.5731664,1789307035.6106598,37.49346733093262,public:getticker,200,45913.06233406067,unchanged
1789307035.6106756,1789307035.6648123,54.13675308227539,private:getpermissions,200,45913.06233406067,unchanged
1789307065.5741818,1789307065.6140616,39.879798889160156,public:getticker,200,15934.586763381958,ok
1789307065.614077,1789307065.656954,42.8769588470459,private:getpermissions,200,15934.586763381958,ok
1789307095.574445,1789307095.634679,60.23406982421875,public:getticker,200,45969.022035598755,unchanged
1789307095.6346955,1789307095.6913898,56.69426918029785,private:getpermissions,200,45969.022035598755,unchanged
1789307125.5747457,1789307125.6093335,34.587860107421875,public:getticker,200,15717.507123947144,ok
1789307125.6093495,1789307125.706034,96.68445587158203,private:getpermissions,200,15717.507123947144,ok
1789307155.5749934,1789307155.6088164,33.82301330566406,public:getticker,200,45675.625801086426,unchanged
1789307155.6088307,1789307155.664151,55.32026290893555,private:getpermissions,200,45675.625801086426,unchanged
1789307185.5752907,1789307185.6104064,35.115718841552734,public:getticker,200,15743.9603805542,ok
1789307185.610421,1789307185.6497285,39.307594299316406,private:getpermissions,200,15743.9603805542,ok
1789307215.575563,1789307215.6147187,39.15572166442871,public:getticker,200,45767.13275909424,unchanged
1789307215.6147332,1789307215.6729019,58.168649673461914,private:getpermissions,200,45767.13275909424,unchanged
1789307245.576089,1789307245.614829,38.74015808105469,public:getticker,200,15722.33533859253,ok
1789307245.6148431,1789307245.682465,67.62194633483887,private:getpermissions,200,15722.33533859253,ok
1789307275.5763495,1789307275.9775116,401.16214752197266,public:getticker,200,46224.86734390259,unchanged
1789307275.9775262,1789307276.1849966,207.47041702270508,private:getpermissions,200,46224.86734390259,unchanged
1789307305.576751,1789307305.6184947,41.74375534057617,public:getticker,200,15505.95235824585,ok
1789307305.61851,1789307305.657558,39.047956466674805,private:getpermissions,200,15505.95235824585,ok
1789307335.5778177,1789307335.6252341,47.41644859313965,public:getticker,200,45539.14833068848,unchanged
1789307335.6252565,1789307335.6907544,65.49787521362305,private:getpermissions,200,45539.14833068848,unchanged
1789307365.5782626,1789307365.6138084,35.54582595825195,public:getticker,200,15180.374383926392,ok
1789307365.613824,1789307365.6719832,58.15935134887695,private:getpermissions,200,15180.374383926392,ok
1789307395.5792017,1789307395.6128561,33.65445137023926,public:getticker,200,45159.97552871704,unchanged
1789307395.6128721,1789307395.651585,38.71297836303711,private:getpermissions,200,45159.97552871704,unchanged
1789307425.5794532,1789307425.7110918,131.6385269165039,public:getticker,200,15232.639074325562,ok
1789307425.7111077,1789307425.7638197,52.71196365356445,private:getpermissions,200,15232.639074325562,ok
1789307455.5800428,1789307455.6255324,45.48954963684082,public:getticker,200,45142.27032661438,unchanged
1789307455.625548,1789307455.6734524,47.90449142456055,private:getpermissions,200,45142.27032661438,unchanged
1789307485.580804,1789307485.6211925,40.38834571838379,public:getticker,200,14933.478593826294,ok
1789307485.62121,1789307485.668857,47.64699935913086,private:getpermissions,200,14933.478593826294,ok
1789307515.5810516,1789307515.6359537,54.902076721191406,public:getticker,200,44948.04382324219,unchanged
1789307515.6359699,1789307515.6834235,47.45364189147949,private:getpermissions,200,44948.04382324219,unchanged
1789307545.5821908,1789307545.623214,41.02325439453125,public:getticker,200,15241.288423538208,ok
1789307545.623229,1789307545.685148,61.91897392272949,private:getpermissions,200,15241.288423538208,ok
1789307575.582453,1789307575.619534,37.081003189086914,public:getticker,200,45215.96097946167,unchanged
1789307575.6195495,1789307575.6598213,40.271759033203125,private:getpermissions,200,45215.96097946167,unchanged
1789307605.5837295,1789307605.6301153,46.385765075683594,public:getticker,200,14885.547876358032,ok
1789307605.6301308,1789307605.6773865,47.255754470825195,private:getpermissions,200,14885.547876358032,ok
1789307635.583969,1789307635.6179316,33.96248817443848,public:getticker,200,44885.91027259827,unchanged
1789307635.6179476,1789307635.6777513,59.80372428894043,private:getpermissions,200,44885.91027259827,unchanged
1789307665.5842216,1789307665.6849995,100.77786445617676,public:getticker,200,25906.405210494995,ok
1789307665.6850145,1789307665.7391462,54.13174629211426,private:getpermissions,200,25906.405210494995,ok
1789307695.5845048,1789307695.6233506,38.84577751159668,public:getticker,200,55854.5663356781,unchanged
1789307695.6233664,1789307695.6873062,63.939809799194336,private:getpermissions,200,55854.5663356781,unchanged
1789307725.5847828,1789307725.6225798,37.796974182128906,public:getticker,200,85835.74843406677,unchanged
1789307725.6225936,1789307725.6684895,45.89581489562988,private:getpermissions,200,85835.74843406677,unchanged
1789307755.5850334,1789307755.6241639,39.130449295043945,public:getticker,200,115847.87344932556,unchanged
1789307755.624203,1789307755.6806142,56.4112663269043,private:getpermissions,200,115847.87344932556,unchanged
1789307785.5852795,1789307785.6205742,35.29477119445801,public:getticker,200,145827.41475105286,unchanged
1789307785.6205888,1789307785.6601567,39.56794738769531,private:getpermissions,200,145827.41475105286,unchanged
1789307815.5855553,1789307815.6278138,42.258501052856445,public:getticker,200,175842.05865859985,unchanged
1789307815.6278286,1789307815.6747994,46.97084426879883,private:getpermissions,200,175842.05865859985,unchanged
1789307845.5860405,1789307845.6322126,46.172142028808594,public:getticker,200,205841.9668674469,unchanged
1789307845.632229,1789307845.674708,42.47879981994629,private:getpermissions,200,205841.9668674469,unchanged
1789307875.586685,1789307875.6193924,32.70745277404785,public:getticker,200,235826.18737220764,unchanged
1789307875.619406,1789307875.65893,39.524078369140625,private:getpermissions,200,235826.18737220764,unchanged
1789307905.5870607,1789307907.0591922,1472.1314907073975,public:getticker,200,275571.0551738739,unchanged
1789307907.059209,1789307915.4037938,8344.584703445435,private:getpermissions,200,275571.0551738739,unchanged
1789307935.5875707,1789307937.332819,1745.2483177185059,public:getticker,200,301991.52064323425,unchanged
1789307937.3328347,1789307941.824261,4491.426229476929,private:getpermissions,200,301991.52064323425,unchanged
1789307965.5883145,1789307965.6294456,41.131019592285156,public:getticker,200,325837.2061252594,unchanged
1789307965.6294606,1789307965.6699483,40.48776626586914,private:getpermissions,200,325837.2061252594,unchanged
1789307995.5889938,1789307995.6331797,44.18587684631348,public:getticker,200,,no_ticker_seen
1789307995.6331944,1789307995.6807232,47.528743743896484,private:getpermissions,200,,no_ticker_seen
1789308025.5892394,1789308025.603293,14.053583145141602,public:getticker,200,,unchanged
1789308025.6033065,1789308025.6392474,35.94088554382324,private:getpermissions,200,,unchanged
1789308055.589475,1789308055.6260827,36.60774230957031,public:getticker,200,13971.545457839966,ok
1789308055.6260958,1789308055.6700342,43.938398361206055,private:getpermissions,200,13971.545457839966,ok
1789308085.5897691,1789308085.6310143,41.245222091674805,public:getticker,200,43995.59450149536,unchanged
1789308085.6310284,1789308085.694083,63.054561614990234,private:getpermissions,200,43995.59450149536,unchanged
1789308115.5900443,1789308115.6395133,49.468994140625,public:getticker,200,13707.156658172607,ok
1789308115.639528,1789308115.681645,42.11688041687012,private:getpermissions,200,13707.156658172607,ok
1789308145.5902994,1789308145.623636,33.336639404296875,public:getticker,200,43704.03838157654,unchanged
1789308145.6236491,1789308145.6785254,54.87632751464844,private:getpermissions,200,43704.03838157654,unchanged
1789308175.5905912,1789308175.628301,37.709712982177734,public:getticker,200,13425.756216049194,ok
1789308175.6283154,1789308175.6682692,39.95370864868164,private:getpermissions,200,13425.756216049194,ok
1789308205.5908704,1789308207.387086,1796.215534210205,public:getticker,200,45476.66001319885,unchanged
1789308207.3871005,1789308207.719172,332.07154273986816,private:getpermissions,200,45476.66001319885,unchanged
1789308235.591406,1789308235.632613,41.20683670043945,public:getticker,200,13657.52100944519,ok
1789308235.6326268,1789308235.6991177,66.49088859558105,private:getpermissions,200,13657.52100944519,ok
1789308265.5918534,1789308265.6249032,33.049821853637695,public:getticker,200,43628.40485572815,unchanged
1789308265.6249182,1789308265.6700006,45.08233070373535,private:getpermissions,200,43628.40485572815,unchanged
1789308295.5923543,1789308295.6302786,37.92428970336914,public:getticker,200,13409.147262573242,ok
1789308295.6303034,1789308295.6866,56.296586990356445,private:getpermissions,200,13409.147262573242,ok
1789308325.5929782,1789308325.637793,44.8148250579834,public:getticker,200,43417.26040840149,unchanged
1789308325.6378078,1789308325.6947136,56.90574645996094,private:getpermissions,200,43417.26040840149,unchanged
1789308355.5934937,1789308355.6353045,41.81075096130371,public:getticker,200,13471.293926239014,ok
1789308355.6353416,1789308355.6819263,46.5846061706543,private:getpermissions,200,13471.293926239014,ok
1789308385.5939329,1789308385.6371334,43.20049285888672,public:getticker,200,43481.17661476135,unchanged
1789308385.6371481,1789308385.691807,54.65888977050781,private:getpermissions,200,43481.17661476135,unchanged
1789308415.594333,1789308415.6301906,35.8576774597168,public:getticker,200,13121.88744544983,ok
1789308415.6302054,1789308415.6798098,49.60441589355469,private:getpermissions,200,13121.88744544983,ok
1789308445.5946176,1789308445.636645,42.02747344970703,public:getticker,200,43161.04602813721,unchanged
1789308445.6366599,1789308445.7189658,82.305908203125,private:getpermissions,200,43161.04602813721,unchanged
1789308475.594893,1789308475.642177,47.28412628173828,public:getticker,200,12907.402038574219,ok
1789308475.6421924,1789308475.6911519,48.95949363708496,private:getpermissions,200,12907.402038574219,ok
1789308505.595151,1789308505.628437,33.286094665527344,public:getticker,200,42883.58569145203,unchanged
1789308505.6284523,1789308505.6673343,38.88201713562012,private:getpermissions,200,42883.58569145203,unchanged
1789308535.5954618,1789308535.6446903,49.22842979431152,public:getticker,200,13201.763391494751,ok
1789308535.6447031,1789308535.7086542,63.95101547241211,private:getpermissions,200,13201.763391494751,ok
1789308565.5957341,1789308565.7108567,115.12255668640137,public:getticker,200,43262.4294757843,unchanged
1789308565.7108727,1789308565.7693202,58.44759941101074,private:getpermissions,200,43262.4294757843,unchanged
1789308595.5964518,1789308595.6464148,49.96299743652344,public:getticker,200,12885.596513748169,ok
1789308595.6464312,1789308595.6932912,46.8599796295166,private:getpermissions,200,12885.596513748169,ok
1789308625.5976512,1789308625.6413605,43.70927810668945,public:getticker,200,42888.06915283203,unchanged
1789308625.6413765,1789308625.695765,54.38852310180664,private:getpermissions,200,42888.06915283203,unchanged
1789308655.5981135,1789308655.6355891,37.4755859375,public:getticker,200,12816.347360610962,ok
1789308655.6356041,1789308655.675641,40.036916732788086,private:getpermissions,200,12816.347360610962,ok
1789308685.5984156,1789308685.6588113,60.39571762084961,public:getticker,200,42850.23808479309,unchanged
1789308685.6588259,1789308685.7095332,50.707340240478516,private:getpermissions,200,42850.23808479309,unchanged
1789308715.5987077,1789308715.6426325,43.924808502197266,public:getticker,200,12835.180282592773,ok
1789308715.642651,1789308715.687686,45.03488540649414,private:getpermissions,200,12835.180282592773,ok
1789308745.5989716,1789308745.647064,48.09236526489258,public:getticker,200,42849.63130950928,unchanged
1789308745.6470795,1789308745.702139,55.05943298339844,private:getpermissions,200,42849.63130950928,unchanged
1789308775.5992622,1789308775.6350856,35.82334518432617,public:getticker,200,11692.130327224731,ok
1789308775.6351004,1789308776.286804,651.7035961151123,private:getpermissions,200,11692.130327224731,ok
1789308805.5995085,1789308805.7254949,125.98633766174316,public:getticker,200,41175.75931549072,unchanged
1789308805.7255096,1789308805.7704344,44.92473602294922,private:getpermissions,200,41175.75931549072,unchanged
1789308835.5997486,1789308835.6355977,35.84909439086914,public:getticker,200,10779.383897781372,ok
1789308835.635612,1789308835.6898532,54.241180419921875,private:getpermissions,200,10779.383897781372,ok
1789308865.6000235,1789308865.6441295,44.10600662231445,public:getticker,200,40794.91138458252,unchanged
1789308865.644144,1789308865.7053819,61.23781204223633,private:getpermissions,200,40794.91138458252,unchanged
1789308895.6005278,1789308895.6466117,46.083927154541016,public:getticker,200,10729.682207107544,ok
1789308895.6466262,1789308895.7149801,68.35389137268066,private:getpermissions,200,10729.682207107544,ok
1789308925.6008797,1789308925.6364858,35.60614585876465,public:getticker,200,40695.43695449829,unchanged
1789308925.6365023,1789308925.6807346,44.23236846923828,private:getpermissions,200,40695.43695449829,unchanged
1789308955.6016192,1789308955.6432555,41.63622856140137,public:getticker,200,10514.708042144775,ok
1789308955.6432717,1789308955.6999872,56.71548843383789,private:getpermissions,200,10514.708042144775,ok
1789308985.602237,1789308985.6426315,40.39454460144043,public:getticker,200,40502.02798843384,unchanged
1789308985.6426466,1789308985.6873124,44.66581344604492,private:getpermissions,200,40502.02798843384,unchanged
1789309015.6025984,1789309015.6376398,35.04133224487305,public:getticker,200,10745.824337005615,ok
1789309015.6376555,1789309015.6891217,51.46622657775879,private:getpermissions,200,10745.824337005615,ok
1789309045.602901,1789309045.6492672,46.366214752197266,public:getticker,200,40745.33534049988,unchanged
1789309045.649283,1789309045.6886327,39.34979438781738,private:getpermissions,200,40745.33534049988,unchanged
1789309075.6036649,1789309075.6520336,48.36869239807129,public:getticker,200,10231.97889328003,ok
1789309075.6520483,1789309075.7077334,55.68504333496094,private:getpermissions,200,10231.97889328003,ok
1789309105.6039736,1789309107.0476599,1443.6862468719482,public:getticker,200,43223.50025177002,unchanged
1789309107.047675,1789309108.699254,1651.5791416168213,private:getpermissions,200,43223.50025177002,unchanged
1789309135.6042233,1789309135.6603131,56.08987808227539,public:getticker,200,10253.601551055908,ok
1789309135.6603277,1789309135.7304757,70.14799118041992,private:getpermissions,200,10253.601551055908,ok
1789309165.6044834,1789309165.6406553,36.171913146972656,public:getticker,200,40225.44479370117,unchanged
1789309165.6406689,1789309165.7023191,61.65027618408203,private:getpermissions,200,40225.44479370117,unchanged
1789309195.6054914,1789309195.641149,35.657644271850586,public:getticker,200,10605.207204818726,ok
1789309195.6411622,1789309195.6803474,39.185285568237305,private:getpermissions,200,10605.207204818726,ok
1789309225.6057427,1789309225.6435828,37.84012794494629,public:getticker,200,40615.43679237366,unchanged
1789309225.643597,1789309225.6905768,46.97990417480469,private:getpermissions,200,40615.43679237366,unchanged
1789309255.606371,1789309255.6518276,45.456647872924805,public:getticker,200,10380.222082138062,ok
1789309255.6518433,1789309255.697269,45.4256534576416,private:getpermissions,200,10380.222082138062,ok
1789309285.6071615,1789309285.6457927,38.63120079040527,public:getticker,200,40368.78538131714,unchanged
1789309285.645809,1789309285.6858318,40.022850036621094,private:getpermissions,200,40368.78538131714,unchanged
1789309315.6073864,1789309315.6401756,32.78923034667969,public:getticker,200,9818.7837600708,ok
1789309315.6401894,1789309315.679438,39.24870491027832,private:getpermissions,200,9818.7837600708,ok
1789309345.6084201,1789309345.6875854,79.16522026062012,public:getticker,200,39885.51139831543,unchanged
1789309345.6876018,1789309345.7461636,58.56180191040039,private:getpermissions,200,39885.51139831543,unchanged
1789309375.613769,1789309375.6520734,38.30432891845703,public:getticker,200,9845.742225646973,ok
1789309375.6520884,1789309375.727137,75.04868507385254,private:getpermissions,200,9845.742225646973,ok
1789309405.613994,1789309405.6805873,66.59340858459473,public:getticker,200,39905.418395996094,unchanged
1789309405.680602,1789309405.7868135,106.21142387390137,private:getpermissions,200,39905.418395996094,unchanged
1789309435.6143162,1789309435.6478264,33.51020812988281,public:getticker,200,10221.407413482666,ok
1789309435.6478412,1789309435.6855776,37.73641586303711,private:getpermissions,200,10221.407413482666,ok
1789309465.6145778,1789309465.648277,33.69927406311035,public:getticker,200,40266.80111885071,unchanged
1789309465.648292,1789309465.7309706,82.67855644226074,private:getpermissions,200,40266.80111885071,unchanged
1789309495.6148722,1789309495.6612782,46.40603065490723,public:getticker,200,10015.208005905151,ok
1789309495.6612923,1789309495.7115471,50.25482177734375,private:getpermissions,200,10015.208005905151,ok
1789309525.6151383,1789309525.651969,36.83066368103027,public:getticker,200,39995.24164199829,unchanged
1789309525.6519845,1789309525.6915798,39.59536552429199,private:getpermissions,200,39995.24164199829,unchanged
1789309555.6153882,1789309555.678971,63.5828971862793,public:getticker,200,8450.71291923523,ok
1789309555.678985,1789309555.7555137,76.52854919433594,private:getpermissions,200,8450.71291923523,ok
1789309585.615683,1789309585.6642916,48.60854148864746,public:getticker,200,38405.88879585266,unchanged
1789309585.6643085,1789309585.7106907,46.38218879699707,private:getpermissions,200,38405.88879585266,unchanged
1789309615.6164017,1789309615.669707,53.30538749694824,public:getticker,200,6104.1975021362305,ok
1789309615.6697264,1789309615.710702,40.97557067871094,private:getpermissions,200,6104.1975021362305,ok
1789309645.6173403,1789309645.6664972,49.156904220581055,public:getticker,200,36122.369050979614,unchanged
1789309645.6893034,1789309645.7288744,39.57104682922363,private:getpermissions,200,36122.369050979614,unchanged
1789309675.6175852,1789309675.6724443,54.859161376953125,public:getticker,200,5469.595670700073,ok
1789309675.672458,1789309675.7412097,68.75181198120117,private:getpermissions,200,5469.595670700073,ok
1789309705.6178634,1789309705.651799,33.935546875,public:getticker,200,35421.18978500366,unchanged
1789309705.6518126,1789309705.692802,40.98939895629883,private:getpermissions,200,35421.18978500366,unchanged
1789309735.6190689,1789309735.6530163,33.94746780395508,public:getticker,200,5566.349983215332,ok
1789309735.6530297,1789309735.708576,55.54628372192383,private:getpermissions,200,5566.349983215332,ok
1789309765.6193445,1789309765.6602085,40.863990783691406,public:getticker,200,35567.06738471985,unchanged
1789309765.6602232,1789309765.7092938,49.07059669494629,private:getpermissions,200,35567.06738471985,unchanged
1789309795.61999,1789309795.6528158,32.82570838928223,public:getticker,200,5176.727771759033,ok
1789309795.6528292,1789309795.6950524,42.223215103149414,private:getpermissions,200,5176.727771759033,ok
1789309825.620249,1789309825.6601825,39.93344306945801,public:getticker,200,35180.209159851074,unchanged
1789309825.6601973,1789309825.698533,38.33580017089844,private:getpermissions,200,35180.209159851074,unchanged
1789309855.6205306,1789309855.6579638,37.43314743041992,public:getticker,200,5028.793811798096,ok
1789309855.6579807,1789309855.7000482,42.067527770996094,private:getpermissions,200,5028.793811798096,ok
1789309885.620814,1789309885.6541944,33.38027000427246,public:getticker,200,35027.23670005798,unchanged
1789309885.6542106,1789309885.6984906,44.280052185058594,private:getpermissions,200,35027.23670005798,unchanged
1789309915.621093,1789309915.6557865,34.69347953796387,public:getticker,200,4931.403398513794,ok
1789309915.6558013,1789309915.6956441,39.842844009399414,private:getpermissions,200,4931.403398513794,ok
1789309945.6213412,1789309945.655974,34.63268280029297,public:getticker,200,34930.98974227905,unchanged
1789309945.6559887,1789309945.6952298,39.24107551574707,private:getpermissions,200,34930.98974227905,unchanged
1789309975.621637,1789309975.6571949,35.55774688720703,public:getticker,200,4657.795667648315,ok
1789309975.6572094,1789309975.6969469,39.73746299743652,private:getpermissions,200,4657.795667648315,ok
1789310005.6218865,1789310005.655968,34.081459045410156,public:getticker,200,34662.57119178772,unchanged
1789310005.6559834,1789310005.7017224,45.738935470581055,private:getpermissions,200,34662.57119178772,unchanged
1789310035.622135,1789310035.6592698,37.13488578796387,public:getticker,200,4580.351829528809,ok
1789310035.659284,1789310035.6996837,40.39955139160156,private:getpermissions,200,4580.351829528809,ok
1789310065.6226408,1789310065.6580744,35.43353080749512,public:getticker,200,34600.889682769775,unchanged
1789310065.6580892,1789310065.7202213,62.13212013244629,private:getpermissions,200,34600.889682769775,unchanged
1789310095.6231236,1789310095.6563516,33.22792053222656,public:getticker,200,4497.6842403411865,ok
1789310095.6563673,1789310095.6957588,39.391517639160156,private:getpermissions,200,4497.6842403411865,ok
1789310125.6238055,1789310125.6623437,38.538217544555664,public:getticker,200,34505.468130111694,unchanged
1789310125.6623597,1789310125.7035427,41.1829948425293,private:getpermissions,200,34505.468130111694,unchanged
1789310155.6240542,1789310155.674024,49.96991157531738,public:getticker,200,4428.020000457764,ok
1789310155.6740384,1789310155.7203083,46.269893646240234,private:getpermissions,200,4428.020000457764,ok
1789310185.6248112,1789310185.6579463,33.135175704956055,public:getticker,200,34409.61956977844,unchanged
1789310185.6579626,1789310185.7019074,43.9448356628418,private:getpermissions,200,34409.61956977844,unchanged
1789310215.6250818,1789310215.6583068,33.225059509277344,public:getticker,200,4318.379878997803,ok
1789310215.6583233,1789310215.6991189,40.79556465148926,private:getpermissions,200,4318.379878997803,ok
1789310245.6253443,1789310245.6737723,48.42805862426758,public:getticker,200,34333.810329437256,unchanged
1789310245.6737869,1789310245.714548,40.76123237609863,private:getpermissions,200,34333.810329437256,unchanged
1789310275.6255987,1789310275.6592374,33.638715744018555,public:getticker,200,4069.4658756256104,ok
1789310275.6592517,1789310275.7090714,49.8197078704834,private:getpermissions,200,4069.4658756256104,ok
1789310305.6258826,1789310305.6592407,33.358097076416016,public:getticker,200,34075.87432861328,unchanged
1789310305.6592557,1789310305.7154799,56.22410774230957,private:getpermissions,200,34075.87432861328,unchanged
1789310335.6261563,1789310335.6612682,35.11190414428711,public:getticker,200,3552.290916442871,ok
1789310335.6612813,1789310335.7125993,51.31793022155762,private:getpermissions,200,3552.290916442871,ok
1789310365.626413,1789310365.6603057,33.89263153076172,public:getticker,200,33541.454792022705,unchanged
1789310365.6603198,1789310365.7017639,41.44406318664551,private:getpermissions,200,33541.454792022705,unchanged
1789310395.6266894,1789310395.6724498,45.760393142700195,public:getticker,200,1557.3220252990723,ok
1789310395.6724644,1789310395.7290251,56.56075477600098,private:getpermissions,200,1557.3220252990723,ok
1789310425.6269777,1789310425.6595633,32.58562088012695,public:getticker,200,31530.940294265747,unchanged
1789310425.6595767,1789310425.7026434,43.06674003601074,private:getpermissions,200,31530.940294265747,unchanged
1789310455.628128,1789310455.664293,36.16499900817871,public:getticker,200,61534.10792350769,unchanged
1789310455.664306,1789310455.705811,41.50509834289551,private:getpermissions,200,61534.10792350769,unchanged
1789310485.6285496,1789310485.660993,32.44352340698242,public:getticker,200,28627.28452682495,ok
1789310485.6610057,1789310485.6995642,38.5584831237793,private:getpermissions,200,28627.28452682495,ok
1789310515.6288054,1789310515.6635234,34.71803665161133,public:getticker,200,58631.09564781189,unchanged
1789310515.6635385,1789310515.7033753,39.836883544921875,private:getpermissions,200,58631.09564781189,unchanged
1789310545.6290774,1789310545.6680336,38.9561653137207,public:getticker,200,28677.225351333618,ok
1789310545.6680472,1789310545.738123,70.07575035095215,private:getpermissions,200,28677.225351333618,ok
1789310575.6293676,1789310575.6776245,48.256874084472656,public:getticker,200,58656.34322166443,unchanged
1789310575.6776392,1789310575.7172408,39.60156440734863,private:getpermissions,200,58656.34322166443,unchanged
1789310605.629629,1789310605.667983,38.35415840148926,public:getticker,200,28240.714073181152,ok
1789310605.6679971,1789310605.713717,45.71986198425293,private:getpermissions,200,28240.714073181152,ok
1789310635.6298711,1789310635.6681309,38.25974464416504,public:getticker,200,58248.1529712677,unchanged
1789310635.6681466,1789310635.7211537,53.00712585449219,private:getpermissions,200,58248.1529712677,unchanged
1789310665.630615,1789310665.8813639,250.748872756958,public:getticker,200,28493.049383163452,ok
1789310665.881379,1789310665.9232235,41.84460639953613,private:getpermissions,200,28493.049383163452,ok
1789310695.6317265,1789310695.6675818,35.85529327392578,public:getticker,200,58371.6185092926,unchanged
1789310695.6675959,1789310695.801792,134.19604301452637,private:getpermissions,200,58371.6185092926,unchanged
1789310725.6320066,1789310725.6648018,32.79519081115723,public:getticker,200,27911.837100982666,ok
1789310725.6648161,1789310725.7049205,40.10438919067383,private:getpermissions,200,27911.837100982666,ok
1789310755.6322718,1789310755.6673062,35.0344181060791,public:getticker,200,57915.45748710632,unchanged
1789310755.66732,1789310755.7085412,41.22114181518555,private:getpermissions,200,57915.45748710632,unchanged
1789310785.632534,1789310785.6652074,32.67335891723633,public:getticker,200,28157.310485839844,ok
1789310785.6652231,1789310785.7097728,44.54970359802246,private:getpermissions,200,28157.310485839844,ok
1789310815.6327868,1789310815.6687605,35.97378730773926,public:getticker,200,58170.75419425964,unchanged
1789310815.668774,1789310815.723215,54.441213607788086,private:getpermissions,200,58170.75419425964,unchanged
1789310845.6330833,1789310845.6744056,41.32223129272461,public:getticker,200,28152.848482131958,ok
1789310845.6744213,1789310845.715744,41.32270812988281,private:getpermissions,200,28152.848482131958,ok
1789310875.6334908,1789310875.6668375,33.34665298461914,public:getticker,200,58166.653633117676,unchanged
1789310875.6668532,1789310875.72955,62.69669532775879,private:getpermissions,200,58166.653633117676,unchanged
1789310905.6340344,1789310905.6691446,35.1102352142334,public:getticker,200,28200.41251182556,ok
1789310905.6691594,1789310905.7173517,48.19226264953613,private:getpermissions,200,28200.41251182556,ok
1789310935.6346462,1789310935.6940875,59.441328048706055,public:getticker,200,58216.94254875183,unchanged
1789310935.6941037,1789310935.7338817,39.77799415588379,private:getpermissions,200,58216.94254875183,unchanged
1789310965.6349354,1789310965.6693113,34.375905990600586,public:getticker,200,27258.70966911316,ok
1789310965.669327,1789310965.7041829,34.85584259033203,private:getpermissions,200,27258.70966911316,ok
1789310995.6352186,1789310995.7521374,116.91880226135254,public:getticker,200,57347.67174720764,unchanged
1789310995.7521536,1789310995.793143,40.98939895629883,private:getpermissions,200,57347.67174720764,unchanged
1789311025.6354804,1789311025.6672313,31.750917434692383,public:getticker,200,26884.840488433838,ok
1789311025.667244,1789311025.7086859,41.441917419433594,private:getpermissions,200,26884.840488433838,ok
1789311055.636256,1789311055.6750286,38.7725830078125,public:getticker,200,56908.12945365906,unchanged
1789311055.6750417,1789311055.7319734,56.93173408508301,private:getpermissions,200,56908.12945365906,unchanged
1789311085.6367931,1789311085.6702895,33.49637985229492,public:getticker,200,27033.10513496399,ok
1789311085.6703038,1789311085.7239637,53.659915924072266,private:getpermissions,200,27033.10513496399,ok
1789311115.6370401,1789311115.670706,33.66589546203613,public:getticker,200,57019.25086975098,unchanged
1789311115.670719,1789311115.7101102,39.391279220581055,private:getpermissions,200,57019.25086975098,unchanged
1789311145.637328,1789311145.6737983,36.47041320800781,public:getticker,200,26955.552339553833,ok
1789311145.673813,1789311145.7331831,59.37004089355469,private:getpermissions,200,26955.552339553833,ok
1789311175.6375823,1789311175.6759863,38.403987884521484,public:getticker,200,56937.4475479126,unchanged
1789311175.6759996,1789311175.7150805,39.08085823059082,private:getpermissions,200,56937.4475479126,unchanged
1789311205.6378334,1789311205.672017,34.18374061584473,public:getticker,200,26759.247303009033,ok
1789311205.6720297,1789311205.7135046,41.47481918334961,private:getpermissions,200,26759.247303009033,ok
1789311235.6381319,1789311235.671826,33.69402885437012,public:getticker,200,56775.78258514404,unchanged
1789311235.671839,1789311235.730039,58.19988250732422,private:getpermissions,200,56775.78258514404,unchanged
1789311265.6383908,1789311265.671873,33.48231315612793,public:getticker,200,26705.2104473114,ok
1789311265.6718876,1789311265.736452,64.56446647644043,private:getpermissions,200,26705.2104473114,ok
1789311295.6395345,1789311295.6753414,35.806894302368164,public:getticker,200,56686.12837791443,unchanged
1789311295.6753569,1789311295.7173698,42.012929916381836,private:getpermissions,200,56686.12837791443,unchanged
1789311325.6400237,1789311325.6771944,37.1706485748291,public:getticker,200,26810.1065158844,ok
1789311325.677212,1789311325.8306222,153.4101963043213,private:getpermissions,200,26810.1065158844,ok
1789311355.6409206,1789311355.674746,33.82539749145508,public:getticker,200,56692.179679870605,unchanged
1789311355.6747618,1789311355.7126958,37.934064865112305,private:getpermissions,200,56692.179679870605,unchanged
1789311385.6411822,1789311385.7043777,63.19546699523926,public:getticker,200,26693.464756011963,ok
1789311385.7043912,1789311385.7446904,40.299177169799805,private:getpermissions,200,26693.464756011963,ok
1789311415.6423407,1789311415.6748264,32.4857234954834,public:getticker,200,-3640.612840652466,ok
1789311415.6748452,1789311415.7120864,37.241220474243164,private:getpermissions,200,-3640.612840652466,ok
1789311445.6426015,1789311445.679442,36.84043884277344,public:getticker,200,26372.063875198364,unchanged
1789311445.679457,1789311445.7247663,45.30930519104004,private:getpermissions,200,26372.063875198364,unchanged
1789311475.6428416,1789311475.680476,37.63437271118164,public:getticker,200,56367.801904678345,unchanged
1789311475.680491,1789311475.7205036,40.01259803771973,private:getpermissions,200,56367.801904678345,unchanged
1789311505.643082,1789311505.6749294,31.847476959228516,public:getticker,200,25054.23665046692,ok
1789311505.6749444,1789311505.730561,55.61661720275879,private:getpermissions,200,25054.23665046692,ok
1789311535.6433263,1789311535.68143,38.10381889343262,public:getticker,200,-5053.4987449646,ok
1789311535.681443,1789311535.7266726,45.22967338562012,private:getpermissions,200,-5053.4987449646,ok
1789311565.6435862,1789311565.6761367,32.55057334899902,public:getticker,200,24946.535348892212,unchanged
1789311565.67615,1789311565.7267053,50.55522918701172,private:getpermissions,200,24946.535348892212,unchanged
1789311595.6438644,1789311595.7493088,105.44443130493164,public:getticker,200,55008.16774368286,unchanged
1789311595.7493224,1789311595.7883377,39.01529312133789,private:getpermissions,200,55008.16774368286,unchanged
1789311625.6441104,1789311625.69031,46.19956016540527,public:getticker,200,24721.083402633667,ok
1789311625.6903238,1789311625.8629062,172.58238792419434,private:getpermissions,200,24721.083402633667,ok
1789311655.6443634,1789311655.6988342,54.47077751159668,public:getticker,200,54599.99704360962,unchanged
1789311655.698848,1789311655.7418227,42.97471046447754,private:getpermissions,200,54599.99704360962,unchanged
1789311685.6446357,1789311685.68008,35.44425964355469,public:getticker,200,24116.163969039917,ok
1789311685.680095,1789311685.7177548,37.65988349914551,private:getpermissions,200,24116.163969039917,ok
1789311715.6449077,1789311715.6636128,18.705129623413086,public:getticker,200,54113.10911178589,unchanged
1789311715.6636279,1789311715.7146988,51.0709285736084,private:getpermissions,200,54113.10911178589,unchanged
1789311745.6458766,1789311745.6944919,48.615217208862305,public:getticker,200,24934.65757369995,ok
1789311745.6945066,1789311745.7341058,39.59918022155762,private:getpermissions,200,24934.65757369995,ok
1789311775.6461678,1789311775.6859536,39.78586196899414,public:getticker,200,54921.47397994995,unchanged
1789311775.6859696,1789311775.7209218,34.95216369628906,private:getpermissions,200,54921.47397994995,unchanged
1789311805.6464925,1789311805.6838133,37.320852279663086,public:getticker,200,24153.450965881348,ok
1789311805.6838279,1789311805.7228184,38.99049758911133,private:getpermissions,200,24153.450965881348,ok
1789311835.64775,1789311835.680758,33.00809860229492,public:getticker,200,54149.6422290802,unchanged
1789311835.680774,1789311835.7190092,38.23518753051758,private:getpermissions,200,54149.6422290802,unchanged
1789311865.648813,1789311865.686506,37.693023681640625,public:getticker,200,23620.954036712646,ok
1789311865.686524,1789311865.7305646,44.040679931640625,private:getpermissions,200,23620.954036712646,ok
1789311895.6498203,1789311895.6849551,35.13479232788086,public:getticker,200,53612.45131492615,unchanged
1789311895.684972,1789311895.722062,37.09006309509277,private:getpermissions,200,53612.45131492615,unchanged
1789311925.650827,1789311925.6652508,14.423847198486328,public:getticker,200,23446.178436279297,ok
1789311925.6652665,1789311925.7176065,52.340030670166016,private:getpermissions,200,23446.178436279297,ok
1789311955.651073,1789311955.6694067,18.33367347717285,public:getticker,200,53448.68206977844,unchanged
1789311955.6694193,1789311955.7201107,50.69136619567871,private:getpermissions,200,53448.68206977844,unchanged
1789311985.6517627,1789311985.6933851,41.62240028381348,public:getticker,200,23683.97331237793,ok
1789311985.693401,1789311985.738091,44.68989372253418,private:getpermissions,200,23683.97331237793,ok
1789312015.6520293,1789312015.6959126,43.883323669433594,public:getticker,200,53682.80816078186,unchanged
1789312015.6959274,1789312015.7369256,40.998220443725586,private:getpermissions,200,53682.80816078186,unchanged
1789312045.6522832,1789312045.6903465,38.06328773498535,public:getticker,200,23144.3088054657,ok
1789312045.690361,1789312045.729404,39.04294967651367,private:getpermissions,200,23144.3088054657,ok
1789312075.6525643,1789312075.6678708,15.306472778320312,public:getticker,200,53139.75191116333,unchanged
1789312075.6678843,1789312075.7248468,56.96249008178711,private:getpermissions,200,53139.75191116333,unchanged
1789312105.6528215,1789312106.1451259,492.30432510375977,public:getticker,200,24629.205226898193,ok
1789312106.145141,1789312106.9290133,783.8723659515381,private:getpermissions,200,24629.205226898193,ok
1789312135.6530712,1789312135.839874,186.80286407470703,public:getticker,200,53585.79349517822,unchanged
1789312135.8398902,1789312135.8856032,45.712947845458984,private:getpermissions,200,53585.79349517822,unchanged
1789312165.6533542,1789312165.6681118,14.757633209228516,public:getticker,200,23145.381450653076,ok
1789312165.668127,1789312165.7061844,38.05732727050781,private:getpermissions,200,23145.381450653076,ok
1789312195.6545815,1789312195.696624,42.04249382019043,public:getticker,200,53178.35235595703,unchanged
1789312195.6966503,1789312195.7391558,42.505502700805664,private:getpermissions,200,53178.35235595703,unchanged
1789312225.6547093,1789312225.6702127,15.503406524658203,public:getticker,200,22654.152154922485,ok
1789312225.6702275,1789312225.7245796,54.3520450592041,private:getpermissions,200,22654.152154922485,ok
1789312255.6555822,1789312255.6952856,39.703369140625,public:getticker,200,52666.903257369995,unchanged
1789312255.6952996,1789312255.7373307,42.031049728393555,private:getpermissions,200,52666.903257369995,unchanged
1789312285.6559749,1789312285.7365174,80.54256439208984,public:getticker,200,22719.64120864868,ok
1789312285.736533,1789312285.793626,57.093143463134766,private:getpermissions,200,22719.64120864868,ok
1789312315.6571872,1789312315.694442,37.25481033325195,public:getticker,200,52665.040493011475,unchanged
1789312315.6944587,1789312315.7390254,44.56663131713867,private:getpermissions,200,52665.040493011475,unchanged
1789312345.657477,1789312345.6978748,40.39788246154785,public:getticker,200,22955.007076263428,ok
1789312345.6978905,1789312346.1124249,414.534330368042,private:getpermissions,200,22955.007076263428,ok
1789312375.6577284,1789312375.6983993,40.67087173461914,public:getticker,200,52581.70032501221,unchanged
1789312375.6984153,1789312375.739119,40.703773498535156,private:getpermissions,200,52581.70032501221,unchanged
1789312405.6579745,1789312405.6966958,38.721323013305664,public:getticker,200,22280.002117156982,ok
1789312405.696711,1789312405.8099608,113.2497787475586,private:getpermissions,200,22280.002117156982,ok
1789312435.6582668,1789312435.7488394,90.57259559631348,public:getticker,200,52267.24720001221,unchanged
1789312435.748856,1789312435.7972069,48.35081100463867,private:getpermissions,200,52267.24720001221,unchanged
1789312465.6585777,1789312465.6727424,14.16468620300293,public:getticker,200,22224.352598190308,ok
1789312465.6727552,1789312465.7316954,58.94017219543457,private:getpermissions,200,22224.352598190308,ok
1789312495.6602004,1789312495.704761,44.56067085266113,public:getticker,200,52241.612911224365,unchanged
1789312495.7048378,1789312495.748954,44.11625862121582,private:getpermissions,200,52241.612911224365,unchanged
1789312525.659864,1789312525.702156,42.292118072509766,public:getticker,200,16905.469179153442,ok
1789312525.7021716,1789312525.760597,58.4254264831543,private:getpermissions,200,16905.469179153442,ok
1789312555.6601446,1789312555.7060192,45.874595642089844,public:getticker,200,46894.26398277283,unchanged
1789312555.7060456,1789312555.7493906,43.344974517822266,private:getpermissions,200,46894.26398277283,unchanged
1789312585.660383,1789312585.7895715,129.18853759765625,public:getticker,200,16949.403285980225,ok
1789312585.7895858,1789312585.8459282,56.342363357543945,private:getpermissions,200,16949.403285980225,ok
1789312615.6615636,1789312615.699536,37.972450256347656,public:getticker,200,46844.19536590576,unchanged
1789312615.6995525,1789312615.7407203,41.1677360534668,private:getpermissions,200,46844.19536590576,unchanged
1789312645.6624398,1789312645.6972833,34.84344482421875,public:getticker,200,16433.334350585938,ok
1789312645.6972978,1789312645.7371902,39.89243507385254,private:getpermissions,200,16433.334350585938,ok
1789312675.6627266,1789312675.7018833,39.15667533874512,public:getticker,200,46455.074071884155,unchanged
1789312675.7018974,1789312675.7589302,57.03282356262207,private:getpermissions,200,46455.074071884155,unchanged
1789312705.663006,1789312705.7012684,38.262367248535156,public:getticker,200,16765.923261642456,ok
1789312705.7012823,1789312705.7445436,43.26128959655762,private:getpermissions,200,16765.923261642456,ok
1789312735.6632953,1789312735.6784873,15.192031860351562,public:getticker,200,46736.61422729492,unchanged
1789312735.6785002,1789312735.715234,36.73386573791504,private:getpermissions,200,46736.61422729492,unchanged
1789312765.6636822,1789312765.6989732,35.29095649719238,public:getticker,200,16241.511344909668,ok
1789312765.698987,1789312765.7395844,40.59743881225586,private:getpermissions,200,16241.511344909668,ok
1789312795.6639266,1789312795.678273,14.34636116027832,public:getticker,200,46216.93015098572,unchanged
1789312795.6782866,1789312795.7150028,36.71622276306152,private:getpermissions,200,46216.93015098572,unchanged
1789312825.6641765,1789312825.699062,34.88564491271973,public:getticker,200,15959.620237350464,ok
1789312825.6990757,1789312825.746693,47.617197036743164,private:getpermissions,200,15959.620237350464,ok
1789312855.6644316,1789312855.7042017,39.77012634277344,public:getticker,200,45952.29244232178,unchanged
1789312855.7042162,1789312855.7393653,35.14909744262695,private:getpermissions,200,45952.29244232178,unchanged
1789312885.6655796,1789312885.6998112,34.23166275024414,public:getticker,200,15625.409603118896,ok
1789312885.699827,1789312885.7471228,47.29580879211426,private:getpermissions,200,15625.409603118896,ok
1789312915.6656222,1789312915.687088,21.465778350830078,public:getticker,200,45608.56246948242,unchanged
1789312915.687101,1789312915.7302756,43.17474365234375,private:getpermissions,200,45608.56246948242,unchanged
1789312945.6655996,1789312945.703096,37.496328353881836,public:getticker,200,14908.3993434906,ok
1789312945.7031105,1789312945.754546,51.43547058105469,private:getpermissions,200,14908.3993434906,ok
1789312975.6655796,1789312975.7137303,48.15077781677246,public:getticker,200,44907.4022769928,unchanged
1789312975.7137444,1789312975.7535496,39.80517387390137,private:getpermissions,200,44907.4022769928,unchanged
1789313005.66556,1789313005.6804461,14.886140823364258,public:getticker,200,13175.181865692139,ok
1789313005.680459,1789313005.715447,34.9879264831543,private:getpermissions,200,13175.181865692139,ok
1789313035.665562,1789313035.8069305,141.36862754821777,public:getticker,200,43317.15273857117,unchanged
1789313035.8069453,1789313035.8574169,50.47154426574707,private:getpermissions,200,43317.15273857117,unchanged
1789313065.66558,1789313065.6993308,33.75077247619629,public:getticker,200,13171.9970703125,ok
1789313065.6993444,1789313065.7497826,50.43816566467285,private:getpermissions,200,13171.9970703125,ok
1789313095.6661308,1789313095.6991847,33.05387496948242,public:getticker,200,43165.390968322754,unchanged
1789313095.6992028,1789313095.7431757,43.97296905517578,private:getpermissions,200,43165.390968322754,unchanged
1789313125.6666675,1789313125.701585,34.917593002319336,public:getticker,200,12904.157161712646,ok
1789313125.7016,1789313125.736924,35.3238582611084,private:getpermissions,200,12904.157161712646,ok
1789313155.666643,1789313155.703934,37.29104995727539,public:getticker,200,42928.26247215271,unchanged
1789313155.7039492,1789313155.761029,57.07979202270508,private:getpermissions,200,42928.26247215271,unchanged
1789313185.666632,1789313185.7858953,119.2634105682373,public:getticker,200,13988.175868988037,ok
1789313185.785911,1789313187.2227147,1436.8035793304443,private:getpermissions,200,13988.175868988037,ok
1789313215.6665952,1789313215.7086902,42.09494590759277,public:getticker,200,42554.74281311035,unchanged
1789313215.7087073,1789313215.7892818,80.57451248168945,private:getpermissions,200,42554.74281311035,unchanged
1789313245.6666057,1789313245.7053812,38.77544403076172,public:getticker,200,12734.822988510132,ok
1789313245.7053955,1789313245.7438056,38.410186767578125,private:getpermissions,200,12734.822988510132,ok
1789313275.6666048,1789313275.7109823,44.37756538391113,public:getticker,200,42744.99487876892,unchanged
1789313275.710996,1789313275.7539766,42.98067092895508,private:getpermissions,200,42744.99487876892,unchanged
1789313305.66659,1789313305.700533,33.94293785095215,public:getticker,200,9942.670345306396,ok
1789313305.7005477,1789313305.7404826,39.93487358093262,private:getpermissions,200,9942.670345306396,ok
1789313335.6674712,1789313335.710369,42.897939682006836,public:getticker,200,39968.852519989014,unchanged
1789313335.710382,1789313335.7666652,56.28323554992676,private:getpermissions,200,39968.852519989014,unchanged
1789313365.6674354,1789313365.7071638,39.728403091430664,public:getticker,200,8588.736057281494,ok
1789313365.7071784,1789313365.7479231,40.744781494140625,private:getpermissions,200,8588.736057281494,ok
1789313395.6674557,1789313395.7060857,38.630008697509766,public:getticker,200,38597.7680683136,unchanged
1789313395.7060993,1789313395.7569551,50.85587501525879,private:getpermissions,200,38597.7680683136,unchanged
1789313425.667952,1789313425.7031307,35.17866134643555,public:getticker,200,9041.155815124512,ok
1789313425.7031453,1789313425.7422588,39.113521575927734,private:getpermissions,200,9041.155815124512,ok
1789313455.6679535,1789313455.710328,42.374610900878906,public:getticker,200,39048.97618293762,unchanged
1789313455.7103434,1789313455.7500792,39.73579406738281,private:getpermissions,200,39048.97618293762,unchanged
1789313485.6687863,1789313485.7047887,36.002397537231445,public:getticker,200,8880.339860916138,ok
1789313485.7048042,1789313485.7397907,34.98649597167969,private:getpermissions,200,8880.339860916138,ok
1789313515.6693563,1789313515.7018733,32.5169563293457,public:getticker,200,38884.24015045166,unchanged
1789313515.7018886,1789313515.743691,41.802406311035156,private:getpermissions,200,38884.24015045166,unchanged
1789313545.669339,1789313545.7079368,38.597822189331055,public:getticker,200,8944.901704788208,ok
1789313545.7079499,1789313545.9281123,220.16239166259766,private:getpermissions,200,8944.901704788208,ok
1789313575.6693246,1789313575.7091064,39.781808853149414,public:getticker,200,38778.01036834717,unchanged
1789313575.709121,1789313575.761221,52.09994316101074,private:getpermissions,200,38778.01036834717,unchanged
1789313605.6693215,1789313605.712113,42.79136657714844,public:getticker,200,8652.67038345337,ok
1789313605.7121284,1789313605.7830658,70.9373950958252,private:getpermissions,200,8652.67038345337,ok
1789313635.6692939,1789313635.7135127,44.21877861022949,public:getticker,200,38626.089334487915,unchanged
1789313635.7135267,1789313635.7564986,42.97184944152832,private:getpermissions,200,38626.089334487915,unchanged
1789313665.6692712,1789313665.7061603,36.889076232910156,public:getticker,200,8135.948657989502,ok
1789313665.7061746,1789313665.7593758,53.20119857788086,private:getpermissions,200,8135.948657989502,ok
1789313695.6692803,1789313695.708441,39.160728454589844,public:getticker,200,38125.45156478882,unchanged
1789313695.708456,1789313695.748878,40.42196273803711,private:getpermissions,200,38125.45156478882,unchanged
1789313725.6693096,1789313725.7060068,36.6971492767334,public:getticker,200,7813.921213150024,ok
1789313725.7060223,1789313725.77485,68.82762908935547,private:getpermissions,200,7813.921213150024,ok
1789313755.6698537,1789313755.705542,35.68840026855469,public:getticker,200,37789.05463218689,unchanged
1789313755.7055557,1789313755.7499843,44.42858695983887,private:getpermissions,200,37789.05463218689,unchanged
1789313785.6705494,1789313785.7111897,40.64035415649414,public:getticker,200,7150.56586265564,ok
1789313785.7112043,1789313785.7544582,43.25389862060547,private:getpermissions,200,7150.56586265564,ok
1789313815.671487,1789313815.7135935,42.10638999938965,public:getticker,200,37162.77766227722,unchanged
1789313815.7136102,1789313815.7666693,53.05910110473633,private:getpermissions,200,37162.77766227722,unchanged
1789313845.6721566,1789313845.7099535,37.796974182128906,public:getticker,200,6895.094156265259,ok
1789313845.7099733,1789313845.7539155,43.94221305847168,private:getpermissions,200,6895.094156265259,ok
1789313875.6721141,1789313875.7180042,45.890092849731445,public:getticker,200,36898.090839385986,unchanged
1789313875.7180197,1789313875.7569146,38.8948917388916,private:getpermissions,200,36898.090839385986,unchanged
1789313905.6721146,1789313905.7061543,34.03973579406738,public:getticker,200,6633.274078369141,ok
1789313905.7061672,1789313905.7466629,40.49563407897949,private:getpermissions,200,6633.274078369141,ok
1789313935.6720967,1789313935.712997,40.900230407714844,public:getticker,200,36664.41035270691,unchanged
1789313935.7130105,1789313935.7777994,64.788818359375,private:getpermissions,200,36664.41035270691,unchanged
1789313965.6722558,1789313965.7293115,57.05571174621582,public:getticker,200,5462.898254394531,ok
1789313965.7293262,1789313965.77032,40.993690490722656,private:getpermissions,200,5462.898254394531,ok
1789313995.6722367,1789313995.6868975,14.660835266113281,public:getticker,200,35428.83205413818,unchanged
1789313995.6869102,1789313995.7362535,49.34334754943848,private:getpermissions,200,35428.83205413818,unchanged
1789314025.6722288,1789314025.7712412,99.01237487792969,public:getticker,200,5085.153579711914,ok
1789314025.771257,1789314025.8172898,46.03290557861328,private:getpermissions,200,5085.153579711914,ok
1789314055.67275,1789314055.7051382,32.38821029663086,public:getticker,200,35017.26722717285,unchanged
1789314055.7051544,1789314055.7494044,44.2500114440918,private:getpermissions,200,35017.26722717285,unchanged
1789314085.672746,1789314085.7085445,35.79854965209961,public:getticker,200,4855.013370513916,ok
1789314085.7085612,1789314085.754567,46.0057258605957,private:getpermissions,200,4855.013370513916,ok
1789314115.6727302,1789314115.7410314,68.30120086669922,public:getticker,200,34889.03760910034,unchanged
1789314115.7410474,1789314115.7885857,47.53828048706055,private:getpermissions,200,34889.03760910034,unchanged
1789314145.6727269,1789314145.7075849,34.857988357543945,public:getticker,200,4994.917154312134,ok
1789314145.7076,1789314145.7514396,43.839454650878906,private:getpermissions,200,4994.917154312134,ok
1789314175.6727488,1789314175.7104888,37.73999214172363,public:getticker,200,35002.51507759094,unchanged
1789314175.7105048,1789314175.759046,48.54130744934082,private:getpermissions,200,35002.51507759094,unchanged
1789314205.6776087,1789314205.7211537,43.54500770568848,public:getticker,200,4643.069744110107,ok
1789314205.7212105,1789314205.7756302,54.419755935668945,private:getpermissions,200,4643.069744110107,ok
1789314235.6737382,1789314235.728142,54.40378189086914,public:getticker,200,34681.56027793884,unchanged
1789314235.7281601,1789314235.8141243,85.96420288085938,private:getpermissions,200,34681.56027793884,unchanged
1789314265.6740265,1789314265.7419415,67.91496276855469,public:getticker,200,4930.879592895508,ok
1789314265.7419689,1789314265.7916055,49.6366024017334,private:getpermissions,200,4930.879592895508,ok
1789314295.6740687,1789314295.7088976,34.828901290893555,public:getticker,200,34892.956256866455,unchanged
1789314295.7089176,1789314295.753685,44.76737976074219,private:getpermissions,200,34892.956256866455,unchanged
1789314325.674414,1789314325.7181215,43.70760917663574,public:getticker,200,4630.595922470093,ok
1789314325.7181418,1789314325.7607353,42.59347915649414,private:getpermissions,200,4630.595922470093,ok
1789314355.6742892,1789314355.7076569,33.36763381958008,public:getticker,200,34637.74561882019,unchanged
1789314355.7076747,1789314355.7678857,60.2109432220459,private:getpermissions,200,34637.74561882019,unchanged
1789314385.6748247,1789314385.7421198,67.29507446289062,public:getticker,200,4351.638555526733,ok
1789314385.742138,1789314386.1145966,372.45869636535645,private:getpermissions,200,4351.638555526733,ok
1789314415.6749148,1789314415.7176821,42.76728630065918,public:getticker,200,33996.750831604004,unchanged
1789314415.7177033,1789314415.7597091,42.00577735900879,private:getpermissions,200,33996.750831604004,unchanged
1789314445.6760373,1789314445.6954358,19.39845085144043,public:getticker,200,2569.397449493408,ok
1789314445.6954525,1789314445.7309082,35.45570373535156,private:getpermissions,200,2569.397449493408,ok
1789314475.6759508,1789314475.7357674,59.816598892211914,public:getticker,200,32628.79467010498,unchanged
1789314475.735789,1789314475.7903051,54.51607704162598,private:getpermissions,200,32628.79467010498,unchanged
1789314505.677585,1789314505.7136443,36.05937957763672,public:getticker,200,1981.4209938049316,ok
1789314505.7136612,1789314505.7704558,56.79464340209961,private:getpermissions,200,1981.4209938049316,ok
1789314535.6784816,1789314535.7169945,38.5129451751709,public:getticker,200,31987.547159194946,unchanged
1789314535.7170117,1789314535.7765832,59.57150459289551,private:getpermissions,200,31987.547159194946,unchanged
1789314565.6793342,1789314565.7136328,34.29865837097168,public:getticker,200,1994.1694736480713,ok
1789314565.7136502,1789314565.765968,52.31785774230957,private:getpermissions,200,1994.1694736480713,ok
1789314595.6797383,1789314595.7151027,35.364389419555664,public:getticker,200,31995.959281921387,unchanged
1789314595.7151272,1789314595.7677581,52.63090133666992,private:getpermissions,200,31995.959281921387,unchanged
1789314625.6819112,1789314625.7338674,51.9561767578125,public:getticker,200,2103.8172245025635,ok
1789314625.733888,1789314625.7904007,56.51283264160156,private:getpermissions,200,2103.8172245025635,ok
1789314655.6830208,1789314655.7206194,37.598609924316406,public:getticker,200,32078.85694503784,unchanged
1789314655.7206383,1789314655.76544,44.80171203613281,private:getpermissions,200,32078.85694503784,unchanged
1789314685.6836388,1789314685.7200348,36.396026611328125,public:getticker,200,1907.0518016815186,ok
1789314685.720053,1789314685.7855241,65.47117233276367,private:getpermissions,200,1907.0518016815186,ok
1789314715.6840754,1789314715.7274678,43.39241981506348,public:getticker,200,31899.313926696777,unchanged
1789314715.7274911,1789314715.7777886,50.29749870300293,private:getpermissions,200,31899.313926696777,unchanged
1789314745.6852417,1789314745.7252288,39.98708724975586,public:getticker,200,61902.90665626526,unchanged
1789314745.7252486,1789314745.7813835,56.134939193725586,private:getpermissions,200,61902.90665626526,unchanged
1789314775.685229,1789314775.7247984,39.56937789916992,public:getticker,200,29712.18466758728,ok
1789314775.7744715,1789314775.8488355,74.36394691467285,private:getpermissions,200,29712.18466758728,ok
1789314805.6868289,1789314805.7222915,35.46261787414551,public:getticker,200,59627.09093093872,unchanged
1789314805.722315,1789314805.7637413,41.42618179321289,private:getpermissions,200,59627.09093093872,unchanged
1789314835.6867974,1789314835.721595,34.79766845703125,public:getticker,200,29742.815494537354,ok
1789314835.7216134,1789314835.9709961,249.38273429870605,private:getpermissions,200,29742.815494537354,ok
1789314865.689242,1789314865.8027341,113.49225044250488,public:getticker,200,59622.47276306152,unchanged
1789314865.8027515,1789314865.8506553,47.90377616882324,private:getpermissions,200,59622.47276306152,unchanged
1789314895.689583,1789314895.7221086,32.52553939819336,public:getticker,200,28628.86071205139,ok
1789314895.722126,1789314895.7747607,52.63471603393555,private:getpermissions,200,28628.86071205139,ok
1789314925.6915956,1789314925.7305372,38.94162178039551,public:getticker,200,58638.99803161621,unchanged
1789314925.730554,1789314925.784898,54.34393882751465,private:getpermissions,200,58638.99803161621,unchanged
1789314955.6916096,1789314955.7254786,33.869028091430664,public:getticker,200,28886.477947235107,ok
1789314955.7254956,1789314955.7681074,42.61183738708496,private:getpermissions,200,28886.477947235107,ok
1789314985.6937187,1789314985.813256,119.537353515625,public:getticker,200,58983.37364196777,unchanged
1789314985.8132725,1789314985.8649943,51.721811294555664,private:getpermissions,200,58983.37364196777,unchanged
1789315015.693925,1789315015.730919,36.993980407714844,public:getticker,200,29015.965700149536,ok
1789315015.7309358,1789315015.793761,62.82520294189453,private:getpermissions,200,29015.965700149536,ok
1789315045.6965046,1789315045.795716,99.21145439147949,public:getticker,200,59059.38124656677,unchanged
1789315045.795733,1789315045.837176,41.4431095123291,private:getpermissions,200,59059.38124656677,unchanged
1789315075.6967797,1789315075.7450216,48.24185371398926,public:getticker,200,28649.67679977417,ok
1789315075.7450378,1789315075.784323,39.28518295288086,private:getpermissions,200,28649.67679977417,ok
1789315105.697161,1789315105.7331727,36.011695861816406,public:getticker,200,58723.32763671875,unchanged
1789315105.7332177,1789315105.8579733,124.7556209564209,private:getpermissions,200,58723.32763671875,unchanged
1789315135.697141,1789315135.7388136,41.672706604003906,public:getticker,200,28550.21095275879,ok
1789315135.738845,1789315135.7776992,38.854122161865234,private:getpermissions,200,28550.21095275879,ok
1789315165.699133,1789315165.900718,201.585054397583,public:getticker,200,58715.07143974304,unchanged
1789315165.9007373,1789315165.9425595,41.822195053100586,private:getpermissions,200,58715.07143974304,unchanged
1789315195.699296,1789315195.7369673,37.67132759094238,public:getticker,200,28479.45737838745,ok
1789315195.7369845,1789315195.7828412,45.85671424865723,private:getpermissions,200,28479.45737838745,ok
1789315225.7025805,1789315225.7198262,17.245769500732422,public:getticker,200,58455.77836036682,unchanged
1789315225.7198422,1789315225.7591608,39.31856155395508,private:getpermissions,200,58455.77836036682,unchanged
1789315255.7026968,1789315255.7441397,41.44287109375,public:getticker,200,28486.047506332397,ok
1789315255.744176,1789315255.7878234,43.64752769470215,private:getpermissions,200,28486.047506332397,ok
1789315285.7036536,1789315285.80357,99.91645812988281,public:getticker,200,58552.41322517395,unchanged
1789315285.803606,1789315285.854184,50.57787895202637,private:getpermissions,200,58552.41322517395,unchanged
1789315315.7035887,1789315315.746651,43.06221008300781,public:getticker,200,28630.688428878784,ok
1789315315.7466714,1789315315.7890503,42.378902435302734,private:getpermissions,200,28630.688428878784,ok
1789315345.706097,1789315345.7449396,38.84267807006836,public:getticker,200,58633.32676887512,unchanged
1789315345.744957,1789315345.7916873,46.73027992248535,private:getpermissions,200,58633.32676887512,unchanged
1789315375.7069824,1789315378.4652913,2758.3088874816895,public:getticker,200,30891.891717910767,ok
1789315378.4653132,1789315378.5206702,55.35697937011719,private:getpermissions,200,30891.891717910767,ok
1789315406.0581799,1789315406.878136,819.9560642242432,public:getticker,200,-523.2164859771729,ok
1789315406.878196,1789315406.9204128,42.21677780151367,private:getpermissions,200,-523.2164859771729,ok
1789315435.9773347,1789315436.0118504,34.5156192779541,public:getticker,200,28626.119375228882,unchanged
1789315436.0118687,1789315436.0697489,57.88016319274902,private:getpermissions,200,28626.119375228882,unchanged
1789315465.977766,1789315466.0137153,35.9492301940918,public:getticker,200,58615.65279960632,unchanged
1789315466.0137448,1789315466.0592828,45.53794860839844,private:getpermissions,200,58615.65279960632,unchanged
1789315495.9781744,1789315496.0438006,65.62614440917969,public:getticker,200,27893.2785987854,ok
1789315496.0438166,1789315496.1914344,147.61781692504883,private:getpermissions,200,27893.2785987854,ok
1789315525.9783819,1789315526.0172563,38.87438774108887,public:getticker,200,57765.05398750305,unchanged
1789315526.0172734,1789315526.06321,45.93658447265625,private:getpermissions,200,57765.05398750305,unchanged
1789315555.9783795,1789315556.0210075,42.62804985046387,public:getticker,200,27582.270860671997,ok
1789315556.0210261,1789315556.0807242,59.69810485839844,private:getpermissions,200,27582.270860671997,ok
1789315585.979998,1789315586.0168474,36.849260330200195,public:getticker,200,57570.71614265442,unchanged
1789315586.0168645,1789315586.0691795,52.31499671936035,private:getpermissions,200,57570.71614265442,unchanged
1789315615.980172,1789315616.0228896,42.717695236206055,public:getticker,200,26956.162691116333,ok
1789315616.0229096,1789315616.064544,41.634321212768555,private:getpermissions,200,26956.162691116333,ok
1789315645.9817197,1789315646.0234926,41.77284240722656,public:getticker,200,56959.7806930542,unchanged
1789315646.0235116,1789315646.0681605,44.64888572692871,private:getpermissions,200,56959.7806930542,unchanged
1789315675.9816968,1789315676.0246103,42.91343688964844,public:getticker,200,27245.466709136963,ok
1789315676.02463,1789315676.0693958,44.76571083068848,private:getpermissions,200,27245.466709136963,ok
1789315705.9845545,1789315706.0217361,37.18161582946777,public:getticker,200,57237.32042312622,unchanged
1789315706.0217535,1789315706.06125,39.496421813964844,private:getpermissions,200,57237.32042312622,unchanged
1789315735.9836082,1789315736.0318046,48.19631576538086,public:getticker,200,26893.625020980835,ok
1789315736.031822,1789315736.0718827,40.06075859069824,private:getpermissions,200,26893.625020980835,ok
1789315765.9851303,1789315767.3065803,1321.4499950408936,public:getticker,200,59379.39453125,unchanged
1789315767.3065977,1789315768.5576518,1251.054048538208,private:getpermissions,200,59379.39453125,unchanged
1789315795.9851143,1789315796.0222661,37.15181350708008,public:getticker,200,26724.7154712677,ok
1789315796.0222836,1789315796.0612085,38.9249324798584,private:getpermissions,200,26724.7154712677,ok
1789315825.9870293,1789315826.08316,96.1306095123291,public:getticker,200,56789.25561904907,unchanged
1789315826.0831776,1789315826.1257606,42.58298873901367,private:getpermissions,200,56789.25561904907,unchanged
1789315855.9873598,1789315856.0228462,35.486459732055664,public:getticker,200,26870.55778503418,ok
1789315856.0228662,1789315856.0646777,41.811466217041016,private:getpermissions,200,26870.55778503418,ok
1789315885.9890008,1789315886.029216,40.215253829956055,public:getticker,200,56875.33164024353,unchanged
1789315886.0292325,1789315886.0694494,40.216922760009766,private:getpermissions,200,56875.33164024353,unchanged
1789315915.989165,1789315916.0225437,33.37860107421875,public:getticker,200,26763.50426673889,ok
1789315916.0225618,1789315916.077575,55.013179779052734,private:getpermissions,200,26763.50426673889,ok
1789315945.9910724,1789315946.030101,39.02864456176758,public:getticker,200,56768.74566078186,unchanged
1789315946.0301185,1789315946.0828166,52.69813537597656,private:getpermissions,200,56768.74566078186,unchanged
1789315975.9914558,1789315976.0291364,37.680625915527344,public:getticker,200,26736.13715171814,ok
1789315976.0291522,1789315976.069092,39.93988037109375,private:getpermissions,200,26736.13715171814,ok
1789316005.993116,1789316006.0292597,36.14377975463867,public:getticker,200,56750.229358673096,unchanged
1789316006.02928,1789316006.0831845,53.90453338623047,private:getpermissions,200,56750.229358673096,unchanged
1789316035.9935303,1789316036.072079,78.54866981506348,public:getticker,200,26407.785177230835,ok
1789316036.0721009,1789316036.121809,49.70812797546387,private:getpermissions,200,26407.785177230835,ok
1789316065.994817,1789316066.0295143,34.69729423522949,public:getticker,200,-3848.8106727600098,ok
1789316066.0295396,1789316066.1227608,93.22118759155273,private:getpermissions,200,-3848.8106727600098,ok
1789316095.9941223,1789316096.0333683,39.2460823059082,public:getticker,200,26106.86492919922,unchanged
1789316096.033386,1789316096.0784461,45.060157775878906,private:getpermissions,200,26106.86492919922,unchanged
1789316125.9968686,1789316126.0350697,38.201093673706055,public:getticker,200,56100.28648376465,unchanged
1789316126.0350873,1789316126.0718687,36.78131103515625,private:getpermissions,200,56100.28648376465,unchanged
1789316155.9961982,1789316156.0305352,34.33704376220703,public:getticker,200,23755.85651397705,ok
1789316156.0305512,1789316156.0728326,42.281389236450195,private:getpermissions,200,23755.85651397705,ok
1789316186.0003648,1789316186.0443006,43.93577575683594,public:getticker,200,53766.65735244751,unchanged
1789316186.0443184,1789316186.083634,39.31546211242676,private:getpermissions,200,53766.65735244751,unchanged
1789316216.0000308,1789316216.0370748,37.04404830932617,public:getticker,200,23049.65829849243,ok
1789316216.0370922,1789316216.0777016,40.60935974121094,private:getpermissions,200,23049.65829849243,ok
1789316246.001057,1789316246.0352886,34.23166275024414,public:getticker,200,53049.57437515259,unchanged
1789316246.0353107,1789316246.0776181,42.307376861572266,private:getpermissions,200,53049.57437515259,unchanged
1789316276.0018642,1789316276.0364861,34.6219539642334,public:getticker,200,22569.146633148193,ok
1789316276.0365057,1789316276.0896006,53.09486389160156,private:getpermissions,200,22569.146633148193,ok
1789316306.002435,1789316306.0719805,69.54550743103027,public:getticker,200,52589.526653289795,unchanged
1789316306.0719974,1789316306.1099827,37.98532485961914,private:getpermissions,200,52589.526653289795,unchanged
1789316336.0023882,1789316336.038268,35.87985038757324,public:getticker,200,20145.72286605835,ok
1789316336.0382867,1789316336.0903778,52.091121673583984,private:getpermissions,200,20145.72286605835,ok
1789316366.0052626,1789316366.0454788,40.21620750427246,public:getticker,200,50196.11191749573,unchanged
1789316366.0454972,1789316366.1407661,95.26896476745605,private:getpermissions,200,50196.11191749573,unchanged
1789316396.0064754,1789316396.022191,15.715599060058594,public:getticker,200,19098.312377929688,ok
1789316396.0222082,1789316396.06598,43.77174377441406,private:getpermissions,200,19098.312377929688,ok
1789316426.0072505,1789316426.114461,107.21039772033691,public:getticker,200,49293.2710647583,unchanged
1789316426.1144783,1789316426.2609413,146.46291732788086,private:getpermissions,200,49293.2710647583,unchanged
1789316456.0072222,1789316456.0450287,37.80651092529297,public:getticker,200,18977.79870033264,ok
1789316456.0450466,1789316456.0957005,50.653934478759766,private:getpermissions,200,18977.79870033264,ok
1789316486.00872,1789316486.0492153,40.49539566040039,public:getticker,200,48974.42317008972,unchanged
1789316486.0492315,1789316486.0923226,43.0910587310791,private:getpermissions,200,48974.42317008972,unchanged
1789316516.0089884,1789316516.052661,43.67256164550781,public:getticker,200,16996.684789657593,ok
1789316516.0526884,1789316516.0979474,45.25899887084961,private:getpermissions,200,16996.684789657593,ok
1789316546.0107868,1789316546.0452447,34.45792198181152,public:getticker,200,46986.140966415405,unchanged
1789316546.0452669,1789316546.0874047,42.137861251831055,private:getpermissions,200,46986.140966415405,unchanged
1789316576.0110166,1789316576.0464854,35.46881675720215,public:getticker,200,17134.451389312744,ok
1789316576.04651,1789316576.089139,42.62900352478027,private:getpermissions,200,17134.451389312744,ok
1789316606.012563,1789316606.0508788,38.315773010253906,public:getticker,200,47154.21962738037,unchanged
1789316606.050896,1789316606.108909,58.012962341308594,private:getpermissions,200,47154.21962738037,unchanged
1789316636.0129068,1789316636.0584958,45.58897018432617,public:getticker,200,17202.595949172974,ok
1789316636.0585122,1789316636.215826,157.31382369995117,private:getpermissions,200,17202.595949172974,ok
1789316666.0149906,1789316666.0571978,42.20724105834961,public:getticker,200,47101.9070148468,unchanged
1789316666.0572188,1789316666.1151373,57.918548583984375,private:getpermissions,200,47101.9070148468,unchanged
1789316696.0155869,1789316696.0505717,34.98482704162598,public:getticker,200,17071.685314178467,ok
1789316696.0505884,1789316696.0919979,41.40949249267578,private:getpermissions,200,17071.685314178467,ok
1789316726.0173566,1789316726.1241367,106.7800521850586,public:getticker,200,50409.23452377319,unchanged
1789316726.1241586,1789316729.4295475,3305.388927459717,private:getpermissions,200,50409.23452377319,unchanged
1789316756.0182304,1789316756.0549138,36.68332099914551,public:getticker,200,15409.179210662842,ok
1789316756.0549304,1789316756.099855,44.92449760437012,private:getpermissions,200,15409.179210662842,ok
1789316786.0197282,1789316786.7707186,750.9903907775879,public:getticker,200,46629.327058792114,unchanged
1789316786.7707515,1789316787.3200018,549.2503643035889,private:getpermissions,200,46629.327058792114,unchanged
1789316816.019646,1789316816.8203351,800.6892204284668,public:getticker,200,18009.239673614502,ok
1789316816.8203552,1789316818.3550553,1534.7001552581787,private:getpermissions,200,18009.239673614502,ok
1789316846.021719,1789316847.2941477,1272.4287509918213,public:getticker,200,48236.06991767883,unchanged
1789316847.2941651,1789316848.581885,1287.719964981079,private:getpermissions,200,48236.06991767883,unchanged
1789316876.0219417,1789316876.0605967,38.65504264831543,public:getticker,200,13681.972026824951,ok
1789316876.0606124,1789316876.1011508,40.53831100463867,private:getpermissions,200,13681.972026824951,ok
1789316906.0247128,1789316906.0432773,18.564462661743164,public:getticker,200,43664.8952960968,unchanged
1789316906.0432968,1789316906.084074,40.77720642089844,private:getpermissions,200,43664.8952960968,unchanged
1789316936.0254045,1789316936.063486,38.08164596557617,public:getticker,200,13834.547519683838,ok
1789316936.063519,1789316936.2245615,161.0424518585205,private:getpermissions,200,13834.547519683838,ok
1789316966.0258253,1789316966.068775,42.949676513671875,public:getticker,200,43719.276905059814,unchanged
1789316966.0687914,1789316966.1092908,40.49944877624512,private:getpermissions,200,43719.276905059814,unchanged
1789316996.026208,1789316996.0598087,33.600807189941406,public:getticker,200,13525.976657867432,ok
1789316996.0598264,1789316996.09848,38.65361213684082,private:getpermissions,200,13525.976657867432,ok
1789317026.0284076,1789317026.0689669,40.55929183959961,public:getticker,200,43576.075315475464,unchanged
1789317026.0689857,1789317026.1485798,79.59413528442383,private:getpermissions,200,43576.075315475464,unchanged
1789317056.0285275,1789317056.0642943,35.7668399810791,public:getticker,200,11600.794315338135,ok
1789317056.064314,1789317056.2414489,177.13499069213867,private:getpermissions,200,11600.794315338135,ok
1789317086.0308425,1789317086.0656254,34.78288650512695,public:getticker,200,41483.787298202515,unchanged
1789317086.0656447,1789317086.1244416,58.79688262939453,private:getpermissions,200,41483.787298202515,unchanged
1789317116.0308573,1789317116.0690148,38.15746307373047,public:getticker,200,11400.31123161316,ok
1789317116.0690324,1789317116.1104698,41.437387466430664,private:getpermissions,200,11400.31123161316,ok
1789317146.0330002,1789317146.0688696,35.86935997009277,public:getticker,200,41423.17318916321,unchanged
1789317146.0688853,1789317146.133331,64.44573402404785,private:getpermissions,200,41423.17318916321,unchanged
1789317176.033543,1789317176.077992,44.4488525390625,public:getticker,200,11391.07632637024,ok
1789317176.078012,1789317176.1365354,58.52341651916504,private:getpermissions,200,11391.07632637024,ok
1789317206.0364206,1789317206.0730026,36.581993103027344,public:getticker,200,41412.45102882385,unchanged
1789317206.105269,1789317206.1579077,52.63876914978027,private:getpermissions,200,41412.45102882385,unchanged
1789317236.0368423,1789317236.0797677,42.925357818603516,public:getticker,200,11274.967432022095,ok
1789317236.079786,1789317236.129042,49.2558479309082,private:getpermissions,200,11274.967432022095,ok
1789317266.0390058,1789317266.0792325,40.22669792175293,public:getticker,200,41270.02739906311,unchanged
1789317266.07925,1789317266.1241024,44.852256774902344,private:getpermissions,200,41270.02739906311,unchanged
1789317296.0393412,1789317296.0805147,41.173458099365234,public:getticker,200,11572.967529296875,ok
1789317296.0805411,1789317296.1322486,51.70750617980957,private:getpermissions,200,11572.967529296875,ok
1789317326.0402105,1789317326.0820758,41.86534881591797,public:getticker,200,41615.50045013428,unchanged
1789317326.0820918,1789317326.174758,92.6661491394043,private:getpermissions,200,41615.50045013428,unchanged
1789317356.0405598,1789317356.0743487,33.78891944885254,public:getticker,200,10944.661617279053,ok
1789317356.0743692,1789317356.1750586,100.68941116333008,private:getpermissions,200,10944.661617279053,ok
1789317386.041085,1789317386.0772853,36.20028495788574,public:getticker,200,40887.46619224548,unchanged
1789317386.0773165,1789317386.1178625,40.54594039916992,private:getpermissions,200,40887.46619224548,unchanged
1789317416.0417554,1789317416.084857,43.10154914855957,public:getticker,200,11357.012271881104,ok
1789317416.0848777,1789317416.4785392,393.6614990234375,private:getpermissions,200,11357.012271881104,ok
1789317446.0443597,1789317446.0845077,40.148019790649414,public:getticker,200,41018.0721282959,unchanged
1789317446.0845246,1789317446.139599,55.074453353881836,private:getpermissions,200,41018.0721282959,unchanged
1789317476.0444145,1789317476.0890784,44.66390609741211,public:getticker,200,10849.05457496643,ok
1789317476.0890985,1789317476.1322608,43.16234588623047,private:getpermissions,200,10849.05457496643,ok
1789317506.0455613,1789317506.0830247,37.46342658996582,public:getticker,200,40855.13210296631,unchanged
1789317506.083043,1789317506.1383379,55.29475212097168,private:getpermissions,200,40855.13210296631,unchanged
1789317536.046041,1789317536.0837123,37.67132759094238,public:getticker,200,10507.25269317627,ok
1789317536.0837295,1789317536.1430116,59.28206443786621,private:getpermissions,200,10507.25269317627,ok
1789317566.0481236,1789317566.0847545,36.630868911743164,public:getticker,200,40504.053831100464,unchanged
1789317566.084773,1789317566.1398115,55.0384521484375,private:getpermissions,200,40504.053831100464,unchanged
1789317596.0489967,1789317596.0852203,36.223649978637695,public:getticker,200,10478.944063186646,ok
1789317596.0852363,1789317596.125371,40.13466835021973,private:getpermissions,200,10478.944063186646,ok
1789317626.0497918,1789317626.0902793,40.48752784729004,public:getticker,200,40497.18737602234,unchanged
1789317626.0902967,1789317626.1436148,53.318023681640625,private:getpermissions,200,40497.18737602234,unchanged
1789317656.0505776,1789317656.0891478,38.57016563415527,public:getticker,200,10097.193717956543,ok
1789317656.0891647,1789317656.1428359,53.67112159729004,private:getpermissions,200,10097.193717956543,ok
1789317686.0523834,1789317686.0886738,36.29040718078613,public:getticker,200,40101.59611701965,unchanged
1789317686.088691,1789317686.1472387,58.5477352142334,private:getpermissions,200,40101.59611701965,unchanged
1789317716.052513,1789317716.089264,36.75103187561035,public:getticker,200,10256.572484970093,ok
1789317716.0892825,1789317716.1346622,45.379638671875,private:getpermissions,200,10256.572484970093,ok
1789317746.053994,1789317746.1779616,123.96764755249023,public:getticker,200,40352.128982543945,unchanged
1789317746.1779826,1789317746.230218,52.23536491394043,private:getpermissions,200,40352.128982543945,unchanged
1789317776.0540776,1789317776.0888414,34.76381301879883,public:getticker,200,9548.685312271118,ok
1789317776.088858,1789317776.1336105,44.75259780883789,private:getpermissions,200,9548.685312271118,ok
1789317806.0562325,1789317806.0975907,41.358232498168945,public:getticker,200,39555.57680130005,unchanged
1789317806.0976088,1789317806.140501,42.8922176361084,private:getpermissions,200,39555.57680130005,unchanged
1789317836.0570807,1789317836.0902839,33.203125,public:getticker,200,8411.080121994019,ok
1789317836.0903006,1789317836.1290321,38.73157501220703,private:getpermissions,200,8411.080121994019,ok
1789317866.0584304,1789317866.09878,40.349483489990234,public:getticker,200,38852.52642631531,unchanged
1789317866.0987968,1789317866.5704796,471.6827869415283,private:getpermissions,200,38852.52642631531,unchanged
1789317896.0586853,1789317896.092695,34.009695053100586,public:getticker,200,8754.63581085205,ok
1789317896.092713,1789317896.1595318,66.8187141418457,private:getpermissions,200,8754.63581085205,ok
1789317926.063753,1789317926.0980282,34.27529335021973,public:getticker,200,38743.38388442993,unchanged
1789317926.0980444,1789317926.1482728,50.22835731506348,private:getpermissions,200,38743.38388442993,unchanged
1789317956.0630465,1789317956.099223,36.176443099975586,public:getticker,200,7369.3177700042725,ok
1789317956.0992439,1789317956.158072,58.828115463256836,private:getpermissions,200,7369.3177700042725,ok
1789317986.0649714,1789317986.105933,40.961503982543945,public:getticker,200,37391.91293716431,unchanged
1789317986.1059508,1789317986.1806662,74.71537590026855,private:getpermissions,200,37391.91293716431,unchanged
1789318016.0655062,1789318016.1072223,41.71609878540039,public:getticker,200,7188.574552536011,ok
1789318016.1072476,1789318016.1591396,51.89204216003418,private:getpermissions,200,7188.574552536011,ok
1789318046.065644,1789318046.104381,38.73705863952637,public:getticker,200,37178.04527282715,unchanged
1789318046.1043994,1789318046.148597,44.19755935668945,private:getpermissions,200,37178.04527282715,unchanged
1789318076.066558,1789318076.1016033,35.04538536071777,public:getticker,200,7155.83610534668,ok
1789318076.1016204,1789318076.1376586,36.03816032409668,private:getpermissions,200,7155.83610534668,ok
1789318106.0674534,1789318106.3569422,289.4887924194336,public:getticker,200,37422.2891330719,unchanged
1789318106.35697,1789318106.4041002,47.13010787963867,private:getpermissions,200,37422.2891330719,unchanged
1789318136.068113,1789318136.1108623,42.74916648864746,public:getticker,200,7435.762643814087,ok
1789318136.1108813,1789318136.1699324,59.0510368347168,private:getpermissions,200,7435.762643814087,ok
1789318166.0703132,1789318166.10545,35.13669967651367,public:getticker,200,37413.03205490112,unchanged
1789318166.105479,1789318166.147201,41.72205924987793,private:getpermissions,200,37413.03205490112,unchanged
1789318196.0710912,1789318196.107601,36.50975227355957,public:getticker,200,7017.178535461426,ok
1789318196.1076193,1789318196.1532557,45.63641548156738,private:getpermissions,200,7017.178535461426,ok
1789318226.0723765,1789318226.107347,34.97052192687988,public:getticker,200,37022.29309082031,unchanged
1789318226.1073685,1789318226.1583698,51.00131034851074,private:getpermissions,200,37022.29309082031,unchanged
1789318256.072594,1789318256.114867,42.27304458618164,public:getticker,200,7017.668008804321,ok
1789318256.1148884,1789318256.1573036,42.41514205932617,private:getpermissions,200,7017.668008804321,ok
1789318286.0737646,1789318286.1104758,36.71121597290039,public:getticker,200,37118.11876296997,unchanged
1789318286.1104937,1789318286.2577531,147.25947380065918,private:getpermissions,200,37118.11876296997,unchanged
1789318316.0748124,1789318316.1129088,38.09642791748047,public:getticker,200,6679.7332763671875,ok
1789318316.1129267,1789318316.1521752,39.24846649169922,private:getpermissions,200,6679.7332763671875,ok
1789318346.0749094,1789318346.1151788,40.26937484741211,public:getticker,200,36690.19627571106,unchanged
1789318346.1151931,1789318346.1626408,47.44768142700195,private:getpermissions,200,36690.19627571106,unchanged
1789318376.0759964,1789318376.1146457,38.64932060241699,public:getticker,200,6016.277074813843,ok
1789318376.114663,1789318376.1558578,41.194915771484375,private:getpermissions,200,6016.277074813843,ok
1789318406.077996,1789318406.1145675,36.571502685546875,public:getticker,200,36032.70125389099,unchanged
1789318406.1145847,1789318406.1722832,57.69848823547363,private:getpermissions,200,36032.70125389099,unchanged
1789318436.0786202,1789318436.1142554,35.63523292541504,public:getticker,200,6004.372596740723,ok
1789318436.114272,1789318436.1569915,42.719364166259766,private:getpermissions,200,6004.372596740723,ok
1789318466.0800438,1789318466.118289,38.245201110839844,public:getticker,200,36017.87853240967,unchanged
1789318466.118315,1789318466.1704955,52.18052864074707,private:getpermissions,200,36017.87853240967,unchanged
1789318496.0802774,1789318496.1185796,38.30218315124512,public:getticker,200,6755.938768386841,ok
1789318496.1186006,1789318496.173221,54.62050437927246,private:getpermissions,200,6755.938768386841,ok
1789318526.0823607,1789318526.1345053,52.144527435302734,public:getticker,200,36765.85102081299,unchanged
1789318526.1345243,1789318526.1831336,48.609256744384766,private:getpermissions,200,36765.85102081299,unchanged
1789318556.0827036,1789318556.1543005,71.59686088562012,public:getticker,200,5597.403287887573,ok
1789318556.1543179,1789318556.1984563,44.138431549072266,private:getpermissions,200,5597.403287887573,ok
1789318586.0844023,1789318586.1216176,37.215232849121094,public:getticker,200,35560.83130836487,unchanged
1789318586.121636,1789318586.1618838,40.24791717529297,private:getpermissions,200,35560.83130836487,unchanged
1789318616.0849326,1789318616.1273513,42.418718338012695,public:getticker,200,5622.842788696289,ok
1789318616.1273847,1789318616.1662679,38.883209228515625,private:getpermissions,200,5622.842788696289,ok
1789318646.085275,1789318646.123051,37.77599334716797,public:getticker,200,35623.32773208618,unchanged
1789318646.1230702,1789318646.166754,43.683767318725586,private:getpermissions,200,35623.32773208618,unchanged
1789318676.0860083,1789318676.120647,34.63864326477051,public:getticker,200,5272.478818893433,ok
1789318676.1206627,1789318676.1689286,48.265933990478516,private:getpermissions,200,5272.478818893433,ok
1789318706.0861177,1789318706.1857867,99.66897964477539,public:getticker,200,35343.393325805664,unchanged
1789318706.1858068,1789318706.2398424,54.03566360473633,private:getpermissions,200,35343.393325805664,unchanged
1789318736.0869133,1789318736.269929,183.0155849456787,public:getticker,200,5501.754999160767,ok
1789318736.2699494,1789318736.3503695,80.42001724243164,private:getpermissions,200,5501.754999160767,ok
1789318766.0870578,1789318766.1269772,39.919376373291016,public:getticker,200,35321.57278060913,unchanged
1789318766.1269941,1789318766.1701946,43.20049285888672,private:getpermissions,200,35321.57278060913,unchanged
1789318796.0871804,1789318796.1210003,33.81991386413574,public:getticker,200,4864.014625549316,ok
1789318796.1210175,1789318796.1973517,76.33423805236816,private:getpermissions,200,4864.014625549316,ok
1789318826.0873184,1789318826.1468513,59.532880783081055,public:getticker,200,34856.40072822571,unchanged
1789318826.1468747,1789318826.1897361,42.8614616394043,private:getpermissions,200,34856.40072822571,unchanged
1789318856.0880525,1789318856.1294007,41.34821891784668,public:getticker,200,4721.825122833252,ok
1789318856.1294491,1789318856.18655,57.100772857666016,private:getpermissions,200,4721.825122833252,ok
1789318886.0882092,1789318886.1291356,40.926456451416016,public:getticker,200,34707.38649368286,unchanged
1789318886.1291873,1789318886.1721103,42.9229736328125,private:getpermissions,200,34707.38649368286,unchanged
1789318916.0892267,1789318916.1305375,41.310787200927734,public:getticker,200,5007.726669311523,ok
1789318916.1305559,1789318916.1782875,47.731637954711914,private:getpermissions,200,5007.726669311523,ok
1789318946.089326,1789318946.1318045,42.47856140136719,public:getticker,200,35002.755641937256,unchanged
1789318946.1318233,1789318946.1733184,41.49508476257324,private:getpermissions,200,35002.755641937256,unchanged
1789318976.0909956,1789318976.1302338,39.23821449279785,public:getticker,200,3809.929847717285,ok
1789318976.1302552,1789318976.1845186,54.26335334777832,private:getpermissions,200,3809.929847717285,ok
1789319006.091087,1789319006.1329591,41.87202453613281,public:getticker,200,33809.54575538635,unchanged
1789319006.1329956,1789319006.184134,51.13840103149414,private:getpermissions,200,33809.54575538635,unchanged
1789319036.0928605,1789319036.1287298,35.86935997009277,public:getticker,200,2464.792490005493,ok
1789319036.128748,1789319036.192966,64.21804428100586,private:getpermissions,200,2464.792490005493,ok
1789319066.093904,1789319066.1301079,36.203861236572266,public:getticker,200,32459.52033996582,unchanged
1789319066.1301281,1789319066.187685,57.556867599487305,private:getpermissions,200,32459.52033996582,unchanged
1789319096.0944653,1789319096.1404397,45.9744930267334,public:getticker,200,1120.8252906799316,ok
1789319096.1404588,1789319096.184446,43.987274169921875,private:getpermissions,200,1120.8252906799316,ok
1789319126.095331,1789319126.1336823,38.35129737854004,public:getticker,200,31117.305040359497,unchanged
1789319126.133701,1789319126.1809251,47.22404479980469,private:getpermissions,200,31117.305040359497,unchanged
1789319156.0961785,1789319156.1396322,43.45369338989258,public:getticker,200,12.222051620483398,ok
1789319156.1396482,1789319156.1925943,52.94609069824219,private:getpermissions,200,12.222051620483398,ok
1789319186.0966878,1789319186.135429,38.741111755371094,public:getticker,200,30000.38456916809,unchanged
1789319186.1354477,1789319186.1807384,45.29070854187012,private:getpermissions,200,30000.38456916809,unchanged
1789319216.099406,1789319216.1416428,42.2368049621582,public:getticker,200,60004.99987602234,unchanged
1789319216.141666,1789319216.1853714,43.70546340942383,private:getpermissions,200,60004.99987602234,unchanged
1789319246.0998213,1789319246.1429155,43.09415817260742,public:getticker,200,30011.005878448486,ok
1789319246.1429353,1789319246.1996725,56.73718452453613,private:getpermissions,200,30011.005878448486,ok
1789319276.1018844,1789319276.142911,41.02659225463867,public:getticker,200,60017.17400550842,unchanged
1789319276.142931,1789319276.2058406,62.909603118896484,private:getpermissions,200,60017.17400550842,unchanged
1789319306.1020257,1789319306.1393938,37.368059158325195,public:getticker,200,30187.692880630493,ok
1789319306.1394107,1789319306.177841,38.430213928222656,private:getpermissions,200,30187.692880630493,ok
1789319336.1034122,1789319336.138006,34.593820571899414,public:getticker,200,60189.31555747986,unchanged
1789319336.1380937,1789319336.1794653,41.37158393859863,private:getpermissions,200,60189.31555747986,unchanged
1789319366.1032302,1789319366.1486793,45.449018478393555,public:getticker,200,29380.578756332397,ok
1789319366.148719,1789319366.2033691,54.650068283081055,private:getpermissions,200,29380.578756332397,ok
1789319396.105418,1789319396.1620593,56.641340255737305,public:getticker,200,59394.51456069946,unchanged
1789319396.1620767,1789319396.2173052,55.228471755981445,private:getpermissions,200,59394.51456069946,unchanged
1789319426.1055136,1789319426.152672,47.15847969055176,public:getticker,200,29597.327709197998,ok
1789319426.1526904,1789319426.199251,46.56052589416504,private:getpermissions,200,29597.327709197998,ok
1789319456.1079214,1789319456.1434321,35.51077842712402,public:getticker,200,59595.37696838379,unchanged
1789319456.1434567,1789319456.197302,53.84540557861328,private:getpermissions,200,59595.37696838379,unchanged
1789319486.107975,1789319486.141539,33.564090728759766,public:getticker,200,29195.969820022583,ok
1789319486.1415641,1789319486.2171898,75.62565803527832,private:getpermissions,200,29195.969820022583,ok
1789319516.1089213,1789319516.1427732,33.85186195373535,public:getticker,200,-990.2057647705078,ok
1789319516.142789,1789319516.190948,48.159122467041016,private:getpermissions,200,-990.2057647705078,ok
1789319546.109028,1789319546.1513746,42.34647750854492,public:getticker,200,29016.631603240967,unchanged
1789319546.151392,1789319546.197796,46.404123306274414,private:getpermissions,200,29016.631603240967,unchanged
1789319576.1093204,1789319576.1474679,38.1474494934082,public:getticker,200,59019.95587348938,unchanged
1789319576.1474843,1789319576.201121,53.636789321899414,private:getpermissions,200,59019.95587348938,unchanged
1789319606.1093807,1789319606.165567,56.18619918823242,public:getticker,200,27992.714881896973,ok
1789319606.1655881,1789319606.207235,41.64695739746094,private:getpermissions,200,27992.714881896973,ok
1789319636.1095269,1789319636.1438985,34.37161445617676,public:getticker,200,58001.96433067322,unchanged
1789319636.143916,1789319636.2164857,72.5698471069336,private:getpermissions,200,58001.96433067322,unchanged
1789319666.109657,1789319666.164355,54.69799041748047,public:getticker,200,28109.962463378906,ok
1789319666.1643722,1789319666.2176435,53.27129364013672,private:getpermissions,200,28109.962463378906,ok
1789319696.1097581,1789319696.161279,51.52082443237305,public:getticker,200,58119.70806121826,unchanged
1789319696.1612954,1789319696.22739,66.09463691711426,private:getpermissions,200,58119.70806121826,unchanged
1789319726.1098828,1789319726.1554897,45.60685157775879,public:getticker,200,27406.557083129883,ok
1789319726.155508,1789319726.227212,71.70391082763672,private:getpermissions,200,27406.557083129883,ok
1789319756.110188,1789319756.223997,113.80910873413086,public:getticker,200,57453.959703445435,unchanged
1789319756.2240136,1789319756.2746148,50.60124397277832,private:getpermissions,200,57453.959703445435,unchanged
1789319786.1106882,1789319786.1483374,37.64915466308594,public:getticker,200,27530.567169189453,ok
1789319786.148357,1789319786.1882148,39.85786437988281,private:getpermissions,200,27530.567169189453,ok
1789319816.1108425,1789319816.1275787,16.736268997192383,public:getticker,200,57523.170948028564,unchanged
1789319816.1275952,1789319816.1808178,53.22265625,private:getpermissions,200,57523.170948028564,unchanged
1789319846.1118672,1789319846.1503818,38.51461410522461,public:getticker,200,27629.06503677368,ok
1789319846.1504052,1789319846.2131205,62.71529197692871,private:getpermissions,200,27629.06503677368,ok
1789319876.1125176,1789319876.2828956,170.3779697418213,public:getticker,200,57739.66145515442,unchanged
1789319876.282918,1789319876.323719,40.801048278808594,private:getpermissions,200,57739.66145515442,unchanged
1789319906.1128361,1789319906.1497407,36.90457344055176,public:getticker,200,27050.479888916016,ok
1789319906.1498098,1789319906.2058158,56.00595474243164,private:getpermissions,200,27050.479888916016,ok
1789319936.1133468,1789319936.1674154,54.068565368652344,public:getticker,200,57076.85399055481,unchanged
1789319936.1674323,1789319936.2321901,64.7578239440918,private:getpermissions,200,57076.85399055481,unchanged
1789319966.1143742,1789319966.1534264,39.05224800109863,public:getticker,200,27082.41558074951,ok
1789319966.153446,1789319966.2093365,55.890560150146484,private:getpermissions,200,27082.41558074951,ok
1789319996.1145859,1789319996.1524403,37.85443305969238,public:getticker,200,57072.14426994324,unchanged
1789319996.1524587,1789319996.1990676,46.608924865722656,private:getpermissions,200,57072.14426994324,unchanged
1789320026.115252,1789320026.1605115,45.25947570800781,public:getticker,200,26590.733766555786,ok
1789320026.160529,1789320026.214662,54.13317680358887,private:getpermissions,200,26590.733766555786,ok
1789320056.1153696,1789320056.1553144,39.94488716125488,public:getticker,200,56583.518981933594,unchanged
1789320056.155331,1789320056.2074478,52.11687088012695,private:getpermissions,200,56583.518981933594,unchanged
1789320086.1155758,1789320086.149209,33.63323211669922,public:getticker,200,26657.65643119812,ok
1789320086.149226,1789320086.188328,39.10207748413086,private:getpermissions,200,26657.65643119812,ok
1789320116.1166518,1789320116.1507845,34.13271903991699,public:getticker,200,56669.44169998169,unchanged
1789320116.1508021,1789320116.2001145,49.31235313415527,private:getpermissions,200,56669.44169998169,unchanged
1789320146.117578,1789320146.1576166,40.0385856628418,public:getticker,200,26519.094705581665,ok
1789320146.1576352,1789320146.2294028,71.76756858825684,private:getpermissions,200,26519.094705581665,ok
1789320176.1178517,1789320176.1575933,39.74151611328125,public:getticker,200,56487.20979690552,unchanged
1789320176.1576161,1789320176.197519,39.90292549133301,private:getpermissions,200,56487.20979690552,unchanged
1789320206.118827,1789320206.153647,34.819841384887695,public:getticker,200,26276.557445526123,ok
1789320206.1536653,1789320206.1947737,41.10836982727051,private:getpermissions,200,26276.557445526123,ok
1789320236.1193419,1789320236.1578355,38.49363327026367,public:getticker,200,56295.209884643555,unchanged
1789320236.1578526,1789320236.2134264,55.57370185852051,private:getpermissions,200,56295.209884643555,unchanged
1789320266.1200838,1789320266.1568003,36.716461181640625,public:getticker,200,26504.764080047607,ok
1789320266.1568184,1789320266.2092316,52.413225173950195,private:getpermissions,200,26504.764080047607,ok
1789320296.1206882,1789320296.1615586,40.87042808532715,public:getticker,200,56657.824754714966,unchanged
1789320296.1615753,1789320296.362291,200.7157802581787,private:getpermissions,200,56657.824754714966,unchanged
1789320326.1209743,1789320326.1595366,38.56229782104492,public:getticker,200,26007.61604309082,ok
1789320326.1595547,1789320326.2075303,47.97554016113281,private:getpermissions,200,26007.61604309082,ok
1789320356.12159,1789320356.162407,40.8170223236084,public:getticker,200,56012.26091384888,unchanged
1789320356.1624243,1789320356.2121754,49.75104331970215,private:getpermissions,200,56012.26091384888,unchanged
1789320386.12237,1789320386.163933,41.56303405761719,public:getticker,200,26387.16769218445,ok
1789320386.1639528,1789320386.2173254,53.37262153625488,private:getpermissions,200,26387.16769218445,ok
1789320416.123338,1789320416.1701634,46.825408935546875,public:getticker,200,56381.76679611206,unchanged
1789320416.170182,1789320416.2119231,41.741132736206055,private:getpermissions,200,56381.76679611206,unchanged
1789320446.1240644,1789320446.157967,33.902645111083984,public:getticker,200,26025.824069976807,ok
1789320446.1579869,1789320446.209988,52.001237869262695,private:getpermissions,200,26025.824069976807,ok
1789320476.125201,1789320476.161921,36.72003746032715,public:getticker,200,56040.46320915222,unchanged
1789320476.1619422,1789320476.2246273,62.68501281738281,private:getpermissions,200,56040.46320915222,unchanged
1789320506.1260445,1789320506.1665707,40.52615165710449,public:getticker,200,26022.62043952942,ok
1789320506.1665866,1789320506.2079635,41.37682914733887,private:getpermissions,200,26022.62043952942,ok
1789320536.1263998,1789320536.1673756,40.97580909729004,public:getticker,200,56020.522117614746,unchanged
1789320536.167392,1789320536.2058654,38.47336769104004,private:getpermissions,200,56020.522117614746,unchanged
1789320566.1267226,1789320566.1655657,38.84315490722656,public:getticker,200,25984.28773880005,ok
1789320566.1655855,1789320566.2177148,52.129268646240234,private:getpermissions,200,25984.28773880005,ok
1789320596.1275275,1789320596.1640296,36.50212287902832,public:getticker,200,55982.31887817383,unchanged
1789320596.1640458,1789320596.2157464,51.700592041015625,private:getpermissions,200,55982.31887817383,unchanged
1789320626.1278343,1789320626.1693828,41.54849052429199,public:getticker,200,26138.74125480652,ok
1789320626.1693988,1789320626.2172058,47.80697822570801,private:getpermissions,200,26138.74125480652,ok
1789320656.1285405,1789320656.1620147,33.47420692443848,public:getticker,200,56122.63083457947,unchanged
1789320656.1620295,1789320656.201095,39.06559944152832,private:getpermissions,200,56122.63083457947,unchanged
1789320686.1290357,1789320686.1634076,34.37185287475586,public:getticker,200,26002.24471092224,ok
1789320686.1634228,1789320686.2029088,39.485931396484375,private:getpermissions,200,26002.24471092224,ok
1789320716.129478,1789320716.1663463,36.86833381652832,public:getticker,200,56008.16202163696,unchanged
1789320716.1663623,1789320716.2088258,42.46354103088379,private:getpermissions,200,56008.16202163696,unchanged
1789320746.1301491,1789320746.1616318,31.482696533203125,public:getticker,200,25718.806743621826,ok
1789320746.1616476,1789320746.215158,53.510427474975586,private:getpermissions,200,25718.806743621826,ok
1789320776.1308439,1789320776.1694653,38.62142562866211,public:getticker,200,55742.33865737915,unchanged
1789320776.1694794,1789320776.2386901,69.21076774597168,private:getpermissions,200,55742.33865737915,unchanged
1789320806.1318917,1789320806.1704357,38.5439395904541,public:getticker,200,25822.896242141724,ok
1789320806.170452,1789320806.2159312,45.47905921936035,private:getpermissions,200,25822.896242141724,ok
1789320836.1326725,1789320836.1660542,33.38170051574707,public:getticker,200,55813.74931335449,unchanged
1789320836.1660686,1789320836.2067838,40.71521759033203,private:getpermissions,200,55813.74931335449,unchanged
1789320866.1334803,1789320866.2449036,111.42325401306152,public:getticker,200,25550.899267196655,ok
1789320866.2449198,1789320866.2927608,47.84107208251953,private:getpermissions,200,25550.899267196655,ok
1789320896.1340506,1789320896.1672862,33.23554992675781,public:getticker,200,55498.188495635986,unchanged
1789320896.1673033,1789320896.2400494,72.74603843688965,private:getpermissions,200,55498.188495635986,unchanged
1789320926.134724,1789320926.1689177,34.19375419616699,public:getticker,200,25639.33038711548,ok
1789320926.1689339,1789320926.219473,50.53901672363281,private:getpermissions,200,25639.33038711548,ok
1789320956.1349413,1789320956.1738293,38.887977600097656,public:getticker,200,55639.88518714905,unchanged
1789320956.1738443,1789320956.220028,46.18358612060547,private:getpermissions,200,55639.88518714905,unchanged
1789320986.135104,1789320986.1719935,36.88955307006836,public:getticker,200,25629.181385040283,ok
1789320986.1720088,1789320986.2171395,45.13072967529297,private:getpermissions,200,25629.181385040283,ok
1789321016.1356316,1789321016.2001371,64.50557708740234,public:getticker,200,-5068.303108215332,ok
1789321016.200152,1789321016.2517495,51.59759521484375,private:getpermissions,200,-5068.303108215332,ok
1789321046.1357884,1789321046.170623,34.83462333679199,public:getticker,200,24901.631116867065,unchanged
1789321046.1706383,1789321046.2216837,51.04541778564453,private:getpermissions,200,24901.631116867065,unchanged
1789321076.1359606,1789321076.1758387,39.878129959106445,public:getticker,200,54980.57246208191,unchanged
1789321076.175854,1789321076.3006244,124.7704029083252,private:getpermissions,200,54980.57246208191,unchanged
1789321106.136124,1789321106.1724942,36.370277404785156,public:getticker,200,22844.51699256897,ok
1789321106.1725066,1789321106.2187996,46.293020248413086,private:getpermissions,200,22844.51699256897,ok
1789321136.1362941,1789321136.1731174,36.823272705078125,public:getticker,200,52835.06274223328,unchanged
1789321136.1731305,1789321136.2093446,36.21411323547363,private:getpermissions,200,52835.06274223328,unchanged
1789321166.1372545,1789321166.170469,33.214569091796875,public:getticker,200,22801.44453048706,ok
1789321166.170483,1789321166.2252872,54.804086685180664,private:getpermissions,200,22801.44453048706,ok
1789321196.1380296,1789321196.174689,36.65947914123535,public:getticker,200,52808.54892730713,unchanged
1789321196.1747036,1789321196.2323914,57.68775939941406,private:getpermissions,200,52808.54892730713,unchanged
1789321226.138614,1789321226.1790104,40.39645195007324,public:getticker,200,22745.58401107788,ok
1789321226.1790254,1789321226.2264438,47.41835594177246,private:getpermissions,200,22745.58401107788,ok
1789321256.1388907,1789321256.1753712,36.48042678833008,public:getticker,200,52748.61812591553,unchanged
1789321256.1753874,1789321256.2294776,54.090261459350586,private:getpermissions,200,52748.61812591553,unchanged
1789321286.1398904,1789321286.1730056,33.11514854431152,public:getticker,200,22841.784238815308,ok
1789321286.1730194,1789321286.216051,43.03169250488281,private:getpermissions,200,22841.784238815308,ok
1789321316.140883,1789321316.1772451,36.3621711730957,public:getticker,200,52854.6941280365,unchanged
1789321316.1772594,1789321316.2289605,51.70106887817383,private:getpermissions,200,52854.6941280365,unchanged
1789321346.1422133,1789321346.201535,59.32164192199707,public:getticker,200,22765.23208618164,ok
1789321346.2015517,1789321346.260767,59.21530723571777,private:getpermissions,200,22765.23208618164,ok
1789321376.142378,1789321376.177285,34.906864166259766,public:getticker,200,52799.65662956238,unchanged
1789321376.1772997,1789321376.2951922,117.89250373840332,private:getpermissions,200,52799.65662956238,unchanged
1789321406.14345,1789321406.176074,32.624006271362305,public:getticker,200,22695.658445358276,ok
1789321406.176088,1789321406.2152333,39.14523124694824,private:getpermissions,200,22695.658445358276,ok
1789321436.1436594,1789321436.1806686,37.009239196777344,public:getticker,200,52702.717542648315,unchanged
1789321436.1806824,1789321436.222292,41.60952568054199,private:getpermissions,200,52702.717542648315,unchanged
1789321466.143837,1789321466.176679,32.84192085266113,public:getticker,200,22332.409858703613,ok
1789321466.176693,1789321466.2123,35.607099533081055,private:getpermissions,200,22332.409858703613,ok
1789321496.144002,1789321496.1812449,37.242889404296875,public:getticker,200,52340.46220779419,unchanged
1789321496.1812575,1789321496.2203536,39.09611701965332,private:getpermissions,200,52340.46220779419,unchanged
1789321526.1442387,1789321526.180591,36.35239601135254,public:getticker,200,21848.30951690674,ok
1789321526.1806061,1789321526.2331262,52.520036697387695,private:getpermissions,200,21848.30951690674,ok
1789321556.1449664,1789321556.1830142,38.04779052734375,public:getticker,200,51848.86622428894,unchanged
1789321556.1830292,1789321556.2336829,50.653696060180664,private:getpermissions,200,51848.86622428894,unchanged
1789321586.1451356,1789321586.177884,32.74846076965332,public:getticker,200,21983.524799346924,ok
1789321586.1778967,1789321586.217483,39.58630561828613,private:getpermissions,200,21983.524799346924,ok
1789321616.1458092,1789321616.183498,37.6887321472168,public:getticker,200,51988.588094711304,unchanged
1789321616.1835136,1789321616.2225459,39.0322208404541,private:getpermissions,200,51988.588094711304,unchanged
1789321646.1468172,1789321646.1806026,33.785343170166016,public:getticker,200,21630.690336227417,ok
1789321646.1806169,1789321646.23459,53.97319793701172,private:getpermissions,200,21630.690336227417,ok
1789321676.147504,1789321676.185255,37.750959396362305,public:getticker,200,51620.901584625244,unchanged
1789321676.1852713,1789321676.2248018,39.53051567077637,private:getpermissions,200,51620.901584625244,unchanged
1789321706.1481228,1789321706.1850166,36.89384460449219,public:getticker,200,21551.48959159851,ok
1789321706.185032,1789321706.2232332,38.201332092285156,private:getpermissions,200,21551.48959159851,ok
1789321736.1482878,1789321736.3188174,170.52960395812988,public:getticker,200,51685.773849487305,unchanged
1789321736.3188336,1789321736.3575163,38.68269920349121,private:getpermissions,200,51685.773849487305,unchanged
1789321766.1487787,1789321766.1875024,38.72370719909668,public:getticker,200,21710.21032333374,ok
1789321766.1875172,1789321766.2460766,58.559417724609375,private:getpermissions,200,21710.21032333374,ok
1789321796.1536195,1789321796.1888926,35.273075103759766,public:getticker,200,51701.10011100769,unchanged
1789321796.1889079,1789321796.2369664,48.058509826660156,private:getpermissions,200,51701.10011100769,unchanged
1789321826.15391,1789321826.1919746,38.06471824645996,public:getticker,200,20847.244262695312,ok
1789321826.191992,1789321826.2358415,43.84946823120117,private:getpermissions,200,20847.244262695312,ok
1789321856.1542027,1789321856.1871548,32.952070236206055,public:getticker,200,50835.06155014038,unchanged
1789321856.1871674,1789321856.2236617,36.49425506591797,private:getpermissions,200,50835.06155014038,unchanged
1789321886.154475,1789321886.1903281,35.85314750671387,public:getticker,200,20521.97551727295,ok
1789321886.2160501,1789321886.2617075,45.65739631652832,private:getpermissions,200,20521.97551727295,ok
1789321925.2361271,1789321939.3817065,14145.57933807373,public:getticker,200,17149.046421051025,ok
1789321939.3817468,1789321943.0730093,3691.2624835968018,private:getpermissions,200,17149.046421051025,ok
1789321952.0080922,1789321952.0546799,46.58770561218262,public:getticker,200,26183.073043823242,unchanged
1789321952.054695,1789321952.1070347,52.339792251586914,private:getpermissions,200,26183.073043823242,unchanged
1789321982.0087068,1789321982.047096,38.38920593261719,public:getticker,200,56175.25243759155,unchanged
1789321982.047113,1789321982.099216,52.10304260253906,private:getpermissions,200,56175.25243759155,unchanged
1789322012.0091934,1789322012.111402,102.20861434936523,public:getticker,200,23853.819847106934,ok
1789322012.111417,1789322012.2719004,160.48336029052734,private:getpermissions,200,23853.819847106934,ok
1789322042.0097704,1789322042.0470529,37.282466888427734,public:getticker,200,53666.10598564148,unchanged
1789322042.0470672,1789322042.084187,37.11986541748047,private:getpermissions,200,53666.10598564148,unchanged
1789322072.0100803,1789322072.047926,37.845611572265625,public:getticker,200,23612.948894500732,ok
1789322072.0479424,1789322072.10419,56.247711181640625,private:getpermissions,200,23612.948894500732,ok
1789322102.0106597,1789322102.0437255,33.0657958984375,public:getticker,200,53592.21148490906,unchanged
1789322102.0437431,1789322102.0834532,39.710044860839844,private:getpermissions,200,53592.21148490906,unchanged
1789322132.0109184,1789322132.0256927,14.774322509765625,public:getticker,200,23548.795700073242,ok
1789322132.0257075,1789322132.0816221,55.91464042663574,private:getpermissions,200,23548.795700073242,ok
1789322162.0115404,1789322162.0495143,37.973880767822266,public:getticker,200,53559.73482131958,unchanged
1789322162.0495286,1789322162.0925622,43.033599853515625,private:getpermissions,200,53559.73482131958,unchanged
1789322192.0121849,1789322192.0444992,32.314300537109375,public:getticker,200,23578.3748626709,ok
1789322192.0445151,1789322192.0939727,49.457550048828125,private:getpermissions,200,23578.3748626709,ok
1789322222.0128279,1789322222.0611103,48.28238487243652,public:getticker,200,53591.69507026672,unchanged
1789322222.061126,1789322222.1072938,46.167850494384766,private:getpermissions,200,53591.69507026672,unchanged
1789322252.0131423,1789322252.049248,36.10563278198242,public:getticker,200,23461.833238601685,ok
1789322252.0492637,1789322252.0874708,38.207054138183594,private:getpermissions,200,23461.833238601685,ok
1789322282.0132987,1789322282.052439,39.14022445678711,public:getticker,200,53551.54728889465,unchanged
1789322282.0524552,1789322282.177184,124.72891807556152,private:getpermissions,200,53551.54728889465,unchanged
1789322312.0136247,1789322312.0603268,46.70214653015137,public:getticker,200,23547.81174659729,ok
1789322312.0603423,1789322312.1289868,68.64452362060547,private:getpermissions,200,23547.81174659729,ok
1789322342.0144594,1789322342.0552843,40.82489013671875,public:getticker,200,53518.44763755798,unchanged
1789322342.055301,1789322342.0996234,44.32249069213867,private:getpermissions,200,53518.44763755798,unchanged
1789322372.015411,1789322372.0545104,39.09945487976074,public:getticker,200,22523.042917251587,ok
1789322372.0545256,1789322372.110969,56.44345283508301,private:getpermissions,200,22523.042917251587,ok
1789322402.016096,1789322402.052723,36.62681579589844,public:getticker,200,52512.11977005005,unchanged
1789322402.0527422,1789322402.1000447,47.3024845123291,private:getpermissions,200,52512.11977005005,unchanged
1789322432.0163386,1789322432.056945,40.60649871826172,public:getticker,200,22426.589250564575,ok
1789322432.0569603,1789322432.0976453,40.68493843078613,private:getpermissions,200,22426.589250564575,ok
1789322462.0165563,1789322462.0529454,36.38911247253418,public:getticker,200,52436.98978424072,unchanged
1789322462.0529618,1789322462.1080463,55.0844669342041,private:getpermissions,200,52436.98978424072,unchanged
1789322492.0169406,1789322492.0540614,37.120819091796875,public:getticker,200,21819.356441497803,ok
1789322492.0540771,1789322492.097263,43.18594932556152,private:getpermissions,200,21819.356441497803,ok
1789322522.0174646,1789322522.0578222,40.35758972167969,public:getticker,200,51832.67307281494,unchanged
1789322522.0578418,1789322522.110578,52.73628234863281,private:getpermissions,200,51832.67307281494,unchanged
1789322552.0178528,1789322552.053704,35.851240158081055,public:getticker,200,21872.236013412476,ok
1789322552.0537663,1789322552.1070886,53.32231521606445,private:getpermissions,200,21872.236013412476,ok
1789322582.0183,1789322582.0536675,35.367488861083984,public:getticker,200,51873.87728691101,unchanged
1789322582.053683,1789322582.108729,55.04584312438965,private:getpermissions,200,51873.87728691101,unchanged
1789322612.0189545,1789322612.0591836,40.229082107543945,public:getticker,200,21301.50866508484,ok
1789322612.059199,1789322612.1108558,51.65672302246094,private:getpermissions,200,21301.50866508484,ok
1789322642.019777,1789322642.0572128,37.43577003479004,public:getticker,200,51297.56426811218,unchanged
1789322642.057229,1789322642.1069114,49.6823787689209,private:getpermissions,200,51297.56426811218,unchanged
1789322672.0203514,1789322672.1971807,176.82933807373047,public:getticker,200,21317.29555130005,ok
1789322672.1971962,1789322672.248259,51.062822341918945,private:getpermissions,200,21317.29555130005,ok
1789322702.0205426,1789322702.053134,32.59134292602539,public:getticker,200,51173.07806015015,unchanged
1789322702.0531814,1789322702.1040423,50.86088180541992,private:getpermissions,200,51173.07806015015,unchanged
1789322732.0213711,1789322732.0542743,32.903194427490234,public:getticker,200,21225.641012191772,ok
1789322732.054291,1789322732.1081495,53.85851860046387,private:getpermissions,200,21225.641012191772,ok
1789322762.0222414,1789322762.0650856,42.844295501708984,public:getticker,200,51232.648849487305,unchanged
1789322762.0651033,1789322762.1151576,50.054311752319336,private:getpermissions,200,51232.648849487305,unchanged
1789322792.0229878,1789322792.060985,37.99724578857422,public:getticker,200,21073.37260246277,ok
1789322792.061001,1789322792.1050155,44.01445388793945,private:getpermissions,200,21073.37260246277,ok
1789322822.0520945,1789322822.0858686,33.77413749694824,public:getticker,200,51167.580127716064,unchanged
1789322822.0858836,1789322822.199222,113.33847045898438,private:getpermissions,200,51167.580127716064,unchanged
1789322852.0522714,1789322852.086273,34.00158882141113,public:getticker,200,21227.08487510681,ok
1789322852.086288,1789322852.1328375,46.54955863952637,private:getpermissions,200,21227.08487510681,ok
1789322882.052632,1789322882.0929332,40.30108451843262,public:getticker,200,51227.665424346924,unchanged
1789322882.0929484,1789322882.1334171,40.468692779541016,private:getpermissions,200,51227.665424346924,unchanged
1789322912.0528178,1789322912.1366518,83.83393287658691,public:getticker,200,18357.171058654785,ok
1789322912.136669,1789322912.1779008,41.23187065124512,private:getpermissions,200,18357.171058654785,ok
1789322942.0537293,1789322942.087906,34.17658805847168,public:getticker,200,48305.10973930359,unchanged
1789322942.0879214,1789322942.1258397,37.9183292388916,private:getpermissions,200,48305.10973930359,unchanged
1789322972.054492,1789322972.098123,43.63107681274414,public:getticker,200,18381.87265396118,ok
1789322972.098138,1789322972.1414914,43.35331916809082,private:getpermissions,200,18381.87265396118,ok
1789323002.0556362,1789323002.0938518,38.21563720703125,public:getticker,200,48370.445251464844,unchanged
1789323002.0938675,1789323002.1300635,36.195993423461914,private:getpermissions,200,48370.445251464844,unchanged
1789323032.0565474,1789323032.0897758,33.228397369384766,public:getticker,200,17450.276613235474,ok
1789323032.0897942,1789323032.127112,37.317752838134766,private:getpermissions,200,17450.276613235474,ok
1789323062.0575736,1789323062.0901031,32.529592514038086,public:getticker,200,47453.542947769165,unchanged
1789323062.0901196,1789323062.1303778,40.258169174194336,private:getpermissions,200,47453.542947769165,unchanged
1789323092.0582414,1789323092.0956948,37.453413009643555,public:getticker,200,17536.38219833374,ok
1789323092.09571,1789323092.148197,52.48689651489258,private:getpermissions,200,17536.38219833374,ok
1789323122.0593894,1789323122.0758433,16.453981399536133,public:getticker,200,47520.87950706482,unchanged
1789323122.0758584,1789323122.1326942,56.83588981628418,private:getpermissions,200,47520.87950706482,unchanged
1789323152.0596962,1789323152.0965745,36.878347396850586,public:getticker,200,17407.999515533447,ok
1789323152.0965915,1789323152.1342976,37.70613670349121,private:getpermissions,200,17407.999515533447,ok
1789323182.060312,1789323182.0938258,33.513784408569336,public:getticker,200,47418.64013671875,unchanged
1789323182.0938447,1789323182.1449385,51.09381675720215,private:getpermissions,200,47418.64013671875,unchanged
1789323212.0610301,1789323212.0992334,38.20323944091797,public:getticker,200,17533.637046813965,ok
1789323212.0992482,1789323212.1551738,55.925607681274414,private:getpermissions,200,17533.637046813965,ok
1789323242.062162,1789323242.102139,39.977073669433594,public:getticker,200,47529.17218208313,unchanged
1789323242.1021545,1789323242.1507087,48.554182052612305,private:getpermissions,200,47529.17218208313,unchanged
1789323272.062465,1789323272.0962749,33.80990028381348,public:getticker,200,17140.35415649414,ok
1789323272.0962913,1789323272.13506,38.768768310546875,private:getpermissions,200,17140.35415649414,ok
1789323302.0630765,1789323302.0962799,33.2033634185791,public:getticker,200,47138.5395526886,unchanged
1789323302.096301,1789323302.1332433,36.942243576049805,private:getpermissions,200,47138.5395526886,unchanged
1789323332.0633714,1789323332.0987656,35.39419174194336,public:getticker,200,17236.322164535522,ok
1789323332.0987806,1789323332.1559994,57.21879005432129,private:getpermissions,200,17236.322164535522,ok
1789323362.063498,1789323362.100714,37.2159481048584,public:getticker,200,47220.93725204468,unchanged
1789323362.100735,1789323362.1406147,39.879798889160156,private:getpermissions,200,47220.93725204468,unchanged
1789323392.0644221,1789323392.1021137,37.691593170166016,public:getticker,200,17099.46370124817,ok
1789323392.10213,1789323392.1538308,51.70083045959473,private:getpermissions,200,17099.46370124817,ok
1789323422.0653205,1789323422.0998483,34.52777862548828,public:getticker,200,47113.67869377136,unchanged
1789323422.1251333,1789323422.1680465,42.913198471069336,private:getpermissions,200,47113.67869377136,unchanged
1789323452.0669498,1789323452.110539,43.589115142822266,public:getticker,200,16825.52433013916,ok
1789323452.1105893,1789323452.1514971,40.907859802246094,private:getpermissions,200,16825.52433013916,ok
1789323482.067381,1789323482.1095243,42.14334487915039,public:getticker,200,-13374.778270721436,ok
1789323482.109542,1789323482.1518543,42.3123836517334,private:getpermissions,200,-13374.778270721436,ok
1789323512.0675442,1789323512.1024888,34.94453430175781,public:getticker,200,16619.58909034729,unchanged
1789323512.102504,1789323512.1462228,43.718814849853516,private:getpermissions,200,16619.58909034729,unchanged
1789323542.0677385,1789323542.1003137,32.575130462646484,public:getticker,200,46624.326944351196,unchanged
1789323542.100329,1789323542.1509602,50.63128471374512,private:getpermissions,200,46624.326944351196,unchanged
1789323572.0682304,1789323572.1070182,38.787841796875,public:getticker,200,15298.42209815979,ok
1789323572.107035,1789323572.1502001,43.16520690917969,private:getpermissions,200,15298.42209815979,ok
1789323602.068428,1789323602.1052856,36.85760498046875,public:getticker,200,45290.931224823,unchanged
1789323602.1052997,1789323602.142713,37.41335868835449,private:getpermissions,200,45290.931224823,unchanged
1789323632.0686455,1789323632.1228788,54.23331260681152,public:getticker,200,14999.08447265625,ok
1789323632.122894,1789323632.1619287,39.03460502624512,private:getpermissions,200,14999.08447265625,ok
1789323662.0688503,1789323662.1020699,33.21957588195801,public:getticker,200,44993.42727661133,unchanged
1789323662.1020837,1789323662.1562715,54.187774658203125,private:getpermissions,200,44993.42727661133,unchanged
1789323692.069034,1789323692.1105092,41.47505760192871,public:getticker,200,15088.207006454468,ok
1789323692.1105225,1789323692.166424,55.901527404785156,private:getpermissions,200,15088.207006454468,ok
1789323722.0692656,1789323722.1085348,39.269208908081055,public:getticker,200,45069.89860534668,unchanged
1789323722.1085498,1789323722.1481152,39.565324783325195,private:getpermissions,200,45069.89860534668,unchanged
1789323752.0694656,1789323752.1041985,34.732818603515625,public:getticker,200,13952.259302139282,ok
1789323752.1042125,1789323752.143851,39.638519287109375,private:getpermissions,200,13952.259302139282,ok
1789323782.069663,1789323782.104481,34.81793403625488,public:getticker,200,43963.916540145874,unchanged
1789323782.1044946,1789323782.1555083,51.01370811462402,private:getpermissions,200,43963.916540145874,unchanged
1789323812.069909,1789323812.1083314,38.422346115112305,public:getticker,200,14003.345012664795,ok
1789323812.1083455,1789323812.1472127,38.86723518371582,private:getpermissions,200,14003.345012664795,ok
1789323842.0701077,1789323842.1080346,37.92691230773926,public:getticker,200,44018.1610584259,unchanged
1789323842.1080482,1789323842.1620274,53.97915840148926,private:getpermissions,200,44018.1610584259,unchanged
1789323872.0703406,1789323872.111058,40.717363357543945,public:getticker,200,14160.506248474121,ok
1789323872.1110716,1789323872.157255,46.18334770202637,private:getpermissions,200,14160.506248474121,ok
1789323902.070641,1789323902.10572,35.079002380371094,public:getticker,200,44148.13947677612,unchanged
1789323902.1057348,1789323902.1448863,39.15143013000488,private:getpermissions,200,44148.13947677612,unchanged
1789323932.0708504,1789323932.1058059,34.955501556396484,public:getticker,200,11483.774423599243,ok
1789323932.1058202,1789323932.146375,40.55476188659668,private:getpermissions,200,11483.774423599243,ok
1789323962.0710826,1789323962.1116142,40.53163528442383,public:getticker,200,41491.4915561676,unchanged
1789323962.1116288,1789323962.1540918,42.463064193725586,private:getpermissions,200,41491.4915561676,unchanged
1789323992.0712965,1789323992.1112535,39.95704650878906,public:getticker,200,11312.875509262085,ok
1789323992.111268,1789323992.1510718,39.80374336242676,private:getpermissions,200,11312.875509262085,ok
1789324022.0721955,1789324022.1096041,37.40859031677246,public:getticker,200,41321.42353057861,unchanged
1789324022.1096227,1789324022.1596189,49.996137619018555,private:getpermissions,200,41321.42353057861,unchanged
1789324052.0727057,1789324052.1052585,32.55271911621094,public:getticker,200,11213.42158317566,ok
1789324052.1052752,1789324052.1438398,38.56468200683594,private:getpermissions,200,11213.42158317566,ok
1789324082.0729382,1789324082.1102893,37.351131439208984,public:getticker,200,41227.248430252075,unchanged
1789324082.1103032,1789324082.1576664,47.36328125,private:getpermissions,200,41227.248430252075,unchanged
1789324112.0731719,1789324112.1106396,37.46771812438965,public:getticker,200,11669.581651687622,ok
1789324112.1106532,1789324112.1624708,51.81765556335449,private:getpermissions,200,11669.581651687622,ok
1789324142.073394,1789324142.1068003,33.40625762939453,public:getticker,200,41659.12437438965,unchanged
1789324142.1068134,1789324142.1520145,45.20106315612793,private:getpermissions,200,41659.12437438965,unchanged
1789324172.0735989,1789324172.1108851,37.28628158569336,public:getticker,200,10562.251329421997,ok
1789324172.1108985,1789324172.1505632,39.66474533081055,private:getpermissions,200,10562.251329421997,ok
1789324202.073811,1789324202.119697,45.88603973388672,public:getticker,200,40569.478034973145,unchanged
1789324202.1197107,1789324202.1577897,38.079023361206055,private:getpermissions,200,40569.478034973145,unchanged
1789324232.074267,1789324232.113732,39.46518898010254,public:getticker,200,10311.834812164307,ok
1789324232.113752,1789324232.1530576,39.305686950683594,private:getpermissions,200,10311.834812164307,ok
1789324262.0749106,1789324262.1127498,37.83917427062988,public:getticker,200,40325.25968551636,unchanged
1789324262.112765,1789324262.1664824,53.71737480163574,private:getpermissions,200,40325.25968551636,unchanged
1789324292.0758543,1789324292.1163661,40.5118465423584,public:getticker,200,9789.044618606567,ok
1789324292.1163816,1789324292.1564198,40.038108825683594,private:getpermissions,200,9789.044618606567,ok
1789324322.0764415,1789324322.1146915,38.249969482421875,public:getticker,200,39788.957834243774,unchanged
1789324322.1147087,1789324322.1563323,41.623592376708984,private:getpermissions,200,39788.957834243774,unchanged
1789324352.0768154,1789324352.1109886,34.17325019836426,public:getticker,200,9459.684133529663,ok
1789324352.1110032,1789324352.150519,39.51573371887207,private:getpermissions,200,9459.684133529663,ok
1789324382.077462,1789324382.285579,208.11700820922852,public:getticker,200,39635.164737701416,unchanged
1789324382.2855947,1789324382.326001,40.406227111816406,private:getpermissions,200,39635.164737701416,unchanged
1789324412.077662,1789324412.1454635,67.80147552490234,public:getticker,200,9378.620147705078,ok
1789324412.1454792,1789324412.187994,42.514801025390625,private:getpermissions,200,9378.620147705078,ok
1789324442.0778542,1789324442.1112466,33.39242935180664,public:getticker,200,39362.370014190674,unchanged
1789324442.1112628,1789324442.1717427,60.47987937927246,private:getpermissions,200,39362.370014190674,unchanged
1789324472.0780582,1789324472.11413,36.07177734375,public:getticker,200,8121.748208999634,ok
1789324472.1141422,1789324472.1604242,46.282052993774414,private:getpermissions,200,8121.748208999634,ok
1789324502.078328,1789324502.5610485,482.72061347961426,public:getticker,200,38919.40665245056,unchanged
1789324502.561064,1789324502.9580812,397.017240524292,private:getpermissions,200,38919.40665245056,unchanged
1789324532.0785232,1789324532.1133995,34.876346588134766,public:getticker,200,6194.335460662842,ok
1789324532.1134133,1789324532.1524076,38.99431228637695,private:getpermissions,200,6194.335460662842,ok
1789324562.0787213,1789324562.1122696,33.54835510253906,public:getticker,200,36207.29613304138,unchanged
1789324562.1122832,1789324562.1653678,53.084611892700195,private:getpermissions,200,36207.29613304138,unchanged
1789324592.078959,1789324592.1148129,35.85386276245117,public:getticker,200,6155.264139175415,ok
1789324592.1148262,1789324592.1527636,37.93740272521973,private:getpermissions,200,6155.264139175415,ok
1789324622.079185,1789324622.118277,39.092063903808594,public:getticker,200,36161.951303482056,unchanged
1789324622.118291,1789324622.159453,41.16201400756836,private:getpermissions,200,36161.951303482056,unchanged
1789324652.079392,1789324652.1109934,31.601428985595703,public:getticker,200,6388.934373855591,ok
1789324652.1110067,1789324652.1456559,34.64913368225098,private:getpermissions,200,6388.934373855591,ok
1789324682.079595,1789324682.1172597,37.66465187072754,public:getticker,200,36401.29208564758,unchanged
1789324682.1172736,1789324682.1580133,40.73977470397949,private:getpermissions,200,36401.29208564758,unchanged
1789324712.0805216,1789324712.1191978,38.67626190185547,public:getticker,200,5932.969331741333,ok
1789324712.1192138,1789324712.1706028,51.38897895812988,private:getpermissions,200,5932.969331741333,ok
1789324742.081338,1789324742.1391983,57.860374450683594,public:getticker,200,35946.24304771423,unchanged
1789324742.1392143,1789324742.1838758,44.661521911621094,private:getpermissions,200,35946.24304771423,unchanged
1789324772.08175,1789324772.1202998,38.54990005493164,public:getticker,200,6284.878492355347,ok
1789324772.1203127,1789324772.155856,35.543203353881836,private:getpermissions,200,6284.878492355347,ok
1789324802.0819707,1789324802.6276069,545.6361770629883,public:getticker,200,38276.76844596863,unchanged
1789324802.6276257,1789324804.1477432,1520.1175212860107,private:getpermissions,200,38276.76844596863,unchanged
1789324832.0821757,1789324832.1137187,31.54301643371582,public:getticker,200,5835.285902023315,ok
1789324832.1137345,1789324832.1552706,41.53609275817871,private:getpermissions,200,5835.285902023315,ok
1789324862.0823836,1789324862.1227438,40.360212326049805,public:getticker,200,35842.7300453186,unchanged
1789324862.122758,1789324862.162714,39.956092834472656,private:getpermissions,200,35842.7300453186,unchanged
1789324892.08339,1789324892.1214242,38.03420066833496,public:getticker,200,5697.8559494018555,ok
1789324892.1214406,1789324892.1723049,50.864219665527344,private:getpermissions,200,5697.8559494018555,ok
1789324922.0835917,1789324922.1260397,42.44804382324219,public:getticker,200,35702.46434211731,unchanged
1789324922.1260538,1789324922.1769142,50.86040496826172,private:getpermissions,200,35702.46434211731,unchanged
1789324952.0846608,1789324952.1177347,33.07390213012695,public:getticker,200,5775.843143463135,ok
1789324952.15687,1789324952.1982164,41.34654998779297,private:getpermissions,200,5775.843143463135,ok
1789324982.0849836,1789324982.118135,33.15138816833496,public:getticker,200,35780.367374420166,unchanged
1789324982.1181505,1789324982.2027397,84.58924293518066,private:getpermissions,200,35780.367374420166,unchanged
1789325012.0851858,1789325012.1210487,35.86292266845703,public:getticker,200,5711.313962936401,ok
1789325012.1210632,1789325012.1653566,44.29340362548828,private:getpermissions,200,5711.313962936401,ok
1789325042.0858443,1789325042.118675,32.83071517944336,public:getticker,200,35721.26221656799,unchanged
1789325042.1186898,1789325042.1753047,56.61487579345703,private:getpermissions,200,35721.26221656799,unchanged
1789325072.086226,1789325072.1239629,37.73689270019531,public:getticker,200,5638.13328742981,ok
1789325072.1239781,1789325072.1619813,38.00320625305176,private:getpermissions,200,5638.13328742981,ok
1789325102.0864186,1789325102.1245158,38.09714317321777,public:getticker,200,35639.27698135376,unchanged
1789325102.1245315,1789325102.163126,38.59448432922363,private:getpermissions,200,35639.27698135376,unchanged
1789325132.087421,1789325132.1207128,33.29181671142578,public:getticker,200,5509.437084197998,ok
1789325132.120726,1789325132.1623847,41.658639907836914,private:getpermissions,200,5509.437084197998,ok
1789325162.0881367,1789325162.1743112,86.17448806762695,public:getticker,200,35569.80299949646,unchanged
1789325162.1743262,1789325162.22275,48.42376708984375,private:getpermissions,200,35569.80299949646,unchanged
1789325192.0883558,1789325192.1247883,36.432504653930664,public:getticker,200,5430.123805999756,ok
1789325192.124803,1789325192.180081,55.27782440185547,private:getpermissions,200,5430.123805999756,ok
1789325222.0885856,1789325222.1270256,38.43998908996582,public:getticker,200,35420.188426971436,unchanged
1789325222.12704,1789325222.1701458,43.1058406829834,private:getpermissions,200,35420.188426971436,unchanged
1789325252.088801,1789325252.1223123,33.51140022277832,public:getticker,200,2961.5166187286377,ok
1789325252.122325,1789325252.160705,38.38014602661133,private:getpermissions,200,2961.5166187286377,ok
1789325282.0897226,1789325282.1251273,35.40468215942383,public:getticker,200,32966.36700630188,unchanged
1789325282.1251438,1789325282.1655548,40.41099548339844,private:getpermissions,200,32966.36700630188,unchanged
1789325312.0899765,1789325312.1400614,50.084829330444336,public:getticker,200,2708.730936050415,ok
1789325312.1400769,1789325312.1795425,39.46566581726074,private:getpermissions,200,2708.730936050415,ok
1789325342.0901814,1789325342.1242948,34.113407135009766,public:getticker,200,32692.182540893555,unchanged
1789325342.1243076,1789325342.1629937,38.68603706359863,private:getpermissions,200,32692.182540893555,unchanged
1789325372.0909677,1789325372.1703627,79.39505577087402,public:getticker,200,2961.2338542938232,ok
1789325372.170378,1789325372.2084882,38.11025619506836,private:getpermissions,200,2961.2338542938232,ok
1789325402.0912285,1789325402.1289952,37.76669502258301,public:getticker,200,32924.60298538208,unchanged
1789325402.1290095,1789325402.1718578,42.84834861755371,private:getpermissions,200,32924.60298538208,unchanged
1789325432.0914433,1789325432.1298573,38.41400146484375,public:getticker,200,1363.9304637908936,ok
1789325432.1298716,1789325432.2019641,72.09253311157227,private:getpermissions,200,1363.9304637908936,ok
1789325462.0916488,1789325462.1336288,41.98002815246582,public:getticker,200,31345.089435577393,unchanged
1789325462.133644,1789325462.1831229,49.478769302368164,private:getpermissions,200,31345.089435577393,unchanged
1789325492.091867,1789325492.1336749,41.80788993835449,public:getticker,200,61351.970195770264,unchanged
1789325492.13369,1789325492.1900024,56.31232261657715,private:getpermissions,200,61351.970195770264,unchanged
1789325522.0921695,1789325522.1359925,43.8230037689209,public:getticker,200,29750.20933151245,ok
1789325522.136009,1789325522.176391,40.38190841674805,private:getpermissions,200,29750.20933151245,ok
1789325552.0932834,1789325552.128324,35.04061698913574,public:getticker,200,59752.288818359375,unchanged
1789325552.128341,1789325552.1784706,50.12965202331543,private:getpermissions,200,59752.288818359375,unchanged
1789325582.0938208,1789325582.1341507,40.329933166503906,public:getticker,200,30562.168836593628,ok
1789325582.1341667,1789325582.2170596,82.89289474487305,private:getpermissions,200,30562.168836593628,ok
1789325612.0943894,1789325612.1274955,33.106088638305664,public:getticker,200,60522.9971408844,unchanged
1789325612.1275527,1789325612.1778882,50.33540725708008,private:getpermissions,200,60522.9971408844,unchanged
1789325642.0947914,1789325642.1383266,43.53523254394531,public:getticker,200,30627.899646759033,ok
1789325642.1383524,1789325642.1765249,38.17248344421387,private:getpermissions,200,30627.899646759033,ok
1789325672.0955303,1789325672.2216733,126.14297866821289,public:getticker,200,60712.73589134216,unchanged
1789325672.2216907,1789325672.2613604,39.66975212097168,private:getpermissions,200,60712.73589134216,unchanged
1789325702.095755,1789325702.129714,33.95891189575195,public:getticker,200,29723.227977752686,ok
1789325702.1297278,1789325702.163987,34.25908088684082,private:getpermissions,200,29723.227977752686,ok
1789325732.0962152,1789325732.1327307,36.51547431945801,public:getticker,200,59758.5506439209,unchanged
1789325732.132748,1789325732.1993084,66.56050682067871,private:getpermissions,200,59758.5506439209,unchanged
1789325762.0967352,1789325762.1330624,36.32712364196777,public:getticker,200,29172.298669815063,ok
1789325762.133078,1789325762.175055,41.9769287109375,private:getpermissions,200,29172.298669815063,ok
1789325792.0973935,1789325792.1437774,46.38385772705078,public:getticker,200,59178.600549697876,unchanged
1789325792.1437933,1789325792.1813555,37.56213188171387,private:getpermissions,200,59178.600549697876,unchanged
1789325822.0978613,1789325822.1373131,39.45183753967285,public:getticker,200,29404.958724975586,ok
1789325822.1373303,1789325822.1763725,39.04223442077637,private:getpermissions,200,29404.958724975586,ok
1789325852.098673,1789325852.148997,50.3239631652832,public:getticker,200,59434.279680252075,unchanged
1789325852.1490138,1789325852.205694,56.68020248413086,private:getpermissions,200,59434.279680252075,unchanged
1789325882.0988796,1789325882.2110445,112.16497421264648,public:getticker,200,29816.82801246643,ok
1789325882.2110603,1789325882.261338,50.2777099609375,private:getpermissions,200,29816.82801246643,ok
1789325912.0993607,1789325912.1518126,52.45184898376465,public:getticker,200,59756.176710128784,unchanged
1789325912.151851,1789325912.2006876,48.836708068847656,private:getpermissions,200,59756.176710128784,unchanged
1789325942.099565,1789325942.1508071,51.24211311340332,public:getticker,200,28723.681211471558,ok
1789325942.1508229,1789325942.1965873,45.76444625854492,private:getpermissions,200,28723.681211471558,ok
1789325972.0998282,1789325972.1362698,36.44156455993652,public:getticker,200,58718.20116043091,unchanged
1789325972.1362848,1789325972.1911094,54.8245906829834,private:getpermissions,200,58718.20116043091,unchanged
1789326002.1009583,1789326002.133955,32.99665451049805,public:getticker,200,28846.349000930786,ok
1789326002.1339712,1789326002.1706796,36.70835494995117,private:getpermissions,200,28846.349000930786,ok
1789326032.1017573,1789326032.1372924,35.53509712219238,public:getticker,200,58857.792377471924,unchanged
1789326032.1373076,1789326032.1821237,44.816017150878906,private:getpermissions,200,58857.792377471924,unchanged
1789326062.10235,1789326062.141104,38.75398635864258,public:getticker,200,23544.933080673218,ok
1789326062.141118,1789326062.180597,39.47901725769043,private:getpermissions,200,23544.933080673218,ok
1789326092.1029596,1789326092.141457,38.4974479675293,public:getticker,200,53546.64969444275,unchanged
1789326092.141473,1789326092.1823134,40.84038734436035,private:getpermissions,200,53546.64969444275,unchanged
1789326122.1032119,1789326122.142986,39.774179458618164,public:getticker,200,58276.2713432312,ok
1789326122.1430016,1789326122.1863391,43.33758354187012,private:getpermissions,200,58276.2713432312,ok
1789326152.1034937,1789326152.1448154,41.321754455566406,public:getticker,200,43146.09432220459,ok
1789326152.14483,1789326152.185139,40.30895233154297,private:getpermissions,200,43146.09432220459,ok
1789326182.1037621,1789326182.1389577,35.19558906555176,public:getticker,200,73307.25336074829,unchanged
1789326182.138974,1789326182.3462982,207.32426643371582,private:getpermissions,200,73307.25336074829,unchanged
1789326212.1041095,1789326212.1461034,41.99385643005371,public:getticker,200,103196.99549674988,unchanged
1789326212.146118,1789326212.2360406,89.92266654968262,private:getpermissions,200,103196.99549674988,unchanged
1789326242.1043193,1789326242.1362803,31.96096420288086,public:getticker,200,133130.2044391632,unchanged
1789326242.136294,1789326242.1692502,32.95636177062988,private:getpermissions,200,133130.2044391632,unchanged
1789326272.1049547,1789326272.1445308,39.576053619384766,public:getticker,200,-32243.6580657959,ok
1789326272.144546,1789326272.1994882,54.94213104248047,private:getpermissions,200,-32243.6580657959,ok
1789326375.9692483,1789326376.0083942,39.14594650268555,public:getticker,200,71610.42928695679,unchanged
1789326376.0084093,1789326376.0535753,45.166015625,private:getpermissions,200,71610.42928695679,unchanged
1789326405.9695663,1789326406.3891327,419.56639289855957,public:getticker,200,102008.16082954407,ok
1789326406.3891554,1789326406.4513042,62.1488094329834,private:getpermissions,200,102008.16082954407,ok
1789326435.9703882,1789326436.0097668,39.37864303588867,public:getticker,200,131649.81651306152,unchanged
1789326436.049841,1789326436.092961,43.12014579772949,private:getpermissions,200,131649.81651306152,unchanged
1789326465.971051,1789326466.045132,74.0809440612793,public:getticker,200,44928.91788482666,ok
1789326466.045149,1789326466.0852683,40.119171142578125,private:getpermissions,200,44928.91788482666,ok
1789326495.9713576,1789326496.0128834,41.525840759277344,public:getticker,200,74908.49900245667,unchanged
1789326496.0129004,1789326496.0648482,51.947832107543945,private:getpermissions,200,74908.49900245667,unchanged
1789326525.9721742,1789326526.0068834,34.70921516418457,public:getticker,200,104896.02160453796,ok
1789326526.0069017,1789326526.052372,45.470237731933594,private:getpermissions,200,104896.02160453796,ok
1789326586.3735719,1789326586.4543836,80.81173896789551,public:getticker,200,165360.9697818756,unchanged
1789326586.4544055,1789326586.517313,62.90745735168457,private:getpermissions,200,165360.9697818756,unchanged
1789326616.3745897,1789326616.4214423,46.85258865356445,public:getticker,200,195314.19825553894,unchanged
1789326616.4214706,1789326616.4705436,49.072980880737305,private:getpermissions,200,195314.19825553894,unchanged
1789326646.3746955,1789326646.4239178,49.22223091125488,public:getticker,200,5112.579822540283,ok
1789326646.4239316,1789326646.4825766,58.645009994506836,private:getpermissions,200,5112.579822540283,ok
1789326676.3758345,1789326676.4392195,63.385009765625,public:getticker,200,35128.97205352783,unchanged
1789326676.4392347,1789326676.4989681,59.73339080810547,private:getpermissions,200,35128.97205352783,unchanged
1789326706.3765204,1789326706.488016,111.4954948425293,public:getticker,200,5143.056631088257,ok
1789326706.488032,1789326706.5405562,52.52408981323242,private:getpermissions,200,5143.056631088257,ok
1789326736.3775346,1789326736.4282882,50.75359344482422,public:getticker,200,35112.48469352722,unchanged
1789326736.4283051,1789326736.5099835,81.67839050292969,private:getpermissions,200,35112.48469352722,unchanged
1789326766.3782578,1789326766.422303,44.045209884643555,public:getticker,200,5203.798055648804,ok
1789326766.4223177,1789326766.524357,102.03933715820312,private:getpermissions,200,5203.798055648804,ok
1789326796.3787088,1789326796.4191403,40.43149948120117,public:getticker,200,35147.0251083374,unchanged
1789326796.4191544,1789326796.4675832,48.42877388000488,private:getpermissions,200,35147.0251083374,unchanged
1789326826.3797438,1789326826.4207463,41.002511978149414,public:getticker,200,5363.372564315796,ok
1789326826.4207616,1789326826.4648917,44.13008689880371,private:getpermissions,200,5363.372564315796,ok
1789326856.3799586,1789326856.4197316,39.772987365722656,public:getticker,200,35359.68780517578,unchanged
1789326856.4197485,1789326856.4612067,41.4581298828125,private:getpermissions,200,35359.68780517578,unchanged
1789326886.3810487,1789326886.431898,50.84943771362305,public:getticker,200,4672.09792137146,ok
1789326886.4319127,1789326886.487534,55.62138557434082,private:getpermissions,200,4672.09792137146,ok
1789326916.3821757,1789326916.423861,41.68534278869629,public:getticker,200,34669.32415962219,unchanged
1789326916.4238777,1789326916.4847605,60.8828067779541,private:getpermissions,200,34669.32415962219,unchanged
1789326946.3828003,1789326946.4205067,37.70637512207031,public:getticker,200,3125.3228187561035,ok
1789326946.4205215,1789326946.4701242,49.60274696350098,private:getpermissions,200,3125.3228187561035,ok
1789326976.3834474,1789326976.458719,75.2716064453125,public:getticker,200,33417.532444000244,unchanged
1789326976.45874,1789326976.7623327,303.5926818847656,private:getpermissions,200,33417.532444000244,unchanged
1789327006.3844137,1789327006.407888,23.47421646118164,public:getticker,200,3048.4580993652344,ok
1789327006.4079022,1789327006.454499,46.59676551818848,private:getpermissions,200,3048.4580993652344,ok
1789327036.3849523,1789327036.436476,51.523685455322266,public:getticker,200,33086.825370788574,unchanged
1789327036.4364913,1789327036.4928658,56.374549865722656,private:getpermissions,200,33086.825370788574,unchanged
1789327066.3860283,1789327066.4059763,19.94800567626953,public:getticker,200,3135.8730792999268,ok
1789327066.4059904,1789327066.4487982,42.807817459106445,private:getpermissions,200,3135.8730792999268,ok
1789327096.387059,1789327096.4263933,39.33429718017578,public:getticker,200,33180.9401512146,unchanged
1789327096.4264083,1789327096.4938653,67.45696067810059,private:getpermissions,200,33180.9401512146,unchanged
1789327126.3877747,1789327126.4361513,48.37656021118164,public:getticker,200,2736.2725734710693,ok
1789327126.4361682,1789327126.4864862,50.318002700805664,private:getpermissions,200,2736.2725734710693,ok
1789327156.3889842,1789327156.43973,50.74572563171387,public:getticker,200,32758.06760787964,unchanged
1789327156.4397473,1789327156.5082788,68.53151321411133,private:getpermissions,200,32758.06760787964,unchanged
1789327186.3892524,1789327186.4275725,38.320064544677734,public:getticker,200,2594.156503677368,ok
1789327186.4275892,1789327186.4745948,47.005653381347656,private:getpermissions,200,2594.156503677368,ok
1789327216.3903728,1789327216.441258,50.88520050048828,public:getticker,200,32613.922834396362,unchanged
1789327216.4412744,1789327216.4943602,53.0858039855957,private:getpermissions,200,32613.922834396362,unchanged
1789327246.3909955,1789327246.4103482,19.35267448425293,public:getticker,200,2865.565538406372,ok
1789327246.410362,1789327246.4651177,54.75568771362305,private:getpermissions,200,2865.565538406372,ok
1789327276.3920772,1789327276.4178548,25.777578353881836,public:getticker,200,32874.97162818909,unchanged
1789327276.417869,1789327276.4745235,56.65445327758789,private:getpermissions,200,32874.97162818909,unchanged
1789327306.3924665,1789327306.4309738,38.50722312927246,public:getticker,200,2735.264301300049,ok
1789327306.4309916,1789327306.4830463,52.054643630981445,private:getpermissions,200,2735.264301300049,ok
1789327336.3930194,1789327336.4365718,43.552398681640625,public:getticker,200,32741.678953170776,unchanged
1789327336.436588,1789327336.489461,52.87289619445801,private:getpermissions,200,32741.678953170776,unchanged
1789327366.3934562,1789327366.426345,32.88888931274414,public:getticker,200,2660.9127521514893,ok
1789327366.4263613,1789327366.4663541,39.9928092956543,private:getpermissions,200,2660.9127521514893,ok
1789327396.3945763,1789327396.4212687,26.69239044189453,public:getticker,200,32659.744024276733,unchanged
1789327396.4212832,1789327396.4651859,43.90263557434082,private:getpermissions,200,32659.744024276733,unchanged
1789327426.3955524,1789327426.4153113,19.758939743041992,public:getticker,200,2768.895149230957,ok
1789327426.415326,1789327426.4748292,59.50307846069336,private:getpermissions,200,2768.895149230957,ok
1789327456.3963532,1789327456.4194076,23.05436134338379,public:getticker,200,32763.972997665405,unchanged
1789327456.4194233,1789327456.4699047,50.481319427490234,private:getpermissions,200,32763.972997665405,unchanged
1789327486.3970683,1789327486.4273052,30.23695945739746,public:getticker,200,1553.4334182739258,ok
1789327486.4273202,1789327486.4737494,46.42915725708008,private:getpermissions,200,1553.4334182739258,ok
1789327516.3977907,1789327516.4556189,57.82818794250488,public:getticker,200,31580.424070358276,unchanged
1789327516.4556353,1789327516.5007408,45.1054573059082,private:getpermissions,200,31580.424070358276,unchanged
1789327546.398554,1789327546.4208798,22.325754165649414,public:getticker,200,1257.6985359191895,ok
1789327546.4208944,1789327546.4671164,46.22197151184082,private:getpermissions,200,1257.6985359191895,ok
1789327576.3992844,1789327576.4400146,40.73023796081543,public:getticker,200,31287.372589111328,unchanged
1789327576.440031,1789327576.4967864,56.75530433654785,private:getpermissions,200,31287.372589111328,unchanged
1789327606.3995097,1789327606.4400196,40.509939193725586,public:getticker,200,1485.4836463928223,ok
1789327606.4400334,1789327606.6727302,232.6967716217041,private:getpermissions,200,1485.4836463928223,ok
1789327636.4006922,1789327636.4444332,43.74098777770996,public:getticker,200,31301.074028015137,unchanged
1789327636.44445,1789327636.488323,43.87307167053223,private:getpermissions,200,31301.074028015137,unchanged
1789327666.4013526,1789327666.4222517,20.899057388305664,public:getticker,200,1564.4726753234863,ok
1789327666.4222655,1789327666.4903018,68.03631782531738,private:getpermissions,200,1564.4726753234863,ok
1789327696.4015763,1789327696.422054,20.477771759033203,public:getticker,200,31542.93918609619,unchanged
1789327696.4220672,1789327696.4687698,46.70262336730957,private:getpermissions,200,31542.93918609619,unchanged
1789327726.402678,1789327726.4423742,39.69621658325195,public:getticker,200,1198.2319355010986,ok
1789327726.4423892,1789327726.5158837,73.49443435668945,private:getpermissions,200,1198.2319355010986,ok
1789327756.4035964,1789327756.429321,25.72464942932129,public:getticker,200,31161.778450012207,unchanged
1789327756.429337,1789327756.4794307,50.093650817871094,private:getpermissions,200,31161.778450012207,unchanged
1789327786.404095,1789327786.4576821,53.58719825744629,public:getticker,200,421.72813415527344,ok
1789327786.4576967,1789327786.5034227,45.72606086730957,private:getpermissions,200,421.72813415527344,ok
1789327816.4046352,1789327816.451919,47.28388786315918,public:getticker,200,30471.951246261597,unchanged
1789327816.4519389,1789327816.553638,101.6991138458252,private:getpermissions,200,30471.951246261597,unchanged
1789327846.4051936,1789327846.4661717,60.97817420959473,public:getticker,200,555.7618141174316,ok
1789327846.4661877,1789327846.5326746,66.48683547973633,private:getpermissions,200,555.7618141174316,ok
1789327876.4061568,1789327876.4516861,45.52936553955078,public:getticker,200,30549.569368362427,unchanged
1789327876.451702,1789327876.5264833,74.78117942810059,private:getpermissions,200,30549.569368362427,unchanged
1789327906.406931,1789327906.8077412,400.81024169921875,public:getticker,200,478.08218002319336,ok
1789327906.807761,1789327907.0201712,212.41021156311035,private:getpermissions,200,478.08218002319336,ok
1789327936.4077828,1789327936.449242,41.45932197570801,public:getticker,200,29953.718900680542,unchanged
1789327936.4492617,1789327936.4958053,46.54359817504883,private:getpermissions,200,29953.718900680542,unchanged
1789327966.4088922,1789327966.4598749,50.98271369934082,public:getticker,200,60026.32141113281,unchanged
1789327966.4598906,1789327966.5684106,108.5200309753418,private:getpermissions,200,60026.32141113281,unchanged
1789327996.4093742,1789327996.4511545,41.78023338317871,public:getticker,200,29908.37597846985,ok
1789327996.4511693,1789327996.518654,67.48485565185547,private:getpermissions,200,29908.37597846985,ok
1789328026.410027,1789328026.449824,39.797067642211914,public:getticker,200,59887.79377937317,unchanged
1789328026.4498398,1789328026.4980724,48.2325553894043,private:getpermissions,200,59887.79377937317,unchanged
1789328056.4106407,1789328056.4491992,38.5584831237793,public:getticker,200,30235.39924621582,ok
1789328056.4492145,1789328056.4945345,45.32003402709961,private:getpermissions,200,30235.39924621582,ok
1789328086.410891,1789328086.4510708,40.17972946166992,public:getticker,200,60243.23606491089,unchanged
1789328086.4510856,1789328086.5023713,51.285743713378906,private:getpermissions,200,60243.23606491089,unchanged
1789328116.4117532,1789328116.450975,39.221763610839844,public:getticker,200,29934.950590133667,ok
1789328116.4509916,1789328116.5034013,52.40964889526367,private:getpermissions,200,29934.950590133667,ok
1789328146.4129562,1789328146.456771,43.814659118652344,public:getticker,200,375.67138671875,ok
1789328146.4567857,1789328146.7583556,301.56993865966797,private:getpermissions,200,375.67138671875,ok
1789328176.4131958,1789328176.4541917,40.99583625793457,public:getticker,200,30118.889808654785,unchanged
1789328176.4542086,1789328176.5015755,47.36685752868652,private:getpermissions,200,30118.889808654785,unchanged
1789328206.4134214,1789328206.460619,47.197580337524414,public:getticker,200,52.602529525756836,ok
1789328206.4606345,1789328206.5253725,64.73803520202637,private:getpermissions,200,52.602529525756836,ok
1789328236.4136624,1789328236.4580486,44.38614845275879,public:getticker,200,30037.2531414032,unchanged
1789328236.458062,1789328236.5100234,51.961421966552734,private:getpermissions,200,30037.2531414032,unchanged
1789328266.4138863,1789328266.459681,45.79472541809082,public:getticker,200,60031.03804588318,unchanged
1789328266.459695,1789328266.5038083,44.1131591796875,private:getpermissions,200,60031.03804588318,unchanged
1789328296.414155,1789328296.4938524,79.6973705291748,public:getticker,200,29059.370279312134,ok
1789328296.4938672,1789328296.5689988,75.13165473937988,private:getpermissions,200,29059.370279312134,ok
1789328326.4146156,1789328326.452561,37.94527053833008,public:getticker,200,59003.37314605713,unchanged
1789328326.4525764,1789328326.513001,60.4245662689209,private:getpermissions,200,59003.37314605713,unchanged
1789328356.4148486,1789328356.455119,40.270328521728516,public:getticker,200,29145.989656448364,ok
1789328356.455132,1789328356.4990478,43.915748596191406,private:getpermissions,200,29145.989656448364,ok
1789328386.4150705,1789328386.4809802,65.90962409973145,public:getticker,200,59175.11200904846,unchanged
1789328386.480996,1789328386.5281687,47.17278480529785,private:getpermissions,200,59175.11200904846,unchanged
1789328416.4153366,1789328416.4529865,37.64986991882324,public:getticker,200,28637.73274421692,ok
1789328416.4530008,1789328416.4971101,44.109344482421875,private:getpermissions,200,28637.73274421692,ok
1789328446.4163525,1789328446.5175087,101.15623474121094,public:getticker,200,58716.710329055786,unchanged
1789328446.517524,1789328446.5760877,58.5637092590332,private:getpermissions,200,58716.710329055786,unchanged
1789328476.4166107,1789328476.444925,28.31435203552246,public:getticker,200,27780.380964279175,ok
1789328476.4449396,1789328476.4965587,51.61905288696289,private:getpermissions,200,27780.380964279175,ok
1789328506.4177554,1789328506.4414768,23.72145652770996,public:getticker,200,57768.1245803833,unchanged
1789328506.4414914,1789328506.484302,42.810678482055664,private:getpermissions,200,57768.1245803833,unchanged
1789328536.4179816,1789328536.4425535,24.571895599365234,public:getticker,200,27911.409854888916,ok
1789328536.4425664,1789328536.5002244,57.65795707702637,private:getpermissions,200,27911.409854888916,ok
1789328566.4182231,1789328566.4586043,40.38119316101074,public:getticker,200,57915.90762138367,unchanged
1789328566.4586174,1789328566.5047214,46.10395431518555,private:getpermissions,200,57915.90762138367,unchanged
1789328596.418463,1789328596.459232,40.769100189208984,public:getticker,200,27849.245309829712,ok
1789328596.4592474,1789328596.5194917,60.24432182312012,private:getpermissions,200,27849.245309829712,ok
1789328626.419442,1789328626.4407063,21.264314651489258,public:getticker,200,-2675.647735595703,ok
1789328626.4407203,1789328626.4946835,53.96318435668945,private:getpermissions,200,-2675.647735595703,ok
1789328656.4196649,1789328656.4577432,38.07830810546875,public:getticker,200,27352.03719139099,unchanged
1789328656.4577577,1789328656.5223682,64.61048126220703,private:getpermissions,200,27352.03719139099,unchanged
1789328686.4199278,1789328686.4603167,40.38882255554199,public:getticker,200,57352.25057601929,unchanged
1789328686.4603298,1789328686.5225837,62.25395202636719,private:getpermissions,200,57352.25057601929,unchanged
1789328716.420154,1789328716.4406464,20.4923152923584,public:getticker,200,24519.56343650818,ok
1789328716.4406607,1789328716.5810235,140.36273956298828,private:getpermissions,200,24519.56343650818,ok
1789328746.4204013,1789328746.4662323,45.83096504211426,public:getticker,200,54467.8521156311,unchanged
1789328746.46626,1789328746.5293124,63.05241584777832,private:getpermissions,200,54467.8521156311,unchanged
1789328776.4215806,1789328776.4732804,51.69987678527832,public:getticker,200,24870.246171951294,ok
1789328776.4732952,1789328776.6286051,155.30991554260254,private:getpermissions,200,24870.246171951294,ok
1789328806.4218519,1789328806.4666655,44.81363296508789,public:getticker,200,54768.333435058594,unchanged
1789328806.4666793,1789328806.5266922,60.0128173828125,private:getpermissions,200,54768.333435058594,unchanged
1789328836.4221287,1789328836.4415884,19.45972442626953,public:getticker,200,24521.871328353882,ok
1789328836.4416027,1789328836.4898992,48.296451568603516,private:getpermissions,200,24521.871328353882,ok
1789328866.4223595,1789328866.4616253,39.26587104797363,public:getticker,200,54535.51959991455,unchanged
1789328866.4616396,1789328866.5035467,41.90707206726074,private:getpermissions,200,54535.51959991455,unchanged
1789328896.4226146,1789328896.4904234,67.80886650085449,public:getticker,200,24534.612894058228,ok
1789328896.4904377,1789328896.5428455,52.40774154663086,private:getpermissions,200,24534.612894058228,ok
1789328926.4237134,1789328926.486821,63.10749053955078,public:getticker,200,54816.04480743408,unchanged
1789328926.4868383,1789328926.8242757,337.43739128112793,private:getpermissions,200,54816.04480743408,unchanged
1789328956.4245296,1789328956.462737,38.2075309753418,public:getticker,200,23647.4928855896,ok
1789328956.4627512,1789328956.5201383,57.38711357116699,private:getpermissions,200,23647.4928855896,ok
1789328986.4247923,1789328986.444966,20.17378807067871,public:getticker,200,53647.605657577515,unchanged
1789328986.444979,1789328986.5202508,75.2718448638916,private:getpermissions,200,53647.605657577515,unchanged
1789329016.4250486,1789329016.7439299,318.8812732696533,public:getticker,200,23032.95111656189,ok
1789329016.7439451,1789329016.792373,48.42782020568848,private:getpermissions,200,23032.95111656189,ok
1789329046.4252708,1789329046.459022,33.75124931335449,public:getticker,200,52768.69535446167,unchanged
1789329046.4590352,1789329046.5281167,69.08154487609863,private:getpermissions,200,52768.69535446167,unchanged
1789329076.4256208,1789329076.489055,63.43412399291992,public:getticker,200,21472.185850143433,ok
1789329076.4890695,1789329076.5383854,49.3159294128418,private:getpermissions,200,21472.185850143433,ok
1789329106.4263456,1789329106.4771788,50.83322525024414,public:getticker,200,51476.642370224,unchanged
1789329106.4771972,1789329106.5428426,65.64545631408691,private:getpermissions,200,51476.642370224,unchanged
1789329136.4269547,1789329136.4477603,20.80559730529785,public:getticker,200,18864.718198776245,ok
1789329136.4477794,1789329136.5026455,54.86607551574707,private:getpermissions,200,18864.718198776245,ok
1789329166.4274118,1789329166.4820042,54.59237098693848,public:getticker,200,48909.544706344604,unchanged
1789329166.482018,1789329166.5474734,65.45543670654297,private:getpermissions,200,48909.544706344604,unchanged
1789329196.4278142,1789329196.492661,64.84675407409668,public:getticker,200,19172.83844947815,ok
1789329196.4926775,1789329196.5569413,64.26382064819336,private:getpermissions,200,19172.83844947815,ok
1789329226.4280958,1789329226.4689715,40.87567329406738,public:getticker,200,49133.93425941467,unchanged
1789329226.4689865,1789329226.5180387,49.05223846435547,private:getpermissions,200,49133.93425941467,unchanged
1789329256.4285808,1789329256.4909406,62.35980987548828,public:getticker,200,18268.701314926147,ok
1789329256.4909558,1789329256.551632,60.67609786987305,private:getpermissions,200,18268.701314926147,ok
1789329286.428868,1789329286.4515238,22.655725479125977,public:getticker,200,48232.277393341064,unchanged
1789329286.4515367,1789329286.5152078,63.671112060546875,private:getpermissions,200,48232.277393341064,unchanged
1789329316.4300077,1789329316.4774094,47.40166664123535,public:getticker,200,17996.349573135376,ok
1789329316.4774246,1789329316.5699575,92.53287315368652,private:getpermissions,200,17996.349573135376,ok
1789329346.4310753,1789329346.4614282,30.35283088684082,public:getticker,200,47935.9610080719,unchanged
1789329346.461449,1789329346.509568,48.11906814575195,private:getpermissions,200,47935.9610080719,unchanged
1789329376.431982,1789329376.4732656,41.283607482910156,public:getticker,200,18221.399068832397,ok
1789329376.473281,1789329376.5287783,55.49740791320801,private:getpermissions,200,18221.399068832397,ok
1789329406.4331048,1789329406.4730964,39.99161720275879,public:getticker,200,48212.9180431366,unchanged
1789329406.4731233,1789329406.520297,47.17373847961426,private:getpermissions,200,48212.9180431366,unchanged
1789329436.433974,1789329436.4753723,41.39828681945801,public:getticker,200,17861.81640625,ok
1789329436.4753885,1789329436.5199456,44.55709457397461,private:getpermissions,200,17861.81640625,ok
1789329466.434223,1789329466.7450993,310.87636947631836,public:getticker,200,48141.29877090454,unchanged
1789329466.7451153,1789329466.799429,54.31365966796875,private:getpermissions,200,48141.29877090454,unchanged
1789329496.4344668,1789329496.4573941,22.927284240722656,public:getticker,200,17906.018495559692,ok
1789329496.4574082,1789329496.504486,47.07789421081543,private:getpermissions,200,17906.018495559692,ok
1789329526.4349818,1789329526.5273752,92.39339828491211,public:getticker,200,48001.27100944519,unchanged
1789329526.5273907,1789329526.5997493,72.35860824584961,private:getpermissions,200,48001.27100944519,unchanged
1789329556.435203,1789329556.4917183,56.51521682739258,public:getticker,200,17615.49687385559,ok
1789329556.4917338,1789329556.5360665,44.33274269104004,private:getpermissions,200,17615.49687385559,ok
1789329586.4361544,1789329586.4852333,49.078941345214844,public:getticker,200,47614.28928375244,unchanged
1789329586.48525,1789329586.5348585,49.608469009399414,private:getpermissions,200,47614.28928375244,unchanged
1789329616.4363904,1789329616.4734738,37.08338737487793,public:getticker,200,17352.55742073059,ok
1789329616.4734876,1789329616.517193,43.70546340942383,private:getpermissions,200,17352.55742073059,ok
1789329646.436641,1789329646.5098886,73.24767112731934,public:getticker,200,47390.8007144928,unchanged
1789329646.5099053,1789329646.5554345,45.52912712097168,private:getpermissions,200,47390.8007144928,unchanged
1789329676.4368842,1789329676.4928832,55.999040603637695,public:getticker,200,17540.608644485474,ok
1789329676.4928987,1789329676.552885,59.98635292053223,private:getpermissions,200,17540.608644485474,ok
1789329706.4381206,1789329706.4803576,42.237043380737305,public:getticker,200,47523.98610115051,unchanged
1789329706.4803722,1789329706.5362625,55.89032173156738,private:getpermissions,200,47523.98610115051,unchanged
1789329736.4385831,1789329736.4860132,47.43003845214844,public:getticker,200,16879.903316497803,ok
1789329736.4860296,1789329736.5426016,56.57196044921875,private:getpermissions,200,16879.903316497803,ok
1789329766.4388323,1789329766.4591346,20.302295684814453,public:getticker,200,46840.388774871826,unchanged
1789329766.4591477,1789329766.5030887,43.94102096557617,private:getpermissions,200,46840.388774871826,unchanged
1789329796.439898,1789329796.4862502,46.35214805603027,public:getticker,200,17358.63208770752,ok
1789329796.4862676,1789329796.5533175,67.04998016357422,private:getpermissions,200,17358.63208770752,ok
1789329826.4410384,1789329826.46754,26.50165557861328,public:getticker,200,47327.51131057739,unchanged
1789329826.4675543,1789329826.5221975,54.64315414428711,private:getpermissions,200,47327.51131057739,unchanged
1789329856.4412487,1789329856.4642067,22.958040237426758,public:getticker,200,17059.14044380188,ok
1789329856.4642193,1789329856.5346506,70.43123245239258,private:getpermissions,200,17059.14044380188,ok
1789329886.442389,1789329886.4972382,54.84914779663086,public:getticker,200,47092.79799461365,unchanged
1789329886.4972565,1789329886.5683072,71.05064392089844,private:getpermissions,200,47092.79799461365,unchanged
1789329916.443103,1789329916.5362432,93.1401252746582,public:getticker,200,15858.638525009155,ok
1789329916.536258,1789329916.6105833,74.3253231048584,private:getpermissions,200,15858.638525009155,ok
1789329946.4433234,1789329946.4829464,39.62302207946777,public:getticker,200,45792.80376434326,unchanged
1789329946.48296,1789329946.5447493,61.78927421569824,private:getpermissions,200,45792.80376434326,unchanged
1789329976.4435499,1789329976.487067,43.517112731933594,public:getticker,200,15378.775119781494,ok
1789329976.4870808,1789329976.5449665,57.88564682006836,private:getpermissions,200,15378.775119781494,ok
1789330006.4439726,1789330006.5016906,57.71803855895996,public:getticker,200,45396.050214767456,unchanged
1789330006.5017061,1789330006.5622413,60.53519248962402,private:getpermissions,200,45396.050214767456,unchanged
1789330036.4442427,1789330036.4987528,54.51011657714844,public:getticker,200,15246.129751205444,ok
1789330036.4987671,1789330036.5618389,63.07172775268555,private:getpermissions,200,15246.129751205444,ok
1789330066.4444683,1789330066.4903252,45.85695266723633,public:getticker,200,45219.932317733765,unchanged
1789330066.4903407,1789330066.5356407,45.30000686645508,private:getpermissions,200,45219.932317733765,unchanged
1789330096.4448817,1789330096.4899104,45.0286865234375,public:getticker,200,14763.605117797852,ok
1789330096.4899254,1789330096.5543404,64.41497802734375,private:getpermissions,200,14763.605117797852,ok
1789330126.4451044,1789330126.5105083,65.40393829345703,public:getticker,200,44767.452239990234,unchanged
1789330126.5105224,1789330126.558188,47.66559600830078,private:getpermissions,200,44767.452239990234,unchanged
1789330156.4460828,1789330156.487767,41.68415069580078,public:getticker,200,13400.614023208618,ok
1789330156.4877825,1789330156.5483158,60.53328514099121,private:getpermissions,200,13400.614023208618,ok
1789330186.446342,1789330186.4677272,21.38519287109375,public:getticker,200,43377.646923065186,unchanged
1789330186.4677444,1789330186.5253482,57.60383605957031,private:getpermissions,200,43377.646923065186,unchanged
1789330216.446608,1789330216.4668722,20.264148712158203,public:getticker,200,12183.95733833313,ok
1789330216.4668868,1789330216.528232,61.34533882141113,private:getpermissions,200,12183.95733833313,ok
1789330246.4469206,1789330246.4925706,45.65000534057617,public:getticker,200,42222.95427322388,unchanged
1789330246.492586,1789330246.5672286,74.64265823364258,private:getpermissions,200,42222.95427322388,unchanged
1789330276.4472742,1789330276.4756272,28.352975845336914,public:getticker,200,11536.751747131348,ok
1789330276.475643,1789330276.5603995,84.75661277770996,private:getpermissions,200,11536.751747131348,ok
1789330306.4484198,1789330306.4690716,20.651817321777344,public:getticker,200,41495.98956108093,unchanged
1789330306.469087,1789330306.519637,50.550222396850586,private:getpermissions,200,41495.98956108093,unchanged
1789330336.448741,1789330336.471105,22.364139556884766,public:getticker,200,10816.354274749756,ok
1789330336.4711246,1789330336.530869,59.74435806274414,private:getpermissions,200,10816.354274749756,ok
1789330366.4494398,1789330366.4870396,37.599802017211914,public:getticker,200,40835.71767807007,unchanged
1789330366.487055,1789330366.5502312,63.17615509033203,private:getpermissions,200,40835.71767807007,unchanged
1789330396.4498782,1789330396.4704995,20.621299743652344,public:getticker,200,10995.609760284424,ok
1789330396.4705157,1789330396.5285492,58.03346633911133,private:getpermissions,200,10995.609760284424,ok
1789330426.450363,1789330426.49344,43.07699203491211,public:getticker,200,41051.94449424744,unchanged
1789330426.4934597,1789330426.5848835,91.42374992370605,private:getpermissions,200,41051.94449424744,unchanged
1789330456.451153,1789330456.471798,20.6449031829834,public:getticker,200,11004.518985748291,ok
1789330456.4718258,1789330456.524114,52.288055419921875,private:getpermissions,200,11004.518985748291,ok
1789330486.451664,1789330486.4942715,42.60754585266113,public:getticker,200,41023.21362495422,unchanged
1789330486.4942868,1789330486.5428092,48.5224723815918,private:getpermissions,200,41023.21362495422,unchanged
1789330516.4522145,1789330516.49406,41.84556007385254,public:getticker,200,8130.704879760742,ok
1789330516.494074,1789330516.546422,52.34789848327637,private:getpermissions,200,8130.704879760742,ok
1789330546.4533277,1789330546.529587,76.25937461853027,public:getticker,200,38203.28187942505,unchanged
1789330546.529611,1789330546.6189992,89.38813209533691,private:getpermissions,200,38203.28187942505,unchanged
1789330576.4530501,1789330576.497592,44.54183578491211,public:getticker,200,8019.531488418579,ok
1789330576.4976065,1789330576.5438428,46.236276626586914,private:getpermissions,200,8019.531488418579,ok
1789330606.45353,1789330606.509063,55.53293228149414,public:getticker,200,38058.59160423279,unchanged
1789330606.509078,1789330606.5829031,73.82512092590332,private:getpermissions,200,38058.59160423279,unchanged
1789330636.4541485,1789330636.506859,52.710533142089844,public:getticker,200,7908.859729766846,ok
1789330636.506874,1789330636.5615747,54.700613021850586,private:getpermissions,200,7908.859729766846,ok
1789330666.4546583,1789330666.4851553,30.497074127197266,public:getticker,200,37887.22801208496,unchanged
1789330666.4851713,1789330666.5399425,54.77118492126465,private:getpermissions,200,37887.22801208496,unchanged
1789330696.4548836,1789330696.5108259,55.94229698181152,public:getticker,200,7905.909061431885,ok
1789330696.5108411,1789330696.583598,72.75676727294922,private:getpermissions,200,7905.909061431885,ok
1789330726.4550915,1789330726.479618,24.526596069335938,public:getticker,200,37862.6823425293,unchanged
1789330726.4796338,1789330726.5403695,60.73570251464844,private:getpermissions,200,37862.6823425293,unchanged
1789330756.45533,1789330756.511583,56.25319480895996,public:getticker,200,8027.610301971436,ok
1789330756.5115998,1789330756.601296,89.69616889953613,private:getpermissions,200,8027.610301971436,ok
1789330786.4560266,1789330786.4758766,19.85001564025879,public:getticker,200,37950.37913322449,unchanged
1789330786.475892,1789330786.5240636,48.1715202331543,private:getpermissions,200,37950.37913322449,unchanged
1789330816.4562607,1789330816.5024261,46.16546630859375,public:getticker,200,7538.857221603394,ok
1789330816.50244,1789330816.557083,54.64291572570801,private:getpermissions,200,7538.857221603394,ok
1789330846.4588516,1789330846.5683632,109.5116138458252,public:getticker,200,37598.95873069763,unchanged
1789330846.5683782,1789330846.6171844,48.806190490722656,private:getpermissions,200,37598.95873069763,unchanged
1789330876.4593961,1789330876.5049477,45.55153846740723,public:getticker,200,7479.132175445557,ok
1789330876.5049622,1789330876.5520933,47.13106155395508,private:getpermissions,200,7479.132175445557,ok
1789330906.4596334,1789330906.480701,21.06761932373047,public:getticker,200,37483.99066925049,unchanged
1789330906.4807146,1789330906.5569515,76.23696327209473,private:getpermissions,200,37483.99066925049,unchanged
1789330936.4598763,1789330936.5025818,42.705535888671875,public:getticker,200,6263.105392456055,ok
1789330936.5026,1789330936.547462,44.86203193664551,private:getpermissions,200,6263.105392456055,ok
1789330966.4602065,1789330966.505608,45.401573181152344,public:getticker,200,36347.36680984497,unchanged
1789330966.5056252,1789330966.631724,126.0988712310791,private:getpermissions,200,36347.36680984497,unchanged
1789330996.4604425,1789330996.5114782,51.03564262390137,public:getticker,200,6487.7636432647705,ok
1789330996.511493,1789330996.587047,75.55413246154785,private:getpermissions,200,6487.7636432647705,ok
1789331026.4606879,1789331026.4803872,19.6993350982666,public:getticker,200,36437.27779388428,unchanged
1789331026.4803998,1789331026.5365613,56.16140365600586,private:getpermissions,200,36437.27779388428,unchanged
1789331056.4616716,1789331056.5490565,87.38493919372559,public:getticker,200,5108.827114105225,ok
1789331056.5490713,1789331056.6135457,64.47434425354004,private:getpermissions,200,5108.827114105225,ok
1789331086.4623644,1789331086.502005,39.64066505432129,public:getticker,200,35041.58592224121,unchanged
1789331086.5020213,1789331086.5463045,44.283151626586914,private:getpermissions,200,35041.58592224121,unchanged
1789331116.462616,1789331116.5150168,52.400827407836914,public:getticker,200,5121.973276138306,ok
1789331116.5150313,1789331116.561163,46.13161087036133,private:getpermissions,200,5121.973276138306,ok
1789331146.4628718,1789331146.4911845,28.31268310546875,public:getticker,200,35097.363233566284,unchanged
1789331146.4911985,1789331146.536552,45.35341262817383,private:getpermissions,200,35097.363233566284,unchanged
1789331176.463446,1789331176.4832761,19.83022689819336,public:getticker,200,3713.0777835845947,ok
1789331176.4832942,1789331176.5444345,61.14029884338379,private:getpermissions,200,3713.0777835845947,ok
1789331206.4636807,1789331206.5070865,43.405771255493164,public:getticker,200,33722.686767578125,unchanged
1789331206.5071003,1789331206.5540447,46.944379806518555,private:getpermissions,200,33722.686767578125,unchanged
1789331236.4639235,1789331236.494188,30.264616012573242,public:getticker,200,3758.1887245178223,ok
1789331236.4942024,1789331236.5579724,63.77005577087402,private:getpermissions,200,3758.1887245178223,ok
1789331266.4647424,1789331266.4878712,23.128747940063477,public:getticker,200,33740.578174591064,unchanged
1789331266.4878862,1789331266.5403612,52.4749755859375,private:getpermissions,200,33740.578174591064,unchanged
1789331296.4658937,1789331296.5066442,40.75050354003906,public:getticker,200,2037.0519161224365,ok
1789331296.506659,1789331296.56689,60.23097038269043,private:getpermissions,200,2037.0519161224365,ok
1789331326.4661562,1789331326.5076642,41.50795936584473,public:getticker,200,32123.71850013733,unchanged
1789331326.5076807,1789331326.653556,145.8754539489746,private:getpermissions,200,32123.71850013733,unchanged
1789331356.4663925,1789331356.5311136,64.72110748291016,public:getticker,200,1814.727783203125,ok
1789331356.5311275,1789331356.5858853,54.75783348083496,private:getpermissions,200,1814.727783203125,ok
1789331386.4666672,1789331386.510159,43.49184036254883,public:getticker,200,31792.960166931152,unchanged
1789331386.510174,1789331386.564116,53.941965103149414,private:getpermissions,200,31792.960166931152,unchanged
1789331416.466927,1789331416.5068386,39.911508560180664,public:getticker,200,737.4927997589111,ok
1789331416.506852,1789331416.564134,57.2819709777832,private:getpermissions,200,737.4927997589111,ok
1789331446.4677134,1789331446.5051904,37.47701644897461,public:getticker,200,30734.48157310486,unchanged
1789331446.5052154,1789331446.56112,55.90462684631348,private:getpermissions,200,30734.48157310486,unchanged
1789331476.467935,1789331476.4911728,23.23770523071289,public:getticker,200,272.84860610961914,ok
1789331476.491186,1789331476.5395026,48.31671714782715,private:getpermissions,200,272.84860610961914,ok
1789331506.4681756,1789331506.5139894,45.813798904418945,public:getticker,200,30293.16735267639,unchanged
1789331506.514002,1789331506.5598211,45.81904411315918,private:getpermissions,200,30293.16735267639,unchanged
1789331536.4685194,1789331536.4893312,20.811796188354492,public:getticker,200,60280.561447143555,unchanged
1789331536.4893446,1789331536.5472138,57.86919593811035,private:getpermissions,200,60280.561447143555,unchanged
1789331566.4687781,1789331566.5090601,40.28201103210449,public:getticker,200,29398.64182472229,ok
1789331566.5090747,1789331566.5715804,62.50572204589844,private:getpermissions,200,29398.64182472229,ok
1789331596.4691224,1789331596.5202448,51.122426986694336,public:getticker,200,59398.4956741333,unchanged
1789331596.52026,1789331596.5714347,51.17464065551758,private:getpermissions,200,59398.4956741333,unchanged
1789331626.4696202,1789331626.5291886,59.56840515136719,public:getticker,200,28745.71204185486,ok
1789331626.529205,1789331626.577569,48.36392402648926,private:getpermissions,200,28745.71204185486,ok
1789331656.4701052,1789331656.574772,104.66670989990234,public:getticker,200,58801.87201499939,unchanged
1789331656.574788,1789331656.6337292,58.94112586975098,private:getpermissions,200,58801.87201499939,unchanged
1789331686.470593,1789331686.5195525,48.95949363708496,public:getticker,200,28763.44895362854,ok
1789331686.519568,1789331686.5649397,45.37177085876465,private:getpermissions,200,28763.44895362854,ok
1789331716.4711282,1789331716.4998279,28.699636459350586,public:getticker,200,58746.087312698364,unchanged
1789331716.4998431,1789331716.5475788,47.73569107055664,private:getpermissions,200,58746.087312698364,unchanged
1789331746.4715211,1789331746.515133,43.611764907836914,public:getticker,200,28340.080499649048,ok
1789331746.51515,1789331746.5672395,52.08945274353027,private:getpermissions,200,28340.080499649048,ok
1789331776.4721339,1789331776.5064604,34.32655334472656,public:getticker,200,58339.53046798706,unchanged
1789331776.5064766,1789331776.5666938,60.21714210510254,private:getpermissions,200,58339.53046798706,unchanged
1789331806.4725292,1789331806.491694,19.1648006439209,public:getticker,200,28658.11562538147,ok
1789331806.4917097,1789331806.5342693,42.55962371826172,private:getpermissions,200,28658.11562538147,ok
1789331836.472813,1789331836.5141022,41.289329528808594,public:getticker,200,58698.12035560608,unchanged
1789331836.5141182,1789331836.574273,60.15491485595703,private:getpermissions,200,58698.12035560608,unchanged
1789331866.4733737,1789331866.5216472,48.273563385009766,public:getticker,200,28747.81608581543,ok
1789331866.521663,1789331866.5912714,69.60844993591309,private:getpermissions,200,28747.81608581543,ok
1789331896.4738111,1789331896.5176759,43.86472702026367,public:getticker,200,58731.13989830017,unchanged
1789331896.5176907,1789331896.574596,56.905269622802734,private:getpermissions,200,58731.13989830017,unchanged
1789331926.4740674,1789331926.5128343,38.76686096191406,public:getticker,200,28726.45378112793,ok
1789331926.5128484,1789331926.5579555,45.107126235961914,private:getpermissions,200,28726.45378112793,ok
1789331956.474938,1789331956.4949288,19.990921020507812,public:getticker,200,-1513.6675834655762,ok
1789331956.4949422,1789331956.5359735,41.0313606262207,private:getpermissions,200,-1513.6675834655762,ok
1789331986.4751735,1789331986.518735,43.561458587646484,public:getticker,200,28520.223379135132,unchanged
1789331986.5187497,1789331986.5698652,51.11551284790039,private:getpermissions,200,28520.223379135132,unchanged
1789332016.4753978,1789332016.5277228,52.32501029968262,public:getticker,200,58535.86792945862,unchanged
1789332016.5277364,1789332016.5855088,57.77239799499512,private:getpermissions,200,58535.86792945862,unchanged
1789332046.4760146,1789332046.5183134,42.29879379272461,public:getticker,200,27215.710163116455,ok
1789332046.5183287,1789332046.5690458,50.71711540222168,private:getpermissions,200,27215.710163116455,ok
1789332076.4772618,1789332076.519992,42.73033142089844,public:getticker,200,57226.92131996155,unchanged
1789332076.5200098,1789332076.5802572,60.24742126464844,private:getpermissions,200,57226.92131996155,unchanged
1789332106.4776196,1789332106.5233085,45.68886756896973,public:getticker,200,27241.04642868042,ok
1789332106.5233243,1789332106.594526,71.20180130004883,private:getpermissions,200,27241.04642868042,ok
1789332136.4780035,1789332136.5085318,30.52830696105957,public:getticker,200,57224.00712966919,unchanged
1789332136.5085478,1789332136.577487,68.939208984375,private:getpermissions,200,57224.00712966919,unchanged
1789332166.478552,1789332166.5251098,46.55766487121582,public:getticker,200,27188.01522254944,ok
1789332166.5251262,1789332166.5741382,49.011945724487305,private:getpermissions,200,27188.01522254944,ok
1789332196.4794865,1789332196.5456402,66.15376472473145,public:getticker,200,57212.604999542236,unchanged
1789332196.5456553,1789332196.5987275,53.072214126586914,private:getpermissions,200,57212.604999542236,unchanged
1789332226.480573,1789332226.519363,38.789987564086914,public:getticker,200,26865.517616271973,ok
1789332226.5193794,1789332226.5804067,61.02728843688965,private:getpermissions,200,26865.517616271973,ok
1789332256.4814715,1789332256.5463712,64.89968299865723,public:getticker,200,56879.045486450195,unchanged
1789332256.546387,1789332256.593936,47.54900932312012,private:getpermissions,200,56879.045486450195,unchanged
1789332286.4817739,1789332286.5232885,41.51463508605957,public:getticker,200,26917.08993911743,ok
1789332286.5233054,1789332286.570759,47.45364189147949,private:getpermissions,200,26917.08993911743,ok
1789332316.4823785,1789332316.505018,22.63951301574707,public:getticker,200,56929.06856536865,unchanged
1789332316.5050325,1789332316.5827377,77.70514488220215,private:getpermissions,200,56929.06856536865,unchanged
1789332346.4833372,1789332346.5039475,20.610332489013672,public:getticker,200,26577.48293876648,ok
1789332346.503962,1789332346.6290932,125.13113021850586,private:getpermissions,200,26577.48293876648,ok
1789332376.4844863,1789332376.5034149,18.92852783203125,public:getticker,200,56512.57276535034,unchanged
1789332376.50344,1789332376.5641828,60.742855072021484,private:getpermissions,200,56512.57276535034,unchanged
1789332406.4852653,1789332406.5295627,44.29745674133301,public:getticker,200,26716.904163360596,ok
1789332406.5295773,1789332406.5956848,66.10751152038574,private:getpermissions,200,26716.904163360596,ok
1789332436.4859169,1789332436.5311875,45.270681381225586,public:getticker,200,56720.1509475708,unchanged
1789332436.5312035,1789332436.5989304,67.72685050964355,private:getpermissions,200,56720.1509475708,unchanged
1789332466.4862678,1789332466.506859,20.591259002685547,public:getticker,200,25917.78564453125,ok
1789332466.506878,1789332466.5811076,74.22971725463867,private:getpermissions,200,25917.78564453125,ok
1789332496.486541,1789332496.633056,146.514892578125,public:getticker,200,56028.5918712616,unchanged
1789332496.6330726,1789332496.6919153,58.84265899658203,private:getpermissions,200,56028.5918712616,unchanged
1789332526.4877279,1789332526.5070715,19.34361457824707,public:getticker,200,26059.58390235901,ok
1789332526.5070858,1789332526.5662038,59.118032455444336,private:getpermissions,200,26059.58390235901,ok
1789332556.488197,1789332556.5330098,44.812679290771484,public:getticker,200,56083.39285850525,unchanged
1789332556.5330298,1789332556.5900116,56.981801986694336,private:getpermissions,200,56083.39285850525,unchanged
1789332586.4887724,1789332586.5087366,19.964218139648438,public:getticker,200,25863.60812187195,ok
1789332586.5087519,1789332586.5690794,60.32752990722656,private:getpermissions,200,25863.60812187195,ok
1789332616.4898062,1789332616.5570776,67.27147102355957,public:getticker,200,55932.356119155884,unchanged
1789332616.5570939,1789332616.6378272,80.7332992553711,private:getpermissions,200,55932.356119155884,unchanged
1789332646.4902596,1789332646.5290997,38.84005546569824,public:getticker,200,25658.96463394165,ok
1789332646.5291166,1789332646.5747402,45.6235408782959,private:getpermissions,200,25658.96463394165,ok
1789332676.4907064,1789332676.544428,53.72166633605957,public:getticker,200,55707.308769226074,unchanged
1789332676.5444427,1789332676.623085,78.64236831665039,private:getpermissions,200,55707.308769226074,unchanged
1789332706.4914424,1789332706.5440993,52.65688896179199,public:getticker,200,25929.507732391357,ok
1789332706.5441155,1789332706.5942001,50.084590911865234,private:getpermissions,200,25929.507732391357,ok
1789332736.492186,1789332736.5374312,45.24517059326172,public:getticker,200,55929.80408668518,unchanged
1789332736.5374458,1789332736.5944965,57.05070495605469,private:getpermissions,200,55929.80408668518,unchanged
1789332766.492757,1789332766.6153147,122.5576400756836,public:getticker,200,25587.428331375122,ok
1789332766.6153305,1789332766.665254,49.92365837097168,private:getpermissions,200,25587.428331375122,ok
1789332796.4932015,1789332796.51529,22.08852767944336,public:getticker,200,-4955.220699310303,ok
1789332796.5153048,1789332796.555947,40.64226150512695,private:getpermissions,200,-4955.220699310303,ok
1789332826.4938266,1789332826.5420613,48.23470115661621,public:getticker,200,25084.322690963745,unchanged
1789332826.5420756,1789332826.5954902,53.41458320617676,private:getpermissions,200,25084.322690963745,unchanged
1789332856.4944067,1789332856.517628,23.221254348754883,public:getticker,200,55070.42860984802,unchanged
1789332856.51764,1789332856.5815957,63.95554542541504,private:getpermissions,200,55070.42860984802,unchanged
1789332886.4950857,1789332886.5363557,41.27001762390137,public:getticker,200,23148.633003234863,ok
1789332886.5363703,1789332886.5959342,59.56387519836426,private:getpermissions,200,23148.633003234863,ok
1789332916.4956863,1789332916.518652,22.965669631958008,public:getticker,200,53126.30081176758,unchanged
1789332916.518667,1789332916.5736027,54.93569374084473,private:getpermissions,200,53126.30081176758,unchanged
1789332946.4959698,1789332946.538647,42.67716407775879,public:getticker,200,23102.587461471558,ok
1789332946.5386624,1789332946.5841444,45.48192024230957,private:getpermissions,200,23102.587461471558,ok
1789332976.4961972,1789332976.538812,42.61469841003418,public:getticker,200,53130.600452423096,unchanged
1789332976.5388248,1789332976.6121576,73.3327865600586,private:getpermissions,200,53130.600452423096,unchanged
1789333006.4968307,1789333006.5278378,31.007051467895508,public:getticker,200,22904.649257659912,ok
1789333006.5278502,1789333006.5765982,48.748016357421875,private:getpermissions,200,22904.649257659912,ok
1789333036.4973018,1789333036.579444,82.14211463928223,public:getticker,200,52969.68412399292,unchanged
1789333036.5794585,1789333036.6416342,62.175750732421875,private:getpermissions,200,52969.68412399292,unchanged
1789333066.4975457,1789333066.560015,62.4692440032959,public:getticker,200,23024.233102798462,ok
1789333066.5600295,1789333066.662239,102.20956802368164,private:getpermissions,200,23024.233102798462,ok
1789333096.4986086,1789333096.549143,50.53448677062988,public:getticker,200,52956.49981498718,unchanged
1789333096.5491576,1789333096.5945058,45.348167419433594,private:getpermissions,200,52956.49981498718,unchanged
1789333126.498851,1789333126.5706544,71.80333137512207,public:getticker,200,23070.84822654724,ok
1789333126.5706692,1789333126.6257377,55.0684928894043,private:getpermissions,200,23070.84822654724,ok
1789333156.499098,1789333156.5447116,45.61352729797363,public:getticker,200,53056.91313743591,unchanged
1789333156.5447266,1789333156.6118023,67.07572937011719,private:getpermissions,200,53056.91313743591,unchanged
1789333186.4993458,1789333186.5424514,43.1056022644043,public:getticker,200,23004.82702255249,ok
1789333186.5424654,1789333186.599798,57.332515716552734,private:getpermissions,200,23004.82702255249,ok
1789333216.5045931,1789333216.526292,21.698951721191406,public:getticker,200,52988.070011138916,unchanged
1789333216.5263085,1789333216.5830405,56.7319393157959,private:getpermissions,200,52988.070011138916,unchanged
1789333246.504999,1789333246.5529425,47.9435920715332,public:getticker,200,22394.54746246338,ok
1789333246.5529573,1789333246.60123,48.27260971069336,private:getpermissions,200,22394.54746246338,ok
1789333276.5061562,1789333276.5637083,57.55209922790527,public:getticker,200,52442.46506690979,unchanged
1789333276.56373,1789333276.649149,85.4189395904541,private:getpermissions,200,52442.46506690979,unchanged
1789333306.5063896,1789333306.52838,21.990299224853516,public:getticker,200,22816.906690597534,ok
1789333306.528395,1789333306.575357,46.96202278137207,private:getpermissions,200,22816.906690597534,ok
1789333336.506894,1789333336.5287519,21.857738494873047,public:getticker,200,52816.3321018219,unchanged
1789333336.5287666,1789333336.5747824,46.01573944091797,private:getpermissions,200,52816.3321018219,unchanged
1789333366.5072153,1789333366.5507812,43.565988540649414,public:getticker,200,22672.789335250854,ok
1789333366.5507984,1789333366.6133897,62.5913143157959,private:getpermissions,200,22672.789335250854,ok
1789333396.5075228,1789333396.5502434,42.72055625915527,public:getticker,200,52656.638860702515,unchanged
1789333396.550259,1789333396.5972393,46.98014259338379,private:getpermissions,200,52656.638860702515,unchanged
1789333426.507854,1789333426.533311,25.456905364990234,public:getticker,200,22477.617740631104,ok
1789333426.5333261,1789333426.5822604,48.934221267700195,private:getpermissions,200,22477.617740631104,ok
1789333456.5082958,1789333456.552764,44.46816444396973,public:getticker,200,52494.82989311218,unchanged
1789333456.5527854,1789333456.5994718,46.686410903930664,private:getpermissions,200,52494.82989311218,unchanged
1789333486.5087092,1789333486.559847,51.13792419433594,public:getticker,200,22249.71842765808,ok
1789333486.5598633,1789333486.6142254,54.36205863952637,private:getpermissions,200,22249.71842765808,ok
1789333516.509314,1789333516.5525944,43.28036308288574,public:getticker,200,52240.55290222168,unchanged
1789333516.5526161,1789333516.6050591,52.44302749633789,private:getpermissions,200,52240.55290222168,unchanged
1789333546.5096674,1789333546.536162,26.494503021240234,public:getticker,200,21587.897777557373,ok
1789333546.5361764,1789333546.5914612,55.284738540649414,private:getpermissions,200,21587.897777557373,ok
1789333576.5103154,1789333576.5533974,43.08199882507324,public:getticker,200,51626.88422203064,unchanged
1789333576.5534136,1789333576.6304476,77.03399658203125,private:getpermissions,200,51626.88422203064,unchanged
1789333606.5108874,1789333606.5628796,51.992177963256836,public:getticker,200,18929.219722747803,ok
1789333606.5628955,1789333606.6226375,59.741973876953125,private:getpermissions,200,18929.219722747803,ok
1789333636.5110626,1789333636.5586612,47.59860038757324,public:getticker,200,48955.48367500305,unchanged
1789333636.5586758,1789333636.6489022,90.22641181945801,private:getpermissions,200,48955.48367500305,unchanged
1789333666.5112038,1789333666.5543122,43.108463287353516,public:getticker,200,18964.558124542236,ok
1789333666.5543265,1789333666.6072552,52.92868614196777,private:getpermissions,200,18964.558124542236,ok
1789333696.5115554,1789333696.7046094,193.0539608001709,public:getticker,200,49114.956855773926,unchanged
1789333696.704626,1789333696.757654,53.02786827087402,private:getpermissions,200,49114.956855773926,unchanged
1789333726.5116467,1789333726.5631595,51.512718200683594,public:getticker,200,17658.65659713745,ok
1789333726.5631747,1789333726.605414,42.23918914794922,private:getpermissions,200,17658.65659713745,ok
1789333756.5123012,1789333756.5562508,43.94960403442383,public:getticker,200,47672.00803756714,unchanged
1789333756.5562642,1789333756.6187663,62.502145767211914,private:getpermissions,200,47672.00803756714,unchanged
1789333786.5127823,1789333786.5325572,19.774913787841797,public:getticker,200,17660.93111038208,ok
1789333786.5325725,1789333786.57907,46.49758338928223,private:getpermissions,200,17660.93111038208,ok
1789333816.5138135,1789333816.6142435,100.43001174926758,public:getticker,200,47760.6737613678,unchanged
1789333816.614259,1789333816.678813,64.55397605895996,private:getpermissions,200,47760.6737613678,unchanged
1789333846.5143158,1789333846.5602868,45.970916748046875,public:getticker,200,15388.599634170532,ok
1789333846.5603032,1789333846.6317067,71.40350341796875,private:getpermissions,200,15388.599634170532,ok
1789333876.5145845,1789333876.5345917,20.00713348388672,public:getticker,200,45340.17014503479,unchanged
1789333876.534607,1789333876.5832791,48.67219924926758,private:getpermissions,200,45340.17014503479,unchanged
1789333906.5148356,1789333906.5569403,42.10472106933594,public:getticker,200,15314.982175827026,ok
1789333906.5569603,1789333906.8000379,243.07751655578613,private:getpermissions,200,15314.982175827026,ok
1789333936.5153856,1789333936.5762074,60.8217716217041,public:getticker,200,45148.029088974,unchanged
1789333936.5762222,1789333936.6330857,56.86354637145996,private:getpermissions,200,45148.029088974,unchanged
1789333966.5155115,1789333966.5857708,70.25933265686035,public:getticker,200,15147.375106811523,ok
1789333966.585787,1789333966.63306,47.27292060852051,private:getpermissions,200,15147.375106811523,ok
1789333996.5159233,1789333996.5965772,80.65390586853027,public:getticker,200,45181.35333061218,unchanged
1789333996.596592,1789333996.6670377,70.44577598571777,private:getpermissions,200,45181.35333061218,unchanged
1789334026.5164037,1789334026.561102,44.698238372802734,public:getticker,200,15402.293920516968,ok
1789334026.5611165,1789334026.6049995,43.88308525085449,private:getpermissions,200,15402.293920516968,ok
1789334056.5167186,1789334056.5644302,47.71161079406738,public:getticker,200,45428.051233291626,unchanged
1789334056.564445,1789334056.6307569,66.31183624267578,private:getpermissions,200,45428.051233291626,unchanged
1789334086.5169802,1789334086.538871,21.890878677368164,public:getticker,200,14653.70774269104,ok
1789334086.5388846,1789334086.5885081,49.62348937988281,private:getpermissions,200,14653.70774269104,ok
1789334116.5175316,1789334116.5380173,20.485639572143555,public:getticker,200,44747.50995635986,unchanged
1789334116.538032,1789334116.6823092,144.27709579467773,private:getpermissions,200,44747.50995635986,unchanged
1789334146.5179145,1789334146.549334,31.41951560974121,public:getticker,200,14649.545192718506,ok
1789334146.5493498,1789334146.595659,46.30923271179199,private:getpermissions,200,14649.545192718506,ok
1789334176.5180762,1789334176.5508676,32.7913761138916,public:getticker,200,44662.803411483765,unchanged
1789334176.550881,1789334176.608917,58.036088943481445,private:getpermissions,200,44662.803411483765,unchanged
1789334206.518251,1789334206.5908728,72.62182235717773,public:getticker,200,14999.021053314209,ok
1789334206.5908878,1789334206.6448479,53.96008491516113,private:getpermissions,200,14999.021053314209,ok
1789334236.5192182,1789334236.5493686,30.150413513183594,public:getticker,200,44961.81321144104,unchanged
1789334236.5493822,1789334236.6076403,58.258056640625,private:getpermissions,200,44961.81321144104,unchanged
1789334266.5199413,1789334266.6321285,112.18714714050293,public:getticker,200,13074.635982513428,ok
1789334266.632144,1789334266.694423,62.27898597717285,private:getpermissions,200,13074.635982513428,ok
1789334296.5205088,1789334296.6010468,80.53803443908691,public:getticker,200,43089.39814567566,unchanged
1789334296.601062,1789334296.7091856,108.1235408782959,private:getpermissions,200,43089.39814567566,unchanged
1789334326.520931,1789334326.6420317,121.10066413879395,public:getticker,200,12892.512321472168,ok
1789334326.6420476,1789334326.694609,52.561283111572266,private:getpermissions,200,12892.512321472168,ok
1789334356.521058,1789334356.5961998,75.14166831970215,public:getticker,200,42863.80863189697,unchanged
1789334356.5962162,1789334356.6659055,69.68927383422852,private:getpermissions,200,42863.80863189697,unchanged
1789334386.5216665,1789334386.5890682,67.40164756774902,public:getticker,200,12552.725315093994,ok
1789334386.5890849,1789334386.650499,61.414241790771484,private:getpermissions,200,12552.725315093994,ok
1789334416.5224493,1789334416.6010537,78.60445976257324,public:getticker,200,42551.610231399536,unchanged
1789334416.6010742,1789334416.6493845,48.310279846191406,private:getpermissions,200,42551.610231399536,unchanged
1789334446.5235674,1789334446.6299694,106.40192031860352,public:getticker,200,12522.820711135864,ok
1789334446.6299849,1789334446.692343,62.35814094543457,private:getpermissions,200,12522.820711135864,ok
1789334476.5241814,1789334476.5520618,27.880430221557617,public:getticker,200,42550.04549026489,unchanged
1789334476.5520785,1789334476.7195673,167.48881340026855,private:getpermissions,200,42550.04549026489,unchanged
1789334506.524746,1789334506.5882196,63.47370147705078,public:getticker,200,12279.218196868896,ok
1789334506.5882347,1789334506.646044,57.80935287475586,private:getpermissions,200,12279.218196868896,ok
1789334536.5252328,1789334536.5659463,40.71354866027832,public:getticker,200,42246.80995941162,unchanged
1789334536.5659618,1789334536.6136353,47.67346382141113,private:getpermissions,200,42246.80995941162,unchanged
1789334566.5255272,1789334566.5703871,44.859886169433594,public:getticker,200,12388.156175613403,ok
1789334566.5704064,1789334566.6314857,61.07926368713379,private:getpermissions,200,12388.156175613403,ok
1789334596.526572,1789334596.609147,82.57508277893066,public:getticker,200,42410.956621170044,unchanged
1789334596.609162,1789334596.6542864,45.12429237365723,private:getpermissions,200,42410.956621170044,unchanged
1789334626.5267262,1789334626.56962,42.89364814758301,public:getticker,200,11684.362411499023,ok
1789334626.5696363,1789334626.6219614,52.32501029968262,private:getpermissions,200,11684.362411499023,ok
1789334656.527602,1789334656.5740402,46.43821716308594,public:getticker,200,41868.44444274902,unchanged
1789334656.5740557,1789334656.8060439,231.98819160461426,private:getpermissions,200,41868.44444274902,unchanged
1789334686.528601,1789334686.623772,95.17097473144531,public:getticker,200,11313.852548599243,ok
1789334686.623787,1789334686.6968775,73.0905532836914,private:getpermissions,200,11313.852548599243,ok
1789334716.5291138,1789334716.5664966,37.38284111022949,public:getticker,200,41243.47281455994,unchanged
1789334716.5665116,1789334716.626498,59.98635292053223,private:getpermissions,200,41243.47281455994,unchanged
1789334746.5292485,1789334746.6482651,119.01664733886719,public:getticker,200,11226.019382476807,ok
1789334746.6482813,1789334746.710757,62.47568130493164,private:getpermissions,200,11226.019382476807,ok
1789334776.5293984,1789334776.571754,42.35553741455078,public:getticker,200,41143.343687057495,unchanged
1789334776.5717688,1789334776.6280804,56.311607360839844,private:getpermissions,200,41143.343687057495,unchanged
1789334806.5297544,1789334806.6668892,137.13479042053223,public:getticker,200,11611.974716186523,ok
1789334806.6669035,1789334806.8043628,137.45927810668945,private:getpermissions,200,11611.974716186523,ok
1789334836.5300734,1789334836.5766103,46.536922454833984,public:getticker,200,41432.09910392761,unchanged
1789334836.5766273,1789334836.6244872,47.859907150268555,private:getpermissions,200,41432.09910392761,unchanged
1789334866.5305607,1789334866.5979974,67.43669509887695,public:getticker,200,11423.56538772583,ok
1789334866.598013,1789334866.6445146,46.50163650512695,private:getpermissions,200,11423.56538772583,ok
1789334896.5310853,1789334896.5862126,55.12738227844238,public:getticker,200,41429.52513694763,unchanged
1789334896.586235,1789334896.6504712,64.23616409301758,private:getpermissions,200,41429.52513694763,unchanged
1789334926.5314891,1789334926.6048715,73.38237762451172,public:getticker,200,11180.269479751587,ok
1789334926.6048887,1789334926.6562252,51.33652687072754,private:getpermissions,200,11180.269479751587,ok
1789334956.5318549,1789334956.8351731,303.3182621002197,public:getticker,200,41447.28994369507,unchanged
1789334956.8351877,1789334956.923247,88.0594253540039,private:getpermissions,200,41447.28994369507,unchanged
1789334986.5322514,1789334986.6286638,96.41242027282715,public:getticker,200,11005.579710006714,ok
1789334986.6286805,1789334986.6946337,65.95325469970703,private:getpermissions,200,11005.579710006714,ok
1789335016.5324266,1789335016.5650914,32.66477584838867,public:getticker,200,40930.88984489441,unchanged
1789335016.5651045,1789335016.619946,54.84151840209961,private:getpermissions,200,40930.88984489441,unchanged
1789335046.532609,1789335046.647694,115.08512496948242,public:getticker,200,10971.755266189575,ok
1789335046.6477094,1789335046.7152898,67.5804615020752,private:getpermissions,200,10971.755266189575,ok
1789335076.5327551,1789335076.5525713,19.816160202026367,public:getticker,200,40880.879163742065,unchanged
1789335076.5525842,1789335076.6244133,71.82908058166504,private:getpermissions,200,40880.879163742065,unchanged
1789335106.5329444,1789335106.5803852,47.44076728820801,public:getticker,200,8721.28176689148,ok
1789335106.5803995,1789335106.6518366,71.43712043762207,private:getpermissions,200,8721.28176689148,ok
1789335136.5330896,1789335136.576346,43.256282806396484,public:getticker,200,38702.44789123535,unchanged
1789335136.5763586,1789335136.6330035,56.64491653442383,private:getpermissions,200,38702.44789123535,unchanged
1789335166.5340028,1789335166.7120674,178.06458473205566,public:getticker,200,9131.773233413696,ok
1789335166.7120845,1789335166.7676268,55.5422306060791,private:getpermissions,200,9131.773233413696,ok
1789335196.534145,1789335196.5751534,41.00823402404785,public:getticker,200,38982.1298122406,unchanged
1789335196.5751677,1789335196.6179836,42.8159236907959,private:getpermissions,200,38982.1298122406,unchanged
1789335226.5343976,1789335226.5832982,48.900604248046875,public:getticker,200,6737.911224365234,ok
1789335226.583313,1789335226.645218,61.9049072265625,private:getpermissions,200,6737.911224365234,ok
1789335256.5350685,1789335256.568036,32.967567443847656,public:getticker,200,36749.13954734802,unchanged
1789335256.5680487,1789335256.656446,88.39726448059082,private:getpermissions,200,36749.13954734802,unchanged
1789335286.535327,1789335286.5790198,43.692827224731445,public:getticker,200,6431.93507194519,ok
1789335286.5790353,1789335286.62052,41.484832763671875,private:getpermissions,200,6431.93507194519,ok
1789335316.5358098,1789335316.5855594,49.74961280822754,public:getticker,200,36448.45199584961,unchanged
1789335316.5855744,1789335316.6370368,51.462411880493164,private:getpermissions,200,36448.45199584961,unchanged
1789335346.5360377,1789335346.5807722,44.73447799682617,public:getticker,200,6551.855564117432,ok
1789335346.5807872,1789335346.620783,39.99590873718262,private:getpermissions,200,6551.855564117432,ok
1789335376.5363958,1789335376.6075287,71.13289833068848,public:getticker,200,36617.31147766113,unchanged
1789335376.607546,1789335376.6862385,78.69243621826172,private:getpermissions,200,36617.31147766113,unchanged
